
zephyr.elf:     file format elf32-littlearm


Disassembly of section rom_start:

08000000 <_vector_table>:
 8000000:	c0 1a 00 20 51 26 00 08 1f 6f 00 08 3d 26 00 08     ... Q&...o..=&..
 8000010:	3d 26 00 08 3d 26 00 08 3d 26 00 08 00 00 00 00     =&..=&..=&......
	...
 800002c:	91 26 00 08 3d 26 00 08 00 00 00 00 79 28 00 08     .&..=&......y(..
 800003c:	75 3d 00 08                                         u=..

08000040 <_irq_vector_table>:
 8000040:	11 29 00 08 11 29 00 08 11 29 00 08 11 29 00 08     .)...)...)...)..
 8000050:	11 29 00 08 11 29 00 08 11 29 00 08 11 29 00 08     .)...)...)...)..
 8000060:	11 29 00 08 11 29 00 08 11 29 00 08 11 29 00 08     .)...)...)...)..
 8000070:	11 29 00 08 11 29 00 08 11 29 00 08 11 29 00 08     .)...)...)...)..
 8000080:	11 29 00 08 11 29 00 08 11 29 00 08 11 29 00 08     .)...)...)...)..
 8000090:	11 29 00 08 11 29 00 08 11 29 00 08 11 29 00 08     .)...)...)...)..
 80000a0:	11 29 00 08 11 29 00 08 11 29 00 08 11 29 00 08     .)...)...)...)..
 80000b0:	11 29 00 08 11 29 00 08 11 29 00 08 11 29 00 08     .)...)...)...)..
 80000c0:	11 29 00 08 11 29 00 08 11 29 00 08 11 29 00 08     .)...)...)...)..
 80000d0:	11 29 00 08 11 29 00 08 11 29 00 08 11 29 00 08     .)...)...)...)..
 80000e0:	11 29 00 08 11 29 00 08 11 29 00 08 11 29 00 08     .)...)...)...)..
 80000f0:	11 29 00 08 11 29 00 08 11 29 00 08 11 29 00 08     .)...)...)...)..
 8000100:	11 29 00 08 11 29 00 08 11 29 00 08 11 29 00 08     .)...)...)...)..
 8000110:	11 29 00 08 11 29 00 08 11 29 00 08 11 29 00 08     .)...)...)...)..
 8000120:	11 29 00 08 11 29 00 08 11 29 00 08 11 29 00 08     .)...)...)...)..
 8000130:	11 29 00 08 11 29 00 08 11 29 00 08 11 29 00 08     .)...)...)...)..
 8000140:	11 29 00 08 11 29 00 08 11 29 00 08 11 29 00 08     .)...)...)...)..
 8000150:	11 29 00 08 11 29 00 08 11 29 00 08 11 29 00 08     .)...)...)...)..
 8000160:	11 29 00 08 11 29 00 08                             .)...)..

Disassembly of section text:

08000180 <strlen>:
 8000180:	b430      	push	{r4, r5}
 8000182:	f890 f000 	pld	[r0]
 8000186:	f020 0107 	bic.w	r1, r0, #7
 800018a:	f06f 0c00 	mvn.w	ip, #0
 800018e:	f010 0407 	ands.w	r4, r0, #7
 8000192:	f891 f020 	pld	[r1, #32]
 8000196:	f040 8048 	bne.w	800022a <strlen+0xaa>
 800019a:	f04f 0400 	mov.w	r4, #0
 800019e:	f06f 0007 	mvn.w	r0, #7
 80001a2:	e9d1 2300 	ldrd	r2, r3, [r1]
 80001a6:	f891 f040 	pld	[r1, #64]	@ 0x40
 80001aa:	f100 0008 	add.w	r0, r0, #8
 80001ae:	fa82 f24c 	uadd8	r2, r2, ip
 80001b2:	faa4 f28c 	sel	r2, r4, ip
 80001b6:	fa83 f34c 	uadd8	r3, r3, ip
 80001ba:	faa2 f38c 	sel	r3, r2, ip
 80001be:	bb4b      	cbnz	r3, 8000214 <strlen+0x94>
 80001c0:	e9d1 2302 	ldrd	r2, r3, [r1, #8]
 80001c4:	fa82 f24c 	uadd8	r2, r2, ip
 80001c8:	f100 0008 	add.w	r0, r0, #8
 80001cc:	faa4 f28c 	sel	r2, r4, ip
 80001d0:	fa83 f34c 	uadd8	r3, r3, ip
 80001d4:	faa2 f38c 	sel	r3, r2, ip
 80001d8:	b9e3      	cbnz	r3, 8000214 <strlen+0x94>
 80001da:	e9d1 2304 	ldrd	r2, r3, [r1, #16]
 80001de:	fa82 f24c 	uadd8	r2, r2, ip
 80001e2:	f100 0008 	add.w	r0, r0, #8
 80001e6:	faa4 f28c 	sel	r2, r4, ip
 80001ea:	fa83 f34c 	uadd8	r3, r3, ip
 80001ee:	faa2 f38c 	sel	r3, r2, ip
 80001f2:	b97b      	cbnz	r3, 8000214 <strlen+0x94>
 80001f4:	e9d1 2306 	ldrd	r2, r3, [r1, #24]
 80001f8:	f101 0120 	add.w	r1, r1, #32
 80001fc:	fa82 f24c 	uadd8	r2, r2, ip
 8000200:	f100 0008 	add.w	r0, r0, #8
 8000204:	faa4 f28c 	sel	r2, r4, ip
 8000208:	fa83 f34c 	uadd8	r3, r3, ip
 800020c:	faa2 f38c 	sel	r3, r2, ip
 8000210:	2b00      	cmp	r3, #0
 8000212:	d0c6      	beq.n	80001a2 <strlen+0x22>
 8000214:	2a00      	cmp	r2, #0
 8000216:	bf04      	itt	eq
 8000218:	3004      	addeq	r0, #4
 800021a:	461a      	moveq	r2, r3
 800021c:	ba12      	rev	r2, r2
 800021e:	fab2 f282 	clz	r2, r2
 8000222:	eb00 00d2 	add.w	r0, r0, r2, lsr #3
 8000226:	bc30      	pop	{r4, r5}
 8000228:	4770      	bx	lr
 800022a:	e9d1 2300 	ldrd	r2, r3, [r1]
 800022e:	f004 0503 	and.w	r5, r4, #3
 8000232:	f1c4 0000 	rsb	r0, r4, #0
 8000236:	ea4f 05c5 	mov.w	r5, r5, lsl #3
 800023a:	f014 0f04 	tst.w	r4, #4
 800023e:	f891 f040 	pld	[r1, #64]	@ 0x40
 8000242:	fa0c f505 	lsl.w	r5, ip, r5
 8000246:	ea62 0205 	orn	r2, r2, r5
 800024a:	bf1c      	itt	ne
 800024c:	ea63 0305 	ornne	r3, r3, r5
 8000250:	4662      	movne	r2, ip
 8000252:	f04f 0400 	mov.w	r4, #0
 8000256:	e7aa      	b.n	80001ae <strlen+0x2e>

08000258 <__aeabi_memcpy>:
 8000258:	4684      	mov	ip, r0
 800025a:	ea41 0300 	orr.w	r3, r1, r0
 800025e:	f013 0303 	ands.w	r3, r3, #3
 8000262:	d16d      	bne.n	8000340 <__aeabi_memcpy+0xe8>
 8000264:	3a40      	subs	r2, #64	@ 0x40
 8000266:	d341      	bcc.n	80002ec <__aeabi_memcpy+0x94>
 8000268:	f851 3b04 	ldr.w	r3, [r1], #4
 800026c:	f840 3b04 	str.w	r3, [r0], #4
 8000270:	f851 3b04 	ldr.w	r3, [r1], #4
 8000274:	f840 3b04 	str.w	r3, [r0], #4
 8000278:	f851 3b04 	ldr.w	r3, [r1], #4
 800027c:	f840 3b04 	str.w	r3, [r0], #4
 8000280:	f851 3b04 	ldr.w	r3, [r1], #4
 8000284:	f840 3b04 	str.w	r3, [r0], #4
 8000288:	f851 3b04 	ldr.w	r3, [r1], #4
 800028c:	f840 3b04 	str.w	r3, [r0], #4
 8000290:	f851 3b04 	ldr.w	r3, [r1], #4
 8000294:	f840 3b04 	str.w	r3, [r0], #4
 8000298:	f851 3b04 	ldr.w	r3, [r1], #4
 800029c:	f840 3b04 	str.w	r3, [r0], #4
 80002a0:	f851 3b04 	ldr.w	r3, [r1], #4
 80002a4:	f840 3b04 	str.w	r3, [r0], #4
 80002a8:	f851 3b04 	ldr.w	r3, [r1], #4
 80002ac:	f840 3b04 	str.w	r3, [r0], #4
 80002b0:	f851 3b04 	ldr.w	r3, [r1], #4
 80002b4:	f840 3b04 	str.w	r3, [r0], #4
 80002b8:	f851 3b04 	ldr.w	r3, [r1], #4
 80002bc:	f840 3b04 	str.w	r3, [r0], #4
 80002c0:	f851 3b04 	ldr.w	r3, [r1], #4
 80002c4:	f840 3b04 	str.w	r3, [r0], #4
 80002c8:	f851 3b04 	ldr.w	r3, [r1], #4
 80002cc:	f840 3b04 	str.w	r3, [r0], #4
 80002d0:	f851 3b04 	ldr.w	r3, [r1], #4
 80002d4:	f840 3b04 	str.w	r3, [r0], #4
 80002d8:	f851 3b04 	ldr.w	r3, [r1], #4
 80002dc:	f840 3b04 	str.w	r3, [r0], #4
 80002e0:	f851 3b04 	ldr.w	r3, [r1], #4
 80002e4:	f840 3b04 	str.w	r3, [r0], #4
 80002e8:	3a40      	subs	r2, #64	@ 0x40
 80002ea:	d2bd      	bcs.n	8000268 <__aeabi_memcpy+0x10>
 80002ec:	3230      	adds	r2, #48	@ 0x30
 80002ee:	d311      	bcc.n	8000314 <__aeabi_memcpy+0xbc>
 80002f0:	f851 3b04 	ldr.w	r3, [r1], #4
 80002f4:	f840 3b04 	str.w	r3, [r0], #4
 80002f8:	f851 3b04 	ldr.w	r3, [r1], #4
 80002fc:	f840 3b04 	str.w	r3, [r0], #4
 8000300:	f851 3b04 	ldr.w	r3, [r1], #4
 8000304:	f840 3b04 	str.w	r3, [r0], #4
 8000308:	f851 3b04 	ldr.w	r3, [r1], #4
 800030c:	f840 3b04 	str.w	r3, [r0], #4
 8000310:	3a10      	subs	r2, #16
 8000312:	d2ed      	bcs.n	80002f0 <__aeabi_memcpy+0x98>
 8000314:	320c      	adds	r2, #12
 8000316:	d305      	bcc.n	8000324 <__aeabi_memcpy+0xcc>
 8000318:	f851 3b04 	ldr.w	r3, [r1], #4
 800031c:	f840 3b04 	str.w	r3, [r0], #4
 8000320:	3a04      	subs	r2, #4
 8000322:	d2f9      	bcs.n	8000318 <__aeabi_memcpy+0xc0>
 8000324:	3204      	adds	r2, #4
 8000326:	d008      	beq.n	800033a <__aeabi_memcpy+0xe2>
 8000328:	07d2      	lsls	r2, r2, #31
 800032a:	bf1c      	itt	ne
 800032c:	f811 3b01 	ldrbne.w	r3, [r1], #1
 8000330:	f800 3b01 	strbne.w	r3, [r0], #1
 8000334:	d301      	bcc.n	800033a <__aeabi_memcpy+0xe2>
 8000336:	880b      	ldrh	r3, [r1, #0]
 8000338:	8003      	strh	r3, [r0, #0]
 800033a:	4660      	mov	r0, ip
 800033c:	4770      	bx	lr
 800033e:	bf00      	nop
 8000340:	2a08      	cmp	r2, #8
 8000342:	d313      	bcc.n	800036c <__aeabi_memcpy+0x114>
 8000344:	078b      	lsls	r3, r1, #30
 8000346:	d08d      	beq.n	8000264 <__aeabi_memcpy+0xc>
 8000348:	f010 0303 	ands.w	r3, r0, #3
 800034c:	d08a      	beq.n	8000264 <__aeabi_memcpy+0xc>
 800034e:	f1c3 0304 	rsb	r3, r3, #4
 8000352:	1ad2      	subs	r2, r2, r3
 8000354:	07db      	lsls	r3, r3, #31
 8000356:	bf1c      	itt	ne
 8000358:	f811 3b01 	ldrbne.w	r3, [r1], #1
 800035c:	f800 3b01 	strbne.w	r3, [r0], #1
 8000360:	d380      	bcc.n	8000264 <__aeabi_memcpy+0xc>
 8000362:	f831 3b02 	ldrh.w	r3, [r1], #2
 8000366:	f820 3b02 	strh.w	r3, [r0], #2
 800036a:	e77b      	b.n	8000264 <__aeabi_memcpy+0xc>
 800036c:	3a04      	subs	r2, #4
 800036e:	d3d9      	bcc.n	8000324 <__aeabi_memcpy+0xcc>
 8000370:	3a01      	subs	r2, #1
 8000372:	f811 3b01 	ldrb.w	r3, [r1], #1
 8000376:	f800 3b01 	strb.w	r3, [r0], #1
 800037a:	d2f9      	bcs.n	8000370 <__aeabi_memcpy+0x118>
 800037c:	780b      	ldrb	r3, [r1, #0]
 800037e:	7003      	strb	r3, [r0, #0]
 8000380:	784b      	ldrb	r3, [r1, #1]
 8000382:	7043      	strb	r3, [r0, #1]
 8000384:	788b      	ldrb	r3, [r1, #2]
 8000386:	7083      	strb	r3, [r0, #2]
 8000388:	4660      	mov	r0, ip
 800038a:	4770      	bx	lr

0800038c <__aeabi_uldivmod>:
 800038c:	b953      	cbnz	r3, 80003a4 <__aeabi_uldivmod+0x18>
 800038e:	b94a      	cbnz	r2, 80003a4 <__aeabi_uldivmod+0x18>
 8000390:	2900      	cmp	r1, #0
 8000392:	bf08      	it	eq
 8000394:	2800      	cmpeq	r0, #0
 8000396:	bf1c      	itt	ne
 8000398:	f04f 31ff 	movne.w	r1, #4294967295
 800039c:	f04f 30ff 	movne.w	r0, #4294967295
 80003a0:	f000 b80c 	b.w	80003bc <__aeabi_idiv0>
 80003a4:	f1ad 0c08 	sub.w	ip, sp, #8
 80003a8:	e96d ce04 	strd	ip, lr, [sp, #-16]!
 80003ac:	f000 f808 	bl	80003c0 <__udivmoddi4>
 80003b0:	f8dd e004 	ldr.w	lr, [sp, #4]
 80003b4:	e9dd 2302 	ldrd	r2, r3, [sp, #8]
 80003b8:	b004      	add	sp, #16
 80003ba:	4770      	bx	lr

080003bc <__aeabi_idiv0>:
 80003bc:	4770      	bx	lr
 80003be:	bf00      	nop

080003c0 <__udivmoddi4>:
 80003c0:	e92d 47f0 	stmdb	sp!, {r4, r5, r6, r7, r8, r9, sl, lr}
 80003c4:	468c      	mov	ip, r1
 80003c6:	468e      	mov	lr, r1
 80003c8:	9e08      	ldr	r6, [sp, #32]
 80003ca:	4615      	mov	r5, r2
 80003cc:	4604      	mov	r4, r0
 80003ce:	4619      	mov	r1, r3
 80003d0:	2b00      	cmp	r3, #0
 80003d2:	f040 80d0 	bne.w	8000576 <__udivmoddi4+0x1b6>
 80003d6:	4572      	cmp	r2, lr
 80003d8:	d947      	bls.n	800046a <__udivmoddi4+0xaa>
 80003da:	fab2 f782 	clz	r7, r2
 80003de:	b14f      	cbz	r7, 80003f4 <__udivmoddi4+0x34>
 80003e0:	f1c7 0320 	rsb	r3, r7, #32
 80003e4:	fa0e fc07 	lsl.w	ip, lr, r7
 80003e8:	fa20 f303 	lsr.w	r3, r0, r3
 80003ec:	40bd      	lsls	r5, r7
 80003ee:	ea43 0c0c 	orr.w	ip, r3, ip
 80003f2:	40bc      	lsls	r4, r7
 80003f4:	ea4f 4e15 	mov.w	lr, r5, lsr #16
 80003f8:	b2a8      	uxth	r0, r5
 80003fa:	fbbc f8fe 	udiv	r8, ip, lr
 80003fe:	0c23      	lsrs	r3, r4, #16
 8000400:	fb0e cc18 	mls	ip, lr, r8, ip
 8000404:	fb08 f900 	mul.w	r9, r8, r0
 8000408:	ea43 430c 	orr.w	r3, r3, ip, lsl #16
 800040c:	4599      	cmp	r9, r3
 800040e:	d928      	bls.n	8000462 <__udivmoddi4+0xa2>
 8000410:	18eb      	adds	r3, r5, r3
 8000412:	f108 32ff 	add.w	r2, r8, #4294967295
 8000416:	d204      	bcs.n	8000422 <__udivmoddi4+0x62>
 8000418:	4599      	cmp	r9, r3
 800041a:	d902      	bls.n	8000422 <__udivmoddi4+0x62>
 800041c:	f1a8 0202 	sub.w	r2, r8, #2
 8000420:	442b      	add	r3, r5
 8000422:	eba3 0309 	sub.w	r3, r3, r9
 8000426:	b2a4      	uxth	r4, r4
 8000428:	fbb3 fcfe 	udiv	ip, r3, lr
 800042c:	fb0e 331c 	mls	r3, lr, ip, r3
 8000430:	fb0c f000 	mul.w	r0, ip, r0
 8000434:	ea44 4403 	orr.w	r4, r4, r3, lsl #16
 8000438:	42a0      	cmp	r0, r4
 800043a:	d914      	bls.n	8000466 <__udivmoddi4+0xa6>
 800043c:	192c      	adds	r4, r5, r4
 800043e:	f10c 33ff 	add.w	r3, ip, #4294967295
 8000442:	d204      	bcs.n	800044e <__udivmoddi4+0x8e>
 8000444:	42a0      	cmp	r0, r4
 8000446:	d902      	bls.n	800044e <__udivmoddi4+0x8e>
 8000448:	f1ac 0302 	sub.w	r3, ip, #2
 800044c:	442c      	add	r4, r5
 800044e:	1a24      	subs	r4, r4, r0
 8000450:	ea43 4002 	orr.w	r0, r3, r2, lsl #16
 8000454:	b11e      	cbz	r6, 800045e <__udivmoddi4+0x9e>
 8000456:	40fc      	lsrs	r4, r7
 8000458:	2300      	movs	r3, #0
 800045a:	6034      	str	r4, [r6, #0]
 800045c:	6073      	str	r3, [r6, #4]
 800045e:	e8bd 87f0 	ldmia.w	sp!, {r4, r5, r6, r7, r8, r9, sl, pc}
 8000462:	4642      	mov	r2, r8
 8000464:	e7dd      	b.n	8000422 <__udivmoddi4+0x62>
 8000466:	4663      	mov	r3, ip
 8000468:	e7f1      	b.n	800044e <__udivmoddi4+0x8e>
 800046a:	2a00      	cmp	r2, #0
 800046c:	d079      	beq.n	8000562 <__udivmoddi4+0x1a2>
 800046e:	fab2 f382 	clz	r3, r2
 8000472:	2b00      	cmp	r3, #0
 8000474:	d03f      	beq.n	80004f6 <__udivmoddi4+0x136>
 8000476:	4619      	mov	r1, r3
 8000478:	f1c1 0320 	rsb	r3, r1, #32
 800047c:	fa02 f501 	lsl.w	r5, r2, r1
 8000480:	fa2e f203 	lsr.w	r2, lr, r3
 8000484:	fa0e fe01 	lsl.w	lr, lr, r1
 8000488:	fa20 f303 	lsr.w	r3, r0, r3
 800048c:	ea43 030e 	orr.w	r3, r3, lr
 8000490:	ea4f 4e15 	mov.w	lr, r5, lsr #16
 8000494:	fa00 f401 	lsl.w	r4, r0, r1
 8000498:	fbb2 fcfe 	udiv	ip, r2, lr
 800049c:	b2af      	uxth	r7, r5
 800049e:	fb0e 201c 	mls	r0, lr, ip, r2
 80004a2:	0c1a      	lsrs	r2, r3, #16
 80004a4:	fb0c f807 	mul.w	r8, ip, r7
 80004a8:	ea42 4200 	orr.w	r2, r2, r0, lsl #16
 80004ac:	4590      	cmp	r8, r2
 80004ae:	d95a      	bls.n	8000566 <__udivmoddi4+0x1a6>
 80004b0:	18aa      	adds	r2, r5, r2
 80004b2:	f10c 30ff 	add.w	r0, ip, #4294967295
 80004b6:	d204      	bcs.n	80004c2 <__udivmoddi4+0x102>
 80004b8:	4590      	cmp	r8, r2
 80004ba:	d902      	bls.n	80004c2 <__udivmoddi4+0x102>
 80004bc:	f1ac 0002 	sub.w	r0, ip, #2
 80004c0:	442a      	add	r2, r5
 80004c2:	eba2 0208 	sub.w	r2, r2, r8
 80004c6:	b29b      	uxth	r3, r3
 80004c8:	fbb2 fcfe 	udiv	ip, r2, lr
 80004cc:	fb0e 221c 	mls	r2, lr, ip, r2
 80004d0:	fb0c f707 	mul.w	r7, ip, r7
 80004d4:	ea43 4302 	orr.w	r3, r3, r2, lsl #16
 80004d8:	429f      	cmp	r7, r3
 80004da:	d946      	bls.n	800056a <__udivmoddi4+0x1aa>
 80004dc:	18eb      	adds	r3, r5, r3
 80004de:	f10c 32ff 	add.w	r2, ip, #4294967295
 80004e2:	d204      	bcs.n	80004ee <__udivmoddi4+0x12e>
 80004e4:	429f      	cmp	r7, r3
 80004e6:	d902      	bls.n	80004ee <__udivmoddi4+0x12e>
 80004e8:	f1ac 0202 	sub.w	r2, ip, #2
 80004ec:	442b      	add	r3, r5
 80004ee:	1bdb      	subs	r3, r3, r7
 80004f0:	ea42 4200 	orr.w	r2, r2, r0, lsl #16
 80004f4:	e002      	b.n	80004fc <__udivmoddi4+0x13c>
 80004f6:	ebae 0302 	sub.w	r3, lr, r2
 80004fa:	2201      	movs	r2, #1
 80004fc:	ea4f 4e15 	mov.w	lr, r5, lsr #16
 8000500:	b2af      	uxth	r7, r5
 8000502:	fbb3 fcfe 	udiv	ip, r3, lr
 8000506:	0c20      	lsrs	r0, r4, #16
 8000508:	fb0e 331c 	mls	r3, lr, ip, r3
 800050c:	fb0c f807 	mul.w	r8, ip, r7
 8000510:	ea40 4303 	orr.w	r3, r0, r3, lsl #16
 8000514:	4598      	cmp	r8, r3
 8000516:	d92a      	bls.n	800056e <__udivmoddi4+0x1ae>
 8000518:	18eb      	adds	r3, r5, r3
 800051a:	f10c 30ff 	add.w	r0, ip, #4294967295
 800051e:	d204      	bcs.n	800052a <__udivmoddi4+0x16a>
 8000520:	4598      	cmp	r8, r3
 8000522:	d902      	bls.n	800052a <__udivmoddi4+0x16a>
 8000524:	f1ac 0002 	sub.w	r0, ip, #2
 8000528:	442b      	add	r3, r5
 800052a:	eba3 0308 	sub.w	r3, r3, r8
 800052e:	b2a4      	uxth	r4, r4
 8000530:	fbb3 fcfe 	udiv	ip, r3, lr
 8000534:	fb0e 331c 	mls	r3, lr, ip, r3
 8000538:	fb0c f707 	mul.w	r7, ip, r7
 800053c:	ea44 4403 	orr.w	r4, r4, r3, lsl #16
 8000540:	42a7      	cmp	r7, r4
 8000542:	d916      	bls.n	8000572 <__udivmoddi4+0x1b2>
 8000544:	192c      	adds	r4, r5, r4
 8000546:	f10c 33ff 	add.w	r3, ip, #4294967295
 800054a:	d204      	bcs.n	8000556 <__udivmoddi4+0x196>
 800054c:	42a7      	cmp	r7, r4
 800054e:	d902      	bls.n	8000556 <__udivmoddi4+0x196>
 8000550:	f1ac 0302 	sub.w	r3, ip, #2
 8000554:	442c      	add	r4, r5
 8000556:	1be4      	subs	r4, r4, r7
 8000558:	ea43 4000 	orr.w	r0, r3, r0, lsl #16
 800055c:	460f      	mov	r7, r1
 800055e:	4611      	mov	r1, r2
 8000560:	e778      	b.n	8000454 <__udivmoddi4+0x94>
 8000562:	211f      	movs	r1, #31
 8000564:	e788      	b.n	8000478 <__udivmoddi4+0xb8>
 8000566:	4660      	mov	r0, ip
 8000568:	e7ab      	b.n	80004c2 <__udivmoddi4+0x102>
 800056a:	4662      	mov	r2, ip
 800056c:	e7bf      	b.n	80004ee <__udivmoddi4+0x12e>
 800056e:	4660      	mov	r0, ip
 8000570:	e7db      	b.n	800052a <__udivmoddi4+0x16a>
 8000572:	4663      	mov	r3, ip
 8000574:	e7ef      	b.n	8000556 <__udivmoddi4+0x196>
 8000576:	4573      	cmp	r3, lr
 8000578:	d906      	bls.n	8000588 <__udivmoddi4+0x1c8>
 800057a:	b916      	cbnz	r6, 8000582 <__udivmoddi4+0x1c2>
 800057c:	2100      	movs	r1, #0
 800057e:	4608      	mov	r0, r1
 8000580:	e76d      	b.n	800045e <__udivmoddi4+0x9e>
 8000582:	e9c6 0e00 	strd	r0, lr, [r6]
 8000586:	e7f9      	b.n	800057c <__udivmoddi4+0x1bc>
 8000588:	fab3 f783 	clz	r7, r3
 800058c:	b987      	cbnz	r7, 80005b0 <__udivmoddi4+0x1f0>
 800058e:	4573      	cmp	r3, lr
 8000590:	d301      	bcc.n	8000596 <__udivmoddi4+0x1d6>
 8000592:	4282      	cmp	r2, r0
 8000594:	d807      	bhi.n	80005a6 <__udivmoddi4+0x1e6>
 8000596:	1a84      	subs	r4, r0, r2
 8000598:	eb6e 0303 	sbc.w	r3, lr, r3
 800059c:	2001      	movs	r0, #1
 800059e:	469c      	mov	ip, r3
 80005a0:	b91e      	cbnz	r6, 80005aa <__udivmoddi4+0x1ea>
 80005a2:	2100      	movs	r1, #0
 80005a4:	e75b      	b.n	800045e <__udivmoddi4+0x9e>
 80005a6:	4638      	mov	r0, r7
 80005a8:	e7fa      	b.n	80005a0 <__udivmoddi4+0x1e0>
 80005aa:	e9c6 4c00 	strd	r4, ip, [r6]
 80005ae:	e7f8      	b.n	80005a2 <__udivmoddi4+0x1e2>
 80005b0:	f1c7 0c20 	rsb	ip, r7, #32
 80005b4:	40bb      	lsls	r3, r7
 80005b6:	fa22 f50c 	lsr.w	r5, r2, ip
 80005ba:	431d      	orrs	r5, r3
 80005bc:	fa20 f10c 	lsr.w	r1, r0, ip
 80005c0:	fa2e f30c 	lsr.w	r3, lr, ip
 80005c4:	fa0e fe07 	lsl.w	lr, lr, r7
 80005c8:	ea41 010e 	orr.w	r1, r1, lr
 80005cc:	ea4f 4915 	mov.w	r9, r5, lsr #16
 80005d0:	fa00 f407 	lsl.w	r4, r0, r7
 80005d4:	fbb3 f8f9 	udiv	r8, r3, r9
 80005d8:	fa1f fe85 	uxth.w	lr, r5
 80005dc:	fb09 3018 	mls	r0, r9, r8, r3
 80005e0:	0c0b      	lsrs	r3, r1, #16
 80005e2:	fb08 fa0e 	mul.w	sl, r8, lr
 80005e6:	ea43 4300 	orr.w	r3, r3, r0, lsl #16
 80005ea:	459a      	cmp	sl, r3
 80005ec:	fa02 f207 	lsl.w	r2, r2, r7
 80005f0:	d940      	bls.n	8000674 <__udivmoddi4+0x2b4>
 80005f2:	18eb      	adds	r3, r5, r3
 80005f4:	f108 30ff 	add.w	r0, r8, #4294967295
 80005f8:	d204      	bcs.n	8000604 <__udivmoddi4+0x244>
 80005fa:	459a      	cmp	sl, r3
 80005fc:	d902      	bls.n	8000604 <__udivmoddi4+0x244>
 80005fe:	f1a8 0002 	sub.w	r0, r8, #2
 8000602:	442b      	add	r3, r5
 8000604:	eba3 030a 	sub.w	r3, r3, sl
 8000608:	b289      	uxth	r1, r1
 800060a:	fbb3 f8f9 	udiv	r8, r3, r9
 800060e:	fb09 3318 	mls	r3, r9, r8, r3
 8000612:	fb08 fe0e 	mul.w	lr, r8, lr
 8000616:	ea41 4103 	orr.w	r1, r1, r3, lsl #16
 800061a:	458e      	cmp	lr, r1
 800061c:	d92c      	bls.n	8000678 <__udivmoddi4+0x2b8>
 800061e:	1869      	adds	r1, r5, r1
 8000620:	f108 33ff 	add.w	r3, r8, #4294967295
 8000624:	d204      	bcs.n	8000630 <__udivmoddi4+0x270>
 8000626:	458e      	cmp	lr, r1
 8000628:	d902      	bls.n	8000630 <__udivmoddi4+0x270>
 800062a:	f1a8 0302 	sub.w	r3, r8, #2
 800062e:	4429      	add	r1, r5
 8000630:	ea43 4000 	orr.w	r0, r3, r0, lsl #16
 8000634:	fba0 9802 	umull	r9, r8, r0, r2
 8000638:	eba1 010e 	sub.w	r1, r1, lr
 800063c:	4541      	cmp	r1, r8
 800063e:	46ce      	mov	lr, r9
 8000640:	4643      	mov	r3, r8
 8000642:	d302      	bcc.n	800064a <__udivmoddi4+0x28a>
 8000644:	d106      	bne.n	8000654 <__udivmoddi4+0x294>
 8000646:	454c      	cmp	r4, r9
 8000648:	d204      	bcs.n	8000654 <__udivmoddi4+0x294>
 800064a:	ebb9 0e02 	subs.w	lr, r9, r2
 800064e:	eb68 0305 	sbc.w	r3, r8, r5
 8000652:	3801      	subs	r0, #1
 8000654:	2e00      	cmp	r6, #0
 8000656:	d0a4      	beq.n	80005a2 <__udivmoddi4+0x1e2>
 8000658:	ebb4 020e 	subs.w	r2, r4, lr
 800065c:	eb61 0103 	sbc.w	r1, r1, r3
 8000660:	fa01 fc0c 	lsl.w	ip, r1, ip
 8000664:	fa22 f307 	lsr.w	r3, r2, r7
 8000668:	ea4c 0303 	orr.w	r3, ip, r3
 800066c:	40f9      	lsrs	r1, r7
 800066e:	e9c6 3100 	strd	r3, r1, [r6]
 8000672:	e796      	b.n	80005a2 <__udivmoddi4+0x1e2>
 8000674:	4640      	mov	r0, r8
 8000676:	e7c5      	b.n	8000604 <__udivmoddi4+0x244>
 8000678:	4643      	mov	r3, r8
 800067a:	e7d9      	b.n	8000630 <__udivmoddi4+0x270>

0800067c <main>:
 */

#include <stdio.h>

int main(void)
{
 800067c:	b508      	push	{r3, lr}
	printf("Hello World! %s\n", CONFIG_BOARD_TARGET);
 800067e:	4903      	ldr	r1, [pc, #12]	@ (800068c <main+0x10>)
 8000680:	4803      	ldr	r0, [pc, #12]	@ (8000690 <main+0x14>)
 8000682:	f004 ffc7 	bl	8005614 <printf>

	return 0;
}
 8000686:	2000      	movs	r0, #0
 8000688:	bd08      	pop	{r3, pc}
 800068a:	bf00      	nop
 800068c:	08008588 	.word	0x08008588
 8000690:	080085a4 	.word	0x080085a4

08000694 <cbvprintf_package>:
	return cb(str, strl, ctx);
}

int cbvprintf_package(void *packaged, size_t len, uint32_t flags,
		      const char *fmt, va_list ap)
{
 8000694:	e92d 4ff0 	stmdb	sp!, {r4, r5, r6, r7, r8, r9, sl, fp, lr}
 8000698:	b091      	sub	sp, #68	@ 0x44
 800069a:	9205      	str	r2, [sp, #20]
 800069c:	9303      	str	r3, [sp, #12]
	const char *s;
	bool parsing = false;
	/* Flag indicates that rw strings are stored as array with positions,
	 * instead of appending them to the package.
	 */
	bool rws_pos_en = !!(flags & CBPRINTF_PACKAGE_ADD_RW_STR_POS);
 800069e:	4613      	mov	r3, r2
 80006a0:	f002 0204 	and.w	r2, r2, #4
 80006a4:	9200      	str	r2, [sp, #0]
	/* Get number of first read only strings present in the string.
	 * There is always at least 1 (fmt) but flags can indicate more, e.g
	 * fixed prefix appended to all strings.
	 */
	int fros_cnt = 1 + Z_CBPRINTF_PACKAGE_FIRST_RO_STR_CNT_GET(flags);
 80006a6:	f3c3 02c2 	ubfx	r2, r3, #3, #3
	bool is_str_arg = false;
	union cbprintf_package_hdr *pkg_hdr = packaged;

	/* Buffer must be aligned at least to size of a pointer. */
	if ((uintptr_t)packaged % sizeof(void *)) {
 80006aa:	f010 0303 	ands.w	r3, r0, #3
 80006ae:	9301      	str	r3, [sp, #4]
 80006b0:	f040 821b 	bne.w	8000aea <cbvprintf_package+0x456>
 80006b4:	4607      	mov	r7, r0
 80006b6:	4689      	mov	r9, r1
 80006b8:	3201      	adds	r2, #1
	 * which is guaranteed to be at least 4 bytes, we just reserve
	 * multiple of pointer size for the above to preserve alignment.
	 *
	 * Refer to union cbprintf_package_hdr for more details.
	 */
	buf += sizeof(*pkg_hdr);
 80006ba:	1d04      	adds	r4, r0, #4
	 * When buf0 is NULL we don't store anything.
	 * Instead we count the needed space to store the data.
	 * In this case, incoming len argument indicates the anticipated
	 * buffer "misalignment" offset.
	 */
	if (buf0 == NULL) {
 80006bc:	2800      	cmp	r0, #0
 80006be:	d048      	beq.n	8000752 <cbvprintf_package+0xbe>

	/*
	 * Otherwise we must ensure we can store at least
	 * the pointer to the format string itself.
	 */
	if ((buf0 != NULL) && (BUF_OFFSET + sizeof(char *)) > len) {
 80006c0:	2907      	cmp	r1, #7
 80006c2:	f240 8215 	bls.w	8000af0 <cbvprintf_package+0x45c>
	 * which is in the middle of the following while() loop. That's the
	 * reason for the post-decrement on fmt as it will be incremented
	 * prior to the next (actually first) round of that loop.
	 */
	s = fmt;
	--fmt;
 80006c6:	9b03      	ldr	r3, [sp, #12]
 80006c8:	1e5d      	subs	r5, r3, #1
	unsigned int s_ro_cnt = 0; /* number of ro strings */
 80006ca:	f8dd b004 	ldr.w	fp, [sp, #4]
 80006ce:	f8cd b010 	str.w	fp, [sp, #16]
	unsigned int s_rw_cnt = 0; /* number of rw strings */
 80006d2:	f8cd b018 	str.w	fp, [sp, #24]
	bool parsing = false;
 80006d6:	2600      	movs	r6, #0
	int arg_idx	      = -1; /* Argument index. Preincremented thus starting from -1.*/
 80006d8:	f04f 3aff 	mov.w	sl, #4294967295
	align = VA_STACK_ALIGN(char *);
 80006dc:	f04f 0804 	mov.w	r8, #4
 80006e0:	f8cd b008 	str.w	fp, [sp, #8]
 80006e4:	46c3      	mov	fp, r8

		/* copy va_list data over to our buffer */
		if (is_str_arg) {
			s = va_arg(ap, char *);
process_string:
			if (buf0 != NULL) {
 80006e6:	b10f      	cbz	r7, 80006ec <cbvprintf_package+0x58>
				*(const char **)buf = s;
 80006e8:	9b03      	ldr	r3, [sp, #12]
 80006ea:	6023      	str	r3, [r4, #0]
			}

			bool is_ro = (fros_cnt-- > 0) ? true : ptr_in_rodata(s);
 80006ec:	1e53      	subs	r3, r2, #1
 80006ee:	9307      	str	r3, [sp, #28]
 80006f0:	2a00      	cmp	r2, #0
 80006f2:	f340 815d 	ble.w	80009b0 <cbvprintf_package+0x31c>
			bool do_ro = !!(flags & CBPRINTF_PACKAGE_ADD_RO_STR_POS);

			if (is_ro && !do_ro) {
 80006f6:	9b05      	ldr	r3, [sp, #20]
 80006f8:	f013 0202 	ands.w	r2, r3, #2
 80006fc:	d026      	beq.n	800074c <cbvprintf_package+0xb8>
			bool is_ro = (fros_cnt-- > 0) ? true : ptr_in_rodata(s);
 80006fe:	2001      	movs	r0, #1
				/* nothing to do */
			} else {
				uint32_t s_ptr_idx = BUF_OFFSET / sizeof(int);
 8000700:	1be1      	subs	r1, r4, r7
 8000702:	088b      	lsrs	r3, r1, #2
				 * In the do_ro case we must consider
				 * room for possible STR_POS_RO_FLAG.
				 * Otherwise the index range is 8 bits
				 * and any overflow is caught later.
				 */
				if (do_ro && s_ptr_idx > STR_POS_MASK) {
 8000704:	b11a      	cbz	r2, 800070e <cbvprintf_package+0x7a>
 8000706:	f5b1 7f00 	cmp.w	r1, #512	@ 0x200
 800070a:	f080 81f7 	bcs.w	8000afc <cbvprintf_package+0x468>
					__ASSERT(false, "String with too many arguments");
					return -EINVAL;
				}

				if (s_idx >= ARRAY_SIZE(str_ptr_pos)) {
 800070e:	9902      	ldr	r1, [sp, #8]
 8000710:	290f      	cmp	r1, #15
 8000712:	f200 81f6 	bhi.w	8000b02 <cbvprintf_package+0x46e>
					__ASSERT(false, "str_ptr_pos[] too small");
					return -EINVAL;
				}

				if (buf0 != NULL) {
 8000716:	2f00      	cmp	r7, #0
 8000718:	f000 815b 	beq.w	80009d2 <cbvprintf_package+0x33e>
					/*
					 * Remember string pointer location.
					 * We will append non-ro strings later.
					 */
					str_ptr_pos[s_idx] = s_ptr_idx;
 800071c:	b2db      	uxtb	r3, r3
 800071e:	f101 0240 	add.w	r2, r1, #64	@ 0x40
 8000722:	446a      	add	r2, sp
 8000724:	f802 3c10 	strb.w	r3, [r2, #-16]
					str_ptr_arg[s_idx] = arg_idx;
 8000728:	f802 ac20 	strb.w	sl, [r2, #-32]
					if (is_ro) {
 800072c:	2800      	cmp	r0, #0
 800072e:	f000 814c 	beq.w	80009ca <cbvprintf_package+0x336>
						/* flag read-only string. */
						str_ptr_pos[s_idx] |= STR_POS_RO_FLAG;
 8000732:	f063 037f 	orn	r3, r3, #127	@ 0x7f
 8000736:	f101 0240 	add.w	r2, r1, #64	@ 0x40
 800073a:	446a      	add	r2, sp
 800073c:	f802 3c10 	strb.w	r3, [r2, #-16]
						s_ro_cnt++;
 8000740:	9b04      	ldr	r3, [sp, #16]
 8000742:	3301      	adds	r3, #1
 8000744:	9304      	str	r3, [sp, #16]
					 * and size of the pointer position prefix.
					 */
					len += strlen(s) + 1 + 1;
				}

				s_idx++;
 8000746:	9b02      	ldr	r3, [sp, #8]
 8000748:	3301      	adds	r3, #1
 800074a:	9302      	str	r3, [sp, #8]
			}
			buf += sizeof(char *);
 800074c:	3404      	adds	r4, #4

			is_str_arg = false;
 800074e:	2200      	movs	r2, #0
 8000750:	e03e      	b.n	80007d0 <cbvprintf_package+0x13c>
		buf += len % CBPRINTF_PACKAGE_ALIGNMENT;
 8000752:	f001 0307 	and.w	r3, r1, #7
 8000756:	441c      	add	r4, r3
		len = CBPRINTF_PACKAGE_ALIGNMENT - (len % CBPRINTF_PACKAGE_ALIGNMENT);
 8000758:	f1c3 0908 	rsb	r9, r3, #8
	if ((buf0 != NULL) && (BUF_OFFSET + sizeof(char *)) > len) {
 800075c:	e7b3      	b.n	80006c6 <cbvprintf_package+0x32>
				parsing = false;
 800075e:	2600      	movs	r6, #0
 8000760:	e035      	b.n	80007ce <cbvprintf_package+0x13a>
 8000762:	2600      	movs	r6, #0
 8000764:	e033      	b.n	80007ce <cbvprintf_package+0x13a>
 8000766:	2600      	movs	r6, #0
 8000768:	e031      	b.n	80007ce <cbvprintf_package+0x13a>
				align = VA_STACK_ALIGN(intmax_t);
 800076a:	f04f 0808 	mov.w	r8, #8
				size = sizeof(intmax_t);
 800076e:	46c3      	mov	fp, r8
 8000770:	e02d      	b.n	80007ce <cbvprintf_package+0x13a>
				if (*fmt == '%') {
 8000772:	2925      	cmp	r1, #37	@ 0x25
 8000774:	d12b      	bne.n	80007ce <cbvprintf_package+0x13a>
					arg_idx++;
 8000776:	f10a 0a01 	add.w	sl, sl, #1
					parsing = true;
 800077a:	2601      	movs	r6, #1
					align = VA_STACK_ALIGN(int);
 800077c:	f04f 0804 	mov.w	r8, #4
					size = sizeof(int);
 8000780:	46c3      	mov	fp, r8
				continue;
 8000782:	e024      	b.n	80007ce <cbvprintf_package+0x13a>
			switch (*fmt) {
 8000784:	2947      	cmp	r1, #71	@ 0x47
 8000786:	d8ec      	bhi.n	8000762 <cbvprintf_package+0xce>
 8000788:	292a      	cmp	r1, #42	@ 0x2a
 800078a:	d312      	bcc.n	80007b2 <cbvprintf_package+0x11e>
 800078c:	392a      	subs	r1, #42	@ 0x2a
 800078e:	b2c9      	uxtb	r1, r1
 8000790:	2001      	movs	r0, #1
 8000792:	fa00 f101 	lsl.w	r1, r0, r1
 8000796:	f64f 70da 	movw	r0, #65498	@ 0xffda
 800079a:	4201      	tst	r1, r0
 800079c:	d117      	bne.n	80007ce <cbvprintf_package+0x13a>
 800079e:	f011 5f62 	tst.w	r1, #947912704	@ 0x38800000
 80007a2:	f040 80c3 	bne.w	800092c <cbvprintf_package+0x298>
 80007a6:	f011 0f01 	tst.w	r1, #1
 80007aa:	f040 808d 	bne.w	80008c8 <cbvprintf_package+0x234>
				parsing = false;
 80007ae:	2600      	movs	r6, #0
 80007b0:	e00d      	b.n	80007ce <cbvprintf_package+0x13a>
			switch (*fmt) {
 80007b2:	2925      	cmp	r1, #37	@ 0x25
 80007b4:	d103      	bne.n	80007be <cbvprintf_package+0x12a>
				arg_idx--;
 80007b6:	f10a 3aff 	add.w	sl, sl, #4294967295
				parsing = false;
 80007ba:	2600      	movs	r6, #0
				continue;
 80007bc:	e007      	b.n	80007ce <cbvprintf_package+0x13a>
			switch (*fmt) {
 80007be:	d8d2      	bhi.n	8000766 <cbvprintf_package+0xd2>
 80007c0:	2920      	cmp	r1, #32
 80007c2:	d004      	beq.n	80007ce <cbvprintf_package+0x13a>
 80007c4:	2923      	cmp	r1, #35	@ 0x23
 80007c6:	d002      	beq.n	80007ce <cbvprintf_package+0x13a>
				parsing = false;
 80007c8:	2600      	movs	r6, #0
 80007ca:	e000      	b.n	80007ce <cbvprintf_package+0x13a>
 80007cc:	2600      	movs	r6, #0
 80007ce:	461d      	mov	r5, r3
			if (*++fmt == '\0') {
 80007d0:	1c6b      	adds	r3, r5, #1
 80007d2:	7869      	ldrb	r1, [r5, #1]
 80007d4:	2900      	cmp	r1, #0
 80007d6:	f000 8115 	beq.w	8000a04 <cbvprintf_package+0x370>
			if (!parsing) {
 80007da:	2e00      	cmp	r6, #0
 80007dc:	d0c9      	beq.n	8000772 <cbvprintf_package+0xde>
			switch (*fmt) {
 80007de:	297a      	cmp	r1, #122	@ 0x7a
 80007e0:	d8bd      	bhi.n	800075e <cbvprintf_package+0xca>
 80007e2:	294c      	cmp	r1, #76	@ 0x4c
 80007e4:	d3ce      	bcc.n	8000784 <cbvprintf_package+0xf0>
 80007e6:	394c      	subs	r1, #76	@ 0x4c
 80007e8:	292e      	cmp	r1, #46	@ 0x2e
 80007ea:	d8ef      	bhi.n	80007cc <cbvprintf_package+0x138>
 80007ec:	a001      	add	r0, pc, #4	@ (adr r0, 80007f4 <cbvprintf_package+0x160>)
 80007ee:	f850 f021 	ldr.w	pc, [r0, r1, lsl #2]
 80007f2:	bf00      	nop
 80007f4:	080007cf 	.word	0x080007cf
 80007f8:	080007cd 	.word	0x080007cd
 80007fc:	080007cd 	.word	0x080007cd
 8000800:	080007cd 	.word	0x080007cd
 8000804:	080007cd 	.word	0x080007cd
 8000808:	080007cd 	.word	0x080007cd
 800080c:	080007cd 	.word	0x080007cd
 8000810:	080007cd 	.word	0x080007cd
 8000814:	080007cd 	.word	0x080007cd
 8000818:	080007cd 	.word	0x080007cd
 800081c:	080007cd 	.word	0x080007cd
 8000820:	080007cd 	.word	0x080007cd
 8000824:	080008c1 	.word	0x080008c1
 8000828:	080007cd 	.word	0x080007cd
 800082c:	080007cd 	.word	0x080007cd
 8000830:	080007cd 	.word	0x080007cd
 8000834:	080007cd 	.word	0x080007cd
 8000838:	080007cd 	.word	0x080007cd
 800083c:	080007cd 	.word	0x080007cd
 8000840:	080007cd 	.word	0x080007cd
 8000844:	080007cd 	.word	0x080007cd
 8000848:	0800092d 	.word	0x0800092d
 800084c:	080007cd 	.word	0x080007cd
 8000850:	080008c1 	.word	0x080008c1
 8000854:	080008c1 	.word	0x080008c1
 8000858:	0800092d 	.word	0x0800092d
 800085c:	0800092d 	.word	0x0800092d
 8000860:	0800092d 	.word	0x0800092d
 8000864:	080007cf 	.word	0x080007cf
 8000868:	080008c1 	.word	0x080008c1
 800086c:	0800076b 	.word	0x0800076b
 8000870:	080007cd 	.word	0x080007cd
 8000874:	080007cf 	.word	0x080007cf
 8000878:	080007cd 	.word	0x080007cd
 800087c:	0800098b 	.word	0x0800098b
 8000880:	080008c1 	.word	0x080008c1
 8000884:	0800098b 	.word	0x0800098b
 8000888:	080007cd 	.word	0x080007cd
 800088c:	080007cd 	.word	0x080007cd
 8000890:	08000995 	.word	0x08000995
 8000894:	080008b9 	.word	0x080008b9
 8000898:	080008c1 	.word	0x080008c1
 800089c:	080007cd 	.word	0x080007cd
 80008a0:	080007cd 	.word	0x080007cd
 80008a4:	080008c1 	.word	0x080008c1
 80008a8:	080007cd 	.word	0x080007cd
 80008ac:	080008b1 	.word	0x080008b1
				align = VA_STACK_ALIGN(size_t);
 80008b0:	f04f 0804 	mov.w	r8, #4
				size = sizeof(size_t);
 80008b4:	46c3      	mov	fp, r8
				continue;
 80008b6:	e78a      	b.n	80007ce <cbvprintf_package+0x13a>
				align = VA_STACK_ALIGN(ptrdiff_t);
 80008b8:	f04f 0804 	mov.w	r8, #4
				size = sizeof(ptrdiff_t);
 80008bc:	46c3      	mov	fp, r8
				continue;
 80008be:	e786      	b.n	80007ce <cbvprintf_package+0x13a>
				if (fmt[-1] == 'l') {
 80008c0:	7829      	ldrb	r1, [r5, #0]
 80008c2:	296c      	cmp	r1, #108	@ 0x6c
 80008c4:	d024      	beq.n	8000910 <cbvprintf_package+0x27c>
				parsing = false;
 80008c6:	2600      	movs	r6, #0
		buf = ROUND_UP(buf, align);
 80008c8:	4444      	add	r4, r8
 80008ca:	3c01      	subs	r4, #1
 80008cc:	fbb4 f4f8 	udiv	r4, r4, r8
 80008d0:	fb08 f404 	mul.w	r4, r8, r4
		if ((buf0 != NULL) && (BUF_OFFSET + size) > len) {
 80008d4:	b127      	cbz	r7, 80008e0 <cbvprintf_package+0x24c>
 80008d6:	1be1      	subs	r1, r4, r7
 80008d8:	4459      	add	r1, fp
 80008da:	4549      	cmp	r1, r9
 80008dc:	f200 810b 	bhi.w	8000af6 <cbvprintf_package+0x462>
		if (is_str_arg) {
 80008e0:	2a00      	cmp	r2, #0
 80008e2:	d15d      	bne.n	80009a0 <cbvprintf_package+0x30c>
		} else if (size == sizeof(int)) {
 80008e4:	f1bb 0f04 	cmp.w	fp, #4
 80008e8:	f000 8084 	beq.w	80009f4 <cbvprintf_package+0x360>

			if (buf0 != NULL) {
				*(long *)buf = v;
			}
			buf += sizeof(long);
		} else if (size == sizeof(long long)) {
 80008ec:	f1bb 0f08 	cmp.w	fp, #8
 80008f0:	f040 810a 	bne.w	8000b08 <cbvprintf_package+0x474>
			long long v = va_arg(ap, long long);
 80008f4:	991a      	ldr	r1, [sp, #104]	@ 0x68
 80008f6:	3107      	adds	r1, #7
 80008f8:	f021 0107 	bic.w	r1, r1, #7
 80008fc:	f101 0008 	add.w	r0, r1, #8
 8000900:	901a      	str	r0, [sp, #104]	@ 0x68
 8000902:	e9d1 0100 	ldrd	r0, r1, [r1]

			if (buf0 != NULL) {
 8000906:	b10f      	cbz	r7, 800090c <cbvprintf_package+0x278>
				if (Z_CBPRINTF_VA_STACK_LL_DBL_MEMCPY) {
					memcpy((void *)buf, (uint8_t *)&v, sizeof(long long));
				} else {
					*(long long *)buf = v;
 8000908:	e9c4 0100 	strd	r0, r1, [r4]
				}
			}
			buf += sizeof(long long);
 800090c:	3408      	adds	r4, #8
 800090e:	e75e      	b.n	80007ce <cbvprintf_package+0x13a>
					if (fmt[-2] == 'l') {
 8000910:	f813 1c02 	ldrb.w	r1, [r3, #-2]
 8000914:	296c      	cmp	r1, #108	@ 0x6c
 8000916:	d004      	beq.n	8000922 <cbvprintf_package+0x28e>
				parsing = false;
 8000918:	2600      	movs	r6, #0
						align = VA_STACK_ALIGN(long);
 800091a:	f04f 0804 	mov.w	r8, #4
						size = sizeof(long);
 800091e:	46c3      	mov	fp, r8
 8000920:	e7d2      	b.n	80008c8 <cbvprintf_package+0x234>
				parsing = false;
 8000922:	2600      	movs	r6, #0
						align = VA_STACK_ALIGN(long long);
 8000924:	f04f 0808 	mov.w	r8, #8
						size = sizeof(long long);
 8000928:	46c3      	mov	fp, r8
 800092a:	e7cd      	b.n	80008c8 <cbvprintf_package+0x234>
				if (fmt[-1] == 'L') {
 800092c:	7829      	ldrb	r1, [r5, #0]
 800092e:	294c      	cmp	r1, #76	@ 0x4c
 8000930:	d01b      	beq.n	800096a <cbvprintf_package+0x2d6>
					v.d = va_arg(ap, double);
 8000932:	991a      	ldr	r1, [sp, #104]	@ 0x68
 8000934:	3107      	adds	r1, #7
 8000936:	f021 0107 	bic.w	r1, r1, #7
 800093a:	f101 0008 	add.w	r0, r1, #8
 800093e:	901a      	str	r0, [sp, #104]	@ 0x68
 8000940:	e9d1 0100 	ldrd	r0, r1, [r1]
				buf = ROUND_UP(buf, align);
 8000944:	3407      	adds	r4, #7
 8000946:	f024 0407 	bic.w	r4, r4, #7
				if (buf0 != NULL) {
 800094a:	b147      	cbz	r7, 800095e <cbvprintf_package+0x2ca>
					if (BUF_OFFSET + size > len) {
 800094c:	1be6      	subs	r6, r4, r7
 800094e:	3608      	adds	r6, #8
 8000950:	454e      	cmp	r6, r9
 8000952:	d814      	bhi.n	800097e <cbvprintf_package+0x2ea>
					} else if (fmt[-1] == 'L') {
 8000954:	782d      	ldrb	r5, [r5, #0]
 8000956:	2d4c      	cmp	r5, #76	@ 0x4c
 8000958:	d014      	beq.n	8000984 <cbvprintf_package+0x2f0>
						*(double *)buf = v.d;
 800095a:	e9c4 0100 	strd	r0, r1, [r4]
				buf += size;
 800095e:	3408      	adds	r4, #8
				parsing = false;
 8000960:	2600      	movs	r6, #0
				continue;
 8000962:	f04f 0808 	mov.w	r8, #8
 8000966:	46c3      	mov	fp, r8
 8000968:	e731      	b.n	80007ce <cbvprintf_package+0x13a>
					v.ld = va_arg(ap, long double);
 800096a:	991a      	ldr	r1, [sp, #104]	@ 0x68
 800096c:	3107      	adds	r1, #7
 800096e:	f021 0107 	bic.w	r1, r1, #7
 8000972:	f101 0008 	add.w	r0, r1, #8
 8000976:	901a      	str	r0, [sp, #104]	@ 0x68
 8000978:	e9d1 0100 	ldrd	r0, r1, [r1]
					size = sizeof(long double);
 800097c:	e7e2      	b.n	8000944 <cbvprintf_package+0x2b0>
						return -ENOSPC;
 800097e:	f06f 001b 	mvn.w	r0, #27
 8000982:	e0af      	b.n	8000ae4 <cbvprintf_package+0x450>
						*(long double *)buf = v.ld;
 8000984:	e9c4 0100 	strd	r0, r1, [r4]
 8000988:	e7e9      	b.n	800095e <cbvprintf_package+0x2ca>
				parsing = false;
 800098a:	2600      	movs	r6, #0
				align = VA_STACK_ALIGN(void *);
 800098c:	f04f 0804 	mov.w	r8, #4
				size = sizeof(void *);
 8000990:	46c3      	mov	fp, r8
 8000992:	e799      	b.n	80008c8 <cbvprintf_package+0x234>
				is_str_arg = true;
 8000994:	4632      	mov	r2, r6
				parsing = false;
 8000996:	2600      	movs	r6, #0
				align = VA_STACK_ALIGN(void *);
 8000998:	f04f 0804 	mov.w	r8, #4
				size = sizeof(void *);
 800099c:	46c3      	mov	fp, r8
 800099e:	e793      	b.n	80008c8 <cbvprintf_package+0x234>
			s = va_arg(ap, char *);
 80009a0:	9a1a      	ldr	r2, [sp, #104]	@ 0x68
 80009a2:	1d11      	adds	r1, r2, #4
 80009a4:	911a      	str	r1, [sp, #104]	@ 0x68
 80009a6:	6812      	ldr	r2, [r2, #0]
 80009a8:	9203      	str	r2, [sp, #12]
			bool is_ro = (fros_cnt-- > 0) ? true : ptr_in_rodata(s);
 80009aa:	9a07      	ldr	r2, [sp, #28]
			if (*++fmt == '\0') {
 80009ac:	461d      	mov	r5, r3
 80009ae:	e69a      	b.n	80006e6 <cbvprintf_package+0x52>
#else
#define RO_START 0
#define RO_END   0
#endif

	return (((const char *)addr >= (const char *)RO_START) &&
 80009b0:	4b5b      	ldr	r3, [pc, #364]	@ (8000b20 <cbvprintf_package+0x48c>)
 80009b2:	9a03      	ldr	r2, [sp, #12]
 80009b4:	429a      	cmp	r2, r3
 80009b6:	d303      	bcc.n	80009c0 <cbvprintf_package+0x32c>
 80009b8:	4b5a      	ldr	r3, [pc, #360]	@ (8000b24 <cbvprintf_package+0x490>)
 80009ba:	429a      	cmp	r2, r3
 80009bc:	f4ff ae9b 	bcc.w	80006f6 <cbvprintf_package+0x62>
			bool do_ro = !!(flags & CBPRINTF_PACKAGE_ADD_RO_STR_POS);
 80009c0:	9b05      	ldr	r3, [sp, #20]
 80009c2:	f003 0202 	and.w	r2, r3, #2
			bool is_ro = (fros_cnt-- > 0) ? true : ptr_in_rodata(s);
 80009c6:	2000      	movs	r0, #0
 80009c8:	e69a      	b.n	8000700 <cbvprintf_package+0x6c>
						s_rw_cnt++;
 80009ca:	9b06      	ldr	r3, [sp, #24]
 80009cc:	3301      	adds	r3, #1
 80009ce:	9306      	str	r3, [sp, #24]
 80009d0:	e6b9      	b.n	8000746 <cbvprintf_package+0xb2>
				} else if (is_ro) {
 80009d2:	b110      	cbz	r0, 80009da <cbvprintf_package+0x346>
					len += 1;
 80009d4:	f109 0901 	add.w	r9, r9, #1
 80009d8:	e6b5      	b.n	8000746 <cbvprintf_package+0xb2>
				} else if (rws_pos_en) {
 80009da:	9b00      	ldr	r3, [sp, #0]
 80009dc:	b113      	cbz	r3, 80009e4 <cbvprintf_package+0x350>
					len += 2;
 80009de:	f109 0902 	add.w	r9, r9, #2
 80009e2:	e6b0      	b.n	8000746 <cbvprintf_package+0xb2>
					len += strlen(s) + 1 + 1;
 80009e4:	9803      	ldr	r0, [sp, #12]
 80009e6:	f7ff fbcb 	bl	8000180 <strlen>
 80009ea:	eb09 0300 	add.w	r3, r9, r0
 80009ee:	f103 0902 	add.w	r9, r3, #2
 80009f2:	e6a8      	b.n	8000746 <cbvprintf_package+0xb2>
			int v = va_arg(ap, int);
 80009f4:	991a      	ldr	r1, [sp, #104]	@ 0x68
 80009f6:	1d08      	adds	r0, r1, #4
 80009f8:	901a      	str	r0, [sp, #104]	@ 0x68
 80009fa:	6809      	ldr	r1, [r1, #0]
			if (buf0 != NULL) {
 80009fc:	b107      	cbz	r7, 8000a00 <cbvprintf_package+0x36c>
				*(int *)buf = v;
 80009fe:	6021      	str	r1, [r4, #0]
			buf += sizeof(int);
 8000a00:	3404      	adds	r4, #4
 8000a02:	e6e4      	b.n	80007ce <cbvprintf_package+0x13a>
	 * We remember the size of the argument list as a multiple of
	 * sizeof(int) and limit it to a 8-bit field. That means 1020 bytes
	 * worth of va_list, or about 127 arguments on a 64-bit system
	 * (twice that on 32-bit systems). That ought to be good enough.
	 */
	if ((BUF_OFFSET / sizeof(int)) > 255) {
 8000a04:	f8dd b008 	ldr.w	fp, [sp, #8]
 8000a08:	1be3      	subs	r3, r4, r7
 8000a0a:	f5b3 6f80 	cmp.w	r3, #1024	@ 0x400
 8000a0e:	d27e      	bcs.n	8000b0e <cbvprintf_package+0x47a>

	/*
	 * If all we wanted was to count required buffer size
	 * then we have it now.
	 */
	if (buf0 == NULL) {
 8000a10:	b187      	cbz	r7, 8000a34 <cbvprintf_package+0x3a0>
		return BUF_OFFSET + len - CBPRINTF_PACKAGE_ALIGNMENT;
	}

	/* Clear our buffer header. We made room for it initially. */
	*(char **)buf0 = NULL;
 8000a12:	2200      	movs	r2, #0
 8000a14:	603a      	str	r2, [r7, #0]

	/* Record end of argument list. */
	pkg_hdr->desc.len = BUF_OFFSET / sizeof(int);
 8000a16:	089b      	lsrs	r3, r3, #2
 8000a18:	703b      	strb	r3, [r7, #0]

	if (rws_pos_en) {
 8000a1a:	9b00      	ldr	r3, [sp, #0]
 8000a1c:	b173      	cbz	r3, 8000a3c <cbvprintf_package+0x3a8>
		/* Strings are appended, update location counter. */
		pkg_hdr->desc.str_cnt = 0;
		pkg_hdr->desc.rw_str_cnt = s_rw_cnt;
 8000a1e:	9b06      	ldr	r3, [sp, #24]
 8000a20:	70fb      	strb	r3, [r7, #3]
		/* Strings are appended, update append counter. */
		pkg_hdr->desc.str_cnt = s_rw_cnt;
		pkg_hdr->desc.rw_str_cnt = 0;
	}

	pkg_hdr->desc.ro_str_cnt = s_ro_cnt;
 8000a22:	9b04      	ldr	r3, [sp, #16]
 8000a24:	70bb      	strb	r3, [r7, #2]
#ifdef CONFIG_CBPRINTF_PACKAGE_HEADER_STORE_CREATION_FLAGS
	pkg_hdr->desc.pkg_flags = flags;
#endif

	/* Store strings pointer locations of read only strings. */
	if (s_ro_cnt != 0U) {
 8000a26:	bb0b      	cbnz	r3, 8000a6c <cbvprintf_package+0x3d8>
		if (s_ro_cnt && str_ptr_pos[i] & STR_POS_RO_FLAG) {
			continue;
		}

		if (rws_pos_en) {
			size = 0;
 8000a28:	9d01      	ldr	r5, [sp, #4]
 8000a2a:	f8dd a010 	ldr.w	sl, [sp, #16]
 8000a2e:	f8dd 800c 	ldr.w	r8, [sp, #12]
 8000a32:	e03a      	b.n	8000aaa <cbvprintf_package+0x416>
		return BUF_OFFSET + len - CBPRINTF_PACKAGE_ALIGNMENT;
 8000a34:	444b      	add	r3, r9
 8000a36:	f1a3 0008 	sub.w	r0, r3, #8
 8000a3a:	e053      	b.n	8000ae4 <cbvprintf_package+0x450>
		pkg_hdr->desc.str_cnt = s_rw_cnt;
 8000a3c:	9b06      	ldr	r3, [sp, #24]
 8000a3e:	707b      	strb	r3, [r7, #1]
		pkg_hdr->desc.rw_str_cnt = 0;
 8000a40:	e7ef      	b.n	8000a22 <cbvprintf_package+0x38e>
		for (i = 0; i < s_idx; i++) {
 8000a42:	3301      	adds	r3, #1
 8000a44:	459b      	cmp	fp, r3
 8000a46:	d9ef      	bls.n	8000a28 <cbvprintf_package+0x394>
			if (!(str_ptr_pos[i] & STR_POS_RO_FLAG)) {
 8000a48:	f103 0240 	add.w	r2, r3, #64	@ 0x40
 8000a4c:	446a      	add	r2, sp
 8000a4e:	f812 1c10 	ldrb.w	r1, [r2, #-16]
 8000a52:	f912 2c10 	ldrsb.w	r2, [r2, #-16]
 8000a56:	2a00      	cmp	r2, #0
 8000a58:	daf3      	bge.n	8000a42 <cbvprintf_package+0x3ae>
			uint8_t pos = str_ptr_pos[i] & STR_POS_MASK;
 8000a5a:	f001 017f 	and.w	r1, r1, #127	@ 0x7f
			if ((BUF_OFFSET + 1) > len) {
 8000a5e:	1be2      	subs	r2, r4, r7
 8000a60:	3201      	adds	r2, #1
 8000a62:	454a      	cmp	r2, r9
 8000a64:	d856      	bhi.n	8000b14 <cbvprintf_package+0x480>
			*(uint8_t *)buf = pos;
 8000a66:	f804 1b01 	strb.w	r1, [r4], #1
			++buf;
 8000a6a:	e7ea      	b.n	8000a42 <cbvprintf_package+0x3ae>
		for (i = 0; i < s_idx; i++) {
 8000a6c:	9b01      	ldr	r3, [sp, #4]
 8000a6e:	e7e9      	b.n	8000a44 <cbvprintf_package+0x3b0>
		if (rws_pos_en) {
 8000a70:	9b00      	ldr	r3, [sp, #0]
 8000a72:	b33b      	cbz	r3, 8000ac4 <cbvprintf_package+0x430>
			*(uint8_t *)buf = str_ptr_arg[i];
 8000a74:	f105 0340 	add.w	r3, r5, #64	@ 0x40
 8000a78:	446b      	add	r3, sp
 8000a7a:	f813 3c20 	ldrb.w	r3, [r3, #-32]
 8000a7e:	f804 3b01 	strb.w	r3, [r4], #1
			size = 0;
 8000a82:	9e01      	ldr	r6, [sp, #4]
			/* find the string length including terminating '\0' */
			size = strlen(s) + 1;
		}

		/* make sure it fits */
		if ((BUF_OFFSET + 1 + size) > len) {
 8000a84:	1be3      	subs	r3, r4, r7
 8000a86:	4433      	add	r3, r6
 8000a88:	3301      	adds	r3, #1
 8000a8a:	454b      	cmp	r3, r9
 8000a8c:	d845      	bhi.n	8000b1a <cbvprintf_package+0x486>
			return -ENOSPC;
		}
		/* store the pointer position prefix */
		*(uint8_t *)buf = str_ptr_pos[i];
 8000a8e:	f105 0340 	add.w	r3, r5, #64	@ 0x40
 8000a92:	446b      	add	r3, sp
 8000a94:	f813 3c10 	ldrb.w	r3, [r3, #-16]
 8000a98:	f804 3b01 	strb.w	r3, [r4], #1
		++buf;
		/* copy the string with its terminating '\0' */
		memcpy((void *)buf, (uint8_t *)s, size);
 8000a9c:	4632      	mov	r2, r6
 8000a9e:	4641      	mov	r1, r8
 8000aa0:	4620      	mov	r0, r4
 8000aa2:	f7ff fbd9 	bl	8000258 <__aeabi_memcpy>
		buf += size;
 8000aa6:	4434      	add	r4, r6
	for (i = 0; i < s_idx; i++) {
 8000aa8:	3501      	adds	r5, #1
 8000aaa:	45ab      	cmp	fp, r5
 8000aac:	d919      	bls.n	8000ae2 <cbvprintf_package+0x44e>
		if (s_ro_cnt && str_ptr_pos[i] & STR_POS_RO_FLAG) {
 8000aae:	f1ba 0f00 	cmp.w	sl, #0
 8000ab2:	d0dd      	beq.n	8000a70 <cbvprintf_package+0x3dc>
 8000ab4:	f105 0340 	add.w	r3, r5, #64	@ 0x40
 8000ab8:	446b      	add	r3, sp
 8000aba:	f913 3c10 	ldrsb.w	r3, [r3, #-16]
 8000abe:	2b00      	cmp	r3, #0
 8000ac0:	dad6      	bge.n	8000a70 <cbvprintf_package+0x3dc>
 8000ac2:	e7f1      	b.n	8000aa8 <cbvprintf_package+0x414>
			s = *(char **)(buf0 + str_ptr_pos[i] * sizeof(int));
 8000ac4:	f105 0340 	add.w	r3, r5, #64	@ 0x40
 8000ac8:	446b      	add	r3, sp
 8000aca:	f813 3c10 	ldrb.w	r3, [r3, #-16]
 8000ace:	f857 8023 	ldr.w	r8, [r7, r3, lsl #2]
			*(char **)(buf0 + str_ptr_pos[i] * sizeof(int)) = NULL;
 8000ad2:	2200      	movs	r2, #0
 8000ad4:	f847 2023 	str.w	r2, [r7, r3, lsl #2]
			size = strlen(s) + 1;
 8000ad8:	4640      	mov	r0, r8
 8000ada:	f7ff fb51 	bl	8000180 <strlen>
 8000ade:	1c46      	adds	r6, r0, #1
 8000ae0:	e7d0      	b.n	8000a84 <cbvprintf_package+0x3f0>
	/*
	 * TODO: remove pointers for appended strings since they're useless.
	 * TODO: explore leveraging same mechanism to remove alignment padding
	 */

	return BUF_OFFSET;
 8000ae2:	1be0      	subs	r0, r4, r7

#undef BUF_OFFSET
#undef STR_POS_RO_FLAG
#undef STR_POS_MASK
}
 8000ae4:	b011      	add	sp, #68	@ 0x44
 8000ae6:	e8bd 8ff0 	ldmia.w	sp!, {r4, r5, r6, r7, r8, r9, sl, fp, pc}
		return -EFAULT;
 8000aea:	f06f 000d 	mvn.w	r0, #13
 8000aee:	e7f9      	b.n	8000ae4 <cbvprintf_package+0x450>
		return -ENOSPC;
 8000af0:	f06f 001b 	mvn.w	r0, #27
 8000af4:	e7f6      	b.n	8000ae4 <cbvprintf_package+0x450>
			return -ENOSPC;
 8000af6:	f06f 001b 	mvn.w	r0, #27
 8000afa:	e7f3      	b.n	8000ae4 <cbvprintf_package+0x450>
					return -EINVAL;
 8000afc:	f06f 0015 	mvn.w	r0, #21
 8000b00:	e7f0      	b.n	8000ae4 <cbvprintf_package+0x450>
					return -EINVAL;
 8000b02:	f06f 0015 	mvn.w	r0, #21
 8000b06:	e7ed      	b.n	8000ae4 <cbvprintf_package+0x450>
			return -EINVAL;
 8000b08:	f06f 0015 	mvn.w	r0, #21
 8000b0c:	e7ea      	b.n	8000ae4 <cbvprintf_package+0x450>
		return -EINVAL;
 8000b0e:	f06f 0015 	mvn.w	r0, #21
 8000b12:	e7e7      	b.n	8000ae4 <cbvprintf_package+0x450>
				return -ENOSPC;
 8000b14:	f06f 001b 	mvn.w	r0, #27
 8000b18:	e7e4      	b.n	8000ae4 <cbvprintf_package+0x450>
			return -ENOSPC;
 8000b1a:	f06f 001b 	mvn.w	r0, #27
 8000b1e:	e7e1      	b.n	8000ae4 <cbvprintf_package+0x450>
 8000b20:	08007fe0 	.word	0x08007fe0
 8000b24:	0800958c 	.word	0x0800958c

08000b28 <cbprintf_package_convert>:
			     cbprintf_convert_cb cb,
			     void *ctx,
			     uint32_t flags,
			     uint16_t *strl,
			     size_t strl_len)
{
 8000b28:	e92d 4ff0 	stmdb	sp!, {r4, r5, r6, r7, r8, r9, sl, fp, lr}
 8000b2c:	b097      	sub	sp, #92	@ 0x5c
 8000b2e:	af00      	add	r7, sp, #0
 8000b30:	4683      	mov	fp, r0
 8000b32:	61ba      	str	r2, [r7, #24]
 8000b34:	617b      	str	r3, [r7, #20]
	__ASSERT_NO_MSG(in_packaged != NULL);

	uint8_t *buf = in_packaged;
	uint32_t *buf32 = in_packaged;
	unsigned int args_size, ros_nbr, rws_nbr;
	bool fmt_present = flags & CBPRINTF_PACKAGE_CONVERT_PTR_CHECK ? true : false;
 8000b36:	f8d7 3080 	ldr.w	r3, [r7, #128]	@ 0x80
 8000b3a:	f3c3 03c0 	ubfx	r3, r3, #3, #1
 8000b3e:	623b      	str	r3, [r7, #32]
	bool rw_cpy;
	bool ro_cpy;
	struct cbprintf_package_desc *in_desc = in_packaged;

	in_len = in_len != 0 ? in_len : get_package_len(in_packaged);
 8000b40:	60f9      	str	r1, [r7, #12]
 8000b42:	b911      	cbnz	r1, 8000b4a <cbprintf_package_convert+0x22>
 8000b44:	f005 fb93 	bl	800626e <get_package_len>
 8000b48:	60f8      	str	r0, [r7, #12]

	/* Get number of RO string indexes in the package and check if copying
	 * includes appending those strings.
	 */
	ros_nbr = in_desc->ro_str_cnt;
 8000b4a:	f89b 6002 	ldrb.w	r6, [fp, #2]
 8000b4e:	46b1      	mov	r9, r6
	ro_cpy = ros_nbr &&
 8000b50:	b136      	cbz	r6, 8000b60 <cbprintf_package_convert+0x38>
 8000b52:	f8d7 3080 	ldr.w	r3, [r7, #128]	@ 0x80
 8000b56:	f013 0f01 	tst.w	r3, #1
 8000b5a:	d129      	bne.n	8000bb0 <cbprintf_package_convert+0x88>
 8000b5c:	2300      	movs	r3, #0
 8000b5e:	e000      	b.n	8000b62 <cbprintf_package_convert+0x3a>
 8000b60:	2300      	movs	r3, #0
		(flags & CBPRINTF_PACKAGE_CONVERT_RO_STR) == CBPRINTF_PACKAGE_CONVERT_RO_STR;

	/* Get number of RW string indexes in the package and check if copying
	 * includes appending those strings.
	 */
	rws_nbr = in_desc->rw_str_cnt;
 8000b62:	f89b 2003 	ldrb.w	r2, [fp, #3]
 8000b66:	627a      	str	r2, [r7, #36]	@ 0x24
	rw_cpy = rws_nbr > 0 &&
 8000b68:	b122      	cbz	r2, 8000b74 <cbprintf_package_convert+0x4c>
 8000b6a:	f8d7 2080 	ldr.w	r2, [r7, #128]	@ 0x80
 8000b6e:	f012 0f02 	tst.w	r2, #2
 8000b72:	d100      	bne.n	8000b76 <cbprintf_package_convert+0x4e>

	/* If flags are not set or appending request without rw string indexes
	 * present is chosen, just do a simple copy (or length calculation).
	 * Assuming that it is the most common case.
	 */
	if (!rw_cpy && !ro_cpy) {
 8000b74:	b1f3      	cbz	r3, 8000bb4 <cbprintf_package_convert+0x8c>

	/* If we got here, it means that coping will be more complex and will be
	 * done with strings appending.
	 * Retrieve the size of the arg list.
	 */
	args_size = in_desc->len * sizeof(int);
 8000b76:	f89b 5000 	ldrb.w	r5, [fp]
 8000b7a:	00aa      	lsls	r2, r5, #2
 8000b7c:	60ba      	str	r2, [r7, #8]
	int out_len;

	/* Pointer to array with string locations. Array starts with read-only
	 * string locations.
	 */
	const char *fmt = *(const char **)(buf + sizeof(void *));
 8000b7e:	f8db 2004 	ldr.w	r2, [fp, #4]
 8000b82:	613a      	str	r2, [r7, #16]
	uint8_t *str_pos = &buf[args_size];
 8000b84:	eb0b 0585 	add.w	r5, fp, r5, lsl #2
	size_t strl_cnt = 0;

	/* If null destination, just calculate output length. */
	if (cb == NULL) {
 8000b88:	69ba      	ldr	r2, [r7, #24]
 8000b8a:	b1fa      	cbz	r2, 8000bcc <cbprintf_package_convert+0xa4>

	/* If read-only strings shall be appended to the output package copy
	 * their indexes to the local array, otherwise indicate that indexes
	 * shall remain in the output package.
	 */
	if (ro_cpy) {
 8000b8c:	2b00      	cmp	r3, #0
 8000b8e:	f040 8105 	bne.w	8000d9c <cbprintf_package_convert+0x274>
		scpy_cnt = ros_nbr;
		keep_cnt = 0;
		dst = cpy_str_pos;
	} else if (ros_nbr && flags & CBPRINTF_PACKAGE_CONVERT_KEEP_RO_STR) {
 8000b92:	f1b9 0f00 	cmp.w	r9, #0
 8000b96:	f000 810f 	beq.w	8000db8 <cbprintf_package_convert+0x290>
 8000b9a:	f8d7 3080 	ldr.w	r3, [r7, #128]	@ 0x80
 8000b9e:	f013 0f04 	tst.w	r3, #4
 8000ba2:	f000 810c 	beq.w	8000dbe <cbprintf_package_convert+0x296>
		scpy_cnt = 0;
		keep_cnt = ros_nbr;
 8000ba6:	61fe      	str	r6, [r7, #28]
		scpy_cnt = 0;
 8000ba8:	2600      	movs	r6, #0
		dst = keep_str_pos;
 8000baa:	f107 0034 	add.w	r0, r7, #52	@ 0x34
 8000bae:	e0f9      	b.n	8000da4 <cbprintf_package_convert+0x27c>
	ro_cpy = ros_nbr &&
 8000bb0:	2301      	movs	r3, #1
 8000bb2:	e7d6      	b.n	8000b62 <cbprintf_package_convert+0x3a>
		if (cb) {
 8000bb4:	69bb      	ldr	r3, [r7, #24]
 8000bb6:	b11b      	cbz	r3, 8000bc0 <cbprintf_package_convert+0x98>
			cb(in_packaged, in_len, ctx);
 8000bb8:	697a      	ldr	r2, [r7, #20]
 8000bba:	68f9      	ldr	r1, [r7, #12]
 8000bbc:	4658      	mov	r0, fp
 8000bbe:	4798      	blx	r3
		return in_len;
 8000bc0:	68fc      	ldr	r4, [r7, #12]

	/* Empty call (can be interpreted as flushing) */
	(void)cb(NULL, 0, ctx);

	return out_len;
}
 8000bc2:	4620      	mov	r0, r4
 8000bc4:	375c      	adds	r7, #92	@ 0x5c
 8000bc6:	46bd      	mov	sp, r7
 8000bc8:	e8bd 8ff0 	ldmia.w	sp!, {r4, r5, r6, r7, r8, r9, sl, fp, pc}
		out_len = (int)in_len;
 8000bcc:	68fc      	ldr	r4, [r7, #12]
		if (ro_cpy) {
 8000bce:	b9e3      	cbnz	r3, 8000c0a <cbprintf_package_convert+0xe2>
			str_pos += ros_nbr;
 8000bd0:	444d      	add	r5, r9
	size_t strl_cnt = 0;
 8000bd2:	2300      	movs	r3, #0
 8000bd4:	617b      	str	r3, [r7, #20]
 8000bd6:	e023      	b.n	8000c20 <cbprintf_package_convert+0xf8>
				out_len += len;
 8000bd8:	4404      	add	r4, r0
				str_pos++;
 8000bda:	3501      	adds	r5, #1
			for (unsigned int i = 0; i < ros_nbr; i++) {
 8000bdc:	3601      	adds	r6, #1
 8000bde:	454e      	cmp	r6, r9
 8000be0:	d21a      	bcs.n	8000c18 <cbprintf_package_convert+0xf0>
				const char *str = *(const char **)&buf32[*str_pos];
 8000be2:	782a      	ldrb	r2, [r5, #0]
				int len = append_string(cb, NULL, str, 0);
 8000be4:	2300      	movs	r3, #0
 8000be6:	f85b 2022 	ldr.w	r2, [fp, r2, lsl #2]
 8000bea:	4619      	mov	r1, r3
 8000bec:	69b8      	ldr	r0, [r7, #24]
 8000bee:	f005 fb53 	bl	8006298 <append_string>
				if (strl && strl_cnt < strl_len) {
 8000bf2:	f1ba 0f00 	cmp.w	sl, #0
 8000bf6:	d0ef      	beq.n	8000bd8 <cbprintf_package_convert+0xb0>
 8000bf8:	f8d7 3088 	ldr.w	r3, [r7, #136]	@ 0x88
 8000bfc:	4598      	cmp	r8, r3
 8000bfe:	d2eb      	bcs.n	8000bd8 <cbprintf_package_convert+0xb0>
					strl[strl_cnt++] = (uint16_t)len;
 8000c00:	f82a 0018 	strh.w	r0, [sl, r8, lsl #1]
 8000c04:	f108 0801 	add.w	r8, r8, #1
 8000c08:	e7e6      	b.n	8000bd8 <cbprintf_package_convert+0xb0>
			for (unsigned int i = 0; i < ros_nbr; i++) {
 8000c0a:	2600      	movs	r6, #0
	size_t strl_cnt = 0;
 8000c0c:	f8c7 801c 	str.w	r8, [r7, #28]
 8000c10:	46b0      	mov	r8, r6
 8000c12:	f8d7 a084 	ldr.w	sl, [r7, #132]	@ 0x84
 8000c16:	e7e2      	b.n	8000bde <cbprintf_package_convert+0xb6>
 8000c18:	f8c7 8014 	str.w	r8, [r7, #20]
 8000c1c:	f8d7 801c 	ldr.w	r8, [r7, #28]
		bool drop_ro_str_pos = !(flags &
 8000c20:	f8d7 3080 	ldr.w	r3, [r7, #128]	@ 0x80
 8000c24:	f003 0305 	and.w	r3, r3, #5
 8000c28:	60fb      	str	r3, [r7, #12]
		for (unsigned int i = 0; i < rws_nbr; i++) {
 8000c2a:	f04f 0a00 	mov.w	sl, #0
 8000c2e:	46a1      	mov	r9, r4
 8000c30:	f8c7 b01c 	str.w	fp, [r7, #28]
 8000c34:	e09c      	b.n	8000d70 <cbprintf_package_convert+0x248>
 8000c36:	2500      	movs	r5, #0
			if (IS_ENABLED(CONFIG_CBPRINTF_CONVERT_CHECK_PTR) &&
 8000c38:	6a3b      	ldr	r3, [r7, #32]
 8000c3a:	b97b      	cbnz	r3, 8000c5c <cbprintf_package_convert+0x134>
			if (is_ro) {
 8000c3c:	2d00      	cmp	r5, #0
 8000c3e:	d079      	beq.n	8000d34 <cbprintf_package_convert+0x20c>
				if (flags & CBPRINTF_PACKAGE_CONVERT_RO_STR) {
 8000c40:	f8d7 3080 	ldr.w	r3, [r7, #128]	@ 0x80
 8000c44:	f013 0f01 	tst.w	r3, #1
 8000c48:	d179      	bne.n	8000d3e <cbprintf_package_convert+0x216>
					out_len -= drop_ro_str_pos ? 2 : 1;
 8000c4a:	68fb      	ldr	r3, [r7, #12]
 8000c4c:	2b00      	cmp	r3, #0
 8000c4e:	d16f      	bne.n	8000d30 <cbprintf_package_convert+0x208>
 8000c50:	2302      	movs	r3, #2
 8000c52:	eba9 0903 	sub.w	r9, r9, r3
 8000c56:	e088      	b.n	8000d6a <cbprintf_package_convert+0x242>
 8000c58:	2501      	movs	r5, #1
 8000c5a:	e7ed      	b.n	8000c38 <cbprintf_package_convert+0x110>
			    fmt_present && is_ptr(fmt, arg_idx)) {
 8000c5c:	4659      	mov	r1, fp
 8000c5e:	6938      	ldr	r0, [r7, #16]
 8000c60:	f005 fb60 	bl	8006324 <is_ptr>
 8000c64:	2800      	cmp	r0, #0
 8000c66:	d0e9      	beq.n	8000c3c <cbprintf_package_convert+0x114>
				LOG_WRN("(unsigned) char * used for %%p argument. "
 8000c68:	466c      	mov	r4, sp
 8000c6a:	2300      	movs	r3, #0
 8000c6c:	f887 302c 	strb.w	r3, [r7, #44]	@ 0x2c
 8000c70:	2302      	movs	r3, #2
 8000c72:	f887 302d 	strb.w	r3, [r7, #45]	@ 0x2d
 8000c76:	b08a      	sub	sp, #40	@ 0x28
 8000c78:	4669      	mov	r1, sp
 8000c7a:	f111 0210 	adds.w	r2, r1, #16
 8000c7e:	d037      	beq.n	8000cf0 <cbprintf_package_convert+0x1c8>
 8000c80:	2512      	movs	r5, #18
 8000c82:	b11a      	cbz	r2, 8000c8c <cbprintf_package_convert+0x164>
 8000c84:	2d04      	cmp	r5, #4
 8000c86:	dd01      	ble.n	8000c8c <cbprintf_package_convert+0x164>
 8000c88:	4bb1      	ldr	r3, [pc, #708]	@ (8000f50 <cbprintf_package_convert+0x428>)
 8000c8a:	614b      	str	r3, [r1, #20]
 8000c8c:	2300      	movs	r3, #0
 8000c8e:	f887 3028 	strb.w	r3, [r7, #40]	@ 0x28
 8000c92:	2302      	movs	r3, #2
 8000c94:	f887 3029 	strb.w	r3, [r7, #41]	@ 0x29
 8000c98:	bb6a      	cbnz	r2, 8000cf6 <cbprintf_package_convert+0x1ce>
 8000c9a:	2d11      	cmp	r5, #17
 8000c9c:	dd45      	ble.n	8000d2a <cbprintf_package_convert+0x202>
 8000c9e:	2312      	movs	r3, #18
 8000ca0:	b162      	cbz	r2, 8000cbc <cbprintf_package_convert+0x194>
 8000ca2:	2004      	movs	r0, #4
 8000ca4:	f887 002c 	strb.w	r0, [r7, #44]	@ 0x2c
 8000ca8:	2000      	movs	r0, #0
 8000caa:	f887 002d 	strb.w	r0, [r7, #45]	@ 0x2d
 8000cae:	f887 002e 	strb.w	r0, [r7, #46]	@ 0x2e
 8000cb2:	2001      	movs	r0, #1
 8000cb4:	f887 002f 	strb.w	r0, [r7, #47]	@ 0x2f
 8000cb8:	6af8      	ldr	r0, [r7, #44]	@ 0x2c
 8000cba:	6108      	str	r0, [r1, #16]
 8000cbc:	f028 0801 	bic.w	r8, r8, #1
 8000cc0:	f028 0802 	bic.w	r8, r8, #2
 8000cc4:	f028 0804 	bic.w	r8, r8, #4
 8000cc8:	f028 0838 	bic.w	r8, r8, #56	@ 0x38
 8000ccc:	2102      	movs	r1, #2
 8000cce:	f361 1888 	bfi	r8, r1, #6, #3
 8000cd2:	f3c3 030a 	ubfx	r3, r3, #0, #11
 8000cd6:	f363 2853 	bfi	r8, r3, #9, #11
 8000cda:	f3c8 0813 	ubfx	r8, r8, #0, #20
		(void) arch_syscall_invoke4(parm0.x, parm1.x, parm2.x, parm3.x, K_SYSCALL_Z_LOG_MSG_STATIC_CREATE);
		return;
	}
#endif
	compiler_barrier();
	z_impl_z_log_msg_static_create(source, desc, package, data);
 8000cde:	2300      	movs	r3, #0
 8000ce0:	4641      	mov	r1, r8
 8000ce2:	489c      	ldr	r0, [pc, #624]	@ (8000f54 <cbprintf_package_convert+0x42c>)
 8000ce4:	f000 fd56 	bl	8001794 <z_impl_z_log_msg_static_create>
 8000ce8:	46a5      	mov	sp, r4
				out_len -= 2;
 8000cea:	f1a9 0902 	sub.w	r9, r9, #2
				continue;
 8000cee:	e03c      	b.n	8000d6a <cbprintf_package_convert+0x242>
				LOG_WRN("(unsigned) char * used for %%p argument. "
 8000cf0:	f06f 4500 	mvn.w	r5, #2147483648	@ 0x80000000
 8000cf4:	e7c5      	b.n	8000c82 <cbprintf_package_convert+0x15a>
 8000cf6:	462b      	mov	r3, r5
 8000cf8:	2d08      	cmp	r5, #8
 8000cfa:	dd01      	ble.n	8000d00 <cbprintf_package_convert+0x1d8>
 8000cfc:	6938      	ldr	r0, [r7, #16]
 8000cfe:	6188      	str	r0, [r1, #24]
 8000d00:	2b0c      	cmp	r3, #12
 8000d02:	dd01      	ble.n	8000d08 <cbprintf_package_convert+0x1e0>
 8000d04:	f8c1 b01c 	str.w	fp, [r1, #28]
 8000d08:	f101 0320 	add.w	r3, r1, #32
 8000d0c:	2000      	movs	r0, #0
 8000d0e:	e009      	b.n	8000d24 <cbprintf_package_convert+0x1fc>
 8000d10:	f100 0c30 	add.w	ip, r0, #48	@ 0x30
 8000d14:	f107 0e28 	add.w	lr, r7, #40	@ 0x28
 8000d18:	44f4      	add	ip, lr
 8000d1a:	f81c cc30 	ldrb.w	ip, [ip, #-48]
 8000d1e:	f803 cb01 	strb.w	ip, [r3], #1
 8000d22:	3001      	adds	r0, #1
 8000d24:	2801      	cmp	r0, #1
 8000d26:	d9f3      	bls.n	8000d10 <cbprintf_package_convert+0x1e8>
 8000d28:	e7b7      	b.n	8000c9a <cbprintf_package_convert+0x172>
 8000d2a:	f06f 031b 	mvn.w	r3, #27
 8000d2e:	e7b7      	b.n	8000ca0 <cbprintf_package_convert+0x178>
					out_len -= drop_ro_str_pos ? 2 : 1;
 8000d30:	2301      	movs	r3, #1
 8000d32:	e78e      	b.n	8000c52 <cbprintf_package_convert+0x12a>
			} else if (flags & CBPRINTF_PACKAGE_CONVERT_RW_STR) {
 8000d34:	f8d7 3080 	ldr.w	r3, [r7, #128]	@ 0x80
 8000d38:	f013 0f02 	tst.w	r3, #2
 8000d3c:	d015      	beq.n	8000d6a <cbprintf_package_convert+0x242>
				len = append_string(cb, NULL, str, 0);
 8000d3e:	2300      	movs	r3, #0
 8000d40:	4622      	mov	r2, r4
 8000d42:	4619      	mov	r1, r3
 8000d44:	69b8      	ldr	r0, [r7, #24]
 8000d46:	f005 faa7 	bl	8006298 <append_string>
				if (strl && strl_cnt < strl_len) {
 8000d4a:	f8d7 3084 	ldr.w	r3, [r7, #132]	@ 0x84
 8000d4e:	b153      	cbz	r3, 8000d66 <cbprintf_package_convert+0x23e>
 8000d50:	697b      	ldr	r3, [r7, #20]
 8000d52:	f8d7 2088 	ldr.w	r2, [r7, #136]	@ 0x88
 8000d56:	4293      	cmp	r3, r2
 8000d58:	d205      	bcs.n	8000d66 <cbprintf_package_convert+0x23e>
					strl[strl_cnt++] = (uint16_t)len;
 8000d5a:	f8d7 2084 	ldr.w	r2, [r7, #132]	@ 0x84
 8000d5e:	f822 0013 	strh.w	r0, [r2, r3, lsl #1]
 8000d62:	3301      	adds	r3, #1
 8000d64:	617b      	str	r3, [r7, #20]
				out_len += (len - 1);
 8000d66:	3801      	subs	r0, #1
 8000d68:	4481      	add	r9, r0
		for (unsigned int i = 0; i < rws_nbr; i++) {
 8000d6a:	f10a 0a01 	add.w	sl, sl, #1
			uint8_t arg_pos = *str_pos++;
 8000d6e:	4635      	mov	r5, r6
		for (unsigned int i = 0; i < rws_nbr; i++) {
 8000d70:	6a7b      	ldr	r3, [r7, #36]	@ 0x24
 8000d72:	459a      	cmp	sl, r3
 8000d74:	d210      	bcs.n	8000d98 <cbprintf_package_convert+0x270>
			uint8_t arg_idx = *str_pos++;
 8000d76:	462e      	mov	r6, r5
 8000d78:	f816 bb02 	ldrb.w	fp, [r6], #2
			uint8_t arg_pos = *str_pos++;
 8000d7c:	786b      	ldrb	r3, [r5, #1]
			const char *str = *(const char **)&buf32[arg_pos];
 8000d7e:	69fa      	ldr	r2, [r7, #28]
 8000d80:	f852 4023 	ldr.w	r4, [r2, r3, lsl #2]
 8000d84:	4b74      	ldr	r3, [pc, #464]	@ (8000f58 <cbprintf_package_convert+0x430>)
 8000d86:	429c      	cmp	r4, r3
 8000d88:	f4ff af55 	bcc.w	8000c36 <cbprintf_package_convert+0x10e>
 8000d8c:	4b73      	ldr	r3, [pc, #460]	@ (8000f5c <cbprintf_package_convert+0x434>)
 8000d8e:	429c      	cmp	r4, r3
 8000d90:	f4ff af62 	bcc.w	8000c58 <cbprintf_package_convert+0x130>
 8000d94:	2500      	movs	r5, #0
 8000d96:	e74f      	b.n	8000c38 <cbprintf_package_convert+0x110>
 8000d98:	464c      	mov	r4, r9
 8000d9a:	e712      	b.n	8000bc2 <cbprintf_package_convert+0x9a>
		dst = cpy_str_pos;
 8000d9c:	f107 0044 	add.w	r0, r7, #68	@ 0x44
		keep_cnt = 0;
 8000da0:	2300      	movs	r3, #0
 8000da2:	61fb      	str	r3, [r7, #28]
		memcpy(dst, str_pos, ros_nbr);
 8000da4:	464a      	mov	r2, r9
 8000da6:	4629      	mov	r1, r5
 8000da8:	f7ff fa56 	bl	8000258 <__aeabi_memcpy>
	str_pos += ros_nbr;
 8000dac:	444d      	add	r5, r9
	for (unsigned int i = 0; i < rws_nbr; i++) {
 8000dae:	f04f 0800 	mov.w	r8, #0
 8000db2:	f8c7 9004 	str.w	r9, [r7, #4]
 8000db6:	e01b      	b.n	8000df0 <cbprintf_package_convert+0x2c8>
		scpy_cnt = 0;
 8000db8:	2600      	movs	r6, #0
		keep_cnt = 0;
 8000dba:	61fe      	str	r6, [r7, #28]
 8000dbc:	e7f6      	b.n	8000dac <cbprintf_package_convert+0x284>
		scpy_cnt = 0;
 8000dbe:	2600      	movs	r6, #0
		keep_cnt = 0;
 8000dc0:	61fe      	str	r6, [r7, #28]
 8000dc2:	e7f3      	b.n	8000dac <cbprintf_package_convert+0x284>
 8000dc4:	2500      	movs	r5, #0
		if (IS_ENABLED(CONFIG_CBPRINTF_CONVERT_CHECK_PTR) &&
 8000dc6:	6a3b      	ldr	r3, [r7, #32]
 8000dc8:	bb33      	cbnz	r3, 8000e18 <cbprintf_package_convert+0x2f0>
		if (is_ro) {
 8000dca:	2d00      	cmp	r5, #0
 8000dcc:	d03b      	beq.n	8000e46 <cbprintf_package_convert+0x31e>
			if (flags & CBPRINTF_PACKAGE_CONVERT_RO_STR) {
 8000dce:	f8d7 3080 	ldr.w	r3, [r7, #128]	@ 0x80
 8000dd2:	f013 0f01 	tst.w	r3, #1
 8000dd6:	d026      	beq.n	8000e26 <cbprintf_package_convert+0x2fe>
				cpy_str_pos[scpy_cnt++] = arg_pos;
 8000dd8:	1c73      	adds	r3, r6, #1
 8000dda:	f106 0230 	add.w	r2, r6, #48	@ 0x30
 8000dde:	f107 0128 	add.w	r1, r7, #40	@ 0x28
 8000de2:	1856      	adds	r6, r2, r1
 8000de4:	f806 9c14 	strb.w	r9, [r6, #-20]
 8000de8:	b2de      	uxtb	r6, r3
	for (unsigned int i = 0; i < rws_nbr; i++) {
 8000dea:	f108 0801 	add.w	r8, r8, #1
		uint8_t arg_pos = *str_pos++;
 8000dee:	4625      	mov	r5, r4
	for (unsigned int i = 0; i < rws_nbr; i++) {
 8000df0:	6a7b      	ldr	r3, [r7, #36]	@ 0x24
 8000df2:	4598      	cmp	r8, r3
 8000df4:	d24a      	bcs.n	8000e8c <cbprintf_package_convert+0x364>
		uint8_t arg_idx = *str_pos++;
 8000df6:	462c      	mov	r4, r5
 8000df8:	f814 ab02 	ldrb.w	sl, [r4], #2
		uint8_t arg_pos = *str_pos++;
 8000dfc:	f895 9001 	ldrb.w	r9, [r5, #1]
		const char *str = *(const char **)&buf32[arg_pos];
 8000e00:	f85b 3029 	ldr.w	r3, [fp, r9, lsl #2]
 8000e04:	4a54      	ldr	r2, [pc, #336]	@ (8000f58 <cbprintf_package_convert+0x430>)
 8000e06:	4293      	cmp	r3, r2
 8000e08:	d3dc      	bcc.n	8000dc4 <cbprintf_package_convert+0x29c>
 8000e0a:	4a54      	ldr	r2, [pc, #336]	@ (8000f5c <cbprintf_package_convert+0x434>)
 8000e0c:	4293      	cmp	r3, r2
 8000e0e:	d301      	bcc.n	8000e14 <cbprintf_package_convert+0x2ec>
 8000e10:	2500      	movs	r5, #0
 8000e12:	e7d8      	b.n	8000dc6 <cbprintf_package_convert+0x29e>
 8000e14:	2501      	movs	r5, #1
 8000e16:	e7d6      	b.n	8000dc6 <cbprintf_package_convert+0x29e>
		    fmt_present && is_ptr(fmt, arg_idx)) {
 8000e18:	4651      	mov	r1, sl
 8000e1a:	6938      	ldr	r0, [r7, #16]
 8000e1c:	f005 fa82 	bl	8006324 <is_ptr>
 8000e20:	2800      	cmp	r0, #0
 8000e22:	d0d2      	beq.n	8000dca <cbprintf_package_convert+0x2a2>
 8000e24:	e7e1      	b.n	8000dea <cbprintf_package_convert+0x2c2>
			} else if (flags & CBPRINTF_PACKAGE_CONVERT_KEEP_RO_STR) {
 8000e26:	f8d7 3080 	ldr.w	r3, [r7, #128]	@ 0x80
 8000e2a:	f013 0f04 	tst.w	r3, #4
 8000e2e:	d0dc      	beq.n	8000dea <cbprintf_package_convert+0x2c2>
				keep_str_pos[keep_cnt++] = arg_pos;
 8000e30:	69fa      	ldr	r2, [r7, #28]
 8000e32:	1c53      	adds	r3, r2, #1
 8000e34:	3230      	adds	r2, #48	@ 0x30
 8000e36:	f107 0128 	add.w	r1, r7, #40	@ 0x28
 8000e3a:	440a      	add	r2, r1
 8000e3c:	f802 9c24 	strb.w	r9, [r2, #-36]
 8000e40:	b2db      	uxtb	r3, r3
 8000e42:	61fb      	str	r3, [r7, #28]
 8000e44:	e7d1      	b.n	8000dea <cbprintf_package_convert+0x2c2>
			if (flags & CBPRINTF_PACKAGE_CONVERT_RW_STR) {
 8000e46:	f8d7 3080 	ldr.w	r3, [r7, #128]	@ 0x80
 8000e4a:	f013 0f02 	tst.w	r3, #2
 8000e4e:	d009      	beq.n	8000e64 <cbprintf_package_convert+0x33c>
				cpy_str_pos[scpy_cnt++] = arg_pos;
 8000e50:	1c73      	adds	r3, r6, #1
 8000e52:	f106 0230 	add.w	r2, r6, #48	@ 0x30
 8000e56:	f107 0128 	add.w	r1, r7, #40	@ 0x28
 8000e5a:	1856      	adds	r6, r2, r1
 8000e5c:	f806 9c14 	strb.w	r9, [r6, #-20]
 8000e60:	b2de      	uxtb	r6, r3
 8000e62:	e7c2      	b.n	8000dea <cbprintf_package_convert+0x2c2>
				keep_str_pos[keep_cnt++] = arg_idx;
 8000e64:	69f8      	ldr	r0, [r7, #28]
 8000e66:	1c43      	adds	r3, r0, #1
 8000e68:	f100 0130 	add.w	r1, r0, #48	@ 0x30
 8000e6c:	f107 0228 	add.w	r2, r7, #40	@ 0x28
 8000e70:	188a      	adds	r2, r1, r2
 8000e72:	f802 ac24 	strb.w	sl, [r2, #-36]
				keep_str_pos[keep_cnt++] = arg_pos;
 8000e76:	4602      	mov	r2, r0
 8000e78:	3202      	adds	r2, #2
 8000e7a:	b2d2      	uxtb	r2, r2
 8000e7c:	61fa      	str	r2, [r7, #28]
 8000e7e:	f107 0258 	add.w	r2, r7, #88	@ 0x58
 8000e82:	fa52 f383 	uxtab	r3, r2, r3
 8000e86:	f803 9c24 	strb.w	r9, [r3, #-36]
 8000e8a:	e7ae      	b.n	8000dea <cbprintf_package_convert+0x2c2>
	out_desc.len = in_desc->len;
 8000e8c:	f8d7 9004 	ldr.w	r9, [r7, #4]
 8000e90:	f89b 3000 	ldrb.w	r3, [fp]
 8000e94:	f887 3054 	strb.w	r3, [r7, #84]	@ 0x54
	out_desc.str_cnt = in_desc->str_cnt + scpy_cnt;
 8000e98:	f89b 3001 	ldrb.w	r3, [fp, #1]
 8000e9c:	4433      	add	r3, r6
 8000e9e:	f887 3055 	strb.w	r3, [r7, #85]	@ 0x55
	out_desc.rw_str_cnt = (flags & CBPRINTF_PACKAGE_CONVERT_RW_STR) ? 0 : (keep_cnt / 2);
 8000ea2:	f8d7 3080 	ldr.w	r3, [r7, #128]	@ 0x80
 8000ea6:	f013 0f02 	tst.w	r3, #2
 8000eaa:	d10e      	bne.n	8000eca <cbprintf_package_convert+0x3a2>
 8000eac:	69fb      	ldr	r3, [r7, #28]
 8000eae:	f3c3 0347 	ubfx	r3, r3, #1, #8
 8000eb2:	f887 3057 	strb.w	r3, [r7, #87]	@ 0x57
	out_desc.ro_str_cnt = (flags & CBPRINTF_PACKAGE_CONVERT_RO_STR) ? 0 :
 8000eb6:	f8d7 3080 	ldr.w	r3, [r7, #128]	@ 0x80
 8000eba:	f013 0f01 	tst.w	r3, #1
 8000ebe:	d106      	bne.n	8000ece <cbprintf_package_convert+0x3a6>
 8000ec0:	f013 0f04 	tst.w	r3, #4
 8000ec4:	d13e      	bne.n	8000f44 <cbprintf_package_convert+0x41c>
 8000ec6:	2300      	movs	r3, #0
 8000ec8:	e002      	b.n	8000ed0 <cbprintf_package_convert+0x3a8>
	out_desc.rw_str_cnt = (flags & CBPRINTF_PACKAGE_CONVERT_RW_STR) ? 0 : (keep_cnt / 2);
 8000eca:	2300      	movs	r3, #0
 8000ecc:	e7f1      	b.n	8000eb2 <cbprintf_package_convert+0x38a>
	out_desc.ro_str_cnt = (flags & CBPRINTF_PACKAGE_CONVERT_RO_STR) ? 0 :
 8000ece:	2300      	movs	r3, #0
 8000ed0:	f887 3056 	strb.w	r3, [r7, #86]	@ 0x56
	struct cbprintf_package_desc in_desc_backup = *in_desc;
 8000ed4:	f8db 0000 	ldr.w	r0, [fp]
 8000ed8:	6338      	str	r0, [r7, #48]	@ 0x30
	*in_desc = out_desc;
 8000eda:	6d78      	ldr	r0, [r7, #84]	@ 0x54
 8000edc:	f8cb 0000 	str.w	r0, [fp]
	rv = cb(in_packaged, args_size, ctx);
 8000ee0:	f8d7 8014 	ldr.w	r8, [r7, #20]
 8000ee4:	4642      	mov	r2, r8
 8000ee6:	68b9      	ldr	r1, [r7, #8]
 8000ee8:	4658      	mov	r0, fp
 8000eea:	f8d7 a018 	ldr.w	sl, [r7, #24]
 8000eee:	47d0      	blx	sl
	if (rv < 0) {
 8000ef0:	1e04      	subs	r4, r0, #0
 8000ef2:	f6ff ae66 	blt.w	8000bc2 <cbprintf_package_convert+0x9a>
	*in_desc = in_desc_backup;
 8000ef6:	6b38      	ldr	r0, [r7, #48]	@ 0x30
 8000ef8:	f8cb 0000 	str.w	r0, [fp]
	rv = cb(keep_str_pos, keep_cnt, ctx);
 8000efc:	f8c7 8014 	str.w	r8, [r7, #20]
 8000f00:	4642      	mov	r2, r8
 8000f02:	69f9      	ldr	r1, [r7, #28]
 8000f04:	f107 0034 	add.w	r0, r7, #52	@ 0x34
 8000f08:	47d0      	blx	sl
	if (rv < 0) {
 8000f0a:	2800      	cmp	r0, #0
 8000f0c:	db5f      	blt.n	8000fce <cbprintf_package_convert+0x4a6>
	out_len += rv;
 8000f0e:	eb04 0800 	add.w	r8, r4, r0
	size_t strs_len = in_len - (args_size + ros_nbr + 2 * rws_nbr);
 8000f12:	68b9      	ldr	r1, [r7, #8]
 8000f14:	4449      	add	r1, r9
 8000f16:	6a7b      	ldr	r3, [r7, #36]	@ 0x24
 8000f18:	eb01 0143 	add.w	r1, r1, r3, lsl #1
	rv = cb(str_pos, strs_len, ctx);
 8000f1c:	f8d7 9014 	ldr.w	r9, [r7, #20]
 8000f20:	464a      	mov	r2, r9
 8000f22:	68fb      	ldr	r3, [r7, #12]
 8000f24:	1a59      	subs	r1, r3, r1
 8000f26:	4628      	mov	r0, r5
 8000f28:	47d0      	blx	sl
	if (rv < 0) {
 8000f2a:	1e04      	subs	r4, r0, #0
 8000f2c:	f6ff ae49 	blt.w	8000bc2 <cbprintf_package_convert+0x9a>
	out_len += rv;
 8000f30:	eb08 0504 	add.w	r5, r8, r4
	for (unsigned int i = 0; i < scpy_cnt; i++) {
 8000f34:	f04f 0800 	mov.w	r8, #0
 8000f38:	f8c7 b024 	str.w	fp, [r7, #36]	@ 0x24
 8000f3c:	46b3      	mov	fp, r6
 8000f3e:	4654      	mov	r4, sl
 8000f40:	46ca      	mov	sl, r9
 8000f42:	e022      	b.n	8000f8a <cbprintf_package_convert+0x462>
	out_desc.ro_str_cnt = (flags & CBPRINTF_PACKAGE_CONVERT_RO_STR) ? 0 :
 8000f44:	69fb      	ldr	r3, [r7, #28]
 8000f46:	e7c3      	b.n	8000ed0 <cbprintf_package_convert+0x3a8>
		uint16_t str_len = (strl && (i < strl_len)) ? strl[i] : 0;
 8000f48:	f04f 0900 	mov.w	r9, #0
 8000f4c:	e00a      	b.n	8000f64 <cbprintf_package_convert+0x43c>
 8000f4e:	bf00      	nop
 8000f50:	080085c0 	.word	0x080085c0
 8000f54:	080084c4 	.word	0x080084c4
 8000f58:	08007fe0 	.word	0x08007fe0
 8000f5c:	0800958c 	.word	0x0800958c
 8000f60:	f04f 0900 	mov.w	r9, #0
		rv = cb(&loc, 1, ctx);
 8000f64:	4652      	mov	r2, sl
 8000f66:	2101      	movs	r1, #1
 8000f68:	f107 002c 	add.w	r0, r7, #44	@ 0x2c
 8000f6c:	47a0      	blx	r4
		if (rv < 0) {
 8000f6e:	2800      	cmp	r0, #0
 8000f70:	db2f      	blt.n	8000fd2 <cbprintf_package_convert+0x4aa>
		out_len += rv;
 8000f72:	4405      	add	r5, r0
		rv = append_string(cb, ctx, str, str_len);
 8000f74:	464b      	mov	r3, r9
 8000f76:	4632      	mov	r2, r6
 8000f78:	4651      	mov	r1, sl
 8000f7a:	4620      	mov	r0, r4
 8000f7c:	f005 f98c 	bl	8006298 <append_string>
		if (rv < 0) {
 8000f80:	2800      	cmp	r0, #0
 8000f82:	db28      	blt.n	8000fd6 <cbprintf_package_convert+0x4ae>
		out_len += rv;
 8000f84:	4405      	add	r5, r0
	for (unsigned int i = 0; i < scpy_cnt; i++) {
 8000f86:	f108 0801 	add.w	r8, r8, #1
 8000f8a:	45d8      	cmp	r8, fp
 8000f8c:	d218      	bcs.n	8000fc0 <cbprintf_package_convert+0x498>
		uint8_t loc = cpy_str_pos[i];
 8000f8e:	f108 0330 	add.w	r3, r8, #48	@ 0x30
 8000f92:	f107 0228 	add.w	r2, r7, #40	@ 0x28
 8000f96:	4413      	add	r3, r2
 8000f98:	f813 3c14 	ldrb.w	r3, [r3, #-20]
 8000f9c:	f887 302c 	strb.w	r3, [r7, #44]	@ 0x2c
		const char *str = *(const char **)&buf32[loc];
 8000fa0:	6a7a      	ldr	r2, [r7, #36]	@ 0x24
 8000fa2:	f852 6023 	ldr.w	r6, [r2, r3, lsl #2]
		uint16_t str_len = (strl && (i < strl_len)) ? strl[i] : 0;
 8000fa6:	f8d7 3084 	ldr.w	r3, [r7, #132]	@ 0x84
 8000faa:	2b00      	cmp	r3, #0
 8000fac:	d0cc      	beq.n	8000f48 <cbprintf_package_convert+0x420>
 8000fae:	f8d7 3088 	ldr.w	r3, [r7, #136]	@ 0x88
 8000fb2:	4598      	cmp	r8, r3
 8000fb4:	d2d4      	bcs.n	8000f60 <cbprintf_package_convert+0x438>
 8000fb6:	f8d7 3084 	ldr.w	r3, [r7, #132]	@ 0x84
 8000fba:	f833 9018 	ldrh.w	r9, [r3, r8, lsl #1]
 8000fbe:	e7d1      	b.n	8000f64 <cbprintf_package_convert+0x43c>
	(void)cb(NULL, 0, ctx);
 8000fc0:	697a      	ldr	r2, [r7, #20]
 8000fc2:	2100      	movs	r1, #0
 8000fc4:	4608      	mov	r0, r1
 8000fc6:	69bb      	ldr	r3, [r7, #24]
 8000fc8:	4798      	blx	r3
	return out_len;
 8000fca:	462c      	mov	r4, r5
 8000fcc:	e5f9      	b.n	8000bc2 <cbprintf_package_convert+0x9a>
		return rv;
 8000fce:	4604      	mov	r4, r0
 8000fd0:	e5f7      	b.n	8000bc2 <cbprintf_package_convert+0x9a>
 8000fd2:	4604      	mov	r4, r0
 8000fd4:	e5f5      	b.n	8000bc2 <cbprintf_package_convert+0x9a>
 8000fd6:	4604      	mov	r4, r0
 8000fd8:	e5f3      	b.n	8000bc2 <cbprintf_package_convert+0x9a>
 8000fda:	bf00      	nop

08000fdc <__printk_hook_install>:

static printk_hook_fn_t _char_out = arch_printk_char_out;

void __printk_hook_install(printk_hook_fn_t fn)
{
	_char_out = fn;
 8000fdc:	4b01      	ldr	r3, [pc, #4]	@ (8000fe4 <__printk_hook_install+0x8>)
 8000fde:	6018      	str	r0, [r3, #0]
}
 8000fe0:	4770      	bx	lr
 8000fe2:	bf00      	nop
 8000fe4:	20000000 	.word	0x20000000

08000fe8 <z_thread_entry>:
 * This routine does not return, and is marked as such so the compiler won't
 * generate preamble code that is only used by functions that actually return.
 */
FUNC_NORETURN void z_thread_entry(k_thread_entry_t entry,
				 void *p1, void *p2, void *p3)
{
 8000fe8:	b580      	push	{r7, lr}
 8000fea:	4605      	mov	r5, r0
 8000fec:	460e      	mov	r6, r1
 8000fee:	4617      	mov	r7, r2
 8000ff0:	4698      	mov	r8, r3
	if (z_syscall_trap()) {
		return (k_tid_t) arch_syscall_invoke0(K_SYSCALL_K_SCHED_CURRENT_THREAD_QUERY);
	}
#endif
	compiler_barrier();
	return z_impl_k_sched_current_thread_query();
 8000ff2:	f003 fecb 	bl	8004d8c <z_impl_k_sched_current_thread_query>
 8000ff6:	4603      	mov	r3, r0
 * otherwise lead to reading invalid memory and cause faults during
 * unwinding or debugging.
 */
	ARCH_CFI_UNDEFINED_RETURN_ADDRESS();
#ifdef CONFIG_CURRENT_THREAD_USE_TLS
	z_tls_current = k_sched_current_thread_query();
 8000ff8:	f001 fc9a 	bl	8002930 <__aeabi_read_tp>
 8000ffc:	4604      	mov	r4, r0
 8000ffe:	f8df 9018 	ldr.w	r9, [pc, #24]	@ 8001018 <z_thread_entry+0x30>
 8001002:	f849 3000 	str.w	r3, [r9, r0]

	sys_rand_get((uint8_t *)&stack_guard, sizeof(stack_guard));
	__stack_chk_guard = stack_guard;
	__stack_chk_guard <<= 8;
#endif	/* CONFIG_STACK_CANARIES */
	entry(p1, p2, p3);
 8001006:	4642      	mov	r2, r8
 8001008:	4639      	mov	r1, r7
 800100a:	4630      	mov	r0, r6
 800100c:	47a8      	blx	r5
#ifdef CONFIG_CURRENT_THREAD_USE_TLS

	/* Thread-local cache of current thread ID, set in z_thread_entry() */
	extern Z_THREAD_LOCAL k_tid_t z_tls_current;

	return z_tls_current;
 800100e:	f854 0009 	ldr.w	r0, [r4, r9]
		(void) arch_syscall_invoke1(parm0.x, K_SYSCALL_K_THREAD_ABORT);
		return;
	}
#endif
	compiler_barrier();
	z_impl_k_thread_abort(thread);
 8001012:	f001 fc17 	bl	8002844 <z_impl_k_thread_abort>
	/*
	 * Compiler can't tell that k_thread_abort() won't return and issues a
	 * warning unless we tell it that control never gets this far.
	 */

	CODE_UNREACHABLE; /* LCOV_EXCL_LINE */
 8001016:	bf00      	nop
 8001018:	00000008 	.word	0x00000008

0800101c <st_stm32_common_config>:
  * @rmtoll DBGMCU_CR    DBG_STOP      LL_DBGMCU_DisableDBGStopMode
  * @retval None
  */
__STATIC_INLINE void LL_DBGMCU_DisableDBGStopMode(void)
{
  CLEAR_BIT(DBGMCU->CR, DBGMCU_CR_DBG_STOP);
 800101c:	4a03      	ldr	r2, [pc, #12]	@ (800102c <st_stm32_common_config+0x10>)
 800101e:	6853      	ldr	r3, [r2, #4]
 8001020:	f023 0302 	bic.w	r3, r3, #2
 8001024:	6053      	str	r3, [r2, #4]
#elif defined(LL_APB2_GRP1_PERIPH_DBGMCU)
	LL_APB2_GRP1_DisableClock(LL_APB2_GRP1_PERIPH_DBGMCU);
#endif /* LL_APB1_GRP1_PERIPH_DBGMCU */

	return 0;
}
 8001026:	2000      	movs	r0, #0
 8001028:	4770      	bx	lr
 800102a:	bf00      	nop
 800102c:	e0042000 	.word	0xe0042000

08001030 <stm32_gpioport_pm_action>:
	return 0;
}

static int stm32_gpioport_pm_action(const struct device *dev,
				    enum pm_device_action action)
{
 8001030:	b508      	push	{r3, lr}
 8001032:	460b      	mov	r3, r1
	const struct device *const clk = DEVICE_DT_GET(STM32_CLOCK_CONTROL_NODE);
	const struct gpio_stm32_config *cfg = dev->config;
 8001034:	6841      	ldr	r1, [r0, #4]
	clock_control_subsys_t subsys = (void *)&cfg->pclken;
 8001036:	310c      	adds	r1, #12

	switch (action) {
 8001038:	2b01      	cmp	r3, #1
 800103a:	d014      	beq.n	8001066 <stm32_gpioport_pm_action+0x36>
 800103c:	d80a      	bhi.n	8001054 <stm32_gpioport_pm_action+0x24>
 800103e:	b933      	cbnz	r3, 800104e <stm32_gpioport_pm_action+0x1e>
 * @return 0 on success, negative errno on failure.
 */
static inline int clock_control_off(const struct device *dev,
				    clock_control_subsys_t sys)
{
	const struct clock_control_driver_api *api =
 8001040:	4b0f      	ldr	r3, [pc, #60]	@ (8001080 <stm32_gpioport_pm_action+0x50>)
 8001042:	689b      	ldr	r3, [r3, #8]
		(const struct clock_control_driver_api *)dev->api;

	if (api->off == NULL) {
 8001044:	685b      	ldr	r3, [r3, #4]
 8001046:	b1c3      	cbz	r3, 800107a <stm32_gpioport_pm_action+0x4a>
		return -ENOSYS;
	}

	return api->off(dev, sys);
 8001048:	480d      	ldr	r0, [pc, #52]	@ (8001080 <stm32_gpioport_pm_action+0x50>)
 800104a:	4798      	blx	r3
 800104c:	e007      	b.n	800105e <stm32_gpioport_pm_action+0x2e>
 800104e:	f06f 0085 	mvn.w	r0, #133	@ 0x85
 8001052:	e004      	b.n	800105e <stm32_gpioport_pm_action+0x2e>
 8001054:	3b02      	subs	r3, #2
 8001056:	b2db      	uxtb	r3, r3
 8001058:	2b01      	cmp	r3, #1
 800105a:	d801      	bhi.n	8001060 <stm32_gpioport_pm_action+0x30>
		break;
	default:
		return -ENOTSUP;
	}

	return 0;
 800105c:	2000      	movs	r0, #0
}
 800105e:	bd08      	pop	{r3, pc}
	switch (action) {
 8001060:	f06f 0085 	mvn.w	r0, #133	@ 0x85
 8001064:	e7fb      	b.n	800105e <stm32_gpioport_pm_action+0x2e>
	const struct clock_control_driver_api *api =
 8001066:	4b06      	ldr	r3, [pc, #24]	@ (8001080 <stm32_gpioport_pm_action+0x50>)
 8001068:	689b      	ldr	r3, [r3, #8]
	if (api->on == NULL) {
 800106a:	681b      	ldr	r3, [r3, #0]
 800106c:	b113      	cbz	r3, 8001074 <stm32_gpioport_pm_action+0x44>
	return api->on(dev, sys);
 800106e:	4804      	ldr	r0, [pc, #16]	@ (8001080 <stm32_gpioport_pm_action+0x50>)
 8001070:	4798      	blx	r3
 8001072:	e7f4      	b.n	800105e <stm32_gpioport_pm_action+0x2e>
		return -ENOSYS;
 8001074:	f06f 0057 	mvn.w	r0, #87	@ 0x57
 8001078:	e7f1      	b.n	800105e <stm32_gpioport_pm_action+0x2e>
		return -ENOSYS;
 800107a:	f06f 0057 	mvn.w	r0, #87	@ 0x57
 800107e:	e7ee      	b.n	800105e <stm32_gpioport_pm_action+0x2e>
 8001080:	08008080 	.word	0x08008080

08001084 <stm32_gpioport_init>:

__maybe_unused static int stm32_gpioport_init(const struct device *dev)
{
 8001084:	b508      	push	{r3, lr}
	LL_PWR_EnableVddIO2();
#endif
	z_stm32_hsem_unlock(CFG_HW_RCC_SEMID);
#endif

	return pm_device_driver_init(dev, stm32_gpioport_pm_action);
 8001086:	4902      	ldr	r1, [pc, #8]	@ (8001090 <stm32_gpioport_init+0xc>)
 8001088:	f005 fc8e 	bl	80069a8 <pm_device_driver_init>
}
 800108c:	bd08      	pop	{r3, pc}
 800108e:	bf00      	nop
 8001090:	08001031 	.word	0x08001031

08001094 <stm32_gpioport_get>:
{
 8001094:	b510      	push	{r4, lr}
	if (port_index >= ARRAY_SIZE(gpio_ports)) {
 8001096:	2819      	cmp	r0, #25
 8001098:	d808      	bhi.n	80010ac <stm32_gpioport_get+0x18>
	dev = gpio_ports[port_index];
 800109a:	4b06      	ldr	r3, [pc, #24]	@ (80010b4 <stm32_gpioport_get+0x20>)
 800109c:	f853 4020 	ldr.w	r4, [r3, r0, lsl #2]
		union { uintptr_t x; const struct device * val; } parm0 = { .val = dev };
		return (bool) arch_syscall_invoke1(parm0.x, K_SYSCALL_DEVICE_IS_READY);
	}
#endif
	compiler_barrier();
	return z_impl_device_is_ready(dev);
 80010a0:	4620      	mov	r0, r4
 80010a2:	f006 fd8a 	bl	8007bba <z_impl_device_is_ready>
	return device_is_ready(dev) ? dev : NULL;
 80010a6:	b118      	cbz	r0, 80010b0 <stm32_gpioport_get+0x1c>
}
 80010a8:	4620      	mov	r0, r4
 80010aa:	bd10      	pop	{r4, pc}
		return NULL;
 80010ac:	2400      	movs	r4, #0
 80010ae:	e7fb      	b.n	80010a8 <stm32_gpioport_get+0x14>
	return device_is_ready(dev) ? dev : NULL;
 80010b0:	2400      	movs	r4, #0
 80010b2:	e7f9      	b.n	80010a8 <stm32_gpioport_get+0x14>
 80010b4:	08009150 	.word	0x08009150

080010b8 <soc_early_init_hook>:
  * @rmtoll FLASH_ACR    PRFTEN        LL_FLASH_EnablePrefetch
  * @retval None
  */
__STATIC_INLINE void LL_FLASH_EnablePrefetch(void)
{
  SET_BIT(FLASH->ACR, FLASH_ACR_PRFTEN);
 80010b8:	4b08      	ldr	r3, [pc, #32]	@ (80010dc <soc_early_init_hook+0x24>)
 80010ba:	681a      	ldr	r2, [r3, #0]
 80010bc:	f442 7280 	orr.w	r2, r2, #256	@ 0x100
 80010c0:	601a      	str	r2, [r3, #0]
  * @rmtoll FLASH_ACR    ICEN          LL_FLASH_EnableInstCache
  * @retval None
  */
__STATIC_INLINE void LL_FLASH_EnableInstCache(void)
{
  SET_BIT(FLASH->ACR, FLASH_ACR_ICEN);
 80010c2:	681a      	ldr	r2, [r3, #0]
 80010c4:	f442 7200 	orr.w	r2, r2, #512	@ 0x200
 80010c8:	601a      	str	r2, [r3, #0]
  * @rmtoll FLASH_ACR    DCEN          LL_FLASH_EnableDataCache
  * @retval None
  */
__STATIC_INLINE void LL_FLASH_EnableDataCache(void)
{
  SET_BIT(FLASH->ACR, FLASH_ACR_DCEN);
 80010ca:	681a      	ldr	r2, [r3, #0]
 80010cc:	f442 6280 	orr.w	r2, r2, #1024	@ 0x400
 80010d0:	601a      	str	r2, [r3, #0]
	LL_FLASH_EnableInstCache();
	LL_FLASH_EnableDataCache();

	/* Update CMSIS SystemCoreClock variable (HCLK) */
	/* At reset, system core clock is set to 16 MHz from HSI */
	SystemCoreClock = 16000000;
 80010d2:	4b03      	ldr	r3, [pc, #12]	@ (80010e0 <soc_early_init_hook+0x28>)
 80010d4:	4a03      	ldr	r2, [pc, #12]	@ (80010e4 <soc_early_init_hook+0x2c>)
 80010d6:	601a      	str	r2, [r3, #0]
#if CONFIG_PM
	stm32_power_init();
#endif
}
 80010d8:	4770      	bx	lr
 80010da:	bf00      	nop
 80010dc:	40023c00 	.word	0x40023c00
 80010e0:	20000054 	.word	0x20000054
 80010e4:	00f42400 	.word	0x00f42400

080010e8 <msg_process>:
		return true;
	}
}

static void msg_process(union log_msg_generic *msg)
{
 80010e8:	b538      	push	{r3, r4, r5, lr}
 80010ea:	4605      	mov	r5, r0
	STRUCT_SECTION_FOREACH(log_backend, backend) {
 80010ec:	4c0b      	ldr	r4, [pc, #44]	@ (800111c <msg_process+0x34>)
 80010ee:	e000      	b.n	80010f2 <msg_process+0xa>
 80010f0:	3410      	adds	r4, #16
 80010f2:	4b0b      	ldr	r3, [pc, #44]	@ (8001120 <msg_process+0x38>)
 80010f4:	429c      	cmp	r4, r3
 80010f6:	d20f      	bcs.n	8001118 <msg_process+0x30>
 */
static inline bool log_backend_is_active(
				const struct log_backend *const backend)
{
	__ASSERT_NO_MSG(backend != NULL);
	return backend->cb->active;
 80010f8:	6863      	ldr	r3, [r4, #4]
 80010fa:	795b      	ldrb	r3, [r3, #5]
		if (log_backend_is_active(backend) &&
 80010fc:	2b00      	cmp	r3, #0
 80010fe:	d0f7      	beq.n	80010f0 <msg_process+0x8>
		    msg_filter_check(backend, msg)) {
 8001100:	4629      	mov	r1, r5
 8001102:	4620      	mov	r0, r4
 8001104:	f005 fd4d 	bl	8006ba2 <msg_filter_check>
		if (log_backend_is_active(backend) &&
 8001108:	2800      	cmp	r0, #0
 800110a:	d0f1      	beq.n	80010f0 <msg_process+0x8>
	backend->api->process(backend, msg);
 800110c:	6823      	ldr	r3, [r4, #0]
 800110e:	681b      	ldr	r3, [r3, #0]
 8001110:	4629      	mov	r1, r5
 8001112:	4620      	mov	r0, r4
 8001114:	4798      	blx	r3
}
 8001116:	e7eb      	b.n	80010f0 <msg_process+0x8>
			log_backend_msg_process(backend, msg);
		}
	}
}
 8001118:	bd38      	pop	{r3, r4, r5, pc}
 800111a:	bf00      	nop
 800111c:	0800852c 	.word	0x0800852c
 8001120:	0800853c 	.word	0x0800853c

08001124 <log_backend_notify_all>:
	return mpsc_pbuf_get_max_utilization(&log_buffer, max);
}

static void log_backend_notify_all(enum log_backend_evt event,
				   union log_backend_evt_arg *arg)
{
 8001124:	b570      	push	{r4, r5, r6, lr}
 8001126:	4606      	mov	r6, r0
 8001128:	460d      	mov	r5, r1
	STRUCT_SECTION_FOREACH(log_backend, backend) {
 800112a:	4c08      	ldr	r4, [pc, #32]	@ (800114c <log_backend_notify_all+0x28>)
 800112c:	e000      	b.n	8001130 <log_backend_notify_all+0xc>
 800112e:	3410      	adds	r4, #16
 8001130:	4b07      	ldr	r3, [pc, #28]	@ (8001150 <log_backend_notify_all+0x2c>)
 8001132:	429c      	cmp	r4, r3
 8001134:	d208      	bcs.n	8001148 <log_backend_notify_all+0x24>
				      enum log_backend_evt event,
				      union log_backend_evt_arg *arg)
{
	__ASSERT_NO_MSG(backend != NULL);

	if (backend->api->notify) {
 8001136:	6823      	ldr	r3, [r4, #0]
 8001138:	699b      	ldr	r3, [r3, #24]
 800113a:	2b00      	cmp	r3, #0
 800113c:	d0f7      	beq.n	800112e <log_backend_notify_all+0xa>
		backend->api->notify(backend, event, arg);
 800113e:	462a      	mov	r2, r5
 8001140:	4631      	mov	r1, r6
 8001142:	4620      	mov	r0, r4
 8001144:	4798      	blx	r3
 8001146:	e7f2      	b.n	800112e <log_backend_notify_all+0xa>
		log_backend_notify(backend, event, arg);
	}
}
 8001148:	bd70      	pop	{r4, r5, r6, pc}
 800114a:	bf00      	nop
 800114c:	0800852c 	.word	0x0800852c
 8001150:	0800853c 	.word	0x0800853c

08001154 <default_lf_get_timestamp>:
{
 8001154:	b508      	push	{r3, lr}
		(void) arch_syscall_invoke1((uintptr_t)&ret64, K_SYSCALL_K_UPTIME_TICKS);
		return (int64_t) ret64;
	}
#endif
	compiler_barrier();
	return z_impl_k_uptime_ticks();
 8001156:	f006 ff2e 	bl	8007fb6 <z_impl_k_uptime_ticks>
 *
 * @return Current uptime in milliseconds.
 */
static inline int64_t k_uptime_get(void)
{
	return k_ticks_to_ms_floor64(k_uptime_ticks());
 800115a:	2200      	movs	r2, #0
 800115c:	1843      	adds	r3, r0, r1
 800115e:	d219      	bcs.n	8001194 <default_lf_get_timestamp+0x40>
 8001160:	4413      	add	r3, r2
 8001162:	4a0d      	ldr	r2, [pc, #52]	@ (8001198 <default_lf_get_timestamp+0x44>)
 8001164:	fba2 ce03 	umull	ip, lr, r2, r3
 8001168:	f02e 0c03 	bic.w	ip, lr, #3
 800116c:	eb0c 0c9e 	add.w	ip, ip, lr, lsr #2
 8001170:	eba3 030c 	sub.w	r3, r3, ip
 8001174:	1ac0      	subs	r0, r0, r3
 8001176:	f161 0100 	sbc.w	r1, r1, #0
 800117a:	f04f 33cc 	mov.w	r3, #3435973836	@ 0xcccccccc
 800117e:	fb00 f303 	mul.w	r3, r0, r3
 8001182:	fb02 3301 	mla	r3, r2, r1, r3
 8001186:	fba0 0202 	umull	r0, r2, r0, r2
 800118a:	4413      	add	r3, r2
 800118c:	0840      	lsrs	r0, r0, #1
}
 800118e:	ea40 70c3 	orr.w	r0, r0, r3, lsl #31
 8001192:	bd08      	pop	{r3, pc}
 8001194:	2201      	movs	r2, #1
 8001196:	e7e3      	b.n	8001160 <default_lf_get_timestamp+0xc>
 8001198:	cccccccd 	.word	0xcccccccd

0800119c <activate_foreach_backend>:
{
 800119c:	e92d 41f0 	stmdb	sp!, {r4, r5, r6, r7, r8, lr}
 80011a0:	4607      	mov	r7, r0
	uint32_t mask_cpy = mask;
 80011a2:	4605      	mov	r5, r0
	while (mask_cpy) {
 80011a4:	e00a      	b.n	80011bc <activate_foreach_backend+0x20>
			mask &= ~BIT(i);
 80011a6:	ea07 0708 	and.w	r7, r7, r8
			log_backend_enable(backend, backend->cb->ctx, level);
 80011aa:	4b14      	ldr	r3, [pc, #80]	@ (80011fc <activate_foreach_backend+0x60>)
 80011ac:	eb03 1306 	add.w	r3, r3, r6, lsl #4
 80011b0:	685b      	ldr	r3, [r3, #4]
 80011b2:	2204      	movs	r2, #4
 80011b4:	6819      	ldr	r1, [r3, #0]
 80011b6:	4620      	mov	r0, r4
 80011b8:	f005 fd33 	bl	8006c22 <log_backend_enable>
	while (mask_cpy) {
 80011bc:	b1d5      	cbz	r5, 80011f4 <activate_foreach_backend+0x58>
		uint32_t i = __builtin_ctz(mask_cpy);
 80011be:	fa95 f6a5 	rbit	r6, r5
 80011c2:	fab6 f686 	clz	r6, r6
	STRUCT_SECTION_GET(log_backend, idx, &backend);
 80011c6:	4c0d      	ldr	r4, [pc, #52]	@ (80011fc <activate_foreach_backend+0x60>)
 80011c8:	eb04 1406 	add.w	r4, r4, r6, lsl #4
		mask_cpy &= ~BIT(i);
 80011cc:	2301      	movs	r3, #1
 80011ce:	40b3      	lsls	r3, r6
 80011d0:	ea6f 0803 	mvn.w	r8, r3
 80011d4:	ea25 0503 	bic.w	r5, r5, r3
		if (backend->autostart && (log_backend_is_ready(backend) == 0)) {
 80011d8:	7b23      	ldrb	r3, [r4, #12]
 80011da:	2b00      	cmp	r3, #0
 80011dc:	d0ee      	beq.n	80011bc <activate_foreach_backend+0x20>
	if (backend->api->is_ready != NULL) {
 80011de:	0133      	lsls	r3, r6, #4
 80011e0:	4a06      	ldr	r2, [pc, #24]	@ (80011fc <activate_foreach_backend+0x60>)
 80011e2:	58d3      	ldr	r3, [r2, r3]
 80011e4:	691b      	ldr	r3, [r3, #16]
 80011e6:	2b00      	cmp	r3, #0
 80011e8:	d0dd      	beq.n	80011a6 <activate_foreach_backend+0xa>
		return backend->api->is_ready(backend);
 80011ea:	4620      	mov	r0, r4
 80011ec:	4798      	blx	r3
 80011ee:	2800      	cmp	r0, #0
 80011f0:	d1e4      	bne.n	80011bc <activate_foreach_backend+0x20>
 80011f2:	e7d8      	b.n	80011a6 <activate_foreach_backend+0xa>
}
 80011f4:	4638      	mov	r0, r7
 80011f6:	e8bd 81f0 	ldmia.w	sp!, {r4, r5, r6, r7, r8, pc}
 80011fa:	bf00      	nop
 80011fc:	0800852c 	.word	0x0800852c

08001200 <z_log_init>:
{
 8001200:	e92d 41f0 	stmdb	sp!, {r4, r5, r6, r7, r8, lr}
 8001204:	4680      	mov	r8, r0
 8001206:	460f      	mov	r7, r1
					   __ATOMIC_SEQ_CST);
}

static inline atomic_val_t atomic_add(atomic_t *target, atomic_val_t value)
{
	return __atomic_fetch_add(target, value, __ATOMIC_SEQ_CST);
 8001208:	4b1f      	ldr	r3, [pc, #124]	@ (8001288 <z_log_init+0x88>)
 800120a:	f3bf 8f5b 	dmb	ish
 800120e:	e853 5f00 	ldrex	r5, [r3]
 8001212:	1c6a      	adds	r2, r5, #1
 8001214:	e843 2100 	strex	r1, r2, [r3]
 8001218:	2900      	cmp	r1, #0
 800121a:	d1f8      	bne.n	800120e <z_log_init+0xe>
 800121c:	f3bf 8f5b 	dmb	ish
	if (atomic_inc(&initialized) != 0) {
 8001220:	bb6d      	cbnz	r5, 800127e <z_log_init+0x7e>
	STRUCT_SECTION_FOREACH(log_backend, backend) {
 8001222:	4c1a      	ldr	r4, [pc, #104]	@ (800128c <z_log_init+0x8c>)
	int backend_index = 0;
 8001224:	2600      	movs	r6, #0
 8001226:	e007      	b.n	8001238 <z_log_init+0x38>
				log_backend_enable(backend, backend->cb->ctx, level);
 8001228:	6863      	ldr	r3, [r4, #4]
 800122a:	2204      	movs	r2, #4
 800122c:	6819      	ldr	r1, [r3, #0]
 800122e:	4620      	mov	r0, r4
 8001230:	f005 fcf7 	bl	8006c22 <log_backend_enable>
		++backend_index;
 8001234:	3601      	adds	r6, #1
	STRUCT_SECTION_FOREACH(log_backend, backend) {
 8001236:	3410      	adds	r4, #16
 8001238:	4b15      	ldr	r3, [pc, #84]	@ (8001290 <z_log_init+0x90>)
 800123a:	429c      	cmp	r4, r3
 800123c:	d211      	bcs.n	8001262 <z_log_init+0x62>
		if (backend->autostart) {
 800123e:	7b23      	ldrb	r3, [r4, #12]
 8001240:	2b00      	cmp	r3, #0
 8001242:	d0f7      	beq.n	8001234 <z_log_init+0x34>
			log_backend_init(backend);
 8001244:	4620      	mov	r0, r4
 8001246:	f005 fca0 	bl	8006b8a <log_backend_init>
	if (backend->api->is_ready != NULL) {
 800124a:	6823      	ldr	r3, [r4, #0]
 800124c:	691b      	ldr	r3, [r3, #16]
 800124e:	2b00      	cmp	r3, #0
 8001250:	d0ea      	beq.n	8001228 <z_log_init+0x28>
		return backend->api->is_ready(backend);
 8001252:	4620      	mov	r0, r4
 8001254:	4798      	blx	r3
			if (log_backend_is_ready(backend) == 0) {
 8001256:	2800      	cmp	r0, #0
 8001258:	d0e6      	beq.n	8001228 <z_log_init+0x28>
				mask |= BIT(backend_index);
 800125a:	2301      	movs	r3, #1
 800125c:	40b3      	lsls	r3, r6
 800125e:	431d      	orrs	r5, r3
 8001260:	e7e8      	b.n	8001234 <z_log_init+0x34>
	if (blocking) {
 8001262:	f1b8 0f00 	cmp.w	r8, #0
 8001266:	d00b      	beq.n	8001280 <z_log_init+0x80>
		while (mask) {
 8001268:	b155      	cbz	r5, 8001280 <z_log_init+0x80>
			mask = activate_foreach_backend(mask);
 800126a:	4628      	mov	r0, r5
 800126c:	f7ff ff96 	bl	800119c <activate_foreach_backend>
 8001270:	4605      	mov	r5, r0
			if (IS_ENABLED(CONFIG_MULTITHREADING) && can_sleep) {
 8001272:	2f00      	cmp	r7, #0
 8001274:	d0f8      	beq.n	8001268 <z_log_init+0x68>
				k_msleep(10);
 8001276:	200a      	movs	r0, #10
 8001278:	f005 fc95 	bl	8006ba6 <k_msleep>
 800127c:	e7f4      	b.n	8001268 <z_log_init+0x68>
		return 0;
 800127e:	2500      	movs	r5, #0
}
 8001280:	4628      	mov	r0, r5
 8001282:	e8bd 81f0 	ldmia.w	sp!, {r4, r5, r6, r7, r8, pc}
 8001286:	bf00      	nop
 8001288:	20000894 	.word	0x20000894
 800128c:	0800852c 	.word	0x0800852c
 8001290:	0800853c 	.word	0x0800853c

08001294 <thread_set>:
{
 8001294:	b508      	push	{r3, lr}
	proc_tid = process_tid;
 8001296:	4b06      	ldr	r3, [pc, #24]	@ (80012b0 <thread_set+0x1c>)
 8001298:	6018      	str	r0, [r3, #0]
	if (CONFIG_LOG_PROCESS_TRIGGER_THRESHOLD &&
 800129a:	b118      	cbz	r0, 80012a4 <thread_set+0x10>
	    buffered_cnt >= CONFIG_LOG_PROCESS_TRIGGER_THRESHOLD) {
 800129c:	4b05      	ldr	r3, [pc, #20]	@ (80012b4 <thread_set+0x20>)
 800129e:	681b      	ldr	r3, [r3, #0]
	    process_tid &&
 80012a0:	2b09      	cmp	r3, #9
 80012a2:	dc00      	bgt.n	80012a6 <thread_set+0x12>
}
 80012a4:	bd08      	pop	{r3, pc}
		(void) arch_syscall_invoke1(parm0.x, K_SYSCALL_K_SEM_GIVE);
		return;
	}
#endif
	compiler_barrier();
	z_impl_k_sem_give(sem);
 80012a6:	4804      	ldr	r0, [pc, #16]	@ (80012b8 <thread_set+0x24>)
 80012a8:	f003 f984 	bl	80045b4 <z_impl_k_sem_give>
}
 80012ac:	e7fa      	b.n	80012a4 <thread_set+0x10>
 80012ae:	bf00      	nop
 80012b0:	20000888 	.word	0x20000888
 80012b4:	20000890 	.word	0x20000890
 80012b8:	200000bc 	.word	0x200000bc

080012bc <log_process_thread_timer_expiry_fn>:

static void log_process_thread_timer_expiry_fn(struct k_timer *timer)
{
 80012bc:	b508      	push	{r3, lr}
	z_impl_k_sem_give(sem);
 80012be:	4802      	ldr	r0, [pc, #8]	@ (80012c8 <log_process_thread_timer_expiry_fn+0xc>)
 80012c0:	f003 f978 	bl	80045b4 <z_impl_k_sem_give>
	k_sem_give(&log_process_thread_sem);
}
 80012c4:	bd08      	pop	{r3, pc}
 80012c6:	bf00      	nop
 80012c8:	200000bc 	.word	0x200000bc

080012cc <enable_logger>:

K_KERNEL_STACK_DEFINE(logging_stack, CONFIG_LOG_PROCESS_THREAD_STACK_SIZE);
struct k_thread logging_thread;

static int enable_logger(void)
{
 80012cc:	b530      	push	{r4, r5, lr}
 80012ce:	b089      	sub	sp, #36	@ 0x24
	if (IS_ENABLED(CONFIG_LOG_PROCESS_THREAD)) {
		k_timer_init(&log_process_thread_timer,
 80012d0:	2200      	movs	r2, #0
 80012d2:	490f      	ldr	r1, [pc, #60]	@ (8001310 <enable_logger+0x44>)
 80012d4:	480f      	ldr	r0, [pc, #60]	@ (8001314 <enable_logger+0x48>)
 80012d6:	f006 fe72 	bl	8007fbe <k_timer_init>
	return z_impl_k_thread_create(new_thread, stack, stack_size, entry, p1, p2, p3, prio, options, delay);
 80012da:	4d0f      	ldr	r5, [pc, #60]	@ (8001318 <enable_logger+0x4c>)
 80012dc:	2200      	movs	r2, #0
 80012de:	2300      	movs	r3, #0
 80012e0:	e9cd 2306 	strd	r2, r3, [sp, #24]
 80012e4:	2400      	movs	r4, #0
 80012e6:	9404      	str	r4, [sp, #16]
 80012e8:	230e      	movs	r3, #14
 80012ea:	9303      	str	r3, [sp, #12]
 80012ec:	9402      	str	r4, [sp, #8]
 80012ee:	9401      	str	r4, [sp, #4]
 80012f0:	9400      	str	r4, [sp, #0]
 80012f2:	4b0a      	ldr	r3, [pc, #40]	@ (800131c <enable_logger+0x50>)
 80012f4:	f44f 7240 	mov.w	r2, #768	@ 0x300
 80012f8:	4909      	ldr	r1, [pc, #36]	@ (8001320 <enable_logger+0x54>)
 80012fa:	4628      	mov	r0, r5
 80012fc:	f006 fcca 	bl	8007c94 <z_impl_k_thread_create>
	return z_impl_k_thread_name_set(thread, str);
 8001300:	4908      	ldr	r1, [pc, #32]	@ (8001324 <enable_logger+0x58>)
 8001302:	4628      	mov	r0, r5
 8001304:	f003 f9c2 	bl	800468c <z_impl_k_thread_name_set>
	} else {
		(void)z_log_init(false, false);
	}

	return 0;
}
 8001308:	4620      	mov	r0, r4
 800130a:	b009      	add	sp, #36	@ 0x24
 800130c:	bd30      	pop	{r4, r5, pc}
 800130e:	bf00      	nop
 8001310:	080012bd 	.word	0x080012bd
 8001314:	20000588 	.word	0x20000588
 8001318:	200000d0 	.word	0x200000d0
 800131c:	080016bd 	.word	0x080016bd
 8001320:	200009c0 	.word	0x200009c0
 8001324:	08008718 	.word	0x08008718

08001328 <log_format_func_t_get>:
}
 8001328:	4b01      	ldr	r3, [pc, #4]	@ (8001330 <log_format_func_t_get+0x8>)
 800132a:	f853 0020 	ldr.w	r0, [r3, r0, lsl #2]
 800132e:	4770      	bx	lr
 8001330:	080091cc 	.word	0x080091cc

08001334 <log_set_timestamp_func>:
	if (timestamp_getter == NULL) {
 8001334:	b148      	cbz	r0, 800134a <log_set_timestamp_func+0x16>
{
 8001336:	b508      	push	{r3, lr}
	timestamp_func = timestamp_getter;
 8001338:	4a05      	ldr	r2, [pc, #20]	@ (8001350 <log_set_timestamp_func+0x1c>)
 800133a:	6010      	str	r0, [r2, #0]
	timestamp_freq = freq;
 800133c:	4b05      	ldr	r3, [pc, #20]	@ (8001354 <log_set_timestamp_func+0x20>)
 800133e:	6019      	str	r1, [r3, #0]
		log_output_timestamp_freq_set(freq);
 8001340:	4608      	mov	r0, r1
 8001342:	f000 fd21 	bl	8001d88 <log_output_timestamp_freq_set>
	return 0;
 8001346:	2000      	movs	r0, #0
}
 8001348:	bd08      	pop	{r3, pc}
		return -EINVAL;
 800134a:	f06f 0015 	mvn.w	r0, #21
}
 800134e:	4770      	bx	lr
 8001350:	20000004 	.word	0x20000004
 8001354:	20000884 	.word	0x20000884

08001358 <z_log_notify_backend_enabled>:
{
 8001358:	b508      	push	{r3, lr}
	if (IS_ENABLED(CONFIG_LOG_PROCESS_THREAD) && !backend_attached) {
 800135a:	4b05      	ldr	r3, [pc, #20]	@ (8001370 <z_log_notify_backend_enabled+0x18>)
 800135c:	781b      	ldrb	r3, [r3, #0]
 800135e:	b11b      	cbz	r3, 8001368 <z_log_notify_backend_enabled+0x10>
	backend_attached = true;
 8001360:	4b03      	ldr	r3, [pc, #12]	@ (8001370 <z_log_notify_backend_enabled+0x18>)
 8001362:	2201      	movs	r2, #1
 8001364:	701a      	strb	r2, [r3, #0]
}
 8001366:	bd08      	pop	{r3, pc}
	z_impl_k_sem_give(sem);
 8001368:	4802      	ldr	r0, [pc, #8]	@ (8001374 <z_log_notify_backend_enabled+0x1c>)
 800136a:	f003 f923 	bl	80045b4 <z_impl_k_sem_give>
}
 800136e:	e7f7      	b.n	8001360 <z_log_notify_backend_enabled+0x8>
 8001370:	200009a4 	.word	0x200009a4
 8001374:	200000bc 	.word	0x200000bc

08001378 <z_log_dropped>:
{
 8001378:	b508      	push	{r3, lr}
 800137a:	4b10      	ldr	r3, [pc, #64]	@ (80013bc <z_log_dropped+0x44>)
 800137c:	f3bf 8f5b 	dmb	ish
 8001380:	e853 1f00 	ldrex	r1, [r3]
 8001384:	3101      	adds	r1, #1
 8001386:	e843 1200 	strex	r2, r1, [r3]
 800138a:	2a00      	cmp	r2, #0
 800138c:	d1f8      	bne.n	8001380 <z_log_dropped+0x8>
 800138e:	f3bf 8f5b 	dmb	ish
	if (buffered) {
 8001392:	b930      	cbnz	r0, 80013a2 <z_log_dropped+0x2a>
	z_impl_k_timer_stop(timer);
 8001394:	480a      	ldr	r0, [pc, #40]	@ (80013c0 <z_log_dropped+0x48>)
 8001396:	f004 f869 	bl	800546c <z_impl_k_timer_stop>
	z_impl_k_sem_give(sem);
 800139a:	480a      	ldr	r0, [pc, #40]	@ (80013c4 <z_log_dropped+0x4c>)
 800139c:	f003 f90a 	bl	80045b4 <z_impl_k_sem_give>
}
 80013a0:	bd08      	pop	{r3, pc}
}

static inline atomic_val_t atomic_sub(atomic_t *target, atomic_val_t value)
{
	return __atomic_fetch_sub(target, value, __ATOMIC_SEQ_CST);
 80013a2:	4b09      	ldr	r3, [pc, #36]	@ (80013c8 <z_log_dropped+0x50>)
 80013a4:	f3bf 8f5b 	dmb	ish
 80013a8:	e853 1f00 	ldrex	r1, [r3]
 80013ac:	3901      	subs	r1, #1
 80013ae:	e843 1200 	strex	r2, r1, [r3]
 80013b2:	2a00      	cmp	r2, #0
 80013b4:	d1f8      	bne.n	80013a8 <z_log_dropped+0x30>
 80013b6:	f3bf 8f5b 	dmb	ish
	return atomic_add(target, 1);
}

static inline atomic_val_t atomic_dec(atomic_t *target)
{
	return atomic_sub(target, 1);
 80013ba:	e7eb      	b.n	8001394 <z_log_dropped+0x1c>
 80013bc:	2000088c 	.word	0x2000088c
 80013c0:	20000588 	.word	0x20000588
 80013c4:	200000bc 	.word	0x200000bc
 80013c8:	20000890 	.word	0x20000890

080013cc <z_log_dropped_read_and_clear>:
{
	/* This builtin, as described by Intel, is not a traditional
	 * test-and-set operation, but rather an atomic exchange operation. It
	 * writes value into *ptr, and returns the previous contents of *ptr.
	 */
	return __atomic_exchange_n(target, value, __ATOMIC_SEQ_CST);
 80013cc:	4b06      	ldr	r3, [pc, #24]	@ (80013e8 <z_log_dropped_read_and_clear+0x1c>)
}
 80013ce:	2200      	movs	r2, #0
 80013d0:	f3bf 8f5b 	dmb	ish
 80013d4:	e853 0f00 	ldrex	r0, [r3]
 80013d8:	e843 2100 	strex	r1, r2, [r3]
 80013dc:	2900      	cmp	r1, #0
 80013de:	d1f9      	bne.n	80013d4 <z_log_dropped_read_and_clear+0x8>
 80013e0:	f3bf 8f5b 	dmb	ish
 80013e4:	4770      	bx	lr
 80013e6:	bf00      	nop
 80013e8:	2000088c 	.word	0x2000088c

080013ec <dropped_notify>:
{
 80013ec:	b538      	push	{r3, r4, r5, lr}
	uint32_t dropped = z_log_dropped_read_and_clear();
 80013ee:	f7ff ffed 	bl	80013cc <z_log_dropped_read_and_clear>
 80013f2:	4605      	mov	r5, r0
	STRUCT_SECTION_FOREACH(log_backend, backend) {
 80013f4:	4c09      	ldr	r4, [pc, #36]	@ (800141c <dropped_notify+0x30>)
 80013f6:	e000      	b.n	80013fa <dropped_notify+0xe>
 80013f8:	3410      	adds	r4, #16
 80013fa:	4b09      	ldr	r3, [pc, #36]	@ (8001420 <dropped_notify+0x34>)
 80013fc:	429c      	cmp	r4, r3
 80013fe:	d20b      	bcs.n	8001418 <dropped_notify+0x2c>
	return backend->cb->active;
 8001400:	6863      	ldr	r3, [r4, #4]
 8001402:	795b      	ldrb	r3, [r3, #5]
		if (log_backend_is_active(backend)) {
 8001404:	2b00      	cmp	r3, #0
 8001406:	d0f7      	beq.n	80013f8 <dropped_notify+0xc>
	if (backend->api->dropped != NULL) {
 8001408:	6823      	ldr	r3, [r4, #0]
 800140a:	685b      	ldr	r3, [r3, #4]
 800140c:	2b00      	cmp	r3, #0
 800140e:	d0f3      	beq.n	80013f8 <dropped_notify+0xc>
		backend->api->dropped(backend, cnt);
 8001410:	4629      	mov	r1, r5
 8001412:	4620      	mov	r0, r4
 8001414:	4798      	blx	r3
 8001416:	e7ef      	b.n	80013f8 <dropped_notify+0xc>
}
 8001418:	bd38      	pop	{r3, r4, r5, pc}
 800141a:	bf00      	nop
 800141c:	0800852c 	.word	0x0800852c
 8001420:	0800853c 	.word	0x0800853c

08001424 <z_log_dropped_pending>:
	return dropped_cnt > 0;
 8001424:	4b03      	ldr	r3, [pc, #12]	@ (8001434 <z_log_dropped_pending+0x10>)
 8001426:	6818      	ldr	r0, [r3, #0]
}
 8001428:	2800      	cmp	r0, #0
 800142a:	bfd4      	ite	le
 800142c:	2000      	movle	r0, #0
 800142e:	2001      	movgt	r0, #1
 8001430:	4770      	bx	lr
 8001432:	bf00      	nop
 8001434:	2000088c 	.word	0x2000088c

08001438 <z_log_msg_init>:
{
 8001438:	b510      	push	{r4, lr}
	mpsc_pbuf_init(&log_buffer, &mpsc_config);
 800143a:	4c04      	ldr	r4, [pc, #16]	@ (800144c <z_log_msg_init+0x14>)
 800143c:	4904      	ldr	r1, [pc, #16]	@ (8001450 <z_log_msg_init+0x18>)
 800143e:	4620      	mov	r0, r4
 8001440:	f005 f900 	bl	8006644 <mpsc_pbuf_init>
	curr_log_buffer = &log_buffer;
 8001444:	4b03      	ldr	r3, [pc, #12]	@ (8001454 <z_log_msg_init+0x1c>)
 8001446:	601c      	str	r4, [r3, #0]
}
 8001448:	bd10      	pop	{r4, pc}
 800144a:	bf00      	nop
 800144c:	20000080 	.word	0x20000080
 8001450:	080091b8 	.word	0x080091b8
 8001454:	20000880 	.word	0x20000880

08001458 <log_core_init>:
{
 8001458:	b508      	push	{r3, lr}
	panic_mode = false;
 800145a:	2300      	movs	r3, #0
 800145c:	4a0c      	ldr	r2, [pc, #48]	@ (8001490 <log_core_init+0x38>)
 800145e:	7013      	strb	r3, [r2, #0]
	dropped_cnt = 0;
 8001460:	4a0c      	ldr	r2, [pc, #48]	@ (8001494 <log_core_init+0x3c>)
 8001462:	6013      	str	r3, [r2, #0]
	buffered_cnt = 0;
 8001464:	4a0c      	ldr	r2, [pc, #48]	@ (8001498 <log_core_init+0x40>)
 8001466:	6013      	str	r3, [r2, #0]
		log_set_timestamp_func(default_lf_get_timestamp, 1000U);
 8001468:	f44f 717a 	mov.w	r1, #1000	@ 0x3e8
 800146c:	480b      	ldr	r0, [pc, #44]	@ (800149c <log_core_init+0x44>)
 800146e:	f7ff ff61 	bl	8001334 <log_set_timestamp_func>
		z_log_msg_init();
 8001472:	f7ff ffe1 	bl	8001438 <z_log_msg_init>
	STRUCT_SECTION_FOREACH(log_backend, backend) {
 8001476:	4a0a      	ldr	r2, [pc, #40]	@ (80014a0 <log_core_init+0x48>)
 8001478:	e006      	b.n	8001488 <log_core_init+0x30>
		id += backend - log_backend_get(0);
 800147a:	4b09      	ldr	r3, [pc, #36]	@ (80014a0 <log_core_init+0x48>)
 800147c:	1ad3      	subs	r3, r2, r3
 800147e:	111b      	asrs	r3, r3, #4
 8001480:	3301      	adds	r3, #1
	backend->cb->id = id;
 8001482:	6851      	ldr	r1, [r2, #4]
 8001484:	710b      	strb	r3, [r1, #4]
	STRUCT_SECTION_FOREACH(log_backend, backend) {
 8001486:	3210      	adds	r2, #16
 8001488:	4b06      	ldr	r3, [pc, #24]	@ (80014a4 <log_core_init+0x4c>)
 800148a:	429a      	cmp	r2, r3
 800148c:	d3f5      	bcc.n	800147a <log_core_init+0x22>
}
 800148e:	bd08      	pop	{r3, pc}
 8001490:	200009a5 	.word	0x200009a5
 8001494:	2000088c 	.word	0x2000088c
 8001498:	20000890 	.word	0x20000890
 800149c:	08001155 	.word	0x08001155
 80014a0:	0800852c 	.word	0x0800852c
 80014a4:	0800853c 	.word	0x0800853c

080014a8 <z_log_msg_alloc>:
{
 80014a8:	b508      	push	{r3, lr}
 80014aa:	4601      	mov	r1, r0
	return msg_alloc(&log_buffer, wlen);
 80014ac:	4801      	ldr	r0, [pc, #4]	@ (80014b4 <z_log_msg_alloc+0xc>)
 80014ae:	f005 fb8a 	bl	8006bc6 <msg_alloc>
}
 80014b2:	bd08      	pop	{r3, pc}
 80014b4:	20000080 	.word	0x20000080

080014b8 <z_log_msg_local_claim>:
{
 80014b8:	b508      	push	{r3, lr}
	return (union log_msg_generic *)mpsc_pbuf_claim(&log_buffer);
 80014ba:	4802      	ldr	r0, [pc, #8]	@ (80014c4 <z_log_msg_local_claim+0xc>)
 80014bc:	f005 f9a5 	bl	800680a <mpsc_pbuf_claim>
}
 80014c0:	bd08      	pop	{r3, pc}
 80014c2:	bf00      	nop
 80014c4:	20000080 	.word	0x20000080

080014c8 <z_log_msg_free>:
{
 80014c8:	b508      	push	{r3, lr}
 80014ca:	4601      	mov	r1, r0
	msg_free(curr_log_buffer, msg);
 80014cc:	4b02      	ldr	r3, [pc, #8]	@ (80014d8 <z_log_msg_free+0x10>)
 80014ce:	6818      	ldr	r0, [r3, #0]
 80014d0:	f005 fb7f 	bl	8006bd2 <msg_free>
}
 80014d4:	bd08      	pop	{r3, pc}
 80014d6:	bf00      	nop
 80014d8:	20000880 	.word	0x20000880

080014dc <z_log_msg_pending>:
{
 80014dc:	b508      	push	{r3, lr}
		return msg_pending(&log_buffer);
 80014de:	4802      	ldr	r0, [pc, #8]	@ (80014e8 <z_log_msg_pending+0xc>)
 80014e0:	f005 fb7b 	bl	8006bda <msg_pending>
}
 80014e4:	bd08      	pop	{r3, pc}
 80014e6:	bf00      	nop
 80014e8:	20000080 	.word	0x20000080

080014ec <z_impl_log_process>:
{
 80014ec:	b510      	push	{r4, lr}
 80014ee:	b082      	sub	sp, #8
	k_timeout_t backoff = K_NO_WAIT;
 80014f0:	2200      	movs	r2, #0
 80014f2:	2300      	movs	r3, #0
 80014f4:	e9cd 2300 	strd	r2, r3, [sp]
	if (!backend_attached) {
 80014f8:	4b30      	ldr	r3, [pc, #192]	@ (80015bc <z_impl_log_process+0xd0>)
 80014fa:	7818      	ldrb	r0, [r3, #0]
 80014fc:	b908      	cbnz	r0, 8001502 <z_impl_log_process+0x16>
}
 80014fe:	b002      	add	sp, #8
 8001500:	bd10      	pop	{r4, pc}
	msg = z_log_msg_claim(&backoff);
 8001502:	4668      	mov	r0, sp
 8001504:	f005 fb81 	bl	8006c0a <z_log_msg_claim>
	if (msg) {
 8001508:	4604      	mov	r4, r0
 800150a:	b180      	cbz	r0, 800152e <z_impl_log_process+0x42>
		msg_process(msg);
 800150c:	f7ff fdec 	bl	80010e8 <msg_process>
		z_log_msg_free(msg);
 8001510:	4620      	mov	r0, r4
 8001512:	f7ff ffd9 	bl	80014c8 <z_log_msg_free>
	return __atomic_fetch_sub(target, value, __ATOMIC_SEQ_CST);
 8001516:	4b2a      	ldr	r3, [pc, #168]	@ (80015c0 <z_impl_log_process+0xd4>)
 8001518:	f3bf 8f5b 	dmb	ish
 800151c:	e853 1f00 	ldrex	r1, [r3]
 8001520:	3901      	subs	r1, #1
 8001522:	e843 1200 	strex	r2, r1, [r3]
 8001526:	2a00      	cmp	r2, #0
 8001528:	d1f8      	bne.n	800151c <z_impl_log_process+0x30>
 800152a:	f3bf 8f5b 	dmb	ish
		bool dropped_pend = z_log_dropped_pending();
 800152e:	f7ff ff79 	bl	8001424 <z_log_dropped_pending>
		if ((dropped_pend || unordered_pend) &&
 8001532:	b970      	cbnz	r0, 8001552 <z_impl_log_process+0x66>
		last_failure_report += CONFIG_LOG_FAILURE_REPORT_PERIOD;
 8001534:	4a23      	ldr	r2, [pc, #140]	@ (80015c4 <z_impl_log_process+0xd8>)
 8001536:	6813      	ldr	r3, [r2, #0]
 8001538:	6851      	ldr	r1, [r2, #4]
 800153a:	f513 737a 	adds.w	r3, r3, #1000	@ 0x3e8
 800153e:	f141 0100 	adc.w	r1, r1, #0
 8001542:	6013      	str	r3, [r2, #0]
 8001544:	6051      	str	r1, [r2, #4]
	return msg != NULL && z_log_msg_pending();
 8001546:	b3a4      	cbz	r4, 80015b2 <z_impl_log_process+0xc6>
 8001548:	f7ff ffc8 	bl	80014dc <z_log_msg_pending>
 800154c:	b398      	cbz	r0, 80015b6 <z_impl_log_process+0xca>
 800154e:	2001      	movs	r0, #1
 8001550:	e7d5      	b.n	80014fe <z_impl_log_process+0x12>
	return z_impl_k_uptime_ticks();
 8001552:	f006 fd30 	bl	8007fb6 <z_impl_k_uptime_ticks>
 8001556:	2200      	movs	r2, #0
 8001558:	1843      	adds	r3, r0, r1
 800155a:	d228      	bcs.n	80015ae <z_impl_log_process+0xc2>
 800155c:	4413      	add	r3, r2
 800155e:	4a1a      	ldr	r2, [pc, #104]	@ (80015c8 <z_impl_log_process+0xdc>)
 8001560:	fba2 ce03 	umull	ip, lr, r2, r3
 8001564:	f02e 0c03 	bic.w	ip, lr, #3
 8001568:	eb0c 0c9e 	add.w	ip, ip, lr, lsr #2
 800156c:	eba3 030c 	sub.w	r3, r3, ip
 8001570:	1ac0      	subs	r0, r0, r3
 8001572:	f161 0100 	sbc.w	r1, r1, #0
 8001576:	f04f 33cc 	mov.w	r3, #3435973836	@ 0xcccccccc
 800157a:	fb00 f303 	mul.w	r3, r0, r3
 800157e:	fb02 3301 	mla	r3, r2, r1, r3
 8001582:	fba0 0202 	umull	r0, r2, r0, r2
 8001586:	4413      	add	r3, r2
 8001588:	0840      	lsrs	r0, r0, #1
 800158a:	ea40 70c3 	orr.w	r0, r0, r3, lsl #31
 800158e:	085b      	lsrs	r3, r3, #1
		   (k_uptime_get() - last_failure_report) > CONFIG_LOG_FAILURE_REPORT_PERIOD) {
 8001590:	490c      	ldr	r1, [pc, #48]	@ (80015c4 <z_impl_log_process+0xd8>)
 8001592:	680a      	ldr	r2, [r1, #0]
 8001594:	6849      	ldr	r1, [r1, #4]
 8001596:	1a80      	subs	r0, r0, r2
 8001598:	eb63 0301 	sbc.w	r3, r3, r1
		if ((dropped_pend || unordered_pend) &&
 800159c:	f240 32e9 	movw	r2, #1001	@ 0x3e9
 80015a0:	4290      	cmp	r0, r2
 80015a2:	f173 0300 	sbcs.w	r3, r3, #0
 80015a6:	d3c5      	bcc.n	8001534 <z_impl_log_process+0x48>
				dropped_notify();
 80015a8:	f7ff ff20 	bl	80013ec <dropped_notify>
			if (unordered_pend) {
 80015ac:	e7c2      	b.n	8001534 <z_impl_log_process+0x48>
 80015ae:	2201      	movs	r2, #1
 80015b0:	e7d4      	b.n	800155c <z_impl_log_process+0x70>
	return msg != NULL && z_log_msg_pending();
 80015b2:	2000      	movs	r0, #0
 80015b4:	e7a3      	b.n	80014fe <z_impl_log_process+0x12>
 80015b6:	2000      	movs	r0, #0
 80015b8:	e7a1      	b.n	80014fe <z_impl_log_process+0x12>
 80015ba:	bf00      	nop
 80015bc:	200009a4 	.word	0x200009a4
 80015c0:	20000890 	.word	0x20000890
 80015c4:	20000580 	.word	0x20000580
 80015c8:	cccccccd 	.word	0xcccccccd

080015cc <z_impl_log_panic>:
	if (panic_mode) {
 80015cc:	4b0f      	ldr	r3, [pc, #60]	@ (800160c <z_impl_log_panic+0x40>)
 80015ce:	781b      	ldrb	r3, [r3, #0]
 80015d0:	b103      	cbz	r3, 80015d4 <z_impl_log_panic+0x8>
 80015d2:	4770      	bx	lr
{
 80015d4:	b510      	push	{r4, lr}
	(void)z_log_init(true, false);
 80015d6:	2100      	movs	r1, #0
 80015d8:	2001      	movs	r0, #1
 80015da:	f7ff fe11 	bl	8001200 <z_log_init>
	STRUCT_SECTION_FOREACH(log_backend, backend) {
 80015de:	4c0c      	ldr	r4, [pc, #48]	@ (8001610 <z_impl_log_panic+0x44>)
 80015e0:	e000      	b.n	80015e4 <z_impl_log_panic+0x18>
 80015e2:	3410      	adds	r4, #16
 80015e4:	4b0b      	ldr	r3, [pc, #44]	@ (8001614 <z_impl_log_panic+0x48>)
 80015e6:	429c      	cmp	r4, r3
 80015e8:	d208      	bcs.n	80015fc <z_impl_log_panic+0x30>
	return backend->cb->active;
 80015ea:	6863      	ldr	r3, [r4, #4]
 80015ec:	795b      	ldrb	r3, [r3, #5]
		if (log_backend_is_active(backend)) {
 80015ee:	2b00      	cmp	r3, #0
 80015f0:	d0f7      	beq.n	80015e2 <z_impl_log_panic+0x16>
	backend->api->panic(backend);
 80015f2:	6823      	ldr	r3, [r4, #0]
 80015f4:	689b      	ldr	r3, [r3, #8]
 80015f6:	4620      	mov	r0, r4
 80015f8:	4798      	blx	r3
}
 80015fa:	e7f2      	b.n	80015e2 <z_impl_log_panic+0x16>
	if (z_syscall_trap()) {
		return (bool) arch_syscall_invoke0(K_SYSCALL_LOG_PROCESS);
	}
#endif
	compiler_barrier();
	return z_impl_log_process();
 80015fc:	f7ff ff76 	bl	80014ec <z_impl_log_process>
		while (log_process() == true) {
 8001600:	2800      	cmp	r0, #0
 8001602:	d1fb      	bne.n	80015fc <z_impl_log_panic+0x30>
	panic_mode = true;
 8001604:	4b01      	ldr	r3, [pc, #4]	@ (800160c <z_impl_log_panic+0x40>)
 8001606:	2201      	movs	r2, #1
 8001608:	701a      	strb	r2, [r3, #0]
}
 800160a:	bd10      	pop	{r4, pc}
 800160c:	200009a5 	.word	0x200009a5
 8001610:	0800852c 	.word	0x0800852c
 8001614:	0800853c 	.word	0x0800853c

08001618 <z_log_msg_post_finalize>:
{
 8001618:	b510      	push	{r4, lr}
 800161a:	b082      	sub	sp, #8
	return __atomic_fetch_add(target, value, __ATOMIC_SEQ_CST);
 800161c:	4b1a      	ldr	r3, [pc, #104]	@ (8001688 <z_log_msg_post_finalize+0x70>)
 800161e:	f3bf 8f5b 	dmb	ish
 8001622:	e853 2f00 	ldrex	r2, [r3]
 8001626:	1c51      	adds	r1, r2, #1
 8001628:	e843 1000 	strex	r0, r1, [r3]
 800162c:	2800      	cmp	r0, #0
 800162e:	d1f8      	bne.n	8001622 <z_log_msg_post_finalize+0xa>
 8001630:	f3bf 8f5b 	dmb	ish
	if (panic_mode) {
 8001634:	4b15      	ldr	r3, [pc, #84]	@ (800168c <z_log_msg_post_finalize+0x74>)
 8001636:	781b      	ldrb	r3, [r3, #0]
 8001638:	b963      	cbnz	r3, 8001654 <z_log_msg_post_finalize+0x3c>
	} else if (proc_tid != NULL) {
 800163a:	4b15      	ldr	r3, [pc, #84]	@ (8001690 <z_log_msg_post_finalize+0x78>)
 800163c:	681b      	ldr	r3, [r3, #0]
 800163e:	b1b3      	cbz	r3, 800166e <z_log_msg_post_finalize+0x56>
			if (cnt == 0) {
 8001640:	b1ba      	cbz	r2, 8001672 <z_log_msg_post_finalize+0x5a>
			} else if (CONFIG_LOG_PROCESS_TRIGGER_THRESHOLD &&
 8001642:	2a09      	cmp	r2, #9
 8001644:	d113      	bne.n	800166e <z_log_msg_post_finalize+0x56>
	z_impl_k_timer_stop(timer);
 8001646:	4813      	ldr	r0, [pc, #76]	@ (8001694 <z_log_msg_post_finalize+0x7c>)
 8001648:	f003 ff10 	bl	800546c <z_impl_k_timer_stop>
	z_impl_k_sem_give(sem);
 800164c:	4812      	ldr	r0, [pc, #72]	@ (8001698 <z_log_msg_post_finalize+0x80>)
 800164e:	f002 ffb1 	bl	80045b4 <z_impl_k_sem_give>
}
 8001652:	e00c      	b.n	800166e <z_log_msg_post_finalize+0x56>
 */
__STATIC_FORCEINLINE uint32_t __get_BASEPRI(void)
{
  uint32_t result;

  __ASM volatile ("MRS %0, basepri" : "=r" (result) );
 8001654:	f3ef 8411 	mrs	r4, BASEPRI
           or the new value increases the BASEPRI priority level.
  \param [in]    basePri  Base Priority value to set
 */
__STATIC_FORCEINLINE void __set_BASEPRI_MAX(uint32_t basePri)
{
  __ASM volatile ("MSR basepri_max, %0" : : "r" (basePri) : "memory");
 8001658:	2310      	movs	r3, #16
 800165a:	f383 8812 	msr	BASEPRI_MAX, r3
           so that all instructions following the ISB are fetched from cache or memory,
           after the instruction has been completed.
 */
__STATIC_FORCEINLINE void __ISB(void)
{
  __ASM volatile ("isb 0xF":::"memory");
 800165e:	f3bf 8f6f 	isb	sy
 8001662:	f7ff ff43 	bl	80014ec <z_impl_log_process>
  __ASM volatile ("MSR basepri, %0" : : "r" (basePri) : "memory");
 8001666:	f384 8811 	msr	BASEPRI, r4
 800166a:	f3bf 8f6f 	isb	sy
 800166e:	b002      	add	sp, #8
 8001670:	bd10      	pop	{r4, pc}
	z_impl_k_timer_start(timer, duration, period);
 8001672:	2200      	movs	r2, #0
 8001674:	2300      	movs	r3, #0
 8001676:	e9cd 2300 	strd	r2, r3, [sp]
 800167a:	f242 7210 	movw	r2, #10000	@ 0x2710
 800167e:	2300      	movs	r3, #0
 8001680:	4804      	ldr	r0, [pc, #16]	@ (8001694 <z_log_msg_post_finalize+0x7c>)
 8001682:	f003 feb9 	bl	80053f8 <z_impl_k_timer_start>
 8001686:	e7f2      	b.n	800166e <z_log_msg_post_finalize+0x56>
 8001688:	20000890 	.word	0x20000890
 800168c:	200009a5 	.word	0x200009a5
 8001690:	20000888 	.word	0x20000888
 8001694:	20000588 	.word	0x20000588
 8001698:	200000bc 	.word	0x200000bc

0800169c <z_log_msg_commit>:
{
 800169c:	b510      	push	{r4, lr}
 800169e:	4604      	mov	r4, r0
	msg->hdr.timestamp = timestamp_func();
 80016a0:	4b04      	ldr	r3, [pc, #16]	@ (80016b4 <z_log_msg_commit+0x18>)
 80016a2:	681b      	ldr	r3, [r3, #0]
 80016a4:	4798      	blx	r3
 80016a6:	60a0      	str	r0, [r4, #8]
	msg_commit(&log_buffer, msg);
 80016a8:	4621      	mov	r1, r4
 80016aa:	4803      	ldr	r0, [pc, #12]	@ (80016b8 <z_log_msg_commit+0x1c>)
 80016ac:	f005 fab1 	bl	8006c12 <msg_commit>
}
 80016b0:	bd10      	pop	{r4, pc}
 80016b2:	bf00      	nop
 80016b4:	20000004 	.word	0x20000004
 80016b8:	20000080 	.word	0x20000080

080016bc <log_process_thread_func>:
{
 80016bc:	e92d 41f0 	stmdb	sp!, {r4, r5, r6, r7, r8, lr}
	uint32_t activate_mask = z_log_init(false, false);
 80016c0:	2100      	movs	r1, #0
 80016c2:	4608      	mov	r0, r1
 80016c4:	f7ff fd9c 	bl	8001200 <z_log_init>
	k_timeout_t timeout = (activate_mask != 0) ? K_MSEC(50) : K_FOREVER;
 80016c8:	4680      	mov	r8, r0
 80016ca:	b150      	cbz	r0, 80016e2 <log_process_thread_func+0x26>
 80016cc:	f44f 76fa 	mov.w	r6, #500	@ 0x1f4
 80016d0:	2700      	movs	r7, #0
	return z_tls_current;
 80016d2:	f001 f92d 	bl	8002930 <__aeabi_read_tp>
	thread_set(k_current_get());
 80016d6:	4b15      	ldr	r3, [pc, #84]	@ (800172c <log_process_thread_func+0x70>)
 80016d8:	5818      	ldr	r0, [r3, r0]
 80016da:	f7ff fddb 	bl	8001294 <thread_set>
	bool processed_any = false;
 80016de:	2500      	movs	r5, #0
 80016e0:	e015      	b.n	800170e <log_process_thread_func+0x52>
	k_timeout_t timeout = (activate_mask != 0) ? K_MSEC(50) : K_FOREVER;
 80016e2:	f04f 36ff 	mov.w	r6, #4294967295
 80016e6:	f04f 37ff 	mov.w	r7, #4294967295
 80016ea:	e7f2      	b.n	80016d2 <log_process_thread_func+0x16>
			activate_mask = activate_foreach_backend(activate_mask);
 80016ec:	4640      	mov	r0, r8
 80016ee:	f7ff fd55 	bl	800119c <activate_foreach_backend>
			if (!activate_mask) {
 80016f2:	4680      	mov	r8, r0
 80016f4:	b970      	cbnz	r0, 8001714 <log_process_thread_func+0x58>
				timeout = K_FOREVER;
 80016f6:	f04f 36ff 	mov.w	r6, #4294967295
 80016fa:	f04f 37ff 	mov.w	r7, #4294967295
 80016fe:	e009      	b.n	8001714 <log_process_thread_func+0x58>
 8001700:	462c      	mov	r4, r5
	return z_impl_k_sem_take(sem, timeout);
 8001702:	4632      	mov	r2, r6
 8001704:	463b      	mov	r3, r7
 8001706:	480a      	ldr	r0, [pc, #40]	@ (8001730 <log_process_thread_func+0x74>)
 8001708:	f002 ff8a 	bl	8004620 <z_impl_k_sem_take>
{
 800170c:	4625      	mov	r5, r4
		if (activate_mask) {
 800170e:	f1b8 0f00 	cmp.w	r8, #0
 8001712:	d1eb      	bne.n	80016ec <log_process_thread_func+0x30>
 8001714:	f7ff feea 	bl	80014ec <z_impl_log_process>
		if (log_process() == false) {
 8001718:	4604      	mov	r4, r0
 800171a:	2800      	cmp	r0, #0
 800171c:	d1f6      	bne.n	800170c <log_process_thread_func+0x50>
			if (processed_any) {
 800171e:	2d00      	cmp	r5, #0
 8001720:	d0ee      	beq.n	8001700 <log_process_thread_func+0x44>
				log_backend_notify_all(LOG_BACKEND_EVT_PROCESS_THREAD_DONE, NULL);
 8001722:	2100      	movs	r1, #0
 8001724:	4608      	mov	r0, r1
 8001726:	f7ff fcfd 	bl	8001124 <log_backend_notify_all>
 800172a:	e7ea      	b.n	8001702 <log_process_thread_func+0x46>
 800172c:	00000008 	.word	0x00000008
 8001730:	200000bc 	.word	0x200000bc

08001734 <log_src_cnt_get>:
	if (z_log_is_local_domain(domain_id)) {
		return z_log_sources_count();
	}

	return link_source_count(domain_id);
}
 8001734:	4802      	ldr	r0, [pc, #8]	@ (8001740 <log_src_cnt_get+0xc>)
 8001736:	4b03      	ldr	r3, [pc, #12]	@ (8001744 <log_src_cnt_get+0x10>)
 8001738:	1ac0      	subs	r0, r0, r3
 800173a:	08c0      	lsrs	r0, r0, #3
 800173c:	4770      	bx	lr
 800173e:	bf00      	nop
 8001740:	0800852c 	.word	0x0800852c
 8001744:	080084c4 	.word	0x080084c4

08001748 <log_source_name_get>:

	return (const char *)cached;
}

const char *log_source_name_get(uint32_t domain_id, uint32_t source_id)
{
 8001748:	b510      	push	{r4, lr}
 800174a:	460c      	mov	r4, r1
	if (z_log_is_local_domain(domain_id)) {
		if (IS_ENABLED(CONFIG_LOG_FMT_SECTION_STRIP)) {
			return "unknown";
		}
		if (source_id < log_src_cnt_get(domain_id)) {
 800174c:	f7ff fff2 	bl	8001734 <log_src_cnt_get>
 8001750:	42a0      	cmp	r0, r4
 8001752:	d903      	bls.n	800175c <log_source_name_get+0x14>
			return TYPE_SECTION_START(log_const)[source_id].name;
 8001754:	4b02      	ldr	r3, [pc, #8]	@ (8001760 <log_source_name_get+0x18>)
 8001756:	f853 0034 	ldr.w	r0, [r3, r4, lsl #3]
			return NULL;
		}
	}

	return link_source_name_get(domain_id, source_id);
}
 800175a:	bd10      	pop	{r4, pc}
			return NULL;
 800175c:	2000      	movs	r0, #0
 800175e:	e7fc      	b.n	800175a <log_source_name_get+0x12>
 8001760:	080084c4 	.word	0x080084c4

08001764 <cbprintf_package_copy>:
					void *packaged,
					size_t len,
					uint32_t flags,
					uint16_t *strl,
					size_t strl_len)
{
 8001764:	b500      	push	{lr}
 8001766:	b089      	sub	sp, #36	@ 0x24
	struct z_cbprintf_buf_desc buf_desc = {
 8001768:	9205      	str	r2, [sp, #20]
 800176a:	9306      	str	r3, [sp, #24]
 800176c:	2300      	movs	r3, #0
 800176e:	9307      	str	r3, [sp, #28]
		.buf = packaged,
		.size = len,
		.off = 0,
	};

	return cbprintf_package_convert(in_packaged, in_len,
 8001770:	b162      	cbz	r2, 800178c <cbprintf_package_copy+0x28>
 8001772:	4a07      	ldr	r2, [pc, #28]	@ (8001790 <cbprintf_package_copy+0x2c>)
 8001774:	9b0c      	ldr	r3, [sp, #48]	@ 0x30
 8001776:	9302      	str	r3, [sp, #8]
 8001778:	9b0b      	ldr	r3, [sp, #44]	@ 0x2c
 800177a:	9301      	str	r3, [sp, #4]
 800177c:	9b0a      	ldr	r3, [sp, #40]	@ 0x28
 800177e:	9300      	str	r3, [sp, #0]
 8001780:	ab05      	add	r3, sp, #20
 8001782:	f7ff f9d1 	bl	8000b28 <cbprintf_package_convert>
					packaged ? z_cbprintf_cpy : NULL, &buf_desc,
					flags, strl, strl_len);
}
 8001786:	b009      	add	sp, #36	@ 0x24
 8001788:	f85d fb04 	ldr.w	pc, [sp], #4
	return cbprintf_package_convert(in_packaged, in_len,
 800178c:	2200      	movs	r2, #0
 800178e:	e7f1      	b.n	8001774 <cbprintf_package_copy+0x10>
 8001790:	08006c39 	.word	0x08006c39

08001794 <z_impl_z_log_msg_static_create>:
}

void z_impl_z_log_msg_static_create(const void *source,
			      const struct log_msg_desc desc,
			      uint8_t *package, const void *data)
{
 8001794:	e92d 4ff0 	stmdb	sp!, {r4, r5, r6, r7, r8, r9, sl, fp, lr}
 8001798:	b08b      	sub	sp, #44	@ 0x2c
 800179a:	af04      	add	r7, sp, #16
 800179c:	4605      	mov	r5, r0
 800179e:	461e      	mov	r6, r3

	if (!BACKENDS_IN_USE()) {
		return;
	}

	struct log_msg_desc out_desc = desc;
 80017a0:	4688      	mov	r8, r1
	int inlen = desc.package_len;
 80017a2:	f3c1 244a 	ubfx	r4, r1, #9, #11
	struct log_msg *msg;

	if (inlen > 0) {
 80017a6:	2c00      	cmp	r4, #0
 80017a8:	f000 8089 	beq.w	80018be <z_impl_z_log_msg_static_create+0x12a>
 80017ac:	4691      	mov	r9, r2
	struct z_cbprintf_buf_desc buf_desc = {
 80017ae:	2200      	movs	r2, #0
 80017b0:	60fa      	str	r2, [r7, #12]
 80017b2:	613a      	str	r2, [r7, #16]
 80017b4:	617a      	str	r2, [r7, #20]
	return cbprintf_package_convert(in_packaged, in_len,
 80017b6:	2304      	movs	r3, #4
 80017b8:	9302      	str	r3, [sp, #8]
 80017ba:	18fb      	adds	r3, r7, r3
 80017bc:	9301      	str	r3, [sp, #4]
 80017be:	230a      	movs	r3, #10
 80017c0:	9300      	str	r3, [sp, #0]
 80017c2:	f107 030c 	add.w	r3, r7, #12
 80017c6:	4621      	mov	r1, r4
 80017c8:	4648      	mov	r0, r9
 80017ca:	f7ff f9ad 	bl	8000b28 <cbprintf_package_convert>

		len = cbprintf_package_copy(package, inlen,
					    NULL, 0, flags,
					    strl, ARRAY_SIZE(strl));

		if (len > Z_LOG_MSG_MAX_PACKAGE) {
 80017ce:	f5b0 6f00 	cmp.w	r0, #2048	@ 0x800
 80017d2:	d358      	bcc.n	8001886 <z_impl_z_log_msg_static_create+0xf2>
			struct cbprintf_package_hdr_ext *pkg =
				(struct cbprintf_package_hdr_ext *)package;

			LOG_WRN("Message (\"%s\") dropped because it exceeds size limitation (%u)",
 80017d4:	f8d9 1004 	ldr.w	r1, [r9, #4]
 80017d8:	466d      	mov	r5, sp
 80017da:	2300      	movs	r3, #0
 80017dc:	733b      	strb	r3, [r7, #12]
 80017de:	2302      	movs	r3, #2
 80017e0:	737b      	strb	r3, [r7, #13]
 80017e2:	b08a      	sub	sp, #40	@ 0x28
 80017e4:	ac04      	add	r4, sp, #16
 80017e6:	f114 0210 	adds.w	r2, r4, #16
 80017ea:	d017      	beq.n	800181c <z_impl_z_log_msg_static_create+0x88>
 80017ec:	2012      	movs	r0, #18
 80017ee:	b11a      	cbz	r2, 80017f8 <z_impl_z_log_msg_static_create+0x64>
 80017f0:	2804      	cmp	r0, #4
 80017f2:	dd01      	ble.n	80017f8 <z_impl_z_log_msg_static_create+0x64>
 80017f4:	4b3b      	ldr	r3, [pc, #236]	@ (80018e4 <z_impl_z_log_msg_static_create+0x150>)
 80017f6:	6163      	str	r3, [r4, #20]
 80017f8:	2300      	movs	r3, #0
 80017fa:	703b      	strb	r3, [r7, #0]
 80017fc:	2302      	movs	r3, #2
 80017fe:	707b      	strb	r3, [r7, #1]
 8001800:	b1ca      	cbz	r2, 8001836 <z_impl_z_log_msg_static_create+0xa2>
 8001802:	4603      	mov	r3, r0
 8001804:	2808      	cmp	r0, #8
 8001806:	dd00      	ble.n	800180a <z_impl_z_log_msg_static_create+0x76>
 8001808:	61a1      	str	r1, [r4, #24]
 800180a:	2b0c      	cmp	r3, #12
 800180c:	dd02      	ble.n	8001814 <z_impl_z_log_msg_static_create+0x80>
 800180e:	f240 73ff 	movw	r3, #2047	@ 0x7ff
 8001812:	61e3      	str	r3, [r4, #28]
 8001814:	f104 0320 	add.w	r3, r4, #32
 8001818:	2100      	movs	r1, #0
 800181a:	e00a      	b.n	8001832 <z_impl_z_log_msg_static_create+0x9e>
 800181c:	f06f 4000 	mvn.w	r0, #2147483648	@ 0x80000000
 8001820:	e7e5      	b.n	80017ee <z_impl_z_log_msg_static_create+0x5a>
 8001822:	f101 0618 	add.w	r6, r1, #24
 8001826:	443e      	add	r6, r7
 8001828:	f816 6c18 	ldrb.w	r6, [r6, #-24]
 800182c:	f803 6b01 	strb.w	r6, [r3], #1
 8001830:	3101      	adds	r1, #1
 8001832:	2901      	cmp	r1, #1
 8001834:	d9f5      	bls.n	8001822 <z_impl_z_log_msg_static_create+0x8e>
 8001836:	2811      	cmp	r0, #17
 8001838:	dd22      	ble.n	8001880 <z_impl_z_log_msg_static_create+0xec>
 800183a:	2312      	movs	r3, #18
 800183c:	b142      	cbz	r2, 8001850 <z_impl_z_log_msg_static_create+0xbc>
 800183e:	2104      	movs	r1, #4
 8001840:	7339      	strb	r1, [r7, #12]
 8001842:	2100      	movs	r1, #0
 8001844:	7379      	strb	r1, [r7, #13]
 8001846:	73b9      	strb	r1, [r7, #14]
 8001848:	2101      	movs	r1, #1
 800184a:	73f9      	strb	r1, [r7, #15]
 800184c:	68f8      	ldr	r0, [r7, #12]
 800184e:	6120      	str	r0, [r4, #16]
 8001850:	2100      	movs	r1, #0
 8001852:	f021 0101 	bic.w	r1, r1, #1
 8001856:	f021 0102 	bic.w	r1, r1, #2
 800185a:	f021 0104 	bic.w	r1, r1, #4
 800185e:	f021 0138 	bic.w	r1, r1, #56	@ 0x38
 8001862:	2002      	movs	r0, #2
 8001864:	f360 1188 	bfi	r1, r0, #6, #3
 8001868:	f3c3 030a 	ubfx	r3, r3, #0, #11
 800186c:	f363 2153 	bfi	r1, r3, #9, #11
 8001870:	2300      	movs	r3, #0
 8001872:	f3c1 0113 	ubfx	r1, r1, #0, #20
 8001876:	481c      	ldr	r0, [pc, #112]	@ (80018e8 <z_impl_z_log_msg_static_create+0x154>)
 8001878:	f005 fa54 	bl	8006d24 <z_log_msg_static_create>
 800187c:	46ad      	mov	sp, r5
				pkg->fmt, (uint32_t)Z_LOG_MSG_MAX_PACKAGE);
			return;
 800187e:	e02d      	b.n	80018dc <z_impl_z_log_msg_static_create+0x148>
			LOG_WRN("Message (\"%s\") dropped because it exceeds size limitation (%u)",
 8001880:	f06f 031b 	mvn.w	r3, #27
 8001884:	e7da      	b.n	800183c <z_impl_z_log_msg_static_create+0xa8>
		}
		/* Update package length with calculated value (which may be extended
		 * when strings are copied into the package.
		 */
		out_desc.package_len = len;
 8001886:	f360 2853 	bfi	r8, r0, #9, #11
 *
 * @return Length.
 */
static inline uint32_t log_msg_get_total_wlen(const struct log_msg_desc desc)
{
	return Z_LOG_MSG_ALIGNED_WLEN(desc.package_len, desc.data_len);
 800188a:	f3c0 0a0a 	ubfx	sl, r0, #0, #11
 800188e:	eb0a 5018 	add.w	r0, sl, r8, lsr #20
 8001892:	3017      	adds	r0, #23
 8001894:	f020 0007 	bic.w	r0, r0, #7
		msg = z_log_msg_alloc(log_msg_get_total_wlen(out_desc));
 8001898:	0880      	lsrs	r0, r0, #2
 800189a:	f7ff fe05 	bl	80014a8 <z_log_msg_alloc>
		if (msg) {
 800189e:	4683      	mov	fp, r0
 80018a0:	b1b0      	cbz	r0, 80018d0 <z_impl_z_log_msg_static_create+0x13c>
			len = cbprintf_package_copy(package, inlen,
 80018a2:	2304      	movs	r3, #4
 80018a4:	9302      	str	r3, [sp, #8]
 80018a6:	18fb      	adds	r3, r7, r3
 80018a8:	9301      	str	r3, [sp, #4]
 80018aa:	230a      	movs	r3, #10
 80018ac:	9300      	str	r3, [sp, #0]
 80018ae:	4653      	mov	r3, sl
 80018b0:	f100 0210 	add.w	r2, r0, #16
 80018b4:	4621      	mov	r1, r4
 80018b6:	4648      	mov	r0, r9
 80018b8:	f7ff ff54 	bl	8001764 <cbprintf_package_copy>
						    msg->data, out_desc.package_len,
						    flags, strl, ARRAY_SIZE(strl));
			__ASSERT_NO_MSG(len >= 0);
 80018bc:	e008      	b.n	80018d0 <z_impl_z_log_msg_static_create+0x13c>
 80018be:	eb04 5411 	add.w	r4, r4, r1, lsr #20
 80018c2:	3417      	adds	r4, #23
 80018c4:	f024 0407 	bic.w	r4, r4, #7
		}
	} else {
		msg = z_log_msg_alloc(log_msg_get_total_wlen(out_desc));
 80018c8:	08a0      	lsrs	r0, r4, #2
 80018ca:	f7ff fded 	bl	80014a8 <z_log_msg_alloc>
 80018ce:	4683      	mov	fp, r0
	}

	z_log_msg_finalize(msg, source, out_desc, data);
 80018d0:	4633      	mov	r3, r6
 80018d2:	4642      	mov	r2, r8
 80018d4:	4629      	mov	r1, r5
 80018d6:	4658      	mov	r0, fp
 80018d8:	f005 f9c7 	bl	8006c6a <z_log_msg_finalize>
}
 80018dc:	371c      	adds	r7, #28
 80018de:	46bd      	mov	sp, r7
 80018e0:	e8bd 8ff0 	ldmia.w	sp!, {r4, r5, r6, r7, r8, r9, sl, fp, pc}
 80018e4:	08008730 	.word	0x08008730
 80018e8:	080084d4 	.word	0x080084d4

080018ec <z_log_msg_runtime_vcreate>:
#endif

void z_log_msg_runtime_vcreate(uint8_t domain_id, const void *source,
				uint8_t level, const void *data, size_t dlen,
				uint32_t package_flags, const char *fmt, va_list ap)
{
 80018ec:	e92d 4ff0 	stmdb	sp!, {r4, r5, r6, r7, r8, r9, sl, fp, lr}
 80018f0:	b085      	sub	sp, #20
 80018f2:	4681      	mov	r9, r0
 80018f4:	460e      	mov	r6, r1
 80018f6:	4690      	mov	r8, r2
 80018f8:	461f      	mov	r7, r3
 80018fa:	f8dd b038 	ldr.w	fp, [sp, #56]	@ 0x38
 80018fe:	f8dd a040 	ldr.w	sl, [sp, #64]	@ 0x40
	int plen;

	if (fmt) {
 8001902:	f1ba 0f00 	cmp.w	sl, #0
 8001906:	d041      	beq.n	800198c <z_log_msg_runtime_vcreate+0xa0>
		va_list ap2;

		va_copy(ap2, ap);
 8001908:	9b11      	ldr	r3, [sp, #68]	@ 0x44
 800190a:	9303      	str	r3, [sp, #12]
		plen = cbvprintf_package(NULL, Z_LOG_MSG_ALIGN_OFFSET,
 800190c:	9300      	str	r3, [sp, #0]
 800190e:	4653      	mov	r3, sl
 8001910:	9a0f      	ldr	r2, [sp, #60]	@ 0x3c
 8001912:	2110      	movs	r1, #16
 8001914:	2000      	movs	r0, #0
 8001916:	f7fe febd 	bl	8000694 <cbvprintf_package>
 800191a:	4605      	mov	r5, r0
		va_end(ap2);
	} else {
		plen = 0;
	}

	if (plen > Z_LOG_MSG_MAX_PACKAGE) {
 800191c:	f5b0 6f00 	cmp.w	r0, #2048	@ 0x800
 8001920:	d22c      	bcs.n	800197c <z_log_msg_runtime_vcreate+0x90>
		LOG_WRN("Message dropped because it exceeds size limitation (%u)",
			(uint32_t)Z_LOG_MSG_MAX_PACKAGE);
		return;
	}

	size_t msg_wlen = Z_LOG_MSG_ALIGNED_WLEN(plen, dlen);
 8001922:	eb0b 0005 	add.w	r0, fp, r5
 8001926:	3017      	adds	r0, #23
 8001928:	f020 0007 	bic.w	r0, r0, #7
 800192c:	0880      	lsrs	r0, r0, #2
	struct log_msg *msg;
	uint8_t *pkg;
	struct log_msg_desc desc =
 800192e:	2400      	movs	r4, #0
 8001930:	f024 0401 	bic.w	r4, r4, #1
 8001934:	f024 0402 	bic.w	r4, r4, #2
 8001938:	f024 0404 	bic.w	r4, r4, #4
 800193c:	f369 04c5 	bfi	r4, r9, #3, #3
 8001940:	f368 1488 	bfi	r4, r8, #6, #3
 8001944:	f365 2453 	bfi	r4, r5, #9, #11
 8001948:	f36b 541f 	bfi	r4, fp, #20, #12
	if (k_is_user_context()) {
		pkg = alloca(plen);
		msg = NULL;
	} else if (IS_ENABLED(CONFIG_LOG_MODE_DEFERRED) && BACKENDS_IN_USE()) {
		compiler_barrier();
		msg = z_log_msg_alloc(msg_wlen);
 800194c:	f7ff fdac 	bl	80014a8 <z_log_msg_alloc>
		if (IS_ENABLED(CONFIG_LOG_FRONTEND) && msg == NULL) {
			pkg = alloca(plen);
		} else {
			pkg = msg ? msg->data : NULL;
 8001950:	4680      	mov	r8, r0
 8001952:	b150      	cbz	r0, 800196a <z_log_msg_runtime_vcreate+0x7e>
 8001954:	3010      	adds	r0, #16
		compiler_barrier();
		msg = alloca(msg_wlen * sizeof(int));
		pkg = msg->data;
	}

	if (pkg && fmt) {
 8001956:	f1ba 0f00 	cmp.w	sl, #0
 800195a:	d006      	beq.n	800196a <z_log_msg_runtime_vcreate+0x7e>
		plen = cbvprintf_package(pkg, (size_t)plen, package_flags, fmt, ap);
 800195c:	9b11      	ldr	r3, [sp, #68]	@ 0x44
 800195e:	9300      	str	r3, [sp, #0]
 8001960:	4653      	mov	r3, sl
 8001962:	9a0f      	ldr	r2, [sp, #60]	@ 0x3c
 8001964:	4629      	mov	r1, r5
 8001966:	f7fe fe95 	bl	8000694 <cbvprintf_package>
		    frontend_runtime_filtering(source, desc.level)) {
			log_frontend_msg(source, desc, pkg, data);
		}

		if (BACKENDS_IN_USE()) {
			z_log_msg_finalize(msg, source, desc, data);
 800196a:	463b      	mov	r3, r7
 800196c:	4622      	mov	r2, r4
 800196e:	4631      	mov	r1, r6
 8001970:	4640      	mov	r0, r8
 8001972:	f005 f97a 	bl	8006c6a <z_log_msg_finalize>
		}
	}
}
 8001976:	b005      	add	sp, #20
 8001978:	e8bd 8ff0 	ldmia.w	sp!, {r4, r5, r6, r7, r8, r9, sl, fp, pc}
	z_impl_z_log_msg_simple_create_1(source, level, fmt, arg);
 800197c:	f240 73ff 	movw	r3, #2047	@ 0x7ff
 8001980:	4a03      	ldr	r2, [pc, #12]	@ (8001990 <z_log_msg_runtime_vcreate+0xa4>)
 8001982:	2102      	movs	r1, #2
 8001984:	4803      	ldr	r0, [pc, #12]	@ (8001994 <z_log_msg_runtime_vcreate+0xa8>)
 8001986:	f005 f9c2 	bl	8006d0e <z_impl_z_log_msg_simple_create_1>
		return;
 800198a:	e7f4      	b.n	8001976 <z_log_msg_runtime_vcreate+0x8a>
		plen = 0;
 800198c:	2500      	movs	r5, #0
 800198e:	e7c8      	b.n	8001922 <z_log_msg_runtime_vcreate+0x36>
 8001990:	08008770 	.word	0x08008770
 8001994:	080084d4 	.word	0x080084d4

08001998 <log_msg_get_source_id>:
 *
 * @return Pointer to the source data.
 */
static inline const void *log_msg_get_source(struct log_msg *msg)
{
	return msg->hdr.source;
 8001998:	6840      	ldr	r0, [r0, #4]
		return (int16_t)(uintptr_t)log_msg_get_source(msg);
	}

	void *source = (void *)log_msg_get_source(msg);

	if (source != NULL) {
 800199a:	b120      	cbz	r0, 80019a6 <log_msg_get_source_id+0xe>
 * @return Source ID.
 */
static inline uint32_t log_const_source_id(
				const struct log_source_const_data *data)
{
	return ((const uint8_t *)data - (uint8_t *)TYPE_SECTION_START(log_const))/
 800199c:	4b03      	ldr	r3, [pc, #12]	@ (80019ac <log_msg_get_source_id+0x14>)
 800199e:	1ac0      	subs	r0, r0, r3
		return log_source_id(source);
 80019a0:	f340 00cf 	sbfx	r0, r0, #3, #16
 80019a4:	4770      	bx	lr
	}

	return -1;
 80019a6:	f04f 30ff 	mov.w	r0, #4294967295
}
 80019aa:	4770      	bx	lr
 80019ac:	080084c4 	.word	0x080084c4

080019b0 <print_formatted>:
	return 0;
}

static int print_formatted(const struct log_output *output,
			   const char *fmt, ...)
{
 80019b0:	b40e      	push	{r1, r2, r3}
 80019b2:	b500      	push	{lr}
 80019b4:	b082      	sub	sp, #8
 80019b6:	4601      	mov	r1, r0
 80019b8:	ab03      	add	r3, sp, #12
 80019ba:	f853 2b04 	ldr.w	r2, [r3], #4
	va_list args;
	int length = 0;

	va_start(args, fmt);
 80019be:	9301      	str	r3, [sp, #4]
	length = cbvprintf(out_func, (void *)output, fmt, args);
 80019c0:	4803      	ldr	r0, [pc, #12]	@ (80019d0 <print_formatted+0x20>)
 80019c2:	f001 f8bd 	bl	8002b40 <cbvprintf>
	va_end(args);

	return length;
}
 80019c6:	b002      	add	sp, #8
 80019c8:	f85d eb04 	ldr.w	lr, [sp], #4
 80019cc:	b003      	add	sp, #12
 80019ce:	4770      	bx	lr
 80019d0:	08006d5b 	.word	0x08006d5b

080019d4 <timestamp_print>:

static int timestamp_print(const struct log_output *output,
			   uint32_t flags, log_timestamp_t timestamp)
{
 80019d4:	b510      	push	{r4, lr}
 80019d6:	b084      	sub	sp, #16
		(flags & LOG_OUTPUT_FLAG_FORMAT_SYSLOG) |
		IS_ENABLED(CONFIG_LOG_OUTPUT_FORMAT_LINUX_TIMESTAMP) |
		IS_ENABLED(CONFIG_LOG_OUTPUT_FORMAT_CUSTOM_TIMESTAMP);


	if (!format) {
 80019d8:	f011 0f44 	tst.w	r1, #68	@ 0x44
 80019dc:	d005      	beq.n	80019ea <timestamp_print+0x16>
#ifndef CONFIG_LOG_TIMESTAMP_64BIT
		length = print_formatted(output, "[%08lu] ", timestamp);
#else
		length = print_formatted(output, "[%016llu] ", timestamp);
#endif
	} else if (freq != 0U) {
 80019de:	4b1a      	ldr	r3, [pc, #104]	@ (8001a48 <timestamp_print+0x74>)
 80019e0:	681b      	ldr	r3, [r3, #0]
 80019e2:	b933      	cbnz	r3, 80019f2 <timestamp_print+0x1e>
							"[%02u:%02u:%02u.%03u,%03u] ",
							hours, mins, seconds, ms, us);
			}
		}
	} else {
		length = 0;
 80019e4:	2000      	movs	r0, #0
	}

	return length;
}
 80019e6:	b004      	add	sp, #16
 80019e8:	bd10      	pop	{r4, pc}
		length = print_formatted(output, "[%08lu] ", timestamp);
 80019ea:	4918      	ldr	r1, [pc, #96]	@ (8001a4c <timestamp_print+0x78>)
 80019ec:	f7ff ffe0 	bl	80019b0 <print_formatted>
 80019f0:	e7f9      	b.n	80019e6 <timestamp_print+0x12>
		timestamp /= timestamp_div;
 80019f2:	4917      	ldr	r1, [pc, #92]	@ (8001a50 <timestamp_print+0x7c>)
 80019f4:	6809      	ldr	r1, [r1, #0]
 80019f6:	fbb2 f2f1 	udiv	r2, r2, r1
		total_seconds = timestamp / freq;
 80019fa:	fbb2 fcf3 	udiv	ip, r2, r3
		remainder = timestamp % freq;
 80019fe:	fb03 221c 	mls	r2, r3, ip, r2
		ms = (remainder * 1000U) / freq;
 8001a02:	f44f 7e7a 	mov.w	lr, #1000	@ 0x3e8
 8001a06:	fb0e f202 	mul.w	r2, lr, r2
 8001a0a:	fbb2 f4f3 	udiv	r4, r2, r3
		us = (1000 * (remainder * 1000U - (ms * freq))) / freq;
 8001a0e:	fb03 2114 	mls	r1, r3, r4, r2
 8001a12:	fb0e f101 	mul.w	r1, lr, r1
 8001a16:	fbb1 f1f3 	udiv	r1, r1, r3
				hours = seconds / 3600U;
 8001a1a:	4a0e      	ldr	r2, [pc, #56]	@ (8001a54 <timestamp_print+0x80>)
 8001a1c:	fba2 320c 	umull	r3, r2, r2, ip
 8001a20:	0ad2      	lsrs	r2, r2, #11
				seconds -= hours * 3600U;
 8001a22:	f44f 6361 	mov.w	r3, #3600	@ 0xe10
 8001a26:	fb03 cc12 	mls	ip, r3, r2, ip
				mins = seconds / 60U;
 8001a2a:	4b0b      	ldr	r3, [pc, #44]	@ (8001a58 <timestamp_print+0x84>)
 8001a2c:	fba3 e30c 	umull	lr, r3, r3, ip
 8001a30:	095b      	lsrs	r3, r3, #5
				length = print_formatted(output,
 8001a32:	9102      	str	r1, [sp, #8]
 8001a34:	9401      	str	r4, [sp, #4]
 8001a36:	ebc3 1103 	rsb	r1, r3, r3, lsl #4
 8001a3a:	ebac 0181 	sub.w	r1, ip, r1, lsl #2
 8001a3e:	9100      	str	r1, [sp, #0]
 8001a40:	4906      	ldr	r1, [pc, #24]	@ (8001a5c <timestamp_print+0x88>)
 8001a42:	f7ff ffb5 	bl	80019b0 <print_formatted>
 8001a46:	e7ce      	b.n	80019e6 <timestamp_print+0x12>
 8001a48:	2000089c 	.word	0x2000089c
 8001a4c:	080087a8 	.word	0x080087a8
 8001a50:	20000898 	.word	0x20000898
 8001a54:	91a2b3c5 	.word	0x91a2b3c5
 8001a58:	88888889 	.word	0x88888889
 8001a5c:	080087b4 	.word	0x080087b4

08001a60 <color_print>:

static void color_print(const struct log_output *output,
			bool color, bool start, uint32_t level)
{
	if (color) {
 8001a60:	b161      	cbz	r1, 8001a7c <color_print+0x1c>
{
 8001a62:	b508      	push	{r3, lr}
		const char *log_color = start && (colors[level] != NULL) ?
				colors[level] : LOG_COLOR_CODE_DEFAULT;
 8001a64:	b12a      	cbz	r2, 8001a72 <color_print+0x12>
		const char *log_color = start && (colors[level] != NULL) ?
 8001a66:	4a06      	ldr	r2, [pc, #24]	@ (8001a80 <color_print+0x20>)
 8001a68:	f852 2023 	ldr.w	r2, [r2, r3, lsl #2]
 8001a6c:	b912      	cbnz	r2, 8001a74 <color_print+0x14>
				colors[level] : LOG_COLOR_CODE_DEFAULT;
 8001a6e:	4a05      	ldr	r2, [pc, #20]	@ (8001a84 <color_print+0x24>)
 8001a70:	e000      	b.n	8001a74 <color_print+0x14>
 8001a72:	4a04      	ldr	r2, [pc, #16]	@ (8001a84 <color_print+0x24>)
		print_formatted(output, "%s", log_color);
 8001a74:	4904      	ldr	r1, [pc, #16]	@ (8001a88 <color_print+0x28>)
 8001a76:	f7ff ff9b 	bl	80019b0 <print_formatted>
	}
}
 8001a7a:	bd08      	pop	{r3, pc}
 8001a7c:	4770      	bx	lr
 8001a7e:	bf00      	nop
 8001a80:	08009204 	.word	0x08009204
 8001a84:	080087d0 	.word	0x080087d0
 8001a88:	080087d8 	.word	0x080087d8

08001a8c <ids_print>:
		     const char *domain,
		     const char *source,
		     k_tid_t tid,
		     uint8_t core_id,
		     uint32_t level)
{
 8001a8c:	e92d 41f0 	stmdb	sp!, {r4, r5, r6, r7, r8, lr}
 8001a90:	4605      	mov	r5, r0
 8001a92:	4617      	mov	r7, r2
 8001a94:	9e07      	ldr	r6, [sp, #28]
 8001a96:	f8dd 8020 	ldr.w	r8, [sp, #32]
	int total = 0;

	if (level_on) {
 8001a9a:	b981      	cbnz	r1, 8001abe <ids_print+0x32>
	int total = 0;
 8001a9c:	2400      	movs	r4, #0

	if (IS_ENABLED(CONFIG_LOG_CORE_ID_PREFIX) && core_on) {
		total += print_formatted(output, "[core %d] ", core_id);
	}

	if (domain) {
 8001a9e:	b12e      	cbz	r6, 8001aac <ids_print+0x20>
		total += print_formatted(output, "%s/", domain);
 8001aa0:	4632      	mov	r2, r6
 8001aa2:	4911      	ldr	r1, [pc, #68]	@ (8001ae8 <ids_print+0x5c>)
 8001aa4:	4628      	mov	r0, r5
 8001aa6:	f7ff ff83 	bl	80019b0 <print_formatted>
 8001aaa:	4404      	add	r4, r0
	}

	if (source) {
 8001aac:	f1b8 0f00 	cmp.w	r8, #0
 8001ab0:	d014      	beq.n	8001adc <ids_print+0x50>
		total += print_formatted(output,
 8001ab2:	b16f      	cbz	r7, 8001ad0 <ids_print+0x44>
				(func_on &&
 8001ab4:	9b0b      	ldr	r3, [sp, #44]	@ 0x2c
 8001ab6:	2b04      	cmp	r3, #4
 8001ab8:	d013      	beq.n	8001ae2 <ids_print+0x56>
		total += print_formatted(output,
 8001aba:	490c      	ldr	r1, [pc, #48]	@ (8001aec <ids_print+0x60>)
 8001abc:	e009      	b.n	8001ad2 <ids_print+0x46>
		total += print_formatted(output, "<%s> ", severity[level]);
 8001abe:	4b0c      	ldr	r3, [pc, #48]	@ (8001af0 <ids_print+0x64>)
 8001ac0:	9a0b      	ldr	r2, [sp, #44]	@ 0x2c
 8001ac2:	f853 2022 	ldr.w	r2, [r3, r2, lsl #2]
 8001ac6:	490b      	ldr	r1, [pc, #44]	@ (8001af4 <ids_print+0x68>)
 8001ac8:	f7ff ff72 	bl	80019b0 <print_formatted>
 8001acc:	4604      	mov	r4, r0
 8001ace:	e7e6      	b.n	8001a9e <ids_print+0x12>
		total += print_formatted(output,
 8001ad0:	4906      	ldr	r1, [pc, #24]	@ (8001aec <ids_print+0x60>)
 8001ad2:	4642      	mov	r2, r8
 8001ad4:	4628      	mov	r0, r5
 8001ad6:	f7ff ff6b 	bl	80019b0 <print_formatted>
 8001ada:	4404      	add	r4, r0
				"%s." : "%s: ",
				source);
	}

	return total;
}
 8001adc:	4620      	mov	r0, r4
 8001ade:	e8bd 81f0 	ldmia.w	sp!, {r4, r5, r6, r7, r8, pc}
		total += print_formatted(output,
 8001ae2:	4905      	ldr	r1, [pc, #20]	@ (8001af8 <ids_print+0x6c>)
 8001ae4:	e7f5      	b.n	8001ad2 <ids_print+0x46>
 8001ae6:	bf00      	nop
 8001ae8:	080087f0 	.word	0x080087f0
 8001aec:	080087e0 	.word	0x080087e0
 8001af0:	08009218 	.word	0x08009218
 8001af4:	080087e8 	.word	0x080087e8
 8001af8:	080087dc 	.word	0x080087dc

08001afc <prefix_print>:
			     const char *domain,
			     const char *source,
			     k_tid_t tid,
			     uint8_t core_id,
			     uint8_t level)
{
 8001afc:	e92d 4ff0 	stmdb	sp!, {r4, r5, r6, r7, r8, r9, sl, fp, lr}
 8001b00:	b089      	sub	sp, #36	@ 0x24
 8001b02:	4605      	mov	r5, r0
 8001b04:	460c      	mov	r4, r1
 8001b06:	9206      	str	r2, [sp, #24]
 8001b08:	9307      	str	r3, [sp, #28]
 8001b0a:	f89d 7058 	ldrb.w	r7, [sp, #88]	@ 0x58
	__ASSERT_NO_MSG(level <= LOG_LEVEL_DBG);
	uint32_t length = 0U;

	bool stamp = flags & LOG_OUTPUT_FLAG_TIMESTAMP;
 8001b0e:	f001 0b02 	and.w	fp, r1, #2
	bool colors_on = flags & LOG_OUTPUT_FLAG_COLORS;
 8001b12:	f001 0a01 	and.w	sl, r1, #1
	bool level_on = flags & LOG_OUTPUT_FLAG_LEVEL;
 8001b16:	f3c1 08c0 	ubfx	r8, r1, #3, #1
	bool thread_on = IS_ENABLED(CONFIG_LOG_THREAD_ID_PREFIX) &&
			 (flags & LOG_OUTPUT_FLAG_THREAD);
	bool core_on = IS_ENABLED(CONFIG_LOG_CORE_ID_PREFIX) &&
			 (flags & LOG_OUTPUT_FLAG_CORE);
	bool source_off = flags & LOG_OUTPUT_FLAG_SKIP_SOURCE;
 8001b1a:	f401 7980 	and.w	r9, r1, #256	@ 0x100
	const char *tag = IS_ENABLED(CONFIG_LOG) ? z_log_get_tag() : NULL;
 8001b1e:	f005 f87e 	bl	8006c1e <z_log_get_tag>
			"<%d>1 ",
			facility * 8 +
			level_to_rfc5424_severity(level));
	}

	if (tag) {
 8001b22:	b338      	cbz	r0, 8001b74 <prefix_print+0x78>
 8001b24:	4602      	mov	r2, r0
		length += print_formatted(output, "%s ", tag);
 8001b26:	4918      	ldr	r1, [pc, #96]	@ (8001b88 <prefix_print+0x8c>)
 8001b28:	4628      	mov	r0, r5
 8001b2a:	f7ff ff41 	bl	80019b0 <print_formatted>
 8001b2e:	4606      	mov	r6, r0
	}

	if (stamp) {
 8001b30:	f1bb 0f00 	cmp.w	fp, #0
 8001b34:	d120      	bne.n	8001b78 <prefix_print+0x7c>
	if (IS_ENABLED(CONFIG_LOG_BACKEND_NET) &&
	    flags & LOG_OUTPUT_FLAG_FORMAT_SYSLOG) {
		length += syslog_print(output, level_on, func_on, &thread_on, domain,
				       source_off ? NULL : source, tid, level, length);
	} else {
		color_prefix(output, colors_on, level);
 8001b36:	463a      	mov	r2, r7
 8001b38:	4651      	mov	r1, sl
 8001b3a:	4628      	mov	r0, r5
 8001b3c:	f005 f938 	bl	8006db0 <color_prefix>
	}

	length += ids_print(output, level_on, func_on, thread_on, core_on, domain,
 8001b40:	f1b9 0f00 	cmp.w	r9, #0
 8001b44:	d001      	beq.n	8001b4a <prefix_print+0x4e>
 8001b46:	2300      	movs	r3, #0
 8001b48:	9313      	str	r3, [sp, #76]	@ 0x4c
 8001b4a:	9705      	str	r7, [sp, #20]
 8001b4c:	f89d 3054 	ldrb.w	r3, [sp, #84]	@ 0x54
 8001b50:	9304      	str	r3, [sp, #16]
 8001b52:	9b14      	ldr	r3, [sp, #80]	@ 0x50
 8001b54:	9303      	str	r3, [sp, #12]
 8001b56:	9b13      	ldr	r3, [sp, #76]	@ 0x4c
 8001b58:	9302      	str	r3, [sp, #8]
 8001b5a:	9b12      	ldr	r3, [sp, #72]	@ 0x48
 8001b5c:	9301      	str	r3, [sp, #4]
 8001b5e:	2300      	movs	r3, #0
 8001b60:	9300      	str	r3, [sp, #0]
 8001b62:	9a06      	ldr	r2, [sp, #24]
 8001b64:	4641      	mov	r1, r8
 8001b66:	4628      	mov	r0, r5
 8001b68:	f7ff ff90 	bl	8001a8c <ids_print>
			    source_off ? NULL : source, tid, core_id, level);

	return length;
}
 8001b6c:	4430      	add	r0, r6
 8001b6e:	b009      	add	sp, #36	@ 0x24
 8001b70:	e8bd 8ff0 	ldmia.w	sp!, {r4, r5, r6, r7, r8, r9, sl, fp, pc}
	uint32_t length = 0U;
 8001b74:	2600      	movs	r6, #0
 8001b76:	e7db      	b.n	8001b30 <prefix_print+0x34>
		length += timestamp_print(output, flags, timestamp);
 8001b78:	9a07      	ldr	r2, [sp, #28]
 8001b7a:	4621      	mov	r1, r4
 8001b7c:	4628      	mov	r0, r5
 8001b7e:	f7ff ff29 	bl	80019d4 <timestamp_print>
 8001b82:	4406      	add	r6, r0
 8001b84:	e7d7      	b.n	8001b36 <prefix_print+0x3a>
 8001b86:	bf00      	nop
 8001b88:	080087f4 	.word	0x080087f4

08001b8c <newline_print>:
	if ((flags & LOG_OUTPUT_FLAG_CRLF_NONE) != 0U) {
 8001b8c:	f011 0f10 	tst.w	r1, #16
 8001b90:	d10b      	bne.n	8001baa <newline_print+0x1e>
{
 8001b92:	b508      	push	{r3, lr}
	if ((flags & LOG_OUTPUT_FLAG_CRLF_LFONLY) != 0U) {
 8001b94:	f011 0f20 	tst.w	r1, #32
 8001b98:	d003      	beq.n	8001ba2 <newline_print+0x16>
		print_formatted(ctx, "\n");
 8001b9a:	4904      	ldr	r1, [pc, #16]	@ (8001bac <newline_print+0x20>)
 8001b9c:	f7ff ff08 	bl	80019b0 <print_formatted>
}
 8001ba0:	bd08      	pop	{r3, pc}
		print_formatted(ctx, "\r\n");
 8001ba2:	4903      	ldr	r1, [pc, #12]	@ (8001bb0 <newline_print+0x24>)
 8001ba4:	f7ff ff04 	bl	80019b0 <print_formatted>
 8001ba8:	e7fa      	b.n	8001ba0 <newline_print+0x14>
 8001baa:	4770      	bx	lr
 8001bac:	080087f8 	.word	0x080087f8
 8001bb0:	080087fc 	.word	0x080087fc

08001bb4 <hexdump_line_print>:
{
 8001bb4:	e92d 41f0 	stmdb	sp!, {r4, r5, r6, r7, r8, lr}
 8001bb8:	4605      	mov	r5, r0
 8001bba:	460f      	mov	r7, r1
 8001bbc:	4616      	mov	r6, r2
 8001bbe:	4698      	mov	r8, r3
	newline_print(output, flags);
 8001bc0:	9906      	ldr	r1, [sp, #24]
 8001bc2:	f7ff ffe3 	bl	8001b8c <newline_print>
	for (int i = 0; i < prefix_offset; i++) {
 8001bc6:	2400      	movs	r4, #0
 8001bc8:	e004      	b.n	8001bd4 <hexdump_line_print+0x20>
		print_formatted(output, " ");
 8001bca:	4925      	ldr	r1, [pc, #148]	@ (8001c60 <hexdump_line_print+0xac>)
 8001bcc:	4628      	mov	r0, r5
 8001bce:	f7ff feef 	bl	80019b0 <print_formatted>
	for (int i = 0; i < prefix_offset; i++) {
 8001bd2:	3401      	adds	r4, #1
 8001bd4:	4544      	cmp	r4, r8
 8001bd6:	dbf8      	blt.n	8001bca <hexdump_line_print+0x16>
	for (int i = 0; i < HEXDUMP_BYTES_IN_LINE; i++) {
 8001bd8:	2400      	movs	r4, #0
 8001bda:	e009      	b.n	8001bf0 <hexdump_line_print+0x3c>
			print_formatted(output, " ");
 8001bdc:	4920      	ldr	r1, [pc, #128]	@ (8001c60 <hexdump_line_print+0xac>)
 8001bde:	4628      	mov	r0, r5
 8001be0:	f7ff fee6 	bl	80019b0 <print_formatted>
 8001be4:	e00b      	b.n	8001bfe <hexdump_line_print+0x4a>
			print_formatted(output, "   ");
 8001be6:	491f      	ldr	r1, [pc, #124]	@ (8001c64 <hexdump_line_print+0xb0>)
 8001be8:	4628      	mov	r0, r5
 8001bea:	f7ff fee1 	bl	80019b0 <print_formatted>
	for (int i = 0; i < HEXDUMP_BYTES_IN_LINE; i++) {
 8001bee:	3401      	adds	r4, #1
 8001bf0:	2c0f      	cmp	r4, #15
 8001bf2:	dc0c      	bgt.n	8001c0e <hexdump_line_print+0x5a>
		if (i > 0 && !(i % 8)) {
 8001bf4:	2c00      	cmp	r4, #0
 8001bf6:	dd02      	ble.n	8001bfe <hexdump_line_print+0x4a>
 8001bf8:	f014 0f07 	tst.w	r4, #7
 8001bfc:	d0ee      	beq.n	8001bdc <hexdump_line_print+0x28>
		if (i < length) {
 8001bfe:	42b4      	cmp	r4, r6
 8001c00:	d2f1      	bcs.n	8001be6 <hexdump_line_print+0x32>
			print_formatted(output, "%02x ", data[i]);
 8001c02:	5d3a      	ldrb	r2, [r7, r4]
 8001c04:	4918      	ldr	r1, [pc, #96]	@ (8001c68 <hexdump_line_print+0xb4>)
 8001c06:	4628      	mov	r0, r5
 8001c08:	f7ff fed2 	bl	80019b0 <print_formatted>
 8001c0c:	e7ef      	b.n	8001bee <hexdump_line_print+0x3a>
	print_formatted(output, "|");
 8001c0e:	4917      	ldr	r1, [pc, #92]	@ (8001c6c <hexdump_line_print+0xb8>)
 8001c10:	4628      	mov	r0, r5
 8001c12:	f7ff fecd 	bl	80019b0 <print_formatted>
	for (int i = 0; i < HEXDUMP_BYTES_IN_LINE; i++) {
 8001c16:	2400      	movs	r4, #0
 8001c18:	e009      	b.n	8001c2e <hexdump_line_print+0x7a>
			print_formatted(output, " ");
 8001c1a:	4911      	ldr	r1, [pc, #68]	@ (8001c60 <hexdump_line_print+0xac>)
 8001c1c:	4628      	mov	r0, r5
 8001c1e:	f7ff fec7 	bl	80019b0 <print_formatted>
 8001c22:	e00b      	b.n	8001c3c <hexdump_line_print+0x88>
			print_formatted(output, "%c",
 8001c24:	4912      	ldr	r1, [pc, #72]	@ (8001c70 <hexdump_line_print+0xbc>)
 8001c26:	4628      	mov	r0, r5
 8001c28:	f7ff fec2 	bl	80019b0 <print_formatted>
	for (int i = 0; i < HEXDUMP_BYTES_IN_LINE; i++) {
 8001c2c:	3401      	adds	r4, #1
 8001c2e:	2c0f      	cmp	r4, #15
 8001c30:	dc13      	bgt.n	8001c5a <hexdump_line_print+0xa6>
		if (i > 0 && !(i % 8)) {
 8001c32:	2c00      	cmp	r4, #0
 8001c34:	dd02      	ble.n	8001c3c <hexdump_line_print+0x88>
 8001c36:	f014 0f07 	tst.w	r4, #7
 8001c3a:	d0ee      	beq.n	8001c1a <hexdump_line_print+0x66>
		if (i < length) {
 8001c3c:	42b4      	cmp	r4, r6
 8001c3e:	d207      	bcs.n	8001c50 <hexdump_line_print+0x9c>
			unsigned char c = (unsigned char)data[i];
 8001c40:	5d3a      	ldrb	r2, [r7, r4]
			      isprint((int)c) != 0 ? c : '.');
 8001c42:	4b0c      	ldr	r3, [pc, #48]	@ (8001c74 <hexdump_line_print+0xc0>)
 8001c44:	5c9b      	ldrb	r3, [r3, r2]
			print_formatted(output, "%c",
 8001c46:	f013 0f97 	tst.w	r3, #151	@ 0x97
 8001c4a:	d1eb      	bne.n	8001c24 <hexdump_line_print+0x70>
 8001c4c:	222e      	movs	r2, #46	@ 0x2e
 8001c4e:	e7e9      	b.n	8001c24 <hexdump_line_print+0x70>
			print_formatted(output, " ");
 8001c50:	4903      	ldr	r1, [pc, #12]	@ (8001c60 <hexdump_line_print+0xac>)
 8001c52:	4628      	mov	r0, r5
 8001c54:	f7ff feac 	bl	80019b0 <print_formatted>
 8001c58:	e7e8      	b.n	8001c2c <hexdump_line_print+0x78>
}
 8001c5a:	e8bd 81f0 	ldmia.w	sp!, {r4, r5, r6, r7, r8, pc}
 8001c5e:	bf00      	nop
 8001c60:	08008800 	.word	0x08008800
 8001c64:	0800880c 	.word	0x0800880c
 8001c68:	08008804 	.word	0x08008804
 8001c6c:	08008810 	.word	0x08008810
 8001c70:	08008814 	.word	0x08008814
 8001c74:	0800948c 	.word	0x0800948c

08001c78 <log_output_process>:
			uint8_t level,
			const uint8_t *package,
			const uint8_t *data,
			size_t data_len,
			uint32_t flags)
{
 8001c78:	e92d 41f0 	stmdb	sp!, {r4, r5, r6, r7, r8, lr}
 8001c7c:	b086      	sub	sp, #24
 8001c7e:	4604      	mov	r4, r0
 8001c80:	f89d 5038 	ldrb.w	r5, [sp, #56]	@ 0x38
 8001c84:	9f0f      	ldr	r7, [sp, #60]	@ 0x3c
 8001c86:	9e11      	ldr	r6, [sp, #68]	@ 0x44
	bool raw_string = (level == LOG_LEVEL_INTERNAL_RAW_STRING);
	uint32_t prefix_offset;
	cbprintf_cb cb;

	if (!raw_string) {
 8001c88:	b995      	cbnz	r5, 8001cb0 <log_output_process+0x38>
		prefix_offset = 0;
		/* source set to 1 indicates raw string and contrary to printk
		 * case it should not append anything to the output (printk is
		 * appending <CR> to the new line character).
		 */
		cb = ((uintptr_t)source == 1) ? out_func : cr_out_func;
 8001c8a:	2b01      	cmp	r3, #1
 8001c8c:	d021      	beq.n	8001cd2 <log_output_process+0x5a>
 8001c8e:	481a      	ldr	r0, [pc, #104]	@ (8001cf8 <log_output_process+0x80>)
		prefix_offset = 0;
 8001c90:	f04f 0800 	mov.w	r8, #0
	}

	if (package) {
 8001c94:	b127      	cbz	r7, 8001ca0 <log_output_process+0x28>
		return cbpprintf_external(out, cbvprintf_tagged_args,
					  ctx, packaged);
	}
#endif

	return cbpprintf_external(out, cbvprintf, ctx, packaged);
 8001c96:	463b      	mov	r3, r7
 8001c98:	4622      	mov	r2, r4
 8001c9a:	4918      	ldr	r1, [pc, #96]	@ (8001cfc <log_output_process+0x84>)
 8001c9c:	f004 fb12 	bl	80062c4 <cbpprintf_external>

		(void)err;
		__ASSERT_NO_MSG(err >= 0);
	}

	if (data_len) {
 8001ca0:	b9de      	cbnz	r6, 8001cda <log_output_process+0x62>
		log_msg_hexdump(output, (uint8_t *)data, data_len, prefix_offset, flags);
	}

	if (!raw_string) {
 8001ca2:	bb1d      	cbnz	r5, 8001cec <log_output_process+0x74>
		postfix_print(output, flags, level);
	}

	log_output_flush(output);
 8001ca4:	4620      	mov	r0, r4
 8001ca6:	f005 f841 	bl	8006d2c <log_output_flush>
}
 8001caa:	b006      	add	sp, #24
 8001cac:	e8bd 81f0 	ldmia.w	sp!, {r4, r5, r6, r7, r8, pc}
		prefix_offset = prefix_print(output, flags, 0, timestamp,
 8001cb0:	9504      	str	r5, [sp, #16]
 8001cb2:	f89d 0034 	ldrb.w	r0, [sp, #52]	@ 0x34
 8001cb6:	9003      	str	r0, [sp, #12]
 8001cb8:	980c      	ldr	r0, [sp, #48]	@ 0x30
 8001cba:	9002      	str	r0, [sp, #8]
 8001cbc:	9301      	str	r3, [sp, #4]
 8001cbe:	9200      	str	r2, [sp, #0]
 8001cc0:	460b      	mov	r3, r1
 8001cc2:	2200      	movs	r2, #0
 8001cc4:	9912      	ldr	r1, [sp, #72]	@ 0x48
 8001cc6:	4620      	mov	r0, r4
 8001cc8:	f7ff ff18 	bl	8001afc <prefix_print>
 8001ccc:	4680      	mov	r8, r0
		cb = out_func;
 8001cce:	480c      	ldr	r0, [pc, #48]	@ (8001d00 <log_output_process+0x88>)
 8001cd0:	e7e0      	b.n	8001c94 <log_output_process+0x1c>
		cb = ((uintptr_t)source == 1) ? out_func : cr_out_func;
 8001cd2:	480b      	ldr	r0, [pc, #44]	@ (8001d00 <log_output_process+0x88>)
		prefix_offset = 0;
 8001cd4:	f04f 0800 	mov.w	r8, #0
 8001cd8:	e7dc      	b.n	8001c94 <log_output_process+0x1c>
		log_msg_hexdump(output, (uint8_t *)data, data_len, prefix_offset, flags);
 8001cda:	9b12      	ldr	r3, [sp, #72]	@ 0x48
 8001cdc:	9300      	str	r3, [sp, #0]
 8001cde:	4643      	mov	r3, r8
 8001ce0:	4632      	mov	r2, r6
 8001ce2:	9910      	ldr	r1, [sp, #64]	@ 0x40
 8001ce4:	4620      	mov	r0, r4
 8001ce6:	f005 f87b 	bl	8006de0 <log_msg_hexdump>
 8001cea:	e7da      	b.n	8001ca2 <log_output_process+0x2a>
		postfix_print(output, flags, level);
 8001cec:	462a      	mov	r2, r5
 8001cee:	9912      	ldr	r1, [sp, #72]	@ 0x48
 8001cf0:	4620      	mov	r0, r4
 8001cf2:	f005 f869 	bl	8006dc8 <postfix_print>
 8001cf6:	e7d5      	b.n	8001ca4 <log_output_process+0x2c>
 8001cf8:	08006d93 	.word	0x08006d93
 8001cfc:	08002b41 	.word	0x08002b41
 8001d00:	08006d5b 	.word	0x08006d5b

08001d04 <log_output_dropped_process>:
			   log_msg_get_core_id(msg), level,
			   plen > 0 ? package : NULL, data, dlen, flags);
}

void log_output_dropped_process(const struct log_output *output, uint32_t cnt)
{
 8001d04:	e92d 43f0 	stmdb	sp!, {r4, r5, r6, r7, r8, r9, lr}
 8001d08:	b083      	sub	sp, #12
 8001d0a:	4606      	mov	r6, r0
	char buf[5];
	int len;
	static const char prefix[] = DROPPED_COLOR_PREFIX "--- ";
	static const char postfix[] =
			" messages dropped ---\r\n" DROPPED_COLOR_POSTFIX;
	log_output_func_t outf = output->func;
 8001d0c:	6805      	ldr	r5, [r0, #0]

	cnt = MIN(cnt, 9999);
	len = snprintk(buf, sizeof(buf), "%d", cnt);
 8001d0e:	f242 730f 	movw	r3, #9999	@ 0x270f
 8001d12:	428b      	cmp	r3, r1
 8001d14:	bf28      	it	cs
 8001d16:	460b      	movcs	r3, r1
 8001d18:	4a18      	ldr	r2, [pc, #96]	@ (8001d7c <log_output_dropped_process+0x78>)
 8001d1a:	2105      	movs	r1, #5
 8001d1c:	4668      	mov	r0, sp
 8001d1e:	f003 fc8b 	bl	8005638 <snprintf>
 8001d22:	4604      	mov	r4, r0

	log_output_write(outf, (uint8_t *)prefix, sizeof(prefix) - 1, output->control_block->ctx);
 8001d24:	6873      	ldr	r3, [r6, #4]
 8001d26:	f8d3 9004 	ldr.w	r9, [r3, #4]
 */
static inline void log_output_write(log_output_func_t outf, uint8_t *buf, size_t len, void *ctx)
{
	int processed;

	while (len != 0) {
 8001d2a:	270b      	movs	r7, #11
 8001d2c:	f8df 8050 	ldr.w	r8, [pc, #80]	@ 8001d80 <log_output_dropped_process+0x7c>
 8001d30:	e005      	b.n	8001d3e <log_output_dropped_process+0x3a>
		processed = outf(buf, len, ctx);
 8001d32:	464a      	mov	r2, r9
 8001d34:	4639      	mov	r1, r7
 8001d36:	4640      	mov	r0, r8
 8001d38:	47a8      	blx	r5
		len -= processed;
 8001d3a:	1a3f      	subs	r7, r7, r0
		buf += processed;
 8001d3c:	4480      	add	r8, r0
	while (len != 0) {
 8001d3e:	2f00      	cmp	r7, #0
 8001d40:	d1f7      	bne.n	8001d32 <log_output_dropped_process+0x2e>
	log_output_write(outf, buf, len, output->control_block->ctx);
 8001d42:	6873      	ldr	r3, [r6, #4]
 8001d44:	f8d3 8004 	ldr.w	r8, [r3, #4]
 8001d48:	466f      	mov	r7, sp
 8001d4a:	e005      	b.n	8001d58 <log_output_dropped_process+0x54>
		processed = outf(buf, len, ctx);
 8001d4c:	4642      	mov	r2, r8
 8001d4e:	4621      	mov	r1, r4
 8001d50:	4638      	mov	r0, r7
 8001d52:	47a8      	blx	r5
		len -= processed;
 8001d54:	1a24      	subs	r4, r4, r0
		buf += processed;
 8001d56:	4407      	add	r7, r0
	while (len != 0) {
 8001d58:	2c00      	cmp	r4, #0
 8001d5a:	d1f7      	bne.n	8001d4c <log_output_dropped_process+0x48>
	log_output_write(outf, (uint8_t *)postfix, sizeof(postfix) - 1, output->control_block->ctx);
 8001d5c:	6873      	ldr	r3, [r6, #4]
 8001d5e:	685f      	ldr	r7, [r3, #4]
 8001d60:	241b      	movs	r4, #27
 8001d62:	4e08      	ldr	r6, [pc, #32]	@ (8001d84 <log_output_dropped_process+0x80>)
 8001d64:	e005      	b.n	8001d72 <log_output_dropped_process+0x6e>
		processed = outf(buf, len, ctx);
 8001d66:	463a      	mov	r2, r7
 8001d68:	4621      	mov	r1, r4
 8001d6a:	4630      	mov	r0, r6
 8001d6c:	47a8      	blx	r5
		len -= processed;
 8001d6e:	1a24      	subs	r4, r4, r0
		buf += processed;
 8001d70:	4406      	add	r6, r0
	while (len != 0) {
 8001d72:	2c00      	cmp	r4, #0
 8001d74:	d1f7      	bne.n	8001d66 <log_output_dropped_process+0x62>
}
 8001d76:	b003      	add	sp, #12
 8001d78:	e8bd 83f0 	ldmia.w	sp!, {r4, r5, r6, r7, r8, r9, pc}
 8001d7c:	08008908 	.word	0x08008908
 8001d80:	080091f8 	.word	0x080091f8
 8001d84:	080091dc 	.word	0x080091dc

08001d88 <log_output_timestamp_freq_set>:

void log_output_timestamp_freq_set(uint32_t frequency)
{
	timestamp_div = 1U;
 8001d88:	4b07      	ldr	r3, [pc, #28]	@ (8001da8 <log_output_timestamp_freq_set+0x20>)
 8001d8a:	2201      	movs	r2, #1
 8001d8c:	601a      	str	r2, [r3, #0]
	/* There is no point to have frequency higher than 1MHz (ns are not
	 * printed) and too high frequency leads to overflows in calculations.
	 */
	while (frequency > 1000000) {
 8001d8e:	e004      	b.n	8001d9a <log_output_timestamp_freq_set+0x12>
		frequency /= 2U;
 8001d90:	0840      	lsrs	r0, r0, #1
		timestamp_div *= 2U;
 8001d92:	4a05      	ldr	r2, [pc, #20]	@ (8001da8 <log_output_timestamp_freq_set+0x20>)
 8001d94:	6813      	ldr	r3, [r2, #0]
 8001d96:	005b      	lsls	r3, r3, #1
 8001d98:	6013      	str	r3, [r2, #0]
	while (frequency > 1000000) {
 8001d9a:	4b04      	ldr	r3, [pc, #16]	@ (8001dac <log_output_timestamp_freq_set+0x24>)
 8001d9c:	4298      	cmp	r0, r3
 8001d9e:	d8f7      	bhi.n	8001d90 <log_output_timestamp_freq_set+0x8>
	}

	freq = frequency;
 8001da0:	4b03      	ldr	r3, [pc, #12]	@ (8001db0 <log_output_timestamp_freq_set+0x28>)
 8001da2:	6018      	str	r0, [r3, #0]
}
 8001da4:	4770      	bx	lr
 8001da6:	bf00      	nop
 8001da8:	20000898 	.word	0x20000898
 8001dac:	000f4240 	.word	0x000f4240
 8001db0:	2000089c 	.word	0x2000089c

08001db4 <char_out>:
		uart_poll_out(uart_dev, c);
	}
}

static int char_out(uint8_t *data, size_t length, void *ctx)
{
 8001db4:	b570      	push	{r4, r5, r6, lr}
 8001db6:	4606      	mov	r6, r0
 8001db8:	460d      	mov	r5, r1
		goto cleanup;
	}

	if (!IS_ENABLED(CONFIG_LOG_BACKEND_UART_ASYNC) || lb_data->in_panic ||
	    !lb_data->use_async) {
		for (size_t i = 0; i < length; i++) {
 8001dba:	2400      	movs	r4, #0
 8001dbc:	e005      	b.n	8001dca <char_out+0x16>
			uart_poll_out(uart_dev, data[i]);
 8001dbe:	5d31      	ldrb	r1, [r6, r4]
#endif
}

static inline void z_impl_uart_poll_out(const struct device *dev, unsigned char out_char)
{
	const struct uart_driver_api *api = (const struct uart_driver_api *)dev->api;
 8001dc0:	4804      	ldr	r0, [pc, #16]	@ (8001dd4 <char_out+0x20>)
 8001dc2:	6883      	ldr	r3, [r0, #8]

	api->poll_out(dev, out_char);
 8001dc4:	685b      	ldr	r3, [r3, #4]
 8001dc6:	4798      	blx	r3
		for (size_t i = 0; i < length; i++) {
 8001dc8:	3401      	adds	r4, #1
 8001dca:	42ac      	cmp	r4, r5
 8001dcc:	d3f7      	bcc.n	8001dbe <char_out+0xa>
	 * As errors cannot be returned, ignore the return value
	 */
	(void)pm_device_runtime_put_async(uart_dev, K_MSEC(1));

	return length;
}
 8001dce:	4628      	mov	r0, r5
 8001dd0:	bd70      	pop	{r4, r5, r6, pc}
 8001dd2:	bf00      	nop
 8001dd4:	080081b4 	.word	0x080081b4

08001dd8 <mem_attr_get_regions>:
	DT_MEMORY_ATTR_FOREACH_STATUS_OKAY_NODE(_BUILD_MEM_ATTR_REGION)
};

size_t mem_attr_get_regions(const struct mem_attr_region_t **region)
{
	*region = mem_attr_region;
 8001dd8:	4b01      	ldr	r3, [pc, #4]	@ (8001de0 <mem_attr_get_regions+0x8>)
 8001dda:	6003      	str	r3, [r0, #0]

	return ARRAY_SIZE(mem_attr_region);
}
 8001ddc:	2000      	movs	r0, #0
 8001dde:	4770      	bx	lr
 8001de0:	08009260 	.word	0x08009260

08001de4 <arch_bss_zero>:
 *
 * This routine clears the BSS region, so all bytes are 0.
 */
__boot_func
void arch_bss_zero(void)
{
 8001de4:	b508      	push	{r3, lr}
	if (IS_ENABLED(CONFIG_SKIP_BSS_CLEAR)) {
		return;
	}

	arch_early_memset(__bss_start, 0, __bss_end - __bss_start);
 8001de6:	4803      	ldr	r0, [pc, #12]	@ (8001df4 <arch_bss_zero+0x10>)
 8001de8:	4a03      	ldr	r2, [pc, #12]	@ (8001df8 <arch_bss_zero+0x14>)
 8001dea:	1a12      	subs	r2, r2, r0
 8001dec:	2100      	movs	r1, #0
 8001dee:	f005 f888 	bl	8006f02 <arch_early_memset>
#endif /* CONFIG_COVERAGE_GCOV */
#ifdef CONFIG_NOCACHE_MEMORY
	arch_early_memset(&_nocache_ram_start, 0,
			(uintptr_t) &_nocache_ram_end - (uintptr_t) &_nocache_ram_start);
#endif
}
 8001df2:	bd08      	pop	{r3, pc}
 8001df4:	200000d0 	.word	0x200000d0
 8001df8:	200009a8 	.word	0x200009a8

08001dfc <arch_data_copy>:
 * @brief Copy the data section from ROM to RAM
 *
 * This routine copies the data section from ROM to RAM.
 */
void arch_data_copy(void)
{
 8001dfc:	b508      	push	{r3, lr}
	arch_early_memcpy(&__data_region_start, &__data_region_load_start,
		       __data_region_end - __data_region_start);
 8001dfe:	4806      	ldr	r0, [pc, #24]	@ (8001e18 <arch_data_copy+0x1c>)
	arch_early_memcpy(&__data_region_start, &__data_region_load_start,
 8001e00:	4a06      	ldr	r2, [pc, #24]	@ (8001e1c <arch_data_copy+0x20>)
 8001e02:	1a12      	subs	r2, r2, r0
 8001e04:	4906      	ldr	r1, [pc, #24]	@ (8001e20 <arch_data_copy+0x24>)
 8001e06:	f005 f880 	bl	8006f0a <arch_early_memcpy>
#ifdef CONFIG_ARCH_HAS_RAMFUNC_SUPPORT
	arch_early_memcpy(&__ramfunc_region_start, &__ramfunc_load_start,
		       __ramfunc_end - __ramfunc_region_start);
 8001e0a:	4806      	ldr	r0, [pc, #24]	@ (8001e24 <arch_data_copy+0x28>)
	arch_early_memcpy(&__ramfunc_region_start, &__ramfunc_load_start,
 8001e0c:	4a06      	ldr	r2, [pc, #24]	@ (8001e28 <arch_data_copy+0x2c>)
 8001e0e:	1a12      	subs	r2, r2, r0
 8001e10:	4906      	ldr	r1, [pc, #24]	@ (8001e2c <arch_data_copy+0x30>)
 8001e12:	f005 f87a 	bl	8006f0a <arch_early_memcpy>
#else
	arch_early_memcpy(&_app_smem_start, &_app_smem_rom_start,
		       _app_smem_end - _app_smem_start);
#endif /* CONFIG_REQUIRES_STACK_CANARIES */
#endif /* CONFIG_USERSPACE */
}
 8001e16:	bd08      	pop	{r3, pc}
 8001e18:	20000000 	.word	0x20000000
 8001e1c:	200000cc 	.word	0x200000cc
 8001e20:	0800958c 	.word	0x0800958c
 8001e24:	20000000 	.word	0x20000000
 8001e28:	20000000 	.word	0x20000000
 8001e2c:	0800958c 	.word	0x0800958c

08001e30 <esf_dump>:

extern void z_arm_unwind_stack(const struct arch_esf *esf);

#ifdef CONFIG_EXCEPTION_DEBUG
static void esf_dump(const struct arch_esf *esf)
{
 8001e30:	e92d 41f0 	stmdb	sp!, {r4, r5, r6, r7, r8, lr}
 8001e34:	b082      	sub	sp, #8
 8001e36:	af00      	add	r7, sp, #0
 8001e38:	4604      	mov	r4, r0
	EXCEPTION_DUMP("r0/a1:  0x%08x  r1/a2:  0x%08x  r2/a3:  0x%08x",
 8001e3a:	f8d0 e000 	ldr.w	lr, [r0]
 8001e3e:	f8d0 c004 	ldr.w	ip, [r0, #4]
 8001e42:	6885      	ldr	r5, [r0, #8]
 8001e44:	466e      	mov	r6, sp
 8001e46:	b08a      	sub	sp, #40	@ 0x28
 8001e48:	466b      	mov	r3, sp
 8001e4a:	f113 0210 	adds.w	r2, r3, #16
 8001e4e:	f000 8088 	beq.w	8001f62 <esf_dump+0x132>
 8001e52:	2114      	movs	r1, #20
 8001e54:	b18a      	cbz	r2, 8001e7a <esf_dump+0x4a>
 8001e56:	4608      	mov	r0, r1
 8001e58:	2904      	cmp	r1, #4
 8001e5a:	dd03      	ble.n	8001e64 <esf_dump+0x34>
 8001e5c:	f8df 811c 	ldr.w	r8, [pc, #284]	@ 8001f7c <esf_dump+0x14c>
 8001e60:	f8c3 8014 	str.w	r8, [r3, #20]
 8001e64:	2808      	cmp	r0, #8
 8001e66:	dd01      	ble.n	8001e6c <esf_dump+0x3c>
 8001e68:	f8c3 e018 	str.w	lr, [r3, #24]
 8001e6c:	280c      	cmp	r0, #12
 8001e6e:	dd01      	ble.n	8001e74 <esf_dump+0x44>
 8001e70:	f8c3 c01c 	str.w	ip, [r3, #28]
 8001e74:	2810      	cmp	r0, #16
 8001e76:	dd00      	ble.n	8001e7a <esf_dump+0x4a>
 8001e78:	621d      	str	r5, [r3, #32]
 8001e7a:	2913      	cmp	r1, #19
 8001e7c:	dd74      	ble.n	8001f68 <esf_dump+0x138>
 8001e7e:	2514      	movs	r5, #20
 8001e80:	b13a      	cbz	r2, 8001e92 <esf_dump+0x62>
 8001e82:	2105      	movs	r1, #5
 8001e84:	7139      	strb	r1, [r7, #4]
 8001e86:	2100      	movs	r1, #0
 8001e88:	7179      	strb	r1, [r7, #5]
 8001e8a:	71b9      	strb	r1, [r7, #6]
 8001e8c:	71f9      	strb	r1, [r7, #7]
 8001e8e:	6878      	ldr	r0, [r7, #4]
 8001e90:	6118      	str	r0, [r3, #16]
 8001e92:	2100      	movs	r1, #0
 8001e94:	f021 0101 	bic.w	r1, r1, #1
 8001e98:	f021 0102 	bic.w	r1, r1, #2
 8001e9c:	f021 0104 	bic.w	r1, r1, #4
 8001ea0:	f021 0138 	bic.w	r1, r1, #56	@ 0x38
 8001ea4:	2301      	movs	r3, #1
 8001ea6:	f363 1188 	bfi	r1, r3, #6, #3
 8001eaa:	f3c5 050a 	ubfx	r5, r5, #0, #11
 8001eae:	f365 2153 	bfi	r1, r5, #9, #11
 8001eb2:	f3c1 0113 	ubfx	r1, r1, #0, #20
	z_impl_z_log_msg_static_create(source, desc, package, data);
 8001eb6:	2300      	movs	r3, #0
 8001eb8:	4831      	ldr	r0, [pc, #196]	@ (8001f80 <esf_dump+0x150>)
 8001eba:	f7ff fc6b 	bl	8001794 <z_impl_z_log_msg_static_create>
 8001ebe:	46b5      	mov	sp, r6
		esf->basic.a1, esf->basic.a2, esf->basic.a3);
	EXCEPTION_DUMP("r3/a4:  0x%08x r12/ip:  0x%08x r14/lr:  0x%08x",
 8001ec0:	f8d4 c00c 	ldr.w	ip, [r4, #12]
 8001ec4:	6926      	ldr	r6, [r4, #16]
 8001ec6:	6965      	ldr	r5, [r4, #20]
 8001ec8:	46e8      	mov	r8, sp
 8001eca:	b08a      	sub	sp, #40	@ 0x28
 8001ecc:	466b      	mov	r3, sp
 8001ece:	f113 0210 	adds.w	r2, r3, #16
 8001ed2:	d04c      	beq.n	8001f6e <esf_dump+0x13e>
 8001ed4:	2114      	movs	r1, #20
 8001ed6:	b182      	cbz	r2, 8001efa <esf_dump+0xca>
 8001ed8:	4608      	mov	r0, r1
 8001eda:	2904      	cmp	r1, #4
 8001edc:	dd03      	ble.n	8001ee6 <esf_dump+0xb6>
 8001ede:	f8df e0a4 	ldr.w	lr, [pc, #164]	@ 8001f84 <esf_dump+0x154>
 8001ee2:	f8c3 e014 	str.w	lr, [r3, #20]
 8001ee6:	2808      	cmp	r0, #8
 8001ee8:	dd01      	ble.n	8001eee <esf_dump+0xbe>
 8001eea:	f8c3 c018 	str.w	ip, [r3, #24]
 8001eee:	280c      	cmp	r0, #12
 8001ef0:	dd00      	ble.n	8001ef4 <esf_dump+0xc4>
 8001ef2:	61de      	str	r6, [r3, #28]
 8001ef4:	2810      	cmp	r0, #16
 8001ef6:	dd00      	ble.n	8001efa <esf_dump+0xca>
 8001ef8:	621d      	str	r5, [r3, #32]
 8001efa:	2913      	cmp	r1, #19
 8001efc:	dd3a      	ble.n	8001f74 <esf_dump+0x144>
 8001efe:	2514      	movs	r5, #20
 8001f00:	b13a      	cbz	r2, 8001f12 <esf_dump+0xe2>
 8001f02:	2105      	movs	r1, #5
 8001f04:	7139      	strb	r1, [r7, #4]
 8001f06:	2100      	movs	r1, #0
 8001f08:	7179      	strb	r1, [r7, #5]
 8001f0a:	71b9      	strb	r1, [r7, #6]
 8001f0c:	71f9      	strb	r1, [r7, #7]
 8001f0e:	6878      	ldr	r0, [r7, #4]
 8001f10:	6118      	str	r0, [r3, #16]
 8001f12:	2100      	movs	r1, #0
 8001f14:	f021 0101 	bic.w	r1, r1, #1
 8001f18:	f021 0102 	bic.w	r1, r1, #2
 8001f1c:	f021 0104 	bic.w	r1, r1, #4
 8001f20:	f021 0138 	bic.w	r1, r1, #56	@ 0x38
 8001f24:	2601      	movs	r6, #1
 8001f26:	f366 1188 	bfi	r1, r6, #6, #3
 8001f2a:	f3c5 050a 	ubfx	r5, r5, #0, #11
 8001f2e:	f365 2153 	bfi	r1, r5, #9, #11
 8001f32:	f3c1 0113 	ubfx	r1, r1, #0, #20
 8001f36:	4d12      	ldr	r5, [pc, #72]	@ (8001f80 <esf_dump+0x150>)
 8001f38:	2300      	movs	r3, #0
 8001f3a:	4628      	mov	r0, r5
 8001f3c:	f7ff fc2a 	bl	8001794 <z_impl_z_log_msg_static_create>
 8001f40:	46c5      	mov	sp, r8
		esf->basic.a4, esf->basic.ip, esf->basic.lr);
	EXCEPTION_DUMP(" xpsr:  0x%08x", esf->basic.xpsr);
 8001f42:	69e3      	ldr	r3, [r4, #28]
	z_impl_z_log_msg_simple_create_1(source, level, fmt, arg);
 8001f44:	4a10      	ldr	r2, [pc, #64]	@ (8001f88 <esf_dump+0x158>)
 8001f46:	4631      	mov	r1, r6
 8001f48:	4628      	mov	r0, r5
 8001f4a:	f004 fee0 	bl	8006d0e <z_impl_z_log_msg_simple_create_1>
	}

	EXCEPTION_DUMP("EXC_RETURN: 0x%0x", esf->extra_info.exc_return);

#endif /* CONFIG_EXTRA_EXCEPTION_INFO */
	EXCEPTION_DUMP("Faulting instruction address (r15/pc): 0x%08x",
 8001f4e:	69a3      	ldr	r3, [r4, #24]
 8001f50:	4a0e      	ldr	r2, [pc, #56]	@ (8001f8c <esf_dump+0x15c>)
 8001f52:	4631      	mov	r1, r6
 8001f54:	4628      	mov	r0, r5
 8001f56:	f004 feda 	bl	8006d0e <z_impl_z_log_msg_simple_create_1>
		esf->basic.pc);
}
 8001f5a:	3708      	adds	r7, #8
 8001f5c:	46bd      	mov	sp, r7
 8001f5e:	e8bd 81f0 	ldmia.w	sp!, {r4, r5, r6, r7, r8, pc}
	EXCEPTION_DUMP("r0/a1:  0x%08x  r1/a2:  0x%08x  r2/a3:  0x%08x",
 8001f62:	f06f 4100 	mvn.w	r1, #2147483648	@ 0x80000000
 8001f66:	e775      	b.n	8001e54 <esf_dump+0x24>
 8001f68:	f06f 051b 	mvn.w	r5, #27
 8001f6c:	e788      	b.n	8001e80 <esf_dump+0x50>
	EXCEPTION_DUMP("r3/a4:  0x%08x r12/ip:  0x%08x r14/lr:  0x%08x",
 8001f6e:	f06f 4100 	mvn.w	r1, #2147483648	@ 0x80000000
 8001f72:	e7b0      	b.n	8001ed6 <esf_dump+0xa6>
 8001f74:	f06f 051b 	mvn.w	r5, #27
 8001f78:	e7c2      	b.n	8001f00 <esf_dump+0xd0>
 8001f7a:	bf00      	nop
 8001f7c:	08008858 	.word	0x08008858
 8001f80:	080084f4 	.word	0x080084f4
 8001f84:	08008888 	.word	0x08008888
 8001f88:	080088b8 	.word	0x080088b8
 8001f8c:	080088c8 	.word	0x080088c8

08001f90 <z_arm_fatal_error>:
#endif /* CONFIG_EXCEPTION_DEBUG */

void z_arm_fatal_error(unsigned int reason, const struct arch_esf *esf)
{
 8001f90:	b538      	push	{r3, r4, r5, lr}
 8001f92:	4604      	mov	r4, r0
#ifdef CONFIG_EXCEPTION_DEBUG
	if (esf != NULL) {
 8001f94:	460d      	mov	r5, r1
 8001f96:	b111      	cbz	r1, 8001f9e <z_arm_fatal_error+0xe>
		esf_dump(esf);
 8001f98:	4608      	mov	r0, r1
 8001f9a:	f7ff ff49 	bl	8001e30 <esf_dump>
	}
#endif /* CONFIG_EXCEPTION_DEBUG */

	/* LOG the IRQn that was unhandled */
#if defined(CONFIG_CPU_CORTEX_M)
	if (reason == K_ERR_SPURIOUS_IRQ) {
 8001f9e:	2c01      	cmp	r4, #1
 8001fa0:	d004      	beq.n	8001fac <z_arm_fatal_error+0x1c>

#ifdef CONFIG_EXCEPTION_STACK_TRACE
	z_arm_unwind_stack(esf);
#endif /* CONFIG_EXCEPTION_STACK_TRACE */

	z_fatal_error(reason, esf);
 8001fa2:	4629      	mov	r1, r5
 8001fa4:	4620      	mov	r0, r4
 8001fa6:	f002 f8c5 	bl	8004134 <z_fatal_error>
}
 8001faa:	bd38      	pop	{r3, r4, r5, pc}
  __ASM volatile ("MRS %0, ipsr" : "=r" (result) );
 8001fac:	f3ef 8305 	mrs	r3, IPSR
		uint32_t irqn = __get_IPSR() - 16;
 8001fb0:	3b10      	subs	r3, #16
 8001fb2:	4a03      	ldr	r2, [pc, #12]	@ (8001fc0 <z_arm_fatal_error+0x30>)
 8001fb4:	2101      	movs	r1, #1
 8001fb6:	4803      	ldr	r0, [pc, #12]	@ (8001fc4 <z_arm_fatal_error+0x34>)
 8001fb8:	f004 fea9 	bl	8006d0e <z_impl_z_log_msg_simple_create_1>
		EXCEPTION_DUMP("Unhandled IRQn: %d", irqn);
 8001fbc:	e7f1      	b.n	8001fa2 <z_arm_fatal_error+0x12>
 8001fbe:	bf00      	nop
 8001fc0:	080088f8 	.word	0x080088f8
 8001fc4:	080084f4 	.word	0x080084f4

08001fc8 <z_SysNmiOnReset>:
_ASM_FILE_PROLOGUE

GTEXT(z_SysNmiOnReset)

SECTION_FUNC(TEXT, z_SysNmiOnReset)
    wfi
 8001fc8:	bf30      	wfi
    b z_SysNmiOnReset
 8001fca:	f7ff bffd 	b.w	8001fc8 <z_SysNmiOnReset>
 8001fce:	bf00      	nop

08001fd0 <z_tls_copy>:
 * of TLS bss size after the data section.
 *
 * @param dest Pointer to destination
 */
static inline void z_tls_copy(char *dest)
{
 8001fd0:	b538      	push	{r3, r4, r5, lr}
 8001fd2:	4604      	mov	r4, r0
	/* Copy initialized data (tdata) */
	memcpy(dest, __tdata_start, (size_t)(uintptr_t)__tdata_size);
 8001fd4:	4d05      	ldr	r5, [pc, #20]	@ (8001fec <z_tls_copy+0x1c>)
 8001fd6:	462a      	mov	r2, r5
 8001fd8:	4905      	ldr	r1, [pc, #20]	@ (8001ff0 <z_tls_copy+0x20>)
 8001fda:	f7fe f93d 	bl	8000258 <__aeabi_memcpy>

	/* Clear BSS data (tbss) */
	dest += (size_t)(uintptr_t)__tdata_size;
	memset(dest, 0, (size_t)(uintptr_t)__tbss_size);
 8001fde:	4a05      	ldr	r2, [pc, #20]	@ (8001ff4 <z_tls_copy+0x24>)
 8001fe0:	2100      	movs	r1, #0
 8001fe2:	1960      	adds	r0, r4, r5
 8001fe4:	f003 fa80 	bl	80054e8 <memset>
}
 8001fe8:	bd38      	pop	{r3, r4, r5, pc}
 8001fea:	bf00      	nop
 8001fec:	00000000 	.word	0x00000000
 8001ff0:	08008580 	.word	0x08008580
 8001ff4:	00000004 	.word	0x00000004

08001ff8 <arch_tls_stack_setup>:
 */
K_APP_DMEM(z_libc_partition) uintptr_t z_arm_tls_ptr;
#endif

size_t arch_tls_stack_setup(struct k_thread *new_thread, char *stack_ptr)
{
 8001ff8:	b570      	push	{r4, r5, r6, lr}
 8001ffa:	4606      	mov	r6, r0
	return (size_t)(uintptr_t)__tdata_size +
 8001ffc:	4d06      	ldr	r5, [pc, #24]	@ (8002018 <arch_tls_stack_setup+0x20>)
 8001ffe:	4b07      	ldr	r3, [pc, #28]	@ (800201c <arch_tls_stack_setup+0x24>)
 8002000:	441d      	add	r5, r3

	/*
	 * Since we are populating things backwards,
	 * setup the TLS data/bss area first.
	 */
	stack_ptr -= z_tls_data_size();
 8002002:	1b4c      	subs	r4, r1, r5
	z_tls_copy(stack_ptr);
 8002004:	4620      	mov	r0, r4
 8002006:	f7ff ffe3 	bl	8001fd0 <z_tls_copy>

#ifndef __IAR_SYSTEMS_ICC__
	/* Skip two pointers due to toolchain */
	stack_ptr -= sizeof(uintptr_t) * 2;
 800200a:	3c08      	subs	r4, #8

	/*
	 * Set thread TLS pointer which is used in
	 * context switch to point to TLS area.
	 */
	new_thread->tls = POINTER_TO_UINT(stack_ptr);
 800200c:	f8c6 40a4 	str.w	r4, [r6, #164]	@ 0xa4

	return (z_tls_data_size() + (sizeof(uintptr_t) * 2));
}
 8002010:	f105 0008 	add.w	r0, r5, #8
 8002014:	bd70      	pop	{r4, r5, r6, pc}
 8002016:	bf00      	nop
 8002018:	00000000 	.word	0x00000000
 800201c:	00000004 	.word	0x00000004

08002020 <z_arm_is_synchronous_svc>:
#error Unknown ARM architecture
#endif /* CONFIG_ARMV6_M_ARMV8_M_BASELINE */

static inline bool z_arm_is_synchronous_svc(struct arch_esf *esf)
{
	uint16_t *ret_addr = (uint16_t *)esf->basic.pc;
 8002020:	6981      	ldr	r1, [r0, #24]
	/* Note: ARMv6-M does not support CCR.BFHFNMIGN so this access
	 * could generate a fault if the pc was invalid.
	 */
	uint16_t fault_insn = *(ret_addr - 1);
#else
	SCB->CCR |= SCB_CCR_BFHFNMIGN_Msk;
 8002022:	4b10      	ldr	r3, [pc, #64]	@ (8002064 <z_arm_is_synchronous_svc+0x44>)
 8002024:	695a      	ldr	r2, [r3, #20]
 8002026:	f442 7280 	orr.w	r2, r2, #256	@ 0x100
 800202a:	615a      	str	r2, [r3, #20]
  \details Acts as a special kind of Data Memory Barrier.
           It completes when all explicit memory accesses before this instruction complete.
 */
__STATIC_FORCEINLINE void __DSB(void)
{
  __ASM volatile ("dsb 0xF":::"memory");
 800202c:	f3bf 8f4f 	dsb	sy
  __ASM volatile ("isb 0xF":::"memory");
 8002030:	f3bf 8f6f 	isb	sy
	barrier_dsync_fence_full();
	barrier_isync_fence_full();

	uint16_t fault_insn = *(ret_addr - 1);
 8002034:	f831 1c02 	ldrh.w	r1, [r1, #-2]

	SCB->CCR &= ~SCB_CCR_BFHFNMIGN_Msk;
 8002038:	695a      	ldr	r2, [r3, #20]
 800203a:	f422 7280 	bic.w	r2, r2, #256	@ 0x100
 800203e:	615a      	str	r2, [r3, #20]
  __ASM volatile ("dsb 0xF":::"memory");
 8002040:	f3bf 8f4f 	dsb	sy
  __ASM volatile ("isb 0xF":::"memory");
 8002044:	f3bf 8f6f 	isb	sy
	barrier_dsync_fence_full();
	barrier_isync_fence_full();
#endif /* ARMV6_M_ARMV8_M_BASELINE && !ARMV8_M_BASELINE */

	if (((fault_insn & 0xff00) == _SVC_OPCODE) &&
 8002048:	f401 437f 	and.w	r3, r1, #65280	@ 0xff00
 800204c:	f5b3 4f5f 	cmp.w	r3, #57088	@ 0xdf00
 8002050:	d001      	beq.n	8002056 <z_arm_is_synchronous_svc+0x36>
	    ((fault_insn & 0x00ff) == _SVC_CALL_RUNTIME_EXCEPT)) {
		return true;
	}
#undef _SVC_OPCODE
	return false;
 8002052:	2000      	movs	r0, #0
 8002054:	4770      	bx	lr
	if (((fault_insn & 0xff00) == _SVC_OPCODE) &&
 8002056:	b2c9      	uxtb	r1, r1
 8002058:	2902      	cmp	r1, #2
 800205a:	d001      	beq.n	8002060 <z_arm_is_synchronous_svc+0x40>
	return false;
 800205c:	2000      	movs	r0, #0
 800205e:	4770      	bx	lr
		return true;
 8002060:	2001      	movs	r0, #1
}
 8002062:	4770      	bx	lr
 8002064:	e000ed00 	.word	0xe000ed00

08002068 <get_esf>:
				       bool *nested_exc)
{
	bool alternative_state_exc = false;
	struct arch_esf *ptr_esf = NULL;

	*nested_exc = false;
 8002068:	f04f 0c00 	mov.w	ip, #0
 800206c:	f883 c000 	strb.w	ip, [r3]

	if ((exc_return & EXC_RETURN_INDICATOR_PREFIX) != EXC_RETURN_INDICATOR_PREFIX) {
 8002070:	f002 4c7f 	and.w	ip, r2, #4278190080	@ 0xff000000
 8002074:	f1bc 4f7f 	cmp.w	ip, #4278190080	@ 0xff000000
 8002078:	d114      	bne.n	80020a4 <get_esf+0x3c>
	}
#else
	/* The processor has a single execution state.
	 * We verify that the Thread mode is using PSP.
	 */
	if ((exc_return & EXC_RETURN_MODE_THREAD) && (!(exc_return & EXC_RETURN_SPSEL_PROCESS))) {
 800207a:	f002 0c0c 	and.w	ip, r2, #12
 800207e:	f1bc 0f08 	cmp.w	ip, #8
 8002082:	d004      	beq.n	800208e <get_esf+0x26>
		return NULL;
	}
#endif /* CONFIG_ARM_SECURE_FIRMWARE */

	if (!alternative_state_exc) {
		if (exc_return & EXC_RETURN_MODE_THREAD) {
 8002084:	f012 0f08 	tst.w	r2, #8
 8002088:	d009      	beq.n	800209e <get_esf+0x36>
			/* Returning to thread mode */
			ptr_esf = (struct arch_esf *)psp;
 800208a:	4608      	mov	r0, r1
 800208c:	4770      	bx	lr
{
 800208e:	b508      	push	{r3, lr}
	z_impl_z_log_msg_simple_create_0(source, level, fmt);
 8002090:	4a05      	ldr	r2, [pc, #20]	@ (80020a8 <get_esf+0x40>)
 8002092:	2101      	movs	r1, #1
 8002094:	4805      	ldr	r0, [pc, #20]	@ (80020ac <get_esf+0x44>)
 8002096:	f004 fe30 	bl	8006cfa <z_impl_z_log_msg_simple_create_0>
		return NULL;
 800209a:	2000      	movs	r0, #0
			*nested_exc = true;
		}
	}

	return ptr_esf;
}
 800209c:	bd08      	pop	{r3, pc}
			*nested_exc = true;
 800209e:	2201      	movs	r2, #1
 80020a0:	701a      	strb	r2, [r3, #0]
 80020a2:	4770      	bx	lr
		return NULL;
 80020a4:	2000      	movs	r0, #0
}
 80020a6:	4770      	bx	lr
 80020a8:	0800890c 	.word	0x0800890c
 80020ac:	080084f4 	.word	0x080084f4

080020b0 <usage_fault>:
{
 80020b0:	b508      	push	{r3, lr}
 80020b2:	4a2b      	ldr	r2, [pc, #172]	@ (8002160 <usage_fault+0xb0>)
 80020b4:	2101      	movs	r1, #1
 80020b6:	482b      	ldr	r0, [pc, #172]	@ (8002164 <usage_fault+0xb4>)
 80020b8:	f004 fe1f 	bl	8006cfa <z_impl_z_log_msg_simple_create_0>
	if ((SCB->CFSR & SCB_CFSR_DIVBYZERO_Msk) != 0) {
 80020bc:	4b2a      	ldr	r3, [pc, #168]	@ (8002168 <usage_fault+0xb8>)
 80020be:	6a9b      	ldr	r3, [r3, #40]	@ 0x28
 80020c0:	f013 7f00 	tst.w	r3, #33554432	@ 0x2000000
 80020c4:	d121      	bne.n	800210a <usage_fault+0x5a>
	uint32_t reason = K_ERR_ARM_USAGE_GENERIC;
 80020c6:	201d      	movs	r0, #29
	if ((SCB->CFSR & SCB_CFSR_UNALIGNED_Msk) != 0) {
 80020c8:	4b27      	ldr	r3, [pc, #156]	@ (8002168 <usage_fault+0xb8>)
 80020ca:	6a9b      	ldr	r3, [r3, #40]	@ 0x28
 80020cc:	f013 7f80 	tst.w	r3, #16777216	@ 0x1000000
 80020d0:	d122      	bne.n	8002118 <usage_fault+0x68>
	if ((SCB->CFSR & SCB_CFSR_NOCP_Msk) != 0) {
 80020d2:	4b25      	ldr	r3, [pc, #148]	@ (8002168 <usage_fault+0xb8>)
 80020d4:	6a9b      	ldr	r3, [r3, #40]	@ 0x28
 80020d6:	f413 2f00 	tst.w	r3, #524288	@ 0x80000
 80020da:	d124      	bne.n	8002126 <usage_fault+0x76>
	if ((SCB->CFSR & SCB_CFSR_INVPC_Msk) != 0) {
 80020dc:	4b22      	ldr	r3, [pc, #136]	@ (8002168 <usage_fault+0xb8>)
 80020de:	6a9b      	ldr	r3, [r3, #40]	@ 0x28
 80020e0:	f413 2f80 	tst.w	r3, #262144	@ 0x40000
 80020e4:	d126      	bne.n	8002134 <usage_fault+0x84>
	if ((SCB->CFSR & SCB_CFSR_INVSTATE_Msk) != 0) {
 80020e6:	4b20      	ldr	r3, [pc, #128]	@ (8002168 <usage_fault+0xb8>)
 80020e8:	6a9b      	ldr	r3, [r3, #40]	@ 0x28
 80020ea:	f413 3f00 	tst.w	r3, #131072	@ 0x20000
 80020ee:	d128      	bne.n	8002142 <usage_fault+0x92>
	if ((SCB->CFSR & SCB_CFSR_UNDEFINSTR_Msk) != 0) {
 80020f0:	4b1d      	ldr	r3, [pc, #116]	@ (8002168 <usage_fault+0xb8>)
 80020f2:	6a9b      	ldr	r3, [r3, #40]	@ 0x28
 80020f4:	f413 3f80 	tst.w	r3, #65536	@ 0x10000
 80020f8:	d12a      	bne.n	8002150 <usage_fault+0xa0>
	SCB->CFSR |= SCB_CFSR_USGFAULTSR_Msk;
 80020fa:	4a1b      	ldr	r2, [pc, #108]	@ (8002168 <usage_fault+0xb8>)
 80020fc:	6a93      	ldr	r3, [r2, #40]	@ 0x28
 80020fe:	ea6f 4303 	mvn.w	r3, r3, lsl #16
 8002102:	ea6f 4313 	mvn.w	r3, r3, lsr #16
 8002106:	6293      	str	r3, [r2, #40]	@ 0x28
}
 8002108:	bd08      	pop	{r3, pc}
 800210a:	4a18      	ldr	r2, [pc, #96]	@ (800216c <usage_fault+0xbc>)
 800210c:	2101      	movs	r1, #1
 800210e:	4815      	ldr	r0, [pc, #84]	@ (8002164 <usage_fault+0xb4>)
 8002110:	f004 fdf3 	bl	8006cfa <z_impl_z_log_msg_simple_create_0>
		reason = K_ERR_ARM_USAGE_DIV_0;
 8002114:	201e      	movs	r0, #30
		PR_FAULT_INFO("  Division by zero");
 8002116:	e7d7      	b.n	80020c8 <usage_fault+0x18>
 8002118:	4a15      	ldr	r2, [pc, #84]	@ (8002170 <usage_fault+0xc0>)
 800211a:	2101      	movs	r1, #1
 800211c:	4811      	ldr	r0, [pc, #68]	@ (8002164 <usage_fault+0xb4>)
 800211e:	f004 fdec 	bl	8006cfa <z_impl_z_log_msg_simple_create_0>
		reason = K_ERR_ARM_USAGE_UNALIGNED_ACCESS;
 8002122:	201f      	movs	r0, #31
		PR_FAULT_INFO("  Unaligned memory access");
 8002124:	e7d5      	b.n	80020d2 <usage_fault+0x22>
 8002126:	4a13      	ldr	r2, [pc, #76]	@ (8002174 <usage_fault+0xc4>)
 8002128:	2101      	movs	r1, #1
 800212a:	480e      	ldr	r0, [pc, #56]	@ (8002164 <usage_fault+0xb4>)
 800212c:	f004 fde5 	bl	8006cfa <z_impl_z_log_msg_simple_create_0>
		reason = K_ERR_ARM_USAGE_NO_COPROCESSOR;
 8002130:	2021      	movs	r0, #33	@ 0x21
		PR_FAULT_INFO("  No coprocessor instructions");
 8002132:	e7d3      	b.n	80020dc <usage_fault+0x2c>
 8002134:	4a10      	ldr	r2, [pc, #64]	@ (8002178 <usage_fault+0xc8>)
 8002136:	2101      	movs	r1, #1
 8002138:	480a      	ldr	r0, [pc, #40]	@ (8002164 <usage_fault+0xb4>)
 800213a:	f004 fdde 	bl	8006cfa <z_impl_z_log_msg_simple_create_0>
		reason = K_ERR_ARM_USAGE_ILLEGAL_EXC_RETURN;
 800213e:	2022      	movs	r0, #34	@ 0x22
		PR_FAULT_INFO("  Illegal load of EXC_RETURN into PC");
 8002140:	e7d1      	b.n	80020e6 <usage_fault+0x36>
 8002142:	4a0e      	ldr	r2, [pc, #56]	@ (800217c <usage_fault+0xcc>)
 8002144:	2101      	movs	r1, #1
 8002146:	4807      	ldr	r0, [pc, #28]	@ (8002164 <usage_fault+0xb4>)
 8002148:	f004 fdd7 	bl	8006cfa <z_impl_z_log_msg_simple_create_0>
		reason = K_ERR_ARM_USAGE_ILLEGAL_EPSR;
 800214c:	2023      	movs	r0, #35	@ 0x23
		PR_FAULT_INFO("  Illegal use of the EPSR");
 800214e:	e7cf      	b.n	80020f0 <usage_fault+0x40>
 8002150:	4a0b      	ldr	r2, [pc, #44]	@ (8002180 <usage_fault+0xd0>)
 8002152:	2101      	movs	r1, #1
 8002154:	4803      	ldr	r0, [pc, #12]	@ (8002164 <usage_fault+0xb4>)
 8002156:	f004 fdd0 	bl	8006cfa <z_impl_z_log_msg_simple_create_0>
		reason = K_ERR_ARM_USAGE_UNDEFINED_INSTRUCTION;
 800215a:	2024      	movs	r0, #36	@ 0x24
		PR_FAULT_INFO("  Attempt to execute undefined instruction");
 800215c:	e7cd      	b.n	80020fa <usage_fault+0x4a>
 800215e:	bf00      	nop
 8002160:	08008938 	.word	0x08008938
 8002164:	080084f4 	.word	0x080084f4
 8002168:	e000ed00 	.word	0xe000ed00
 800216c:	08008950 	.word	0x08008950
 8002170:	08008964 	.word	0x08008964
 8002174:	08008980 	.word	0x08008980
 8002178:	080089a0 	.word	0x080089a0
 800217c:	080089c8 	.word	0x080089c8
 8002180:	080089e4 	.word	0x080089e4

08002184 <debug_monitor>:
{
 8002184:	b508      	push	{r3, lr}
	*recoverable = false;
 8002186:	2300      	movs	r3, #0
 8002188:	700b      	strb	r3, [r1, #0]
 800218a:	4a03      	ldr	r2, [pc, #12]	@ (8002198 <debug_monitor+0x14>)
 800218c:	2101      	movs	r1, #1
 800218e:	4803      	ldr	r0, [pc, #12]	@ (800219c <debug_monitor+0x18>)
 8002190:	f004 fdb3 	bl	8006cfa <z_impl_z_log_msg_simple_create_0>
}
 8002194:	bd08      	pop	{r3, pc}
 8002196:	bf00      	nop
 8002198:	08008a10 	.word	0x08008a10
 800219c:	080084f4 	.word	0x080084f4

080021a0 <reserved_exception>:
{
 80021a0:	b590      	push	{r4, r7, lr}
 80021a2:	b083      	sub	sp, #12
 80021a4:	af00      	add	r7, sp, #0
	PR_FAULT_INFO("***** %s %d) *****",
 80021a6:	290f      	cmp	r1, #15
 80021a8:	dc23      	bgt.n	80021f2 <reserved_exception+0x52>
 80021aa:	4c2f      	ldr	r4, [pc, #188]	@ (8002268 <reserved_exception+0xc8>)
 80021ac:	3910      	subs	r1, #16
 80021ae:	2300      	movs	r3, #0
 80021b0:	713b      	strb	r3, [r7, #4]
 80021b2:	2302      	movs	r3, #2
 80021b4:	717b      	strb	r3, [r7, #5]
 80021b6:	b08a      	sub	sp, #40	@ 0x28
 80021b8:	46ec      	mov	ip, sp
 80021ba:	f11c 0210 	adds.w	r2, ip, #16
 80021be:	d01a      	beq.n	80021f6 <reserved_exception+0x56>
 80021c0:	2012      	movs	r0, #18
 80021c2:	b122      	cbz	r2, 80021ce <reserved_exception+0x2e>
 80021c4:	2804      	cmp	r0, #4
 80021c6:	dd02      	ble.n	80021ce <reserved_exception+0x2e>
 80021c8:	4b28      	ldr	r3, [pc, #160]	@ (800226c <reserved_exception+0xcc>)
 80021ca:	f8cc 3014 	str.w	r3, [ip, #20]
 80021ce:	2300      	movs	r3, #0
 80021d0:	703b      	strb	r3, [r7, #0]
 80021d2:	2302      	movs	r3, #2
 80021d4:	707b      	strb	r3, [r7, #1]
 80021d6:	b1e2      	cbz	r2, 8002212 <reserved_exception+0x72>
 80021d8:	4603      	mov	r3, r0
 80021da:	2808      	cmp	r0, #8
 80021dc:	dd01      	ble.n	80021e2 <reserved_exception+0x42>
 80021de:	f8cc 4018 	str.w	r4, [ip, #24]
 80021e2:	2b0c      	cmp	r3, #12
 80021e4:	dd01      	ble.n	80021ea <reserved_exception+0x4a>
 80021e6:	f8cc 101c 	str.w	r1, [ip, #28]
 80021ea:	f10c 0320 	add.w	r3, ip, #32
 80021ee:	2100      	movs	r1, #0
 80021f0:	e00d      	b.n	800220e <reserved_exception+0x6e>
 80021f2:	4c1f      	ldr	r4, [pc, #124]	@ (8002270 <reserved_exception+0xd0>)
 80021f4:	e7da      	b.n	80021ac <reserved_exception+0xc>
 80021f6:	f06f 4000 	mvn.w	r0, #2147483648	@ 0x80000000
 80021fa:	e7e2      	b.n	80021c2 <reserved_exception+0x22>
 80021fc:	f101 0408 	add.w	r4, r1, #8
 8002200:	eb04 0e07 	add.w	lr, r4, r7
 8002204:	f81e ec08 	ldrb.w	lr, [lr, #-8]
 8002208:	f803 eb01 	strb.w	lr, [r3], #1
 800220c:	3101      	adds	r1, #1
 800220e:	2901      	cmp	r1, #1
 8002210:	d9f4      	bls.n	80021fc <reserved_exception+0x5c>
 8002212:	2811      	cmp	r0, #17
 8002214:	dd24      	ble.n	8002260 <reserved_exception+0xc0>
 8002216:	2312      	movs	r3, #18
 8002218:	b14a      	cbz	r2, 800222e <reserved_exception+0x8e>
 800221a:	2104      	movs	r1, #4
 800221c:	7139      	strb	r1, [r7, #4]
 800221e:	2100      	movs	r1, #0
 8002220:	7179      	strb	r1, [r7, #5]
 8002222:	71b9      	strb	r1, [r7, #6]
 8002224:	2101      	movs	r1, #1
 8002226:	71f9      	strb	r1, [r7, #7]
 8002228:	6878      	ldr	r0, [r7, #4]
 800222a:	f8cc 0010 	str.w	r0, [ip, #16]
 800222e:	2100      	movs	r1, #0
 8002230:	f021 0101 	bic.w	r1, r1, #1
 8002234:	f021 0102 	bic.w	r1, r1, #2
 8002238:	f021 0104 	bic.w	r1, r1, #4
 800223c:	f021 0138 	bic.w	r1, r1, #56	@ 0x38
 8002240:	2001      	movs	r0, #1
 8002242:	f360 1188 	bfi	r1, r0, #6, #3
 8002246:	f3c3 030a 	ubfx	r3, r3, #0, #11
 800224a:	f363 2153 	bfi	r1, r3, #9, #11
 800224e:	f3c1 0113 	ubfx	r1, r1, #0, #20
	z_impl_z_log_msg_static_create(source, desc, package, data);
 8002252:	2300      	movs	r3, #0
 8002254:	4807      	ldr	r0, [pc, #28]	@ (8002274 <reserved_exception+0xd4>)
 8002256:	f7ff fa9d 	bl	8001794 <z_impl_z_log_msg_static_create>
}
 800225a:	370c      	adds	r7, #12
 800225c:	46bd      	mov	sp, r7
 800225e:	bd90      	pop	{r4, r7, pc}
	PR_FAULT_INFO("***** %s %d) *****",
 8002260:	f06f 031b 	mvn.w	r3, #27
 8002264:	e7d8      	b.n	8002218 <reserved_exception+0x78>
 8002266:	bf00      	nop
 8002268:	08008a34 	.word	0x08008a34
 800226c:	08008a68 	.word	0x08008a68
 8002270:	08008a4c 	.word	0x08008a4c
 8002274:	080084f4 	.word	0x080084f4

08002278 <bus_fault>:
{
 8002278:	b5f8      	push	{r3, r4, r5, r6, r7, lr}
 800227a:	4605      	mov	r5, r0
 800227c:	460f      	mov	r7, r1
 800227e:	4614      	mov	r4, r2
	z_impl_z_log_msg_simple_create_0(source, level, fmt);
 8002280:	4a37      	ldr	r2, [pc, #220]	@ (8002360 <bus_fault+0xe8>)
 8002282:	2101      	movs	r1, #1
 8002284:	4837      	ldr	r0, [pc, #220]	@ (8002364 <bus_fault+0xec>)
 8002286:	f004 fd38 	bl	8006cfa <z_impl_z_log_msg_simple_create_0>
	if (SCB->CFSR & SCB_CFSR_STKERR_Msk) {
 800228a:	4b37      	ldr	r3, [pc, #220]	@ (8002368 <bus_fault+0xf0>)
 800228c:	6a9b      	ldr	r3, [r3, #40]	@ 0x28
 800228e:	f413 5f80 	tst.w	r3, #4096	@ 0x1000
 8002292:	d125      	bne.n	80022e0 <bus_fault+0x68>
	uint32_t reason = K_ERR_ARM_BUS_GENERIC;
 8002294:	2616      	movs	r6, #22
	if (SCB->CFSR & SCB_CFSR_UNSTKERR_Msk) {
 8002296:	4b34      	ldr	r3, [pc, #208]	@ (8002368 <bus_fault+0xf0>)
 8002298:	6a9b      	ldr	r3, [r3, #40]	@ 0x28
 800229a:	f413 6f00 	tst.w	r3, #2048	@ 0x800
 800229e:	d126      	bne.n	80022ee <bus_fault+0x76>
	if (SCB->CFSR & SCB_CFSR_PRECISERR_Msk) {
 80022a0:	4b31      	ldr	r3, [pc, #196]	@ (8002368 <bus_fault+0xf0>)
 80022a2:	6a9b      	ldr	r3, [r3, #40]	@ 0x28
 80022a4:	f413 7f00 	tst.w	r3, #512	@ 0x200
 80022a8:	d128      	bne.n	80022fc <bus_fault+0x84>
	if (SCB->CFSR & SCB_CFSR_IMPRECISERR_Msk) {
 80022aa:	4b2f      	ldr	r3, [pc, #188]	@ (8002368 <bus_fault+0xf0>)
 80022ac:	6a9b      	ldr	r3, [r3, #40]	@ 0x28
 80022ae:	f413 6f80 	tst.w	r3, #1024	@ 0x400
 80022b2:	d13f      	bne.n	8002334 <bus_fault+0xbc>
	if ((SCB->CFSR & SCB_CFSR_IBUSERR_Msk) != 0) {
 80022b4:	4b2c      	ldr	r3, [pc, #176]	@ (8002368 <bus_fault+0xf0>)
 80022b6:	6a9b      	ldr	r3, [r3, #40]	@ 0x28
 80022b8:	f413 7f80 	tst.w	r3, #256	@ 0x100
 80022bc:	d141      	bne.n	8002342 <bus_fault+0xca>
	} else if (SCB->CFSR & SCB_CFSR_LSPERR_Msk) {
 80022be:	4b2a      	ldr	r3, [pc, #168]	@ (8002368 <bus_fault+0xf0>)
 80022c0:	6a9b      	ldr	r3, [r3, #40]	@ 0x28
 80022c2:	f413 5f00 	tst.w	r3, #8192	@ 0x2000
 80022c6:	d143      	bne.n	8002350 <bus_fault+0xd8>
	SCB->CFSR |= SCB_CFSR_BUSFAULTSR_Msk;
 80022c8:	4a27      	ldr	r2, [pc, #156]	@ (8002368 <bus_fault+0xf0>)
 80022ca:	6a93      	ldr	r3, [r2, #40]	@ 0x28
 80022cc:	f443 437f 	orr.w	r3, r3, #65280	@ 0xff00
 80022d0:	6293      	str	r3, [r2, #40]	@ 0x28
	*recoverable = memory_fault_recoverable(esf, true);
 80022d2:	2101      	movs	r1, #1
 80022d4:	4628      	mov	r0, r5
 80022d6:	f004 fe28 	bl	8006f2a <memory_fault_recoverable>
 80022da:	7020      	strb	r0, [r4, #0]
}
 80022dc:	4630      	mov	r0, r6
 80022de:	bdf8      	pop	{r3, r4, r5, r6, r7, pc}
 80022e0:	4a22      	ldr	r2, [pc, #136]	@ (800236c <bus_fault+0xf4>)
 80022e2:	2101      	movs	r1, #1
 80022e4:	481f      	ldr	r0, [pc, #124]	@ (8002364 <bus_fault+0xec>)
 80022e6:	f004 fd08 	bl	8006cfa <z_impl_z_log_msg_simple_create_0>
		reason = K_ERR_ARM_BUS_STACKING;
 80022ea:	2617      	movs	r6, #23
		PR_FAULT_INFO("  Stacking error");
 80022ec:	e7d3      	b.n	8002296 <bus_fault+0x1e>
 80022ee:	4a20      	ldr	r2, [pc, #128]	@ (8002370 <bus_fault+0xf8>)
 80022f0:	2101      	movs	r1, #1
 80022f2:	481c      	ldr	r0, [pc, #112]	@ (8002364 <bus_fault+0xec>)
 80022f4:	f004 fd01 	bl	8006cfa <z_impl_z_log_msg_simple_create_0>
		reason = K_ERR_ARM_BUS_UNSTACKING;
 80022f8:	2618      	movs	r6, #24
		PR_FAULT_INFO("  Unstacking error");
 80022fa:	e7d1      	b.n	80022a0 <bus_fault+0x28>
 80022fc:	4a1d      	ldr	r2, [pc, #116]	@ (8002374 <bus_fault+0xfc>)
 80022fe:	2101      	movs	r1, #1
 8002300:	4818      	ldr	r0, [pc, #96]	@ (8002364 <bus_fault+0xec>)
 8002302:	f004 fcfa 	bl	8006cfa <z_impl_z_log_msg_simple_create_0>
		STORE_xFAR(bfar, SCB->BFAR);
 8002306:	4a18      	ldr	r2, [pc, #96]	@ (8002368 <bus_fault+0xf0>)
 8002308:	6b93      	ldr	r3, [r2, #56]	@ 0x38
		if ((SCB->CFSR & SCB_CFSR_BFARVALID_Msk) != 0) {
 800230a:	6a92      	ldr	r2, [r2, #40]	@ 0x28
 800230c:	f412 4f00 	tst.w	r2, #32768	@ 0x8000
 8002310:	d101      	bne.n	8002316 <bus_fault+0x9e>
		reason = K_ERR_ARM_BUS_PRECISE_DATA_BUS;
 8002312:	2619      	movs	r6, #25
 8002314:	e7c9      	b.n	80022aa <bus_fault+0x32>
	z_impl_z_log_msg_simple_create_1(source, level, fmt, arg);
 8002316:	4a18      	ldr	r2, [pc, #96]	@ (8002378 <bus_fault+0x100>)
 8002318:	2101      	movs	r1, #1
 800231a:	4812      	ldr	r0, [pc, #72]	@ (8002364 <bus_fault+0xec>)
 800231c:	f004 fcf7 	bl	8006d0e <z_impl_z_log_msg_simple_create_1>
			if (from_hard_fault != 0) {
 8002320:	b137      	cbz	r7, 8002330 <bus_fault+0xb8>
				SCB->CFSR &= ~SCB_CFSR_BFARVALID_Msk;
 8002322:	4a11      	ldr	r2, [pc, #68]	@ (8002368 <bus_fault+0xf0>)
 8002324:	6a93      	ldr	r3, [r2, #40]	@ 0x28
 8002326:	f423 4300 	bic.w	r3, r3, #32768	@ 0x8000
 800232a:	6293      	str	r3, [r2, #40]	@ 0x28
		reason = K_ERR_ARM_BUS_PRECISE_DATA_BUS;
 800232c:	2619      	movs	r6, #25
 800232e:	e7bc      	b.n	80022aa <bus_fault+0x32>
 8002330:	2619      	movs	r6, #25
 8002332:	e7ba      	b.n	80022aa <bus_fault+0x32>
	z_impl_z_log_msg_simple_create_0(source, level, fmt);
 8002334:	4a11      	ldr	r2, [pc, #68]	@ (800237c <bus_fault+0x104>)
 8002336:	2101      	movs	r1, #1
 8002338:	480a      	ldr	r0, [pc, #40]	@ (8002364 <bus_fault+0xec>)
 800233a:	f004 fcde 	bl	8006cfa <z_impl_z_log_msg_simple_create_0>
		reason = K_ERR_ARM_BUS_IMPRECISE_DATA_BUS;
 800233e:	261a      	movs	r6, #26
		PR_FAULT_INFO("  Imprecise data bus error");
 8002340:	e7b8      	b.n	80022b4 <bus_fault+0x3c>
 8002342:	4a0f      	ldr	r2, [pc, #60]	@ (8002380 <bus_fault+0x108>)
 8002344:	2101      	movs	r1, #1
 8002346:	4807      	ldr	r0, [pc, #28]	@ (8002364 <bus_fault+0xec>)
 8002348:	f004 fcd7 	bl	8006cfa <z_impl_z_log_msg_simple_create_0>
		reason = K_ERR_ARM_BUS_INSTRUCTION_BUS;
 800234c:	261b      	movs	r6, #27
		PR_FAULT_INFO("  Instruction bus error");
 800234e:	e7bb      	b.n	80022c8 <bus_fault+0x50>
 8002350:	4a0c      	ldr	r2, [pc, #48]	@ (8002384 <bus_fault+0x10c>)
 8002352:	2101      	movs	r1, #1
 8002354:	4803      	ldr	r0, [pc, #12]	@ (8002364 <bus_fault+0xec>)
 8002356:	f004 fcd0 	bl	8006cfa <z_impl_z_log_msg_simple_create_0>
		reason = K_ERR_ARM_BUS_FP_LAZY_STATE_PRESERVATION;
 800235a:	261c      	movs	r6, #28
		PR_FAULT_INFO("  Floating-point lazy state preservation error");
 800235c:	e7b4      	b.n	80022c8 <bus_fault+0x50>
 800235e:	bf00      	nop
 8002360:	08008a7c 	.word	0x08008a7c
 8002364:	080084f4 	.word	0x080084f4
 8002368:	e000ed00 	.word	0xe000ed00
 800236c:	08008a94 	.word	0x08008a94
 8002370:	08008aa8 	.word	0x08008aa8
 8002374:	08008abc 	.word	0x08008abc
 8002378:	08008ad8 	.word	0x08008ad8
 800237c:	08008af0 	.word	0x08008af0
 8002380:	08008b0c 	.word	0x08008b0c
 8002384:	08008b24 	.word	0x08008b24

08002388 <mem_manage_fault>:
{
 8002388:	e92d 41f0 	stmdb	sp!, {r4, r5, r6, r7, r8, lr}
 800238c:	4604      	mov	r4, r0
 800238e:	460f      	mov	r7, r1
 8002390:	4615      	mov	r5, r2
 8002392:	4a46      	ldr	r2, [pc, #280]	@ (80024ac <mem_manage_fault+0x124>)
 8002394:	2101      	movs	r1, #1
 8002396:	4846      	ldr	r0, [pc, #280]	@ (80024b0 <mem_manage_fault+0x128>)
 8002398:	f004 fcaf 	bl	8006cfa <z_impl_z_log_msg_simple_create_0>
	if ((SCB->CFSR & SCB_CFSR_MSTKERR_Msk) != 0) {
 800239c:	4b45      	ldr	r3, [pc, #276]	@ (80024b4 <mem_manage_fault+0x12c>)
 800239e:	6a9b      	ldr	r3, [r3, #40]	@ 0x28
 80023a0:	f013 0f10 	tst.w	r3, #16
 80023a4:	d13c      	bne.n	8002420 <mem_manage_fault+0x98>
	uint32_t reason = K_ERR_ARM_MEM_GENERIC;
 80023a6:	2610      	movs	r6, #16
	if ((SCB->CFSR & SCB_CFSR_MUNSTKERR_Msk) != 0) {
 80023a8:	4b42      	ldr	r3, [pc, #264]	@ (80024b4 <mem_manage_fault+0x12c>)
 80023aa:	6a9b      	ldr	r3, [r3, #40]	@ 0x28
 80023ac:	f013 0f08 	tst.w	r3, #8
 80023b0:	d13d      	bne.n	800242e <mem_manage_fault+0xa6>
	if ((SCB->CFSR & SCB_CFSR_DACCVIOL_Msk) != 0) {
 80023b2:	4b40      	ldr	r3, [pc, #256]	@ (80024b4 <mem_manage_fault+0x12c>)
 80023b4:	6a9b      	ldr	r3, [r3, #40]	@ 0x28
 80023b6:	f013 0f02 	tst.w	r3, #2
 80023ba:	d13f      	bne.n	800243c <mem_manage_fault+0xb4>
	uint32_t mmfar = -EINVAL;
 80023bc:	f06f 0815 	mvn.w	r8, #21
	if ((SCB->CFSR & SCB_CFSR_IACCVIOL_Msk) != 0) {
 80023c0:	4b3c      	ldr	r3, [pc, #240]	@ (80024b4 <mem_manage_fault+0x12c>)
 80023c2:	6a9b      	ldr	r3, [r3, #40]	@ 0x28
 80023c4:	f013 0f01 	tst.w	r3, #1
 80023c8:	d158      	bne.n	800247c <mem_manage_fault+0xf4>
	if ((SCB->CFSR & SCB_CFSR_MLSPERR_Msk) != 0) {
 80023ca:	4b3a      	ldr	r3, [pc, #232]	@ (80024b4 <mem_manage_fault+0x12c>)
 80023cc:	6a9b      	ldr	r3, [r3, #40]	@ 0x28
 80023ce:	f013 0f20 	tst.w	r3, #32
 80023d2:	d15a      	bne.n	800248a <mem_manage_fault+0x102>
	if ((SCB->CFSR & SCB_CFSR_MSTKERR_Msk) || (SCB->CFSR & SCB_CFSR_DACCVIOL_Msk)) {
 80023d4:	4b37      	ldr	r3, [pc, #220]	@ (80024b4 <mem_manage_fault+0x12c>)
 80023d6:	6a9b      	ldr	r3, [r3, #40]	@ 0x28
 80023d8:	f013 0f10 	tst.w	r3, #16
 80023dc:	d104      	bne.n	80023e8 <mem_manage_fault+0x60>
 80023de:	4b35      	ldr	r3, [pc, #212]	@ (80024b4 <mem_manage_fault+0x12c>)
 80023e0:	6a9b      	ldr	r3, [r3, #40]	@ 0x28
 80023e2:	f013 0f02 	tst.w	r3, #2
 80023e6:	d004      	beq.n	80023f2 <mem_manage_fault+0x6a>
		if (SCB->ICSR & SCB_ICSR_RETTOBASE_Msk) {
 80023e8:	4b32      	ldr	r3, [pc, #200]	@ (80024b4 <mem_manage_fault+0x12c>)
 80023ea:	685b      	ldr	r3, [r3, #4]
 80023ec:	f413 6f00 	tst.w	r3, #2048	@ 0x800
 80023f0:	d152      	bne.n	8002498 <mem_manage_fault+0x110>
	if ((SCB->CFSR & SCB_CFSR_MLSPERR_Msk) != 0) {
 80023f2:	4b30      	ldr	r3, [pc, #192]	@ (80024b4 <mem_manage_fault+0x12c>)
 80023f4:	6a9b      	ldr	r3, [r3, #40]	@ 0x28
 80023f6:	f013 0f20 	tst.w	r3, #32
 80023fa:	d004      	beq.n	8002406 <mem_manage_fault+0x7e>
		SCB->SHCSR &= ~SCB_SHCSR_MEMFAULTPENDED_Msk;
 80023fc:	4a2d      	ldr	r2, [pc, #180]	@ (80024b4 <mem_manage_fault+0x12c>)
 80023fe:	6a53      	ldr	r3, [r2, #36]	@ 0x24
 8002400:	f423 5300 	bic.w	r3, r3, #8192	@ 0x2000
 8002404:	6253      	str	r3, [r2, #36]	@ 0x24
	SCB->CFSR |= SCB_CFSR_MEMFAULTSR_Msk;
 8002406:	4a2b      	ldr	r2, [pc, #172]	@ (80024b4 <mem_manage_fault+0x12c>)
 8002408:	6a93      	ldr	r3, [r2, #40]	@ 0x28
 800240a:	f043 03ff 	orr.w	r3, r3, #255	@ 0xff
 800240e:	6293      	str	r3, [r2, #40]	@ 0x28
	*recoverable = memory_fault_recoverable(esf, true);
 8002410:	2101      	movs	r1, #1
 8002412:	4620      	mov	r0, r4
 8002414:	f004 fd89 	bl	8006f2a <memory_fault_recoverable>
 8002418:	7028      	strb	r0, [r5, #0]
}
 800241a:	4630      	mov	r0, r6
 800241c:	e8bd 81f0 	ldmia.w	sp!, {r4, r5, r6, r7, r8, pc}
 8002420:	4a25      	ldr	r2, [pc, #148]	@ (80024b8 <mem_manage_fault+0x130>)
 8002422:	2101      	movs	r1, #1
 8002424:	4822      	ldr	r0, [pc, #136]	@ (80024b0 <mem_manage_fault+0x128>)
 8002426:	f004 fc68 	bl	8006cfa <z_impl_z_log_msg_simple_create_0>
		reason = K_ERR_ARM_MEM_STACKING;
 800242a:	2611      	movs	r6, #17
		PR_FAULT_INFO("  Stacking error (context area might be"
 800242c:	e7bc      	b.n	80023a8 <mem_manage_fault+0x20>
 800242e:	4a23      	ldr	r2, [pc, #140]	@ (80024bc <mem_manage_fault+0x134>)
 8002430:	2101      	movs	r1, #1
 8002432:	481f      	ldr	r0, [pc, #124]	@ (80024b0 <mem_manage_fault+0x128>)
 8002434:	f004 fc61 	bl	8006cfa <z_impl_z_log_msg_simple_create_0>
		reason = K_ERR_ARM_MEM_UNSTACKING;
 8002438:	2612      	movs	r6, #18
		PR_FAULT_INFO("  Unstacking error");
 800243a:	e7ba      	b.n	80023b2 <mem_manage_fault+0x2a>
 800243c:	4a20      	ldr	r2, [pc, #128]	@ (80024c0 <mem_manage_fault+0x138>)
 800243e:	2101      	movs	r1, #1
 8002440:	481b      	ldr	r0, [pc, #108]	@ (80024b0 <mem_manage_fault+0x128>)
 8002442:	f004 fc5a 	bl	8006cfa <z_impl_z_log_msg_simple_create_0>
		uint32_t temp = SCB->MMFAR;
 8002446:	4b1b      	ldr	r3, [pc, #108]	@ (80024b4 <mem_manage_fault+0x12c>)
 8002448:	f8d3 8034 	ldr.w	r8, [r3, #52]	@ 0x34
		if ((SCB->CFSR & SCB_CFSR_MMARVALID_Msk) != 0) {
 800244c:	6a9b      	ldr	r3, [r3, #40]	@ 0x28
 800244e:	f013 0f80 	tst.w	r3, #128	@ 0x80
 8002452:	d103      	bne.n	800245c <mem_manage_fault+0xd4>
	uint32_t mmfar = -EINVAL;
 8002454:	f06f 0815 	mvn.w	r8, #21
		reason = K_ERR_ARM_MEM_DATA_ACCESS;
 8002458:	2613      	movs	r6, #19
 800245a:	e7b1      	b.n	80023c0 <mem_manage_fault+0x38>
	z_impl_z_log_msg_simple_create_1(source, level, fmt, arg);
 800245c:	4643      	mov	r3, r8
 800245e:	4a19      	ldr	r2, [pc, #100]	@ (80024c4 <mem_manage_fault+0x13c>)
 8002460:	2101      	movs	r1, #1
 8002462:	4813      	ldr	r0, [pc, #76]	@ (80024b0 <mem_manage_fault+0x128>)
 8002464:	f004 fc53 	bl	8006d0e <z_impl_z_log_msg_simple_create_1>
			if (from_hard_fault != 0) {
 8002468:	b137      	cbz	r7, 8002478 <mem_manage_fault+0xf0>
				SCB->CFSR &= ~SCB_CFSR_MMARVALID_Msk;
 800246a:	4a12      	ldr	r2, [pc, #72]	@ (80024b4 <mem_manage_fault+0x12c>)
 800246c:	6a93      	ldr	r3, [r2, #40]	@ 0x28
 800246e:	f023 0380 	bic.w	r3, r3, #128	@ 0x80
 8002472:	6293      	str	r3, [r2, #40]	@ 0x28
		reason = K_ERR_ARM_MEM_DATA_ACCESS;
 8002474:	2613      	movs	r6, #19
 8002476:	e7a3      	b.n	80023c0 <mem_manage_fault+0x38>
 8002478:	2613      	movs	r6, #19
 800247a:	e7a1      	b.n	80023c0 <mem_manage_fault+0x38>
	z_impl_z_log_msg_simple_create_0(source, level, fmt);
 800247c:	4a12      	ldr	r2, [pc, #72]	@ (80024c8 <mem_manage_fault+0x140>)
 800247e:	2101      	movs	r1, #1
 8002480:	480b      	ldr	r0, [pc, #44]	@ (80024b0 <mem_manage_fault+0x128>)
 8002482:	f004 fc3a 	bl	8006cfa <z_impl_z_log_msg_simple_create_0>
		reason = K_ERR_ARM_MEM_INSTRUCTION_ACCESS;
 8002486:	2614      	movs	r6, #20
		PR_FAULT_INFO("  Instruction Access Violation");
 8002488:	e79f      	b.n	80023ca <mem_manage_fault+0x42>
 800248a:	4a10      	ldr	r2, [pc, #64]	@ (80024cc <mem_manage_fault+0x144>)
 800248c:	2101      	movs	r1, #1
 800248e:	4808      	ldr	r0, [pc, #32]	@ (80024b0 <mem_manage_fault+0x128>)
 8002490:	f004 fc33 	bl	8006cfa <z_impl_z_log_msg_simple_create_0>
		reason = K_ERR_ARM_MEM_FP_LAZY_STATE_PRESERVATION;
 8002494:	2615      	movs	r6, #21
		PR_FAULT_INFO("  Floating-point lazy state preservation error");
 8002496:	e79d      	b.n	80023d4 <mem_manage_fault+0x4c>
				z_check_thread_stack_fail(mmfar, ((uint32_t)&esf[0]));
 8002498:	4621      	mov	r1, r4
 800249a:	4640      	mov	r0, r8
 800249c:	f004 fd7d 	bl	8006f9a <z_check_thread_stack_fail>
			if (min_stack_ptr) {
 80024a0:	2800      	cmp	r0, #0
 80024a2:	d0a6      	beq.n	80023f2 <mem_manage_fault+0x6a>
  __ASM volatile ("MSR psp, %0" : : "r" (topOfProcStack) : );
 80024a4:	f380 8809 	msr	PSP, r0
				reason = K_ERR_STACK_CHK_FAIL;
 80024a8:	2602      	movs	r6, #2
 80024aa:	e7a2      	b.n	80023f2 <mem_manage_fault+0x6a>
 80024ac:	08008b54 	.word	0x08008b54
 80024b0:	080084f4 	.word	0x080084f4
 80024b4:	e000ed00 	.word	0xe000ed00
 80024b8:	08008b6c 	.word	0x08008b6c
 80024bc:	08008aa8 	.word	0x08008aa8
 80024c0:	08008ba0 	.word	0x08008ba0
 80024c4:	08008bb8 	.word	0x08008bb8
 80024c8:	08008bd0 	.word	0x08008bd0
 80024cc:	08008b24 	.word	0x08008b24

080024d0 <hard_fault>:
{
 80024d0:	b570      	push	{r4, r5, r6, lr}
 80024d2:	4606      	mov	r6, r0
 80024d4:	460d      	mov	r5, r1
 80024d6:	4a2b      	ldr	r2, [pc, #172]	@ (8002584 <hard_fault+0xb4>)
 80024d8:	2101      	movs	r1, #1
 80024da:	482b      	ldr	r0, [pc, #172]	@ (8002588 <hard_fault+0xb8>)
 80024dc:	f004 fc0d 	bl	8006cfa <z_impl_z_log_msg_simple_create_0>
	*recoverable = false;
 80024e0:	2300      	movs	r3, #0
 80024e2:	702b      	strb	r3, [r5, #0]
	if ((SCB->HFSR & SCB_HFSR_VECTTBL_Msk) != 0) {
 80024e4:	4b29      	ldr	r3, [pc, #164]	@ (800258c <hard_fault+0xbc>)
 80024e6:	6adc      	ldr	r4, [r3, #44]	@ 0x2c
 80024e8:	f014 0402 	ands.w	r4, r4, #2
 80024ec:	d10a      	bne.n	8002504 <hard_fault+0x34>
	} else if ((SCB->HFSR & SCB_HFSR_DEBUGEVT_Msk) != 0) {
 80024ee:	4b27      	ldr	r3, [pc, #156]	@ (800258c <hard_fault+0xbc>)
 80024f0:	6adb      	ldr	r3, [r3, #44]	@ 0x2c
 80024f2:	2b00      	cmp	r3, #0
 80024f4:	db0d      	blt.n	8002512 <hard_fault+0x42>
	} else if ((SCB->HFSR & SCB_HFSR_FORCED_Msk) != 0) {
 80024f6:	4b25      	ldr	r3, [pc, #148]	@ (800258c <hard_fault+0xbc>)
 80024f8:	6adc      	ldr	r4, [r3, #44]	@ 0x2c
 80024fa:	f014 4480 	ands.w	r4, r4, #1073741824	@ 0x40000000
 80024fe:	d10e      	bne.n	800251e <hard_fault+0x4e>
}
 8002500:	4620      	mov	r0, r4
 8002502:	bd70      	pop	{r4, r5, r6, pc}
 8002504:	4a22      	ldr	r2, [pc, #136]	@ (8002590 <hard_fault+0xc0>)
 8002506:	2101      	movs	r1, #1
 8002508:	481f      	ldr	r0, [pc, #124]	@ (8002588 <hard_fault+0xb8>)
 800250a:	f004 fbf6 	bl	8006cfa <z_impl_z_log_msg_simple_create_0>
	uint32_t reason = K_ERR_CPU_EXCEPTION;
 800250e:	2400      	movs	r4, #0
		PR_EXC("  Bus fault on vector table read");
 8002510:	e7f6      	b.n	8002500 <hard_fault+0x30>
 8002512:	4a20      	ldr	r2, [pc, #128]	@ (8002594 <hard_fault+0xc4>)
 8002514:	2101      	movs	r1, #1
 8002516:	481c      	ldr	r0, [pc, #112]	@ (8002588 <hard_fault+0xb8>)
 8002518:	f004 fbef 	bl	8006cfa <z_impl_z_log_msg_simple_create_0>
		PR_EXC("  Debug event");
 800251c:	e7f0      	b.n	8002500 <hard_fault+0x30>
 800251e:	4a1e      	ldr	r2, [pc, #120]	@ (8002598 <hard_fault+0xc8>)
 8002520:	2101      	movs	r1, #1
 8002522:	4819      	ldr	r0, [pc, #100]	@ (8002588 <hard_fault+0xb8>)
 8002524:	f004 fbe9 	bl	8006cfa <z_impl_z_log_msg_simple_create_0>
		if (z_arm_is_synchronous_svc(esf)) {
 8002528:	4630      	mov	r0, r6
 800252a:	f7ff fd79 	bl	8002020 <z_arm_is_synchronous_svc>
 800252e:	b998      	cbnz	r0, 8002558 <hard_fault+0x88>
		} else if ((SCB->CFSR & SCB_CFSR_MEMFAULTSR_Msk) != 0) {
 8002530:	4b16      	ldr	r3, [pc, #88]	@ (800258c <hard_fault+0xbc>)
 8002532:	6a9b      	ldr	r3, [r3, #40]	@ 0x28
 8002534:	f013 0fff 	tst.w	r3, #255	@ 0xff
 8002538:	d116      	bne.n	8002568 <hard_fault+0x98>
		} else if ((SCB->CFSR & SCB_CFSR_BUSFAULTSR_Msk) != 0) {
 800253a:	4b14      	ldr	r3, [pc, #80]	@ (800258c <hard_fault+0xbc>)
 800253c:	6a9c      	ldr	r4, [r3, #40]	@ 0x28
 800253e:	f414 447f 	ands.w	r4, r4, #65280	@ 0xff00
 8002542:	d118      	bne.n	8002576 <hard_fault+0xa6>
		} else if ((SCB->CFSR & SCB_CFSR_USGFAULTSR_Msk) != 0) {
 8002544:	4b11      	ldr	r3, [pc, #68]	@ (800258c <hard_fault+0xbc>)
 8002546:	6a9b      	ldr	r3, [r3, #40]	@ 0x28
 8002548:	f5b3 3f80 	cmp.w	r3, #65536	@ 0x10000
 800254c:	d3d8      	bcc.n	8002500 <hard_fault+0x30>
			reason = usage_fault(esf);
 800254e:	4630      	mov	r0, r6
 8002550:	f7ff fdae 	bl	80020b0 <usage_fault>
 8002554:	4604      	mov	r4, r0
	return reason;
 8002556:	e7d3      	b.n	8002500 <hard_fault+0x30>
			PR_EXC("ARCH_EXCEPT with reason %x\n", esf->basic.r0);
 8002558:	6833      	ldr	r3, [r6, #0]
	z_impl_z_log_msg_simple_create_1(source, level, fmt, arg);
 800255a:	4a10      	ldr	r2, [pc, #64]	@ (800259c <hard_fault+0xcc>)
 800255c:	2101      	movs	r1, #1
 800255e:	480a      	ldr	r0, [pc, #40]	@ (8002588 <hard_fault+0xb8>)
 8002560:	f004 fbd5 	bl	8006d0e <z_impl_z_log_msg_simple_create_1>
			reason = esf->basic.r0;
 8002564:	6834      	ldr	r4, [r6, #0]
 8002566:	e7cb      	b.n	8002500 <hard_fault+0x30>
			reason = mem_manage_fault(esf, 1, recoverable);
 8002568:	462a      	mov	r2, r5
 800256a:	2101      	movs	r1, #1
 800256c:	4630      	mov	r0, r6
 800256e:	f7ff ff0b 	bl	8002388 <mem_manage_fault>
 8002572:	4604      	mov	r4, r0
 8002574:	e7c4      	b.n	8002500 <hard_fault+0x30>
			reason = bus_fault(esf, 1, recoverable);
 8002576:	462a      	mov	r2, r5
 8002578:	2101      	movs	r1, #1
 800257a:	4630      	mov	r0, r6
 800257c:	f7ff fe7c 	bl	8002278 <bus_fault>
 8002580:	4604      	mov	r4, r0
 8002582:	e7bd      	b.n	8002500 <hard_fault+0x30>
 8002584:	08008bf0 	.word	0x08008bf0
 8002588:	080084f4 	.word	0x080084f4
 800258c:	e000ed00 	.word	0xe000ed00
 8002590:	08008c08 	.word	0x08008c08
 8002594:	08008c2c 	.word	0x08008c2c
 8002598:	08008c3c 	.word	0x08008c3c
 800259c:	08008c5c 	.word	0x08008c5c

080025a0 <z_arm_fault>:
 * @param exc_return EXC_RETURN value present in LR after exception entry.
 * @param callee_regs Callee-saved registers (R4-R11, PSP)
 *
 */
void z_arm_fault(uint32_t msp, uint32_t psp, uint32_t exc_return, _callee_saved_t *callee_regs)
{
 80025a0:	b530      	push	{r4, r5, lr}
 80025a2:	b08b      	sub	sp, #44	@ 0x2c
	uint32_t reason = K_ERR_CPU_EXCEPTION;
	int fault = SCB->ICSR & SCB_ICSR_VECTACTIVE_Msk;
 80025a4:	4b1e      	ldr	r3, [pc, #120]	@ (8002620 <z_arm_fault+0x80>)
 80025a6:	685d      	ldr	r5, [r3, #4]
 80025a8:	f3c5 0508 	ubfx	r5, r5, #0, #9
  __ASM volatile ("MSR basepri, %0" : : "r" (basePri) : "memory");
 80025ac:	2300      	movs	r3, #0
 80025ae:	f383 8811 	msr	BASEPRI, r3
 80025b2:	f3bf 8f6f 	isb	sy
	arch_irq_unlock(0);

	/* Retrieve the Exception Stack Frame (ESF) to be supplied
	 * as argument to the remainder of the fault handling process.
	 */
	esf = get_esf(msp, psp, exc_return, &nested_exc);
 80025b6:	f10d 0326 	add.w	r3, sp, #38	@ 0x26
 80025ba:	f7ff fd55 	bl	8002068 <get_esf>
 80025be:	4604      	mov	r4, r0
	__ASSERT(esf != NULL, "ESF could not be retrieved successfully. Shall never occur.");

	z_arm_set_fault_sp(esf, exc_return);

	reason = fault_handle(esf, fault, &recoverable);
 80025c0:	f10d 0227 	add.w	r2, sp, #39	@ 0x27
 80025c4:	4629      	mov	r1, r5
 80025c6:	f004 fcb2 	bl	8006f2e <fault_handle>
	if (recoverable) {
 80025ca:	f89d 3027 	ldrb.w	r3, [sp, #39]	@ 0x27
 80025ce:	b10b      	cbz	r3, 80025d4 <z_arm_fault+0x34>
	 */
	if ((exc_return & 0xf000000f) == 0xf000000d) {
		arm_m_exc_tail();
	}
#endif
}
 80025d0:	b00b      	add	sp, #44	@ 0x2c
 80025d2:	bd30      	pop	{r4, r5, pc}
 80025d4:	4605      	mov	r5, r0
	memcpy(&esf_copy, esf, sizeof(struct arch_esf));
 80025d6:	f10d 0c04 	add.w	ip, sp, #4
 80025da:	6820      	ldr	r0, [r4, #0]
 80025dc:	6861      	ldr	r1, [r4, #4]
 80025de:	68a2      	ldr	r2, [r4, #8]
 80025e0:	68e3      	ldr	r3, [r4, #12]
 80025e2:	e8ac 000f 	stmia.w	ip!, {r0, r1, r2, r3}
 80025e6:	6920      	ldr	r0, [r4, #16]
 80025e8:	6961      	ldr	r1, [r4, #20]
 80025ea:	69a2      	ldr	r2, [r4, #24]
 80025ec:	69e3      	ldr	r3, [r4, #28]
 80025ee:	e8ac 000f 	stmia.w	ip!, {r0, r1, r2, r3}
	if (nested_exc) {
 80025f2:	f89d 3026 	ldrb.w	r3, [sp, #38]	@ 0x26
 80025f6:	b14b      	cbz	r3, 800260c <z_arm_fault+0x6c>
		if ((esf_copy.basic.xpsr & IPSR_ISR_Msk) == 0) {
 80025f8:	9b08      	ldr	r3, [sp, #32]
 80025fa:	f3c3 0208 	ubfx	r2, r3, #0, #9
 80025fe:	b94a      	cbnz	r2, 8002614 <z_arm_fault+0x74>
			esf_copy.basic.xpsr |= IPSR_ISR_Msk;
 8002600:	ea6f 2353 	mvn.w	r3, r3, lsr #9
 8002604:	ea6f 2343 	mvn.w	r3, r3, lsl #9
 8002608:	9308      	str	r3, [sp, #32]
 800260a:	e003      	b.n	8002614 <z_arm_fault+0x74>
		esf_copy.basic.xpsr &= ~(IPSR_ISR_Msk);
 800260c:	9b08      	ldr	r3, [sp, #32]
 800260e:	f36f 0308 	bfc	r3, #0, #9
 8002612:	9308      	str	r3, [sp, #32]
	z_arm_fatal_error(reason, &esf_copy);
 8002614:	a901      	add	r1, sp, #4
 8002616:	4628      	mov	r0, r5
 8002618:	f7ff fcba 	bl	8001f90 <z_arm_fatal_error>
 800261c:	e7d8      	b.n	80025d0 <z_arm_fault+0x30>
 800261e:	bf00      	nop
 8002620:	e000ed00 	.word	0xe000ed00

08002624 <z_arm_fault_init>:
 */
void z_arm_fault_init(void)
{
#if defined(CONFIG_ARMV6_M_ARMV8_M_BASELINE)
#elif defined(CONFIG_ARMV7_M_ARMV8_M_MAINLINE)
	SCB->CCR |= SCB_CCR_DIV_0_TRP_Msk;
 8002624:	4b04      	ldr	r3, [pc, #16]	@ (8002638 <z_arm_fault_init+0x14>)
 8002626:	695a      	ldr	r2, [r3, #20]
 8002628:	f042 0210 	orr.w	r2, r2, #16
 800262c:	615a      	str	r2, [r3, #20]
	SCB->CCR |= SCB_CCR_STKOFHFNMIGN_Msk;
#endif /* CONFIG_BUILTIN_STACK_GUARD */
#ifdef CONFIG_TRAP_UNALIGNED_ACCESS
	SCB->CCR |= SCB_CCR_UNALIGN_TRP_Msk;
#else
	SCB->CCR &= ~SCB_CCR_UNALIGN_TRP_Msk;
 800262e:	695a      	ldr	r2, [r3, #20]
 8002630:	f022 0208 	bic.w	r2, r2, #8
 8002634:	615a      	str	r2, [r3, #20]
#endif /* CONFIG_TRAP_UNALIGNED_ACCESS */
}
 8002636:	4770      	bx	lr
 8002638:	e000ed00 	.word	0xe000ed00

0800263c <z_arm_bus_fault>:
#else
#error Unknown ARM architecture
#endif /* CONFIG_ARMV6_M_ARMV8_M_BASELINE */
SECTION_SUBSEC_FUNC(TEXT,__fault,z_arm_exc_spurious)

	mrs r0, MSP
 800263c:	f3ef 8008 	mrs	r0, MSP
	mrs r1, PSP
 8002640:	f3ef 8109 	mrs	r1, PSP
	push {r0, lr}
 8002644:	b501      	push	{r0, lr}
#elif defined(CONFIG_ARMV7_M_ARMV8_M_MAINLINE)
	push {r4-r11}
#endif
	mov  r3, sp /* pointer to _callee_saved_t */
#endif /* CONFIG_EXTRA_EXCEPTION_INFO */
	mov r2, lr /* EXC_RETURN */
 8002646:	4672      	mov	r2, lr
	bl z_arm_fault
 8002648:	f7ff ffaa 	bl	80025a0 <z_arm_fault>
	 * in this routine. Therefore, we can just reset
	 * the MSP to its value prior to entering the function
	 */
	add sp, #40
#endif
	pop {r0, pc}
 800264c:	bd01      	pop	{r0, pc}
 800264e:	bf00      	nop

08002650 <__start>:
     *
     * Since these scenarios cover most of the cases, we set MSP to
     * z_main_stack here.
     *
     */
    ldr r0, =z_main_stack + CONFIG_MAIN_STACK_SIZE
 8002650:	480c      	ldr	r0, [pc, #48]	@ (8002684 <__start+0x34>)
    msr msp, r0
 8002652:	f380 8808 	msr	MSP, r0
     *       to avoid any issues with suspend/resume path.
     *       Refer issue #83660 for more details.
     */
#if defined(CONFIG_DEBUG_THREAD_INFO)
    /* Clear z_sys_post_kernel flag for RTOS aware debuggers */
    movs.n r0, #0
 8002656:	2000      	movs	r0, #0
    ldr r1, =z_sys_post_kernel
 8002658:	490b      	ldr	r1, [pc, #44]	@ (8002688 <__start+0x38>)
    strb r0, [r1]
 800265a:	7008      	strb	r0, [r1, #0]

    /* lock interrupts: will get unlocked when switch to main task */
#if defined(CONFIG_ARMV6_M_ARMV8_M_BASELINE)
    cpsid i
#elif defined(CONFIG_ARMV7_M_ARMV8_M_MAINLINE)
    movs.n r0, #_EXC_IRQ_DEFAULT_PRIO
 800265c:	2010      	movs	r0, #16
    msr BASEPRI, r0
 800265e:	f380 8811 	msr	BASEPRI, r0

    /*
     * Set PSP and use it to boot without using MSP, so that it
     * gets set to z_interrupt_stacks during initialization.
     */
    ldr r0, =z_interrupt_stacks
 8002662:	480a      	ldr	r0, [pc, #40]	@ (800268c <__start+0x3c>)
    ldr r1, =CONFIG_ISR_STACK_SIZE + MPU_GUARD_ALIGN_AND_SIZE
 8002664:	f44f 6104 	mov.w	r1, #2112	@ 0x840
    adds r0, r0, r1
 8002668:	1840      	adds	r0, r0, r1
    msr PSP, r0
 800266a:	f380 8809 	msr	PSP, r0
    mrs r0, CONTROL
 800266e:	f3ef 8014 	mrs	r0, CONTROL
    movs r1, #(2 | CONTROL_ARM_PAC_MASK | CONTROL_ARM_BTI_MASK)
 8002672:	2102      	movs	r1, #2
    orrs r0, r1 /* CONTROL_SPSEL_Msk */
 8002674:	4308      	orrs	r0, r1
    msr CONTROL, r0
 8002676:	f380 8814 	msr	CONTROL, r0
    /*
     * When changing the stack pointer, software must use an ISB instruction
     * immediately after the MSR instruction. This ensures that instructions
     * after the ISB instruction execute using the new stack pointer.
     */
    isb
 800267a:	f3bf 8f6f 	isb	sy
    /*
     * 'bl' jumps the furthest of the branch instructions that are
     * supported on all platforms. So it is used when jumping to z_prep_c
     * (even though we do not intend to return).
     */
    bl z_prep_c
 800267e:	f000 f849 	bl	8002714 <z_prep_c>
 8002682:	0000      	.short	0x0000
    ldr r0, =z_main_stack + CONFIG_MAIN_STACK_SIZE
 8002684:	20001ac0 	.word	0x20001ac0
    ldr r1, =z_sys_post_kernel
 8002688:	200009a7 	.word	0x200009a7
    ldr r0, =z_interrupt_stacks
 800268c:	20000d00 	.word	0x20000d00

08002690 <z_arm_svc>:
  bne .L_stack_frame_endif
.L_stack_frame_msp:
  mrs r0, MSP
.L_stack_frame_endif:
#elif defined(CONFIG_ARMV7_M_ARMV8_M_MAINLINE)
    tst lr, #_EXC_RETURN_SPSEL_Msk /* did we come from thread mode ? */
 8002690:	f01e 0f04 	tst.w	lr, #4
    ite eq  /* if zero (equal), came from handler mode */
 8002694:	bf0c      	ite	eq
        mrseq r0, MSP   /* handler mode, stack frame is on MSP */
 8002696:	f3ef 8008 	mrseq	r0, MSP
        mrsne r0, PSP   /* thread mode, stack frame is on PSP */
 800269a:	f3ef 8009 	mrsne	r0, PSP
#endif


    /* Figure out what SVC call number was invoked */

    ldr r1, [r0, #24]   /* grab address of PC from stack frame */
 800269e:	6981      	ldr	r1, [r0, #24]
     */
#if defined(CONFIG_ARMV6_M_ARMV8_M_BASELINE)
    subs r1, r1, #2
    ldrb r1, [r1]
#elif defined(CONFIG_ARMV7_M_ARMV8_M_MAINLINE)
    ldrb r1, [r1, #-2]
 80026a0:	f811 1c02 	ldrb.w	r1, [r1, #-2]
#endif
    bne .L_oops

#endif /* CONFIG_USERSPACE */

    cmp r1, #2
 80026a4:	2902      	cmp	r1, #2
    beq .L_oops
 80026a6:	d0ff      	beq.n	80026a8 <z_arm_svc+0x18>
#endif

#endif

.L_oops:
    push {r0, lr}
 80026a8:	b501      	push	{r0, lr}
#else
#error Unknown ARM architecture
#endif
    mov  r1, sp /* pointer to _callee_saved_t */
#endif /* CONFIG_EXTRA_EXCEPTION_INFO */
    mov r2, lr /* EXC_RETURN */
 80026aa:	4672      	mov	r2, lr
    bl z_do_kernel_oops
 80026ac:	f004 fc31 	bl	8006f12 <z_do_kernel_oops>

#ifdef CONFIG_USE_SWITCH
    bl arm_m_legacy_exit
#endif

    pop {r0, pc}
 80026b0:	bd01      	pop	{r0, pc}
 80026b2:	bf00      	nop

080026b4 <__NVIC_EnableIRQ>:
  \param [in]      IRQn  Device specific interrupt number.
  \note    IRQn must not be negative.
 */
__STATIC_INLINE void __NVIC_EnableIRQ(IRQn_Type IRQn)
{
  if ((int32_t)(IRQn) >= 0)
 80026b4:	2800      	cmp	r0, #0
 80026b6:	db07      	blt.n	80026c8 <__NVIC_EnableIRQ+0x14>
  {
    __COMPILER_BARRIER();
    NVIC->ISER[(((uint32_t)IRQn) >> 5UL)] = (uint32_t)(1UL << (((uint32_t)IRQn) & 0x1FUL));
 80026b8:	f000 021f 	and.w	r2, r0, #31
 80026bc:	0940      	lsrs	r0, r0, #5
 80026be:	2301      	movs	r3, #1
 80026c0:	4093      	lsls	r3, r2
 80026c2:	4a02      	ldr	r2, [pc, #8]	@ (80026cc <__NVIC_EnableIRQ+0x18>)
 80026c4:	f842 3020 	str.w	r3, [r2, r0, lsl #2]
    __COMPILER_BARRIER();
  }
}
 80026c8:	4770      	bx	lr
 80026ca:	bf00      	nop
 80026cc:	e000e100 	.word	0xe000e100

080026d0 <__NVIC_SetPriority>:
  \param [in]  priority  Priority to set.
  \note    The priority cannot be set for every processor exception.
 */
__STATIC_INLINE void __NVIC_SetPriority(IRQn_Type IRQn, uint32_t priority)
{
  if ((int32_t)(IRQn) >= 0)
 80026d0:	2800      	cmp	r0, #0
 80026d2:	db08      	blt.n	80026e6 <__NVIC_SetPriority+0x16>
  {
    NVIC->IPR[((uint32_t)IRQn)]               = (uint8_t)((priority << (8U - __NVIC_PRIO_BITS)) & (uint32_t)0xFFUL);
 80026d4:	0109      	lsls	r1, r1, #4
 80026d6:	b2c9      	uxtb	r1, r1
 80026d8:	f100 4060 	add.w	r0, r0, #3758096384	@ 0xe0000000
 80026dc:	f500 4061 	add.w	r0, r0, #57600	@ 0xe100
 80026e0:	f880 1300 	strb.w	r1, [r0, #768]	@ 0x300
 80026e4:	4770      	bx	lr
  }
  else
  {
    SCB->SHPR[(((uint32_t)IRQn) & 0xFUL)-4UL] = (uint8_t)((priority << (8U - __NVIC_PRIO_BITS)) & (uint32_t)0xFFUL);
 80026e6:	f000 000f 	and.w	r0, r0, #15
 80026ea:	0109      	lsls	r1, r1, #4
 80026ec:	b2c9      	uxtb	r1, r1
 80026ee:	4b01      	ldr	r3, [pc, #4]	@ (80026f4 <__NVIC_SetPriority+0x24>)
 80026f0:	5419      	strb	r1, [r3, r0]
  }
}
 80026f2:	4770      	bx	lr
 80026f4:	e000ed14 	.word	0xe000ed14

080026f8 <relocate_vector_table>:
	/* Copy vector table to its location in SRAM */
	size_t vector_size = (size_t)_vector_end - (size_t)_vector_start;

	arch_early_memcpy(_sram_vector_start, _vector_start, vector_size);
#endif
	SCB->VTOR = VECTOR_ADDRESS & VTOR_MASK;
 80026f8:	4b04      	ldr	r3, [pc, #16]	@ (800270c <relocate_vector_table+0x14>)
 80026fa:	f023 037f 	bic.w	r3, r3, #127	@ 0x7f
 80026fe:	4a04      	ldr	r2, [pc, #16]	@ (8002710 <relocate_vector_table+0x18>)
 8002700:	6093      	str	r3, [r2, #8]
  __ASM volatile ("dsb 0xF":::"memory");
 8002702:	f3bf 8f4f 	dsb	sy
  __ASM volatile ("isb 0xF":::"memory");
 8002706:	f3bf 8f6f 	isb	sy
	barrier_dsync_fence_full();
	barrier_isync_fence_full();
}
 800270a:	4770      	bx	lr
 800270c:	08000000 	.word	0x08000000
 8002710:	e000ed00 	.word	0xe000ed00

08002714 <z_prep_c>:
 *
 * This routine prepares for the execution of and runs C code.
 *
 */
FUNC_NORETURN void z_prep_c(void)
{
 8002714:	b508      	push	{r3, lr}
	soc_prep_hook();

	relocate_vector_table();
 8002716:	f7ff ffef 	bl	80026f8 <relocate_vector_table>
	SCB->CPACR &= (~(CPACR_CP10_Msk | CPACR_CP11_Msk));
 800271a:	4a0b      	ldr	r2, [pc, #44]	@ (8002748 <z_prep_c+0x34>)
 800271c:	f8d2 3088 	ldr.w	r3, [r2, #136]	@ 0x88
 8002720:	f423 0370 	bic.w	r3, r3, #15728640	@ 0xf00000
 8002724:	f8c2 3088 	str.w	r3, [r2, #136]	@ 0x88
  __ASM volatile ("MRS %0, control" : "=r" (result) );
 8002728:	f3ef 8314 	mrs	r3, CONTROL
	__set_CONTROL(__get_CONTROL() & (~(CONTROL_FPCA_Msk)));
 800272c:	f023 0304 	bic.w	r3, r3, #4
  __ASM volatile ("MSR control, %0" : : "r" (control) : "memory");
 8002730:	f383 8814 	msr	CONTROL, r3
 8002734:	f3bf 8f6f 	isb	sy
#if defined(CONFIG_CPU_HAS_FPU)
	z_arm_floating_point_init();
#endif
	arch_bss_zero();
 8002738:	f7ff fb54 	bl	8001de4 <arch_bss_zero>
	arch_data_copy();
 800273c:	f7ff fb5e 	bl	8001dfc <arch_data_copy>
#if defined(CONFIG_ARM_CUSTOM_INTERRUPT_CONTROLLER)
	/* Invoke SoC-specific interrupt controller initialization */
	z_soc_irq_init();
#else
	z_arm_interrupt_init();
 8002740:	f000 f8cc 	bl	80028dc <z_arm_interrupt_init>
#endif

#ifdef CONFIG_NULL_POINTER_EXCEPTION_DETECTION_DWT
	z_arm_debug_enable_null_pointer_detection();
#endif
	z_cstart();
 8002744:	f001 fef8 	bl	8004538 <z_cstart>
 8002748:	e000ed00 	.word	0xe000ed00

0800274c <min_stack>:
 *         thread stack corruption, otherwise return 0.
 */
static uint32_t min_stack(const uint32_t fault_addr, const uint32_t psp)
{
#if defined(CONFIG_MULTITHREADING)
	const struct k_thread *thread = _current;
 800274c:	4b10      	ldr	r3, [pc, #64]	@ (8002790 <min_stack+0x44>)
 800274e:	689b      	ldr	r3, [r3, #8]

	if (thread == NULL) {
 8002750:	b1bb      	cbz	r3, 8002782 <min_stack+0x36>
			return thread->stack_info.start;
		}
	}
#else /* CONFIG_USERSPACE */
#if defined(CONFIG_MULTITHREADING)
	if (IS_MPU_GUARD_VIOLATION(thread->stack_info.start - guard_len, guard_len, fault_addr,
 8002752:	f110 0f16 	cmn.w	r0, #22
 8002756:	d00b      	beq.n	8002770 <min_stack+0x24>
 8002758:	f8d3 2094 	ldr.w	r2, [r3, #148]	@ 0x94
 800275c:	f1a2 0c40 	sub.w	ip, r2, #64	@ 0x40
 8002760:	4584      	cmp	ip, r0
 8002762:	d810      	bhi.n	8002786 <min_stack+0x3a>
 8002764:	4282      	cmp	r2, r0
 8002766:	d910      	bls.n	800278a <min_stack+0x3e>
 8002768:	428a      	cmp	r2, r1
 800276a:	d807      	bhi.n	800277c <min_stack+0x30>
		return (uint32_t)K_THREAD_STACK_BUFFER(z_main_stack);
	}
#endif
#endif /* CONFIG_USERSPACE */

	return 0;
 800276c:	2000      	movs	r0, #0
 800276e:	4770      	bx	lr
	if (IS_MPU_GUARD_VIOLATION(thread->stack_info.start - guard_len, guard_len, fault_addr,
 8002770:	f8d3 2094 	ldr.w	r2, [r3, #148]	@ 0x94
 8002774:	428a      	cmp	r2, r1
 8002776:	d801      	bhi.n	800277c <min_stack+0x30>
	return 0;
 8002778:	2000      	movs	r0, #0
}
 800277a:	4770      	bx	lr
		return thread->stack_info.start;
 800277c:	f8d3 0094 	ldr.w	r0, [r3, #148]	@ 0x94
 8002780:	4770      	bx	lr
		return 0;
 8002782:	2000      	movs	r0, #0
 8002784:	4770      	bx	lr
	return 0;
 8002786:	2000      	movs	r0, #0
 8002788:	4770      	bx	lr
 800278a:	2000      	movs	r0, #0
 800278c:	4770      	bx	lr
 800278e:	bf00      	nop
 8002790:	20000970 	.word	0x20000970

08002794 <arch_new_thread>:
{
 8002794:	b410      	push	{r4}
	struct __basic_sf *iframe = Z_STACK_PTR_TO_FRAME(struct __basic_sf, stack_ptr);
 8002796:	f1a2 0420 	sub.w	r4, r2, #32
	iframe->pc = (uint32_t)entry_wrapper;
 800279a:	490e      	ldr	r1, [pc, #56]	@ (80027d4 <arch_new_thread+0x40>)
 800279c:	f842 1c08 	str.w	r1, [r2, #-8]
	iframe->pc &= 0xfffffffe;
 80027a0:	f021 0101 	bic.w	r1, r1, #1
 80027a4:	f842 1c08 	str.w	r1, [r2, #-8]
	iframe->a1 = (uint32_t)entry;
 80027a8:	f842 3c20 	str.w	r3, [r2, #-32]
	iframe->a2 = (uint32_t)p1;
 80027ac:	9b01      	ldr	r3, [sp, #4]
 80027ae:	f842 3c1c 	str.w	r3, [r2, #-28]
	iframe->a3 = (uint32_t)p2;
 80027b2:	9b02      	ldr	r3, [sp, #8]
 80027b4:	f842 3c18 	str.w	r3, [r2, #-24]
	iframe->a4 = (uint32_t)p3;
 80027b8:	9b03      	ldr	r3, [sp, #12]
 80027ba:	f842 3c14 	str.w	r3, [r2, #-20]
	iframe->xpsr = 0x01000000UL; /* clear all, thumb bit is 1, even if RO */
 80027be:	f04f 7380 	mov.w	r3, #16777216	@ 0x1000000
 80027c2:	f842 3c04 	str.w	r3, [r2, #-4]
	thread->callee_saved.psp = (uint32_t)iframe;
 80027c6:	6504      	str	r4, [r0, #80]	@ 0x50
	thread->arch.basepri = 0;
 80027c8:	2300      	movs	r3, #0
 80027ca:	f8c0 30a8 	str.w	r3, [r0, #168]	@ 0xa8
}
 80027ce:	bc10      	pop	{r4}
 80027d0:	4770      	bx	lr
 80027d2:	bf00      	nop
 80027d4:	08000fe9 	.word	0x08000fe9

080027d8 <arch_switch_to_main_thread>:
#endif /* CONFIG_FPU */
}

void arch_switch_to_main_thread(struct k_thread *main_thread, char *stack_ptr,
				k_thread_entry_t _main)
{
 80027d8:	b508      	push	{r3, lr}
 80027da:	460e      	mov	r6, r1
 80027dc:	4615      	mov	r5, r2
	z_arm_prepare_switch_to_main();

	z_current_thread_set(main_thread);
 80027de:	4a0c      	ldr	r2, [pc, #48]	@ (8002810 <arch_switch_to_main_thread+0x38>)
 80027e0:	6090      	str	r0, [r2, #8]
	 * thread for the first time, as the pointer is only set
	 * during context switching.
	 */
	extern uintptr_t z_arm_tls_ptr;

	z_arm_tls_ptr = main_thread->tls;
 80027e2:	f8d0 20a4 	ldr.w	r2, [r0, #164]	@ 0xa4
 80027e6:	4b0b      	ldr	r3, [pc, #44]	@ (8002814 <arch_switch_to_main_thread+0x3c>)
 80027e8:	601a      	str	r2, [r3, #0]
#if defined(CONFIG_MPU_STACK_GUARD) || defined(CONFIG_USERSPACE)
	/*
	 * If stack protection is enabled, make sure to set it
	 * before jumping to thread entry function
	 */
	z_arm_configure_dynamic_mpu_regions(main_thread);
 80027ea:	f000 f8b5 	bl	8002958 <z_arm_configure_dynamic_mpu_regions>
	 * with the thread entry process.
	 *
	 * When calling arch_irq_unlock_outlined, LR is lost which is fine since
	 * we do not intend to return after calling z_thread_entry.
	 */
	__asm__ volatile("mov   r4,  %0\n" /* force _main to be stored in a register */
 80027ee:	462c      	mov	r4, r5
 80027f0:	f386 8809 	msr	PSP, r6
 80027f4:	2000      	movs	r0, #0
 80027f6:	4b04      	ldr	r3, [pc, #16]	@ (8002808 <arch_switch_to_main_thread+0x30>)
 80027f8:	4798      	blx	r3
 80027fa:	4620      	mov	r0, r4
 80027fc:	2100      	movs	r1, #0
 80027fe:	2200      	movs	r2, #0
 8002800:	2300      	movs	r3, #0
 8002802:	4c02      	ldr	r4, [pc, #8]	@ (800280c <arch_switch_to_main_thread+0x34>)
 8002804:	4720      	bx	r4
 8002806:	0000      	.short	0x0000
 8002808:	08006fa9 	.word	0x08006fa9
 800280c:	08000fe9 	.word	0x08000fe9
#endif
			 :
			 : "r"(_main), "r"(stack_ptr)
			 : "r0", "r1", "r2", "r3", "r4", "ip", "lr", "memory");

	CODE_UNREACHABLE;
 8002810:	20000970 	.word	0x20000970
 8002814:	200008c8 	.word	0x200008c8

08002818 <z_arm_cpu_idle_init>:
 * Only called by arch_kernel_init(). Sets SEVONPEND bit once for the system's
 * duration.
 */
void z_arm_cpu_idle_init(void)
{
	SCB->SCR = SCB_SCR_SEVONPEND_Msk;
 8002818:	4b01      	ldr	r3, [pc, #4]	@ (8002820 <z_arm_cpu_idle_init+0x8>)
 800281a:	2210      	movs	r2, #16
 800281c:	611a      	str	r2, [r3, #16]
}
 800281e:	4770      	bx	lr
 8002820:	e000ed00 	.word	0xe000ed00

08002824 <z_arm_exc_exit>:
 *
 */
Z_GENERIC_SECTION(.text._HandlerModeExit) void z_arm_exc_exit(void)
{
#ifdef CONFIG_PREEMPT_ENABLED
	if (_kernel.ready_q.cache != _kernel.cpus->current) {
 8002824:	4b05      	ldr	r3, [pc, #20]	@ (800283c <z_arm_exc_exit+0x18>)
 8002826:	695a      	ldr	r2, [r3, #20]
 8002828:	689b      	ldr	r3, [r3, #8]
 800282a:	429a      	cmp	r2, r3
 800282c:	d004      	beq.n	8002838 <z_arm_exc_exit+0x14>
		SCB->ICSR |= SCB_ICSR_PENDSVSET_Msk;
 800282e:	4a04      	ldr	r2, [pc, #16]	@ (8002840 <z_arm_exc_exit+0x1c>)
 8002830:	6853      	ldr	r3, [r2, #4]
 8002832:	f043 5380 	orr.w	r3, r3, #268435456	@ 0x10000000
 8002836:	6053      	str	r3, [r2, #4]
#endif /* CONFIG_PREEMPT_ENABLED */

#ifdef CONFIG_STACK_SENTINEL
	z_check_stack_sentinel();
#endif /* CONFIG_STACK_SENTINEL */
}
 8002838:	4770      	bx	lr
 800283a:	bf00      	nop
 800283c:	20000970 	.word	0x20000970
 8002840:	e000ed00 	.word	0xe000ed00

08002844 <z_impl_k_thread_abort>:
#include <zephyr/linker/sections.h>
#include <kswap.h>
#include <zephyr/sys/__assert.h>

void z_impl_k_thread_abort(k_tid_t thread)
{
 8002844:	b508      	push	{r3, lr}
	SYS_PORT_TRACING_OBJ_FUNC_ENTER(k_thread, abort, thread);

	if (_current == thread) {
 8002846:	4b0a      	ldr	r3, [pc, #40]	@ (8002870 <z_impl_k_thread_abort+0x2c>)
 8002848:	689b      	ldr	r3, [r3, #8]
 800284a:	4283      	cmp	r3, r0
 800284c:	d002      	beq.n	8002854 <z_impl_k_thread_abort+0x10>
			 */
			SCB->SHCSR &= ~SCB_SHCSR_SVCALLPENDED_Msk;
		}
	}

	z_thread_abort(thread);
 800284e:	f002 faa3 	bl	8004d98 <z_thread_abort>

	SYS_PORT_TRACING_OBJ_FUNC_EXIT(k_thread, abort, thread);
}
 8002852:	bd08      	pop	{r3, pc}
  __ASM volatile ("MRS %0, ipsr" : "=r" (result) );
 8002854:	f3ef 8305 	mrs	r3, IPSR
		if (arch_is_in_isr()) {
 8002858:	2b00      	cmp	r3, #0
 800285a:	d0f8      	beq.n	800284e <z_impl_k_thread_abort+0xa>
			SCB->ICSR |= SCB_ICSR_PENDSVSET_Msk;
 800285c:	4b05      	ldr	r3, [pc, #20]	@ (8002874 <z_impl_k_thread_abort+0x30>)
 800285e:	685a      	ldr	r2, [r3, #4]
 8002860:	f042 5280 	orr.w	r2, r2, #268435456	@ 0x10000000
 8002864:	605a      	str	r2, [r3, #4]
			SCB->SHCSR &= ~SCB_SHCSR_SVCALLPENDED_Msk;
 8002866:	6a5a      	ldr	r2, [r3, #36]	@ 0x24
 8002868:	f422 4200 	bic.w	r2, r2, #32768	@ 0x8000
 800286c:	625a      	str	r2, [r3, #36]	@ 0x24
 800286e:	e7ee      	b.n	800284e <z_impl_k_thread_abort+0xa>
 8002870:	20000970 	.word	0x20000970
 8002874:	e000ed00 	.word	0xe000ed00

08002878 <z_arm_pendsv>:
    /* load _kernel into r1 and current k_thread into r2 */
#if defined(CONFIG_SLOW_FLASH_DATA)
    movw r1, #:lower16:_kernel
    movt r1, #:upper16:_kernel
#else
    ldr r1, =_kernel
 8002878:	4915      	ldr	r1, [pc, #84]	@ (80028d0 <z_arm_pendsv+0x58>)
#endif
    ldr r2, [r1, #_kernel_offset_to_current]
 800287a:	688a      	ldr	r2, [r1, #8]
    /* Store LSB of LR (EXC_RETURN) to the thread's 'mode' word. */
    strb lr, [r2, #_thread_offset_to_mode_exc_return]
#endif

    /* addr of callee-saved regs in thread in r0 */
    ldr r0, =_thread_offset_to_callee_saved
 800287c:	f04f 0030 	mov.w	r0, #48	@ 0x30
    add r0, r2
 8002880:	4410      	add	r0, r2

    /* save callee-saved + psp in thread */
    mrs ip, PSP
 8002882:	f3ef 8c09 	mrs	ip, PSP
    mov r6, r11
    mov r7, ip
    /* store r8-12 */
    stmea r0!, {r3-r7}
#elif defined(CONFIG_ARMV7_M_ARMV8_M_MAINLINE)
    stmia r0, {r4-r11, ip}
 8002886:	e880 1ff0 	stmia.w	r0, {r4, r5, r6, r7, r8, r9, sl, fp, ip}

    /* Protect the kernel state while we play with the thread lists */
#if defined(CONFIG_ARMV6_M_ARMV8_M_BASELINE)
    cpsid i
#elif defined(CONFIG_ARMV7_M_ARMV8_M_MAINLINE)
    movs.n r0, #_EXC_IRQ_DEFAULT_PRIO
 800288a:	2010      	movs	r0, #16
    msr BASEPRI_MAX, r0
 800288c:	f380 8812 	msr	BASEPRI_MAX, r0
    isb /* Make the effect of disabling interrupts be realized immediately */
 8002890:	f3bf 8f6f 	isb	sy
     */
#if defined(CONFIG_SLOW_FLASH_DATA)
    movw r7, #:lower16:_SCS_ICSR
    movt r7, #:upper16:_SCS_ICSR
#else
    ldr r7, =_SCS_ICSR
 8002894:	4f0f      	ldr	r7, [pc, #60]	@ (80028d4 <z_arm_pendsv+0x5c>)
#endif
    ldr r6, =_SCS_ICSR_UNPENDSV
 8002896:	f04f 6600 	mov.w	r6, #134217728	@ 0x8000000

    /* _kernel is still in r1 */

    /* fetch the thread to run from the ready queue cache */
    ldr r2, [r1, #_kernel_offset_to_ready_q_cache]
 800289a:	694a      	ldr	r2, [r1, #20]

    str r2, [r1, #_kernel_offset_to_current]
 800289c:	608a      	str	r2, [r1, #8]
     * since they were based on the previous kernel state and this
     * has been handled.
     */

    /* _SCS_ICSR is still in r7 and _SCS_ICSR_UNPENDSV in r6 */
    str r6, [r7, #0]
 800289e:	603e      	str	r6, [r7, #0]
#if defined(CONFIG_ARMV6_M_ARMV8_M_BASELINE)
    ldr r4, =_thread_offset_to_tls
    adds r4, r2, r4
    ldr r0, [r4]
#else
    ldr r0, [r2, #_thread_offset_to_tls]
 80028a0:	f8d2 00a4 	ldr.w	r0, [r2, #164]	@ 0xa4

    /* For Cortex-M, store TLS pointer in a global variable,
     * as it lacks the process ID or thread ID register
     * to be used by toolchain to access thread data.
     */
    ldr r4, =z_arm_tls_ptr
 80028a4:	4c0c      	ldr	r4, [pc, #48]	@ (80028d8 <z_arm_pendsv+0x60>)
    str r0, [r4]
 80028a6:	6020      	str	r0, [r4, #0]

    ldr r0, [r4]
    movs.n r3, #0
    str r3, [r4]
#else
    ldr r0, [r2, #_thread_offset_to_basepri]
 80028a8:	f8d2 00a8 	ldr.w	r0, [r2, #168]	@ 0xa8
    movs r3, #0
 80028ac:	2300      	movs	r3, #0
    str r3, [r2, #_thread_offset_to_basepri]
 80028ae:	f8c2 30a8 	str.w	r3, [r2, #168]	@ 0xa8
    /* restore r4-r7, go back 9*4 bytes to the start of the stored block */
    subs r0, #36
    ldmia r0!, {r4-r7}
#elif defined(CONFIG_ARMV7_M_ARMV8_M_MAINLINE)
    /* restore BASEPRI for the incoming thread */
    msr BASEPRI, r0
 80028b2:	f380 8811 	msr	BASEPRI, r0
    isb
#endif

#if defined(CONFIG_MPU_STACK_GUARD) || defined(CONFIG_USERSPACE)
    /* Re-program dynamic memory map */
    push {r2,lr}
 80028b6:	b504      	push	{r2, lr}
    mov r0, r2 /* _current thread */
 80028b8:	4610      	mov	r0, r2
    bl z_arm_configure_dynamic_mpu_regions
 80028ba:	f000 f84d 	bl	8002958 <z_arm_configure_dynamic_mpu_regions>
    pop {r2,lr}
 80028be:	e8bd 4004 	ldmia.w	sp!, {r2, lr}
    msr  PAC_KEY_P_3, r6
    clrm {r3-r6}
#endif /* CONFIG_ARM_PAC_PER_THREAD */

    /* load callee-saved + psp from thread */
    add r0, r2, #_thread_offset_to_callee_saved
 80028c2:	f102 0030 	add.w	r0, r2, #48	@ 0x30
    ldmia r0, {r4-r11, ip}
 80028c6:	e890 1ff0 	ldmia.w	r0, {r4, r5, r6, r7, r8, r9, sl, fp, ip}
#else
#error Unknown ARM architecture
#endif /* CONFIG_ARMV6_M_ARMV8_M_BASELINE */

    msr PSP, ip
 80028ca:	f38c 8809 	msr	PSP, ip
#endif /* CONFIG_INSTRUMENT_THREAD_SWITCHING */

    /*
     * Cortex-M: return from PendSV exception
     */
    bx lr
 80028ce:	4770      	bx	lr
    ldr r1, =_kernel
 80028d0:	20000970 	.word	0x20000970
    ldr r7, =_SCS_ICSR
 80028d4:	e000ed04 	.word	0xe000ed04
    ldr r4, =z_arm_tls_ptr
 80028d8:	200008c8 	.word	0x200008c8

080028dc <z_arm_interrupt_init>:
 *
 */

void z_arm_interrupt_init(void)
{
	int irq = 0;
 80028dc:	2200      	movs	r2, #0

/* CONFIG_2ND_LVL_ISR_TBL_OFFSET could be treated as total number of level1 interrupts */
#if defined(CONFIG_MULTI_LEVEL_INTERRUPTS) && defined(CONFIG_2ND_LVL_ISR_TBL_OFFSET)
	for (; irq < CONFIG_2ND_LVL_ISR_TBL_OFFSET; irq++) {
#else
	for (; irq < CONFIG_NUM_IRQS; irq++) {
 80028de:	e006      	b.n	80028ee <z_arm_interrupt_init+0x12>
    SCB->SHPR[(((uint32_t)IRQn) & 0xFUL)-4UL] = (uint8_t)((priority << (8U - __NVIC_PRIO_BITS)) & (uint32_t)0xFFUL);
 80028e0:	f003 030f 	and.w	r3, r3, #15
 80028e4:	4909      	ldr	r1, [pc, #36]	@ (800290c <z_arm_interrupt_init+0x30>)
 80028e6:	4419      	add	r1, r3
 80028e8:	2310      	movs	r3, #16
 80028ea:	760b      	strb	r3, [r1, #24]
 80028ec:	3201      	adds	r2, #1
 80028ee:	2a49      	cmp	r2, #73	@ 0x49
 80028f0:	dc0a      	bgt.n	8002908 <z_arm_interrupt_init+0x2c>
#endif
		NVIC_SetPriority((IRQn_Type)irq, _IRQ_PRIO_OFFSET);
 80028f2:	b253      	sxtb	r3, r2
  if ((int32_t)(IRQn) >= 0)
 80028f4:	2b00      	cmp	r3, #0
 80028f6:	dbf3      	blt.n	80028e0 <z_arm_interrupt_init+0x4>
    NVIC->IPR[((uint32_t)IRQn)]               = (uint8_t)((priority << (8U - __NVIC_PRIO_BITS)) & (uint32_t)0xFFUL);
 80028f8:	f103 4360 	add.w	r3, r3, #3758096384	@ 0xe0000000
 80028fc:	f503 4361 	add.w	r3, r3, #57600	@ 0xe100
 8002900:	2110      	movs	r1, #16
 8002902:	f883 1300 	strb.w	r1, [r3, #768]	@ 0x300
 8002906:	e7f1      	b.n	80028ec <z_arm_interrupt_init+0x10>
	}
}
 8002908:	4770      	bx	lr
 800290a:	bf00      	nop
 800290c:	e000ecfc 	.word	0xe000ecfc

08002910 <_isr_wrapper>:
 * z_arm_pendsv()) and pends the PendSV exception if so: the latter will
 * perform the context switch itself.
 *
 */
void _isr_wrapper(void)
{
 8002910:	b508      	push	{r3, lr}
 8002912:	f3ef 8305 	mrs	r3, IPSR
#endif
	/* _sw_isr_table does not map the core system exceptions,
	 * which take first 16 interrupt numbers, only the external
	 * interrupts.
	 */
	irq_number -= 16;
 8002916:	3b10      	subs	r3, #16

	const struct _isr_table_entry *entry = &_sw_isr_table[irq_number];
	(entry->isr)(entry->arg);
 8002918:	4a04      	ldr	r2, [pc, #16]	@ (800292c <_isr_wrapper+0x1c>)
 800291a:	eb02 01c3 	add.w	r1, r2, r3, lsl #3
 800291e:	6849      	ldr	r1, [r1, #4]
 8002920:	f852 0033 	ldr.w	r0, [r2, r3, lsl #3]
 8002924:	4788      	blx	r1

#ifdef CONFIG_TRACING_ISR
	sys_trace_isr_exit();
#endif /* CONFIG_TRACING_ISR */

	z_arm_exc_exit();
 8002926:	f7ff ff7d 	bl	8002824 <z_arm_exc_exit>
}
 800292a:	bd08      	pop	{r3, pc}
 800292c:	08008208 	.word	0x08008208

08002930 <__aeabi_read_tp>:
 *
 * This can only be guaranteed by either implementing a naked C function with
 * inline assembly, or plain assembly.
 */
SECTION_FUNC(TEXT, __aeabi_read_tp)
	ldr r0, =z_arm_tls_ptr
 8002930:	4801      	ldr	r0, [pc, #4]	@ (8002938 <__aeabi_read_tp+0x8>)
	ldr r0, [r0]
 8002932:	6800      	ldr	r0, [r0, #0]
	bx lr
 8002934:	4770      	bx	lr
 8002936:	0000      	.short	0x0000
	ldr r0, =z_arm_tls_ptr
 8002938:	200008c8 	.word	0x200008c8

0800293c <z_arm_configure_static_mpu_regions>:
 *
 * For some MPU architectures, such as the unmodified ARMv8-M MPU,
 * the function must execute with MPU enabled.
 */
void z_arm_configure_static_mpu_regions(void)
{
 800293c:	b508      	push	{r3, lr}
	 * into account the unused SRAM area, as well.
	 */
#ifdef CONFIG_AARCH32_ARMV8_R
	arm_core_mpu_disable();
#endif
	arm_core_mpu_configure_static_mpu_regions(static_regions,
 800293e:	4b03      	ldr	r3, [pc, #12]	@ (800294c <z_arm_configure_static_mpu_regions+0x10>)
 8002940:	4a03      	ldr	r2, [pc, #12]	@ (8002950 <z_arm_configure_static_mpu_regions+0x14>)
 8002942:	2101      	movs	r1, #1
 8002944:	4803      	ldr	r0, [pc, #12]	@ (8002954 <z_arm_configure_static_mpu_regions+0x18>)
 8002946:	f004 fc6e 	bl	8007226 <arm_core_mpu_configure_static_mpu_regions>
	};

	arm_core_mpu_mark_areas_for_dynamic_regions(dyn_region_areas,
		ARRAY_SIZE(dyn_region_areas));
#endif /* CONFIG_MPU_REQUIRES_NON_OVERLAPPING_REGIONS */
}
 800294a:	bd08      	pop	{r3, pc}
 800294c:	20018000 	.word	0x20018000
 8002950:	20000000 	.word	0x20000000
 8002954:	08009260 	.word	0x08009260

08002958 <z_arm_configure_dynamic_mpu_regions>:
 *
 * This function is not inherently thread-safe, but the memory domain
 * spinlock needs to be held anyway.
 */
void z_arm_configure_dynamic_mpu_regions(struct k_thread *thread)
{
 8002958:	b508      	push	{r3, lr}
#endif /* CONFIG_USERSPACE */
	{
		/* A supervisor thread only has the normal thread stack to
		 * protect with a stack guard.
		 */
		guard_start = thread->stack_info.start - guard_size;
 800295a:	f8d0 3094 	ldr.w	r3, [r0, #148]	@ 0x94
 800295e:	3b40      	subs	r3, #64	@ 0x40
	}

	__ASSERT(region_num < _MAX_DYNAMIC_MPU_REGIONS_NUM,
		"Out-of-bounds error for dynamic region map.");

	dynamic_regions[region_num].start = guard_start;
 8002960:	4804      	ldr	r0, [pc, #16]	@ (8002974 <z_arm_configure_dynamic_mpu_regions+0x1c>)
 8002962:	6003      	str	r3, [r0, #0]
	dynamic_regions[region_num].size = guard_size;
 8002964:	2340      	movs	r3, #64	@ 0x40
 8002966:	6043      	str	r3, [r0, #4]
	dynamic_regions[region_num].attr = K_MEM_PARTITION_P_RO_U_NA;
 8002968:	4b03      	ldr	r3, [pc, #12]	@ (8002978 <z_arm_configure_dynamic_mpu_regions+0x20>)
 800296a:	6083      	str	r3, [r0, #8]

	/* Configure the dynamic MPU regions */
#ifdef CONFIG_AARCH32_ARMV8_R
	arm_core_mpu_disable();
#endif
	arm_core_mpu_configure_dynamic_mpu_regions(dynamic_regions,
 800296c:	2101      	movs	r1, #1
 800296e:	f004 fc5e 	bl	800722e <arm_core_mpu_configure_dynamic_mpu_regions>
						   region_num);
#ifdef CONFIG_AARCH32_ARMV8_R
	arm_core_mpu_enable();
#endif
}
 8002972:	bd08      	pop	{r3, pc}
 8002974:	200008cc 	.word	0x200008cc
 8002978:	150b0000 	.word	0x150b0000

0800297c <region_init>:
	return (uint8_t)type;
}

static inline void set_region_number(uint32_t index)
{
	MPU->RNR = index;
 800297c:	4a08      	ldr	r2, [pc, #32]	@ (80029a0 <region_init+0x24>)
 800297e:	f8c2 0098 	str.w	r0, [r2, #152]	@ 0x98

	set_region_base_address(region_conf->base & MPU_RBAR_ADDR_Msk);
	set_region_attributes(region_conf->attr.rasr);
	set_region_size(region_conf->size | MPU_RASR_ENABLE_Msk);
#else
	MPU->RBAR = (region_conf->base & MPU_RBAR_ADDR_Msk)
 8002982:	680b      	ldr	r3, [r1, #0]
 8002984:	f023 031f 	bic.w	r3, r3, #31
				| MPU_RBAR_VALID_Msk | index;
 8002988:	4303      	orrs	r3, r0
 800298a:	f043 0310 	orr.w	r3, r3, #16
	MPU->RBAR = (region_conf->base & MPU_RBAR_ADDR_Msk)
 800298e:	f8c2 309c 	str.w	r3, [r2, #156]	@ 0x9c
	MPU->RASR = region_conf->attr.rasr | MPU_RASR_ENABLE_Msk;
 8002992:	688b      	ldr	r3, [r1, #8]
 8002994:	f043 0301 	orr.w	r3, r3, #1
 8002998:	f8c2 30a0 	str.w	r3, [r2, #160]	@ 0xa0
	LOG_DBG("[%d] 0x%08x 0x%08x",
		index, region_conf->base, region_conf->attr.rasr);
#endif
}
 800299c:	4770      	bx	lr
 800299e:	bf00      	nop
 80029a0:	e000ed00 	.word	0xe000ed00

080029a4 <region_allocate_and_init>:
#error "Unsupported ARM CPU"
#endif

static int region_allocate_and_init(const uint8_t index,
	const struct arm_mpu_region *region_conf)
{
 80029a4:	b510      	push	{r4, lr}
 80029a6:	4604      	mov	r4, r0
	uint32_t type = MPU->TYPE;
 80029a8:	4b0a      	ldr	r3, [pc, #40]	@ (80029d4 <region_allocate_and_init+0x30>)
 80029aa:	f8d3 3090 	ldr.w	r3, [r3, #144]	@ 0x90
	/* Attempt to allocate new region index. */
	if (index > (get_num_regions() - 1U)) {
 80029ae:	f3c3 2307 	ubfx	r3, r3, #8, #8
 80029b2:	3b01      	subs	r3, #1
 80029b4:	4298      	cmp	r0, r3
 80029b6:	d803      	bhi.n	80029c0 <region_allocate_and_init+0x1c>
	}

	LOG_DBG("Program MPU region at index 0x%x", index);

	/* Program region */
	region_init(index, region_conf);
 80029b8:	f7ff ffe0 	bl	800297c <region_init>

	return index;
 80029bc:	4620      	mov	r0, r4
}
 80029be:	bd10      	pop	{r4, pc}
 80029c0:	4603      	mov	r3, r0
 80029c2:	4a05      	ldr	r2, [pc, #20]	@ (80029d8 <region_allocate_and_init+0x34>)
 80029c4:	2101      	movs	r1, #1
 80029c6:	4805      	ldr	r0, [pc, #20]	@ (80029dc <region_allocate_and_init+0x38>)
 80029c8:	f004 f9a1 	bl	8006d0e <z_impl_z_log_msg_simple_create_1>
		return -EINVAL;
 80029cc:	f06f 0015 	mvn.w	r0, #21
 80029d0:	e7f5      	b.n	80029be <region_allocate_and_init+0x1a>
 80029d2:	bf00      	nop
 80029d4:	e000ed00 	.word	0xe000ed00
 80029d8:	08008c7c 	.word	0x08008c7c
 80029dc:	080084ec 	.word	0x080084ec

080029e0 <mpu_configure_regions>:
 * coherence check of the memory regions to be programmed.
 */
static int mpu_configure_regions(const struct z_arm_mpu_partition
	regions[], uint8_t regions_num, uint8_t start_reg_index,
	bool do_coherence_check)
{
 80029e0:	e92d 43f8 	stmdb	sp!, {r3, r4, r5, r6, r7, r8, r9, lr}
 80029e4:	4680      	mov	r8, r0
 80029e6:	460f      	mov	r7, r1
 80029e8:	4699      	mov	r9, r3
	int i;
	int reg_index = start_reg_index;
 80029ea:	4616      	mov	r6, r2

	for (i = 0; i < regions_num; i++) {
 80029ec:	2500      	movs	r5, #0
 80029ee:	e009      	b.n	8002a04 <mpu_configure_regions+0x24>
				(!mpu_partition_is_valid(&regions[i]))) {
			LOG_ERR("Partition %u: coherence check failed.", i);
			return -EINVAL;
		}

		reg_index = mpu_configure_region(reg_index, &regions[i]);
 80029f0:	4621      	mov	r1, r4
 80029f2:	b2f0      	uxtb	r0, r6
 80029f4:	f004 fafd 	bl	8006ff2 <mpu_configure_region>
 80029f8:	4606      	mov	r6, r0

		if (reg_index == -EINVAL) {
 80029fa:	f110 0f16 	cmn.w	r0, #22
 80029fe:	d01a      	beq.n	8002a36 <mpu_configure_regions+0x56>
			return reg_index;
		}

		/* Increment number of programmed MPU indices. */
		reg_index++;
 8002a00:	3601      	adds	r6, #1
	for (i = 0; i < regions_num; i++) {
 8002a02:	3501      	adds	r5, #1
 8002a04:	42bd      	cmp	r5, r7
 8002a06:	da16      	bge.n	8002a36 <mpu_configure_regions+0x56>
		if (regions[i].size == 0U) {
 8002a08:	eb05 0445 	add.w	r4, r5, r5, lsl #1
 8002a0c:	eb08 0484 	add.w	r4, r8, r4, lsl #2
 8002a10:	6862      	ldr	r2, [r4, #4]
 8002a12:	2a00      	cmp	r2, #0
 8002a14:	d0f5      	beq.n	8002a02 <mpu_configure_regions+0x22>
		if (do_coherence_check &&
 8002a16:	f1b9 0f00 	cmp.w	r9, #0
 8002a1a:	d0e9      	beq.n	80029f0 <mpu_configure_regions+0x10>
				(!mpu_partition_is_valid(&regions[i]))) {
 8002a1c:	4620      	mov	r0, r4
 8002a1e:	f004 fad7 	bl	8006fd0 <mpu_partition_is_valid>
		if (do_coherence_check &&
 8002a22:	2800      	cmp	r0, #0
 8002a24:	d1e4      	bne.n	80029f0 <mpu_configure_regions+0x10>
 8002a26:	462b      	mov	r3, r5
 8002a28:	4a04      	ldr	r2, [pc, #16]	@ (8002a3c <mpu_configure_regions+0x5c>)
 8002a2a:	2101      	movs	r1, #1
 8002a2c:	4804      	ldr	r0, [pc, #16]	@ (8002a40 <mpu_configure_regions+0x60>)
 8002a2e:	f004 f96e 	bl	8006d0e <z_impl_z_log_msg_simple_create_1>
			return -EINVAL;
 8002a32:	f06f 0615 	mvn.w	r6, #21
	}

	return reg_index;
}
 8002a36:	4630      	mov	r0, r6
 8002a38:	e8bd 83f8 	ldmia.w	sp!, {r3, r4, r5, r6, r7, r8, r9, pc}
 8002a3c:	08008ca4 	.word	0x08008ca4
 8002a40:	080084ec 	.word	0x080084ec

08002a44 <mpu_configure_static_mpu_regions>:
 */
static int mpu_configure_static_mpu_regions(const struct z_arm_mpu_partition
	static_regions[], const uint8_t regions_num,
	const uint32_t background_area_base,
	const uint32_t background_area_end)
{
 8002a44:	b510      	push	{r4, lr}
	int mpu_reg_index = static_regions_num;
 8002a46:	4c03      	ldr	r4, [pc, #12]	@ (8002a54 <mpu_configure_static_mpu_regions+0x10>)
	 * programmed on top of SRAM region configuration.
	 */
	ARG_UNUSED(background_area_base);
	ARG_UNUSED(background_area_end);

	mpu_reg_index = mpu_configure_regions(static_regions,
 8002a48:	2301      	movs	r3, #1
 8002a4a:	7822      	ldrb	r2, [r4, #0]
 8002a4c:	f7ff ffc8 	bl	80029e0 <mpu_configure_regions>
		regions_num, mpu_reg_index, true);

	static_regions_num = mpu_reg_index;
 8002a50:	7020      	strb	r0, [r4, #0]

	return mpu_reg_index;
}
 8002a52:	bd10      	pop	{r4, pc}
 8002a54:	200009a6 	.word	0x200009a6

08002a58 <mpu_configure_dynamic_mpu_regions>:
 * If the dynamic MPU regions configuration has not been successfully
 * performed, the error signal is propagated to the caller of the function.
 */
static int mpu_configure_dynamic_mpu_regions(const struct z_arm_mpu_partition
	dynamic_regions[], uint8_t regions_num)
{
 8002a58:	b508      	push	{r3, lr}

	/* In ARMv7-M architecture the dynamic regions are
	 * programmed on top of existing SRAM region configuration.
	 */

	mpu_reg_index = mpu_configure_regions(dynamic_regions,
 8002a5a:	2300      	movs	r3, #0
 8002a5c:	4a0b      	ldr	r2, [pc, #44]	@ (8002a8c <mpu_configure_dynamic_mpu_regions+0x34>)
 8002a5e:	7812      	ldrb	r2, [r2, #0]
 8002a60:	f7ff ffbe 	bl	80029e0 <mpu_configure_regions>
		regions_num, mpu_reg_index, false);

	if (mpu_reg_index != -EINVAL) {
 8002a64:	f110 0f16 	cmn.w	r0, #22
 8002a68:	d00f      	beq.n	8002a8a <mpu_configure_dynamic_mpu_regions+0x32>

		/* Disable the non-programmed MPU regions. */
		for (int i = mpu_reg_index; i < get_num_regions(); i++) {
 8002a6a:	4602      	mov	r2, r0
 8002a6c:	e006      	b.n	8002a7c <mpu_configure_dynamic_mpu_regions+0x24>
/** Clear and disable the given MPU region.
* \param rnr Region number to be cleared.
*/
__STATIC_INLINE void ARM_MPU_ClrRegion(uint32_t rnr)
{
  MPU->RNR = rnr;
 8002a6e:	4b08      	ldr	r3, [pc, #32]	@ (8002a90 <mpu_configure_dynamic_mpu_regions+0x38>)
 8002a70:	f8c3 2098 	str.w	r2, [r3, #152]	@ 0x98
  MPU->RASR = 0U;
 8002a74:	2100      	movs	r1, #0
 8002a76:	f8c3 10a0 	str.w	r1, [r3, #160]	@ 0xa0
 8002a7a:	3201      	adds	r2, #1
 8002a7c:	4b04      	ldr	r3, [pc, #16]	@ (8002a90 <mpu_configure_dynamic_mpu_regions+0x38>)
 8002a7e:	f8d3 3090 	ldr.w	r3, [r3, #144]	@ 0x90
 8002a82:	f3c3 2307 	ubfx	r3, r3, #8, #8
 8002a86:	4293      	cmp	r3, r2
 8002a88:	dcf1      	bgt.n	8002a6e <mpu_configure_dynamic_mpu_regions+0x16>
			ARM_MPU_ClrRegion(i);
		}
	}

	return mpu_reg_index;
}
 8002a8a:	bd08      	pop	{r3, pc}
 8002a8c:	200009a6 	.word	0x200009a6
 8002a90:	e000ed00 	.word	0xe000ed00

08002a94 <arm_core_mpu_enable>:
	 * background region for privileged software access if desired.
	 */
#if defined(CONFIG_MPU_DISABLE_BACKGROUND_MAP)
	MPU->CTRL = MPU_CTRL_ENABLE_Msk;
#else
	MPU->CTRL = MPU_CTRL_ENABLE_Msk | MPU_CTRL_PRIVDEFENA_Msk;
 8002a94:	4b04      	ldr	r3, [pc, #16]	@ (8002aa8 <arm_core_mpu_enable+0x14>)
 8002a96:	2205      	movs	r2, #5
 8002a98:	f8c3 2094 	str.w	r2, [r3, #148]	@ 0x94
  __ASM volatile ("dsb 0xF":::"memory");
 8002a9c:	f3bf 8f4f 	dsb	sy
  __ASM volatile ("isb 0xF":::"memory");
 8002aa0:	f3bf 8f6f 	isb	sy
#endif

	/* Make sure that all the registers are set before proceeding */
	barrier_dsync_fence_full();
	barrier_isync_fence_full();
}
 8002aa4:	4770      	bx	lr
 8002aa6:	bf00      	nop
 8002aa8:	e000ed00 	.word	0xe000ed00

08002aac <arm_core_mpu_disable>:
  \details Ensures the apparent order of the explicit memory operations before
           and after the instruction, without ensuring their completion.
 */
__STATIC_FORCEINLINE void __DMB(void)
{
  __ASM volatile ("dmb 0xF":::"memory");
 8002aac:	f3bf 8f5f 	dmb	sy
{
	/* Force any outstanding transfers to complete before disabling MPU */
	barrier_dmem_fence_full();

	/* Disable MPU */
	MPU->CTRL = 0;
 8002ab0:	4b02      	ldr	r3, [pc, #8]	@ (8002abc <arm_core_mpu_disable+0x10>)
 8002ab2:	2200      	movs	r2, #0
 8002ab4:	f8c3 2094 	str.w	r2, [r3, #148]	@ 0x94
}
 8002ab8:	4770      	bx	lr
 8002aba:	bf00      	nop
 8002abc:	e000ed00 	.word	0xe000ed00

08002ac0 <z_arm_mpu_init>:
 *
 * This function provides the default configuration mechanism for the Memory
 * Protection Unit (MPU).
 */
int z_arm_mpu_init(void)
{
 8002ac0:	b538      	push	{r3, r4, r5, lr}
	uint32_t r_index;

	if (mpu_config.num_regions > get_num_regions()) {
 8002ac2:	4b1c      	ldr	r3, [pc, #112]	@ (8002b34 <z_arm_mpu_init+0x74>)
 8002ac4:	681d      	ldr	r5, [r3, #0]
 8002ac6:	4b1c      	ldr	r3, [pc, #112]	@ (8002b38 <z_arm_mpu_init+0x78>)
 8002ac8:	f8d3 3090 	ldr.w	r3, [r3, #144]	@ 0x90
 8002acc:	f3c3 2307 	ubfx	r3, r3, #8, #8
 8002ad0:	429d      	cmp	r5, r3
 8002ad2:	d82b      	bhi.n	8002b2c <z_arm_mpu_init+0x6c>
		return -1;
	}

	LOG_DBG("total region count: %d", get_num_regions());

	arm_core_mpu_disable();
 8002ad4:	f7ff ffea 	bl	8002aac <arm_core_mpu_disable>

	/* Architecture-specific configuration */
	mpu_init();

	/* Program fixed regions configured at SOC definition. */
	for (r_index = 0U; r_index < mpu_config.num_regions; r_index++) {
 8002ad8:	2400      	movs	r4, #0
 8002ada:	e009      	b.n	8002af0 <z_arm_mpu_init+0x30>
		region_init(r_index, &mpu_config.mpu_regions[r_index]);
 8002adc:	4b15      	ldr	r3, [pc, #84]	@ (8002b34 <z_arm_mpu_init+0x74>)
 8002ade:	685b      	ldr	r3, [r3, #4]
 8002ae0:	eb04 0144 	add.w	r1, r4, r4, lsl #1
 8002ae4:	eb03 0181 	add.w	r1, r3, r1, lsl #2
 8002ae8:	4620      	mov	r0, r4
 8002aea:	f7ff ff47 	bl	800297c <region_init>
	for (r_index = 0U; r_index < mpu_config.num_regions; r_index++) {
 8002aee:	3401      	adds	r4, #1
 8002af0:	42a5      	cmp	r5, r4
 8002af2:	d8f3      	bhi.n	8002adc <z_arm_mpu_init+0x1c>
	}

	/* Update the number of programmed MPU regions. */
	static_regions_num = mpu_config.num_regions;
 8002af4:	4811      	ldr	r0, [pc, #68]	@ (8002b3c <z_arm_mpu_init+0x7c>)
 8002af6:	7005      	strb	r5, [r0, #0]
#ifdef CONFIG_MEM_ATTR
	/* DT-defined MPU regions. */
	if (mpu_configure_regions_from_dt(&static_regions_num) == -EINVAL) {
 8002af8:	f004 fa9a 	bl	8007030 <mpu_configure_regions_from_dt>
 8002afc:	f110 0f16 	cmn.w	r0, #22
 8002b00:	d013      	beq.n	8002b2a <z_arm_mpu_init+0x6a>
		__ASSERT(0, "Failed to allocate MPU regions from DT\n");
		return -EINVAL;
	}
#endif /* CONFIG_MEM_ATTR */
	/* Clear all regions before enabling MPU */
	for (int i = static_regions_num; i < get_num_regions(); i++) {
 8002b02:	4b0e      	ldr	r3, [pc, #56]	@ (8002b3c <z_arm_mpu_init+0x7c>)
 8002b04:	781a      	ldrb	r2, [r3, #0]
 8002b06:	4b0c      	ldr	r3, [pc, #48]	@ (8002b38 <z_arm_mpu_init+0x78>)
 8002b08:	f8d3 3090 	ldr.w	r3, [r3, #144]	@ 0x90
 8002b0c:	f3c3 2307 	ubfx	r3, r3, #8, #8
 8002b10:	429a      	cmp	r2, r3
 8002b12:	da07      	bge.n	8002b24 <z_arm_mpu_init+0x64>
  MPU->RNR = rnr;
 8002b14:	4b08      	ldr	r3, [pc, #32]	@ (8002b38 <z_arm_mpu_init+0x78>)
 8002b16:	f8c3 2098 	str.w	r2, [r3, #152]	@ 0x98
  MPU->RASR = 0U;
 8002b1a:	2100      	movs	r1, #0
 8002b1c:	f8c3 10a0 	str.w	r1, [r3, #160]	@ 0xa0
 8002b20:	3201      	adds	r2, #1
 8002b22:	e7f0      	b.n	8002b06 <z_arm_mpu_init+0x46>
		mpu_clear_region(i);
	}

	arm_core_mpu_enable();
 8002b24:	f7ff ffb6 	bl	8002a94 <arm_core_mpu_enable>
	__ASSERT(
		(MPU->TYPE & MPU_TYPE_DREGION_Msk) >> MPU_TYPE_DREGION_Pos == 8,
		"Invalid number of MPU regions\n");
#endif /* CORTEX_M0PLUS || CPU_CORTEX_M3 || CPU_CORTEX_M4 */

	return 0;
 8002b28:	2000      	movs	r0, #0
}
 8002b2a:	bd38      	pop	{r3, r4, r5, pc}
		return -1;
 8002b2c:	f04f 30ff 	mov.w	r0, #4294967295
 8002b30:	e7fb      	b.n	8002b2a <z_arm_mpu_init+0x6a>
 8002b32:	bf00      	nop
 8002b34:	0800926c 	.word	0x0800926c
 8002b38:	e000ed00 	.word	0xe000ed00
 8002b3c:	200009a6 	.word	0x200009a6

08002b40 <cbvprintf>:
	(*s->out) (c, s->ctx);
	return 0;
}

int cbvprintf(cbprintf_cb out, void *ctx, const char *fp, va_list ap)
{
 8002b40:	b570      	push	{r4, r5, r6, lr}
 8002b42:	b086      	sub	sp, #24
 8002b44:	4606      	mov	r6, r0
 8002b46:	460d      	mov	r5, r1
 8002b48:	4611      	mov	r1, r2
	struct cb_bits	s = {
 8002b4a:	4668      	mov	r0, sp
 8002b4c:	2400      	movs	r4, #0
 8002b4e:	9400      	str	r4, [sp, #0]
 8002b50:	9401      	str	r4, [sp, #4]
 8002b52:	9402      	str	r4, [sp, #8]
 8002b54:	9403      	str	r4, [sp, #12]
 8002b56:	9404      	str	r4, [sp, #16]
 8002b58:	9405      	str	r4, [sp, #20]
 8002b5a:	2202      	movs	r2, #2
 8002b5c:	f88d 2002 	strb.w	r2, [sp, #2]
 8002b60:	4a04      	ldr	r2, [pc, #16]	@ (8002b74 <cbvprintf+0x34>)
 8002b62:	9201      	str	r2, [sp, #4]
 8002b64:	9604      	str	r6, [sp, #16]
 8002b66:	9505      	str	r5, [sp, #20]
		.f = FDEV_SETUP_STREAM(cbputc, NULL, NULL, _FDEV_SETUP_WRITE),
		.out = out,
		.ctx = ctx,
	};
	return vfprintf(&s.f, fp, ap);
 8002b68:	461a      	mov	r2, r3
 8002b6a:	f002 fe17 	bl	800579c <__l_vfprintf>
}
 8002b6e:	b006      	add	sp, #24
 8002b70:	bd70      	pop	{r4, r5, r6, pc}
 8002b72:	bf00      	nop
 8002b74:	08007237 	.word	0x08007237

08002b78 <z_impl_zephyr_fputc>:
#include "picolibc-hooks.h"

static LIBC_DATA int (*_stdout_hook)(int);

int z_impl_zephyr_fputc(int a, FILE *out)
{
 8002b78:	b508      	push	{r3, lr}
	(*_stdout_hook)(a);
 8002b7a:	4b02      	ldr	r3, [pc, #8]	@ (8002b84 <z_impl_zephyr_fputc+0xc>)
 8002b7c:	681b      	ldr	r3, [r3, #0]
 8002b7e:	4798      	blx	r3
	return 0;
}
 8002b80:	2000      	movs	r0, #0
 8002b82:	bd08      	pop	{r3, pc}
 8002b84:	200008d8 	.word	0x200008d8

08002b88 <__stdout_hook_install>:
FILE *const stdout = &__stdout;
STDIO_ALIAS(stderr);

void __stdout_hook_install(int (*hook)(int))
{
	_stdout_hook = hook;
 8002b88:	4b03      	ldr	r3, [pc, #12]	@ (8002b98 <__stdout_hook_install+0x10>)
 8002b8a:	6018      	str	r0, [r3, #0]
	__stdout.flags |= _FDEV_SETUP_WRITE;
 8002b8c:	4a03      	ldr	r2, [pc, #12]	@ (8002b9c <__stdout_hook_install+0x14>)
 8002b8e:	7893      	ldrb	r3, [r2, #2]
 8002b90:	f043 0302 	orr.w	r3, r3, #2
 8002b94:	7093      	strb	r3, [r2, #2]
}
 8002b96:	4770      	bx	lr
 8002b98:	200008d8 	.word	0x200008d8
 8002b9c:	20000010 	.word	0x20000010

08002ba0 <malloc_prepare>:
	return aligned_alloc(alignment, size);
}
#endif

static int malloc_prepare(void)
{
 8002ba0:	b508      	push	{r3, lr}
			break;
		}
		heap_size >>= 1;
	}
#else
	heap_base = UINT_TO_POINTER(HEAP_BASE);
 8002ba2:	4906      	ldr	r1, [pc, #24]	@ (8002bbc <malloc_prepare+0x1c>)
 8002ba4:	f021 0107 	bic.w	r1, r1, #7
	z_malloc_partition.start = POINTER_TO_UINT(heap_base);
	z_malloc_partition.size = heap_size;
	z_malloc_partition.attr = K_MEM_PARTITION_P_RW_U_RW;
#endif

	sys_heap_init(&z_malloc_heap, heap_base, heap_size);
 8002ba8:	f1c1 5200 	rsb	r2, r1, #536870912	@ 0x20000000
 8002bac:	f502 32c0 	add.w	r2, r2, #98304	@ 0x18000
 8002bb0:	4803      	ldr	r0, [pc, #12]	@ (8002bc0 <malloc_prepare+0x20>)
 8002bb2:	f003 fb09 	bl	80061c8 <sys_heap_init>

	return 0;
}
 8002bb6:	2000      	movs	r0, #0
 8002bb8:	bd08      	pop	{r3, pc}
 8002bba:	bf00      	nop
 8002bbc:	20001b07 	.word	0x20001b07
 8002bc0:	200008dc 	.word	0x200008dc

08002bc4 <stm32_exti_enable_clocks>:
	return 0;
}

/** Enables the peripheral clock required to access EXTI registers */
static int stm32_exti_enable_clocks(void)
{
 8002bc4:	b500      	push	{lr}
 8002bc6:	b083      	sub	sp, #12
	/* Initialize to 0 for series where there is nothing to do. */
	int ret = 0;

#if DT_NODE_HAS_PROP(EXTI_NODE, clocks)
	const struct device *const clk = DEVICE_DT_GET(STM32_CLOCK_CONTROL_NODE);
	const struct stm32_pclken pclken = STM32_CLOCK_INFO(0, EXTI_NODE);
 8002bc8:	4b09      	ldr	r3, [pc, #36]	@ (8002bf0 <stm32_exti_enable_clocks+0x2c>)
 8002bca:	e893 0003 	ldmia.w	r3, {r0, r1}
 8002bce:	ab02      	add	r3, sp, #8
 8002bd0:	e903 0003 	stmdb	r3, {r0, r1}
	const struct clock_control_driver_api *api =
 8002bd4:	4b07      	ldr	r3, [pc, #28]	@ (8002bf4 <stm32_exti_enable_clocks+0x30>)
 8002bd6:	689b      	ldr	r3, [r3, #8]
	if (api->on == NULL) {
 8002bd8:	681b      	ldr	r3, [r3, #0]
 8002bda:	b12b      	cbz	r3, 8002be8 <stm32_exti_enable_clocks+0x24>
	return api->on(dev, sys);
 8002bdc:	4669      	mov	r1, sp
 8002bde:	4805      	ldr	r0, [pc, #20]	@ (8002bf4 <stm32_exti_enable_clocks+0x30>)
 8002be0:	4798      	blx	r3

	ret = clock_control_on(clk, (clock_control_subsys_t) &pclken);
#endif
	return ret;
}
 8002be2:	b003      	add	sp, #12
 8002be4:	f85d fb04 	ldr.w	pc, [sp], #4
		return -ENOSYS;
 8002be8:	f06f 0057 	mvn.w	r0, #87	@ 0x57
	return ret;
 8002bec:	e7f9      	b.n	8002be2 <stm32_exti_enable_clocks+0x1e>
 8002bee:	bf00      	nop
 8002bf0:	08008580 	.word	0x08008580
 8002bf4:	08008080 	.word	0x08008080

08002bf8 <stm32_exti_is_pending>:
{
 8002bf8:	b508      	push	{r3, lr}
/**
 * @returns LL_EXTI_LINE_n define corresponding to EXTI line number
 */
static inline uint32_t exti_linenum_to_ll_exti_line(uint32_t line_num)
{
	return BIT(line_num % 32);
 8002bfa:	f000 021f 	and.w	r2, r0, #31
 8002bfe:	2301      	movs	r3, #1
 8002c00:	4093      	lsls	r3, r2
	if (!IS_VALID_EXTI_LINE_NUM(line_num)) {
 8002c02:	281f      	cmp	r0, #31
 8002c04:	d806      	bhi.n	8002c14 <stm32_exti_is_pending+0x1c>
  * @note   Please check each device line mapping for EXTI Line availability
  * @retval State of bit (1 or 0).
  */
__STATIC_INLINE uint32_t LL_EXTI_IsActiveFlag_0_31(uint32_t ExtiLine)
{
  return (READ_BIT(EXTI->PR, ExtiLine) == (ExtiLine));
 8002c06:	4a07      	ldr	r2, [pc, #28]	@ (8002c24 <stm32_exti_is_pending+0x2c>)
 8002c08:	6952      	ldr	r2, [r2, #20]
	EXTI_FN_RET_HANDLER(EXTI_IS_ACTIVE_FLAG, &ret, line_num, line);
 8002c0a:	4393      	bics	r3, r2
 8002c0c:	bf0c      	ite	eq
 8002c0e:	2001      	moveq	r0, #1
 8002c10:	2000      	movne	r0, #0
}
 8002c12:	bd08      	pop	{r3, pc}
 8002c14:	4603      	mov	r3, r0
 8002c16:	4a04      	ldr	r2, [pc, #16]	@ (8002c28 <stm32_exti_is_pending+0x30>)
 8002c18:	2101      	movs	r1, #1
 8002c1a:	4804      	ldr	r0, [pc, #16]	@ (8002c2c <stm32_exti_is_pending+0x34>)
 8002c1c:	f004 f877 	bl	8006d0e <z_impl_z_log_msg_simple_create_1>
		return false;
 8002c20:	2000      	movs	r0, #0
 8002c22:	e7f6      	b.n	8002c12 <stm32_exti_is_pending+0x1a>
 8002c24:	40013c00 	.word	0x40013c00
 8002c28:	08008cdc 	.word	0x08008cdc
 8002c2c:	080084cc 	.word	0x080084cc

08002c30 <stm32_exti_clear_pending>:
{
 8002c30:	b508      	push	{r3, lr}
 8002c32:	f000 021f 	and.w	r2, r0, #31
 8002c36:	2301      	movs	r3, #1
 8002c38:	4093      	lsls	r3, r2
	if (!IS_VALID_EXTI_LINE_NUM(line_num)) {
 8002c3a:	281f      	cmp	r0, #31
 8002c3c:	d803      	bhi.n	8002c46 <stm32_exti_clear_pending+0x16>
  * @note   Please check each device line mapping for EXTI Line availability
  * @retval None
  */
__STATIC_INLINE void LL_EXTI_ClearFlag_0_31(uint32_t ExtiLine)
{
  WRITE_REG(EXTI->PR, ExtiLine);
 8002c3e:	4a06      	ldr	r2, [pc, #24]	@ (8002c58 <stm32_exti_clear_pending+0x28>)
 8002c40:	6153      	str	r3, [r2, #20]
	return 0;
 8002c42:	2000      	movs	r0, #0
}
 8002c44:	bd08      	pop	{r3, pc}
 8002c46:	4603      	mov	r3, r0
 8002c48:	4a04      	ldr	r2, [pc, #16]	@ (8002c5c <stm32_exti_clear_pending+0x2c>)
 8002c4a:	2101      	movs	r1, #1
 8002c4c:	4804      	ldr	r0, [pc, #16]	@ (8002c60 <stm32_exti_clear_pending+0x30>)
 8002c4e:	f004 f85e 	bl	8006d0e <z_impl_z_log_msg_simple_create_1>
		return -EINVAL;
 8002c52:	f06f 0015 	mvn.w	r0, #21
 8002c56:	e7f5      	b.n	8002c44 <stm32_exti_clear_pending+0x14>
 8002c58:	40013c00 	.word	0x40013c00
 8002c5c:	08008cdc 	.word	0x08008cdc
 8002c60:	080084cc 	.word	0x080084cc

08002c64 <stm32_fill_irq_table>:
	}
}

static void stm32_fill_irq_table(int8_t start, int8_t len, int32_t irqn)
{
	for (int i = 0; i < len; i++) {
 8002c64:	2300      	movs	r3, #0
 8002c66:	4299      	cmp	r1, r3
 8002c68:	dd0a      	ble.n	8002c80 <stm32_fill_irq_table+0x1c>
{
 8002c6a:	b410      	push	{r4}
		exti_irq_table[start + i] = irqn;
 8002c6c:	eb00 0c03 	add.w	ip, r0, r3
 8002c70:	4c04      	ldr	r4, [pc, #16]	@ (8002c84 <stm32_fill_irq_table+0x20>)
 8002c72:	f804 200c 	strb.w	r2, [r4, ip]
	for (int i = 0; i < len; i++) {
 8002c76:	3301      	adds	r3, #1
 8002c78:	4299      	cmp	r1, r3
 8002c7a:	dcf7      	bgt.n	8002c6c <stm32_fill_irq_table+0x8>
	}
}
 8002c7c:	bc10      	pop	{r4}
 8002c7e:	4770      	bx	lr
 8002c80:	4770      	bx	lr
 8002c82:	bf00      	nop
 8002c84:	20000020 	.word	0x20000020

08002c88 <stm32_intc_gpio_isr>:
{
 8002c88:	b5f8      	push	{r3, r4, r5, r6, r7, lr}
 8002c8a:	4607      	mov	r7, r0
	for (uint8_t i = 0; i < range->len; i++) {
 8002c8c:	2400      	movs	r4, #0
 8002c8e:	e001      	b.n	8002c94 <stm32_intc_gpio_isr+0xc>
 8002c90:	3401      	adds	r4, #1
 8002c92:	b2e4      	uxtb	r4, r4
 8002c94:	787b      	ldrb	r3, [r7, #1]
 8002c96:	42a3      	cmp	r3, r4
 8002c98:	d917      	bls.n	8002cca <stm32_intc_gpio_isr+0x42>
		line_num = range->start + i;
 8002c9a:	783d      	ldrb	r5, [r7, #0]
 8002c9c:	1966      	adds	r6, r4, r5
		if (stm32_exti_is_pending(line_num)) {
 8002c9e:	4630      	mov	r0, r6
 8002ca0:	f7ff ffaa 	bl	8002bf8 <stm32_exti_is_pending>
 8002ca4:	2800      	cmp	r0, #0
 8002ca6:	d0f3      	beq.n	8002c90 <stm32_intc_gpio_isr+0x8>
			stm32_exti_clear_pending(line_num);
 8002ca8:	4630      	mov	r0, r6
 8002caa:	f7ff ffc1 	bl	8002c30 <stm32_exti_clear_pending>
			if (!data->cb[line_num].cb) {
 8002cae:	4b07      	ldr	r3, [pc, #28]	@ (8002ccc <stm32_intc_gpio_isr+0x44>)
 8002cb0:	f853 2036 	ldr.w	r2, [r3, r6, lsl #3]
 8002cb4:	2a00      	cmp	r2, #0
 8002cb6:	d0eb      	beq.n	8002c90 <stm32_intc_gpio_isr+0x8>
 8002cb8:	f006 051f 	and.w	r5, r6, #31
			data->cb[line_num].cb(line, data->cb[line_num].data);
 8002cbc:	eb03 03c6 	add.w	r3, r3, r6, lsl #3
 8002cc0:	6859      	ldr	r1, [r3, #4]
 8002cc2:	2001      	movs	r0, #1
 8002cc4:	40a8      	lsls	r0, r5
 8002cc6:	4790      	blx	r2
 8002cc8:	e7e2      	b.n	8002c90 <stm32_intc_gpio_isr+0x8>
}
 8002cca:	bdf8      	pop	{r3, r4, r5, r6, r7, pc}
 8002ccc:	200008e8 	.word	0x200008e8

08002cd0 <LL_SYSCFG_SetEXTISource>:
  MODIFY_REG(SYSCFG->EXTICR[Line & 0xFF], (Line >> 16), Port << POSITION_VAL((Line >> 16)));
 8002cd0:	fa5f fc81 	uxtb.w	ip, r1
 8002cd4:	f10c 0202 	add.w	r2, ip, #2
 8002cd8:	4b0a      	ldr	r3, [pc, #40]	@ (8002d04 <LL_SYSCFG_SetEXTISource+0x34>)
 8002cda:	f853 2022 	ldr.w	r2, [r3, r2, lsl #2]
 8002cde:	0c0b      	lsrs	r3, r1, #16
 8002ce0:	ea22 4111 	bic.w	r1, r2, r1, lsr #16
__STATIC_FORCEINLINE uint32_t __RBIT(uint32_t value)
{
  uint32_t result;

#if (__ARM_ARCH_ISA_THUMB >= 2)
   __ASM ("rbit %0, %1" : "=r" (result) : "r" (value) );
 8002ce4:	fa93 f3a3 	rbit	r3, r3
     optimisations using the logic "value was passed to __builtin_clz, so it
     is non-zero".
     ARM GCC 7.3 and possibly earlier will optimise this test away, leaving a
     single CLZ instruction.
   */
  if (value == 0U)
 8002ce8:	b14b      	cbz	r3, 8002cfe <LL_SYSCFG_SetEXTISource+0x2e>
  {
    return 32U;
  }
  return __builtin_clz(value);
 8002cea:	fab3 f383 	clz	r3, r3
 8002cee:	4098      	lsls	r0, r3
 8002cf0:	4301      	orrs	r1, r0
 8002cf2:	f10c 0c02 	add.w	ip, ip, #2
 8002cf6:	4a03      	ldr	r2, [pc, #12]	@ (8002d04 <LL_SYSCFG_SetEXTISource+0x34>)
 8002cf8:	f842 102c 	str.w	r1, [r2, ip, lsl #2]
}
 8002cfc:	4770      	bx	lr
    return 32U;
 8002cfe:	2320      	movs	r3, #32
 8002d00:	e7f5      	b.n	8002cee <LL_SYSCFG_SetEXTISource+0x1e>
 8002d02:	bf00      	nop
 8002d04:	40013800 	.word	0x40013800

08002d08 <LL_SYSCFG_GetEXTISource>:
  return (uint32_t)(READ_BIT(SYSCFG->EXTICR[Line & 0xFF], (Line >> 16)) >> POSITION_VAL(Line >> 16));
 8002d08:	b2c3      	uxtb	r3, r0
 8002d0a:	3302      	adds	r3, #2
 8002d0c:	4a07      	ldr	r2, [pc, #28]	@ (8002d2c <LL_SYSCFG_GetEXTISource+0x24>)
 8002d0e:	f852 2023 	ldr.w	r2, [r2, r3, lsl #2]
 8002d12:	0c03      	lsrs	r3, r0, #16
 8002d14:	ea02 4010 	and.w	r0, r2, r0, lsr #16
   __ASM ("rbit %0, %1" : "=r" (result) : "r" (value) );
 8002d18:	fa93 f3a3 	rbit	r3, r3
  if (value == 0U)
 8002d1c:	b11b      	cbz	r3, 8002d26 <LL_SYSCFG_GetEXTISource+0x1e>
  return __builtin_clz(value);
 8002d1e:	fab3 f383 	clz	r3, r3
}
 8002d22:	40d8      	lsrs	r0, r3
 8002d24:	4770      	bx	lr
    return 32U;
 8002d26:	2320      	movs	r3, #32
 8002d28:	e7fb      	b.n	8002d22 <LL_SYSCFG_GetEXTISource+0x1a>
 8002d2a:	bf00      	nop
 8002d2c:	40013800 	.word	0x40013800

08002d30 <stm32_gpio_intc_enable_line>:
	ARG_UNUSED(port);
	return exti_linenum_to_ll_exti_line(pin);
}

void stm32_gpio_intc_enable_line(stm32_gpio_irq_line_t line)
{
 8002d30:	b508      	push	{r3, lr}
	return LOG2(line);
 8002d32:	4603      	mov	r3, r0
 8002d34:	b168      	cbz	r0, 8002d52 <stm32_gpio_intc_enable_line+0x22>
 8002d36:	fab0 f280 	clz	r2, r0
 8002d3a:	f1c2 021f 	rsb	r2, r2, #31
 8002d3e:	b2d2      	uxtb	r2, r2
	unsigned int irqnum;
	uint32_t line_num = ll_exti_line_to_linenum(line);

	/* Get matching exti irq provided line thanks to irq_table */
	irqnum = exti_irq_table[line_num];
 8002d40:	4905      	ldr	r1, [pc, #20]	@ (8002d58 <stm32_gpio_intc_enable_line+0x28>)
 8002d42:	5688      	ldrsb	r0, [r1, r2]
  SET_BIT(EXTI->IMR, ExtiLine);
 8002d44:	4a05      	ldr	r2, [pc, #20]	@ (8002d5c <stm32_gpio_intc_enable_line+0x2c>)
 8002d46:	6811      	ldr	r1, [r2, #0]
 8002d48:	430b      	orrs	r3, r1
 8002d4a:	6013      	str	r3, [r2, #0]

	/* Enable requested line interrupt */
	EXTI_ENABLE_IT(0_31, line);

	/* Enable exti irq interrupt */
	irq_enable(irqnum);
 8002d4c:	f004 f914 	bl	8006f78 <arm_irq_enable>
}
 8002d50:	bd08      	pop	{r3, pc}
	return LOG2(line);
 8002d52:	22ff      	movs	r2, #255	@ 0xff
 8002d54:	e7f4      	b.n	8002d40 <stm32_gpio_intc_enable_line+0x10>
 8002d56:	bf00      	nop
 8002d58:	20000020 	.word	0x20000020
 8002d5c:	40013c00 	.word	0x40013c00

08002d60 <stm32_gpio_intc_disable_line>:
  CLEAR_BIT(EXTI->IMR, ExtiLine);
 8002d60:	4a02      	ldr	r2, [pc, #8]	@ (8002d6c <stm32_gpio_intc_disable_line+0xc>)
 8002d62:	6813      	ldr	r3, [r2, #0]
 8002d64:	ea23 0300 	bic.w	r3, r3, r0
 8002d68:	6013      	str	r3, [r2, #0]

void stm32_gpio_intc_disable_line(stm32_gpio_irq_line_t line)
{
	EXTI_DISABLE_IT(0_31, line);
}
 8002d6a:	4770      	bx	lr
 8002d6c:	40013c00 	.word	0x40013c00

08002d70 <stm32_gpio_intc_select_line_trigger>:

void stm32_gpio_intc_select_line_trigger(stm32_gpio_irq_line_t line, uint32_t trg)
{
	z_stm32_hsem_lock(CFG_HW_EXTI_SEMID, HSEM_LOCK_DEFAULT_RETRY);

	switch (trg) {
 8002d70:	2903      	cmp	r1, #3
 8002d72:	d826      	bhi.n	8002dc2 <stm32_gpio_intc_select_line_trigger+0x52>
 8002d74:	e8df f001 	tbb	[pc, r1]
 8002d78:	1e150c02 	.word	0x1e150c02
  CLEAR_BIT(EXTI->RTSR, ExtiLine);
 8002d7c:	4b11      	ldr	r3, [pc, #68]	@ (8002dc4 <stm32_gpio_intc_select_line_trigger+0x54>)
 8002d7e:	689a      	ldr	r2, [r3, #8]
 8002d80:	ea22 0200 	bic.w	r2, r2, r0
 8002d84:	609a      	str	r2, [r3, #8]
  CLEAR_BIT(EXTI->FTSR, ExtiLine);
 8002d86:	68da      	ldr	r2, [r3, #12]
 8002d88:	ea22 0200 	bic.w	r2, r2, r0
 8002d8c:	60da      	str	r2, [r3, #12]
}
 8002d8e:	4770      	bx	lr
  SET_BIT(EXTI->RTSR, ExtiLine);
 8002d90:	4b0c      	ldr	r3, [pc, #48]	@ (8002dc4 <stm32_gpio_intc_select_line_trigger+0x54>)
 8002d92:	689a      	ldr	r2, [r3, #8]
 8002d94:	4302      	orrs	r2, r0
 8002d96:	609a      	str	r2, [r3, #8]
  CLEAR_BIT(EXTI->FTSR, ExtiLine);
 8002d98:	68da      	ldr	r2, [r3, #12]
 8002d9a:	ea22 0200 	bic.w	r2, r2, r0
 8002d9e:	60da      	str	r2, [r3, #12]
}
 8002da0:	4770      	bx	lr
  SET_BIT(EXTI->FTSR, ExtiLine);
 8002da2:	4b08      	ldr	r3, [pc, #32]	@ (8002dc4 <stm32_gpio_intc_select_line_trigger+0x54>)
 8002da4:	68da      	ldr	r2, [r3, #12]
 8002da6:	4302      	orrs	r2, r0
 8002da8:	60da      	str	r2, [r3, #12]
  CLEAR_BIT(EXTI->RTSR, ExtiLine);
 8002daa:	689a      	ldr	r2, [r3, #8]
 8002dac:	ea22 0200 	bic.w	r2, r2, r0
 8002db0:	609a      	str	r2, [r3, #8]
}
 8002db2:	4770      	bx	lr
  SET_BIT(EXTI->RTSR, ExtiLine);
 8002db4:	4b03      	ldr	r3, [pc, #12]	@ (8002dc4 <stm32_gpio_intc_select_line_trigger+0x54>)
 8002db6:	689a      	ldr	r2, [r3, #8]
 8002db8:	4302      	orrs	r2, r0
 8002dba:	609a      	str	r2, [r3, #8]
  SET_BIT(EXTI->FTSR, ExtiLine);
 8002dbc:	68da      	ldr	r2, [r3, #12]
 8002dbe:	4310      	orrs	r0, r2
 8002dc0:	60d8      	str	r0, [r3, #12]
	default:
		__ASSERT_NO_MSG(0);
		break;
	}
	z_stm32_hsem_unlock(CFG_HW_EXTI_SEMID);
}
 8002dc2:	4770      	bx	lr
 8002dc4:	40013c00 	.word	0x40013c00

08002dc8 <stm32_gpio_intc_set_irq_callback>:

int stm32_gpio_intc_set_irq_callback(stm32_gpio_irq_line_t line, stm32_gpio_irq_cb_t cb, void *user)
{
 8002dc8:	b410      	push	{r4}
	return LOG2(line);
 8002dca:	b198      	cbz	r0, 8002df4 <stm32_gpio_intc_set_irq_callback+0x2c>
 8002dcc:	fab0 f380 	clz	r3, r0
 8002dd0:	f1c3 031f 	rsb	r3, r3, #31
 8002dd4:	b2db      	uxtb	r3, r3
	struct stm32_intc_gpio_data *data = &intc_gpio_data;
	uint32_t line_num = ll_exti_line_to_linenum(line);
 8002dd6:	469c      	mov	ip, r3

	if ((data->cb[line_num].cb == cb) && (data->cb[line_num].data == user)) {
 8002dd8:	480d      	ldr	r0, [pc, #52]	@ (8002e10 <stm32_gpio_intc_set_irq_callback+0x48>)
 8002dda:	f850 0033 	ldr.w	r0, [r0, r3, lsl #3]
 8002dde:	4288      	cmp	r0, r1
 8002de0:	d00a      	beq.n	8002df8 <stm32_gpio_intc_set_irq_callback+0x30>
		return 0;
	}

	/* if callback already exists/is running, return busy */
	if (data->cb[line_num].cb != NULL) {
 8002de2:	b988      	cbnz	r0, 8002e08 <stm32_gpio_intc_set_irq_callback+0x40>
		return -EBUSY;
	}

	data->cb[line_num].cb = cb;
 8002de4:	4b0a      	ldr	r3, [pc, #40]	@ (8002e10 <stm32_gpio_intc_set_irq_callback+0x48>)
 8002de6:	f843 103c 	str.w	r1, [r3, ip, lsl #3]
	data->cb[line_num].data = user;
 8002dea:	eb03 03cc 	add.w	r3, r3, ip, lsl #3
 8002dee:	605a      	str	r2, [r3, #4]

	return 0;
}
 8002df0:	bc10      	pop	{r4}
 8002df2:	4770      	bx	lr
	return LOG2(line);
 8002df4:	23ff      	movs	r3, #255	@ 0xff
 8002df6:	e7ee      	b.n	8002dd6 <stm32_gpio_intc_set_irq_callback+0xe>
	if ((data->cb[line_num].cb == cb) && (data->cb[line_num].data == user)) {
 8002df8:	4c05      	ldr	r4, [pc, #20]	@ (8002e10 <stm32_gpio_intc_set_irq_callback+0x48>)
 8002dfa:	eb04 03c3 	add.w	r3, r4, r3, lsl #3
 8002dfe:	685b      	ldr	r3, [r3, #4]
 8002e00:	4293      	cmp	r3, r2
 8002e02:	d1ee      	bne.n	8002de2 <stm32_gpio_intc_set_irq_callback+0x1a>
		return 0;
 8002e04:	2000      	movs	r0, #0
 8002e06:	e7f3      	b.n	8002df0 <stm32_gpio_intc_set_irq_callback+0x28>
		return -EBUSY;
 8002e08:	f06f 000f 	mvn.w	r0, #15
 8002e0c:	e7f0      	b.n	8002df0 <stm32_gpio_intc_set_irq_callback+0x28>
 8002e0e:	bf00      	nop
 8002e10:	200008e8 	.word	0x200008e8

08002e14 <stm32_gpio_intc_remove_irq_callback>:
	return LOG2(line);
 8002e14:	b160      	cbz	r0, 8002e30 <stm32_gpio_intc_remove_irq_callback+0x1c>
 8002e16:	fab0 f380 	clz	r3, r0
 8002e1a:	f1c3 031f 	rsb	r3, r3, #31
 8002e1e:	b2db      	uxtb	r3, r3
void stm32_gpio_intc_remove_irq_callback(stm32_gpio_irq_line_t line)
{
	struct stm32_intc_gpio_data *data = &intc_gpio_data;
	uint32_t line_num = ll_exti_line_to_linenum(line);

	data->cb[line_num].cb = NULL;
 8002e20:	4a04      	ldr	r2, [pc, #16]	@ (8002e34 <stm32_gpio_intc_remove_irq_callback+0x20>)
 8002e22:	2100      	movs	r1, #0
 8002e24:	f842 1033 	str.w	r1, [r2, r3, lsl #3]
	data->cb[line_num].data = NULL;
 8002e28:	eb02 02c3 	add.w	r2, r2, r3, lsl #3
 8002e2c:	6051      	str	r1, [r2, #4]
}
 8002e2e:	4770      	bx	lr
	return LOG2(line);
 8002e30:	23ff      	movs	r3, #255	@ 0xff
 8002e32:	e7f5      	b.n	8002e20 <stm32_gpio_intc_remove_irq_callback+0xc>
 8002e34:	200008e8 	.word	0x200008e8

08002e38 <stm32_clock_switch_to_hsi>:
  * @rmtoll CR           HSIRDY        LL_RCC_HSI_IsReady
  * @retval State of bit (1 or 0).
  */
__STATIC_INLINE uint32_t LL_RCC_HSI_IsReady(void)
{
  return (READ_BIT(RCC->CR, RCC_CR_HSIRDY) == (RCC_CR_HSIRDY));
 8002e38:	4b0c      	ldr	r3, [pc, #48]	@ (8002e6c <stm32_clock_switch_to_hsi+0x34>)
 8002e3a:	681b      	ldr	r3, [r3, #0]
 */
__unused
static void stm32_clock_switch_to_hsi(void)
{
	/* Enable HSI if not enabled */
	if (LL_RCC_HSI_IsReady() != 1) {
 8002e3c:	f013 0f02 	tst.w	r3, #2
 8002e40:	d109      	bne.n	8002e56 <stm32_clock_switch_to_hsi+0x1e>
  SET_BIT(RCC->CR, RCC_CR_HSION);
 8002e42:	4a0a      	ldr	r2, [pc, #40]	@ (8002e6c <stm32_clock_switch_to_hsi+0x34>)
 8002e44:	6813      	ldr	r3, [r2, #0]
 8002e46:	f043 0301 	orr.w	r3, r3, #1
 8002e4a:	6013      	str	r3, [r2, #0]
  return (READ_BIT(RCC->CR, RCC_CR_HSIRDY) == (RCC_CR_HSIRDY));
 8002e4c:	4b07      	ldr	r3, [pc, #28]	@ (8002e6c <stm32_clock_switch_to_hsi+0x34>)
 8002e4e:	681b      	ldr	r3, [r3, #0]
		/* Enable HSI */
		LL_RCC_HSI_Enable();
		while (LL_RCC_HSI_IsReady() != 1) {
 8002e50:	f013 0f02 	tst.w	r3, #2
 8002e54:	d0fa      	beq.n	8002e4c <stm32_clock_switch_to_hsi+0x14>
  *         (*) value not defined in all devices.
  * @retval None
  */
__STATIC_INLINE void LL_RCC_SetSysClkSource(uint32_t Source)
{
  MODIFY_REG(RCC->CFGR, RCC_CFGR_SW, Source);
 8002e56:	4a05      	ldr	r2, [pc, #20]	@ (8002e6c <stm32_clock_switch_to_hsi+0x34>)
 8002e58:	6893      	ldr	r3, [r2, #8]
 8002e5a:	f023 0303 	bic.w	r3, r3, #3
 8002e5e:	6093      	str	r3, [r2, #8]
  *
  *         (*) value not defined in all devices.
  */
__STATIC_INLINE uint32_t LL_RCC_GetSysClkSource(void)
{
  return (uint32_t)(READ_BIT(RCC->CFGR, RCC_CFGR_SWS));
 8002e60:	4b02      	ldr	r3, [pc, #8]	@ (8002e6c <stm32_clock_switch_to_hsi+0x34>)
 8002e62:	689b      	ldr	r3, [r3, #8]
		}
	}

	/* Set HSI as SYSCLCK source */
	LL_RCC_SetSysClkSource(LL_RCC_SYS_CLKSOURCE_HSI);
	while (LL_RCC_GetSysClkSource() != LL_RCC_SYS_CLKSOURCE_STATUS_HSI) {
 8002e64:	f013 0f0c 	tst.w	r3, #12
 8002e68:	d1fa      	bne.n	8002e60 <stm32_clock_switch_to_hsi+0x28>
	}
}
 8002e6a:	4770      	bx	lr
 8002e6c:	40023800 	.word	0x40023800

08002e70 <set_up_fixed_clock_sources>:
  SET_BIT(RCC->CR, RCC_CR_HSEBYP);
 8002e70:	4b0c      	ldr	r3, [pc, #48]	@ (8002ea4 <set_up_fixed_clock_sources+0x34>)
 8002e72:	681a      	ldr	r2, [r3, #0]
 8002e74:	f442 2280 	orr.w	r2, r2, #262144	@ 0x40000
 8002e78:	601a      	str	r2, [r3, #0]
  SET_BIT(RCC->CR, RCC_CR_HSEON);
 8002e7a:	681a      	ldr	r2, [r3, #0]
 8002e7c:	f442 3280 	orr.w	r2, r2, #65536	@ 0x10000
 8002e80:	601a      	str	r2, [r3, #0]
  return (READ_BIT(RCC->CR, RCC_CR_HSERDY) == (RCC_CR_HSERDY));
 8002e82:	4b08      	ldr	r3, [pc, #32]	@ (8002ea4 <set_up_fixed_clock_sources+0x34>)
 8002e84:	681b      	ldr	r3, [r3, #0]
#if STM32_HSE_DIV2
		LL_RCC_HSE_EnableDiv2();
#endif
		/* Enable HSE */
		LL_RCC_HSE_Enable();
		while (LL_RCC_HSE_IsReady() != 1) {
 8002e86:	f413 3f00 	tst.w	r3, #131072	@ 0x20000
 8002e8a:	d0fa      	beq.n	8002e82 <set_up_fixed_clock_sources+0x12>
  SET_BIT(RCC->CSR, RCC_CSR_LSION);
 8002e8c:	4a05      	ldr	r2, [pc, #20]	@ (8002ea4 <set_up_fixed_clock_sources+0x34>)
 8002e8e:	6f53      	ldr	r3, [r2, #116]	@ 0x74
 8002e90:	f043 0301 	orr.w	r3, r3, #1
 8002e94:	6753      	str	r3, [r2, #116]	@ 0x74
  return (READ_BIT(RCC->CSR, RCC_CSR_LSIRDY) == (RCC_CSR_LSIRDY));
 8002e96:	4b03      	ldr	r3, [pc, #12]	@ (8002ea4 <set_up_fixed_clock_sources+0x34>)
 8002e98:	6f5b      	ldr	r3, [r3, #116]	@ 0x74
		LL_RCC_LSI1_Enable();
		while (LL_RCC_LSI1_IsReady() != 1) {
		}
#else
		LL_RCC_LSI_Enable();
		while (LL_RCC_LSI_IsReady() != 1) {
 8002e9a:	f013 0f02 	tst.w	r3, #2
 8002e9e:	d0fa      	beq.n	8002e96 <set_up_fixed_clock_sources+0x26>
		LL_RCC_HSI48_Enable();
		while (LL_RCC_HSI48_IsReady() != 1) {
		}
	}
#endif /* STM32_HSI48_ENABLED */
}
 8002ea0:	4770      	bx	lr
 8002ea2:	bf00      	nop
 8002ea4:	40023800 	.word	0x40023800

08002ea8 <stm32_clock_control_get_subsys_rate>:
{
 8002ea8:	b5f8      	push	{r3, r4, r5, r6, r7, lr}
 8002eaa:	460c      	mov	r4, r1
 8002eac:	4615      	mov	r5, r2
	uint32_t ahb_clock = SystemCoreClock;
 8002eae:	4b42      	ldr	r3, [pc, #264]	@ (8002fb8 <stm32_clock_control_get_subsys_rate+0x110>)
 8002eb0:	681e      	ldr	r6, [r3, #0]
	uint32_t apb1_clock = get_bus_clock(ahb_clock, STM32_APB1_PRESCALER);
 8002eb2:	2102      	movs	r1, #2
 8002eb4:	4630      	mov	r0, r6
 8002eb6:	f004 fa3d 	bl	8007334 <get_bus_clock>
 8002eba:	4607      	mov	r7, r0
	uint32_t apb2_clock = get_bus_clock(ahb_clock, STM32_APB2_PRESCALER);
 8002ebc:	2101      	movs	r1, #1
 8002ebe:	4630      	mov	r0, r6
 8002ec0:	f004 fa38 	bl	8007334 <get_bus_clock>
	switch (pclken->bus) {
 8002ec4:	8823      	ldrh	r3, [r4, #0]
 8002ec6:	f3c3 010b 	ubfx	r1, r3, #0, #12
 8002eca:	460b      	mov	r3, r1
 8002ecc:	2944      	cmp	r1, #68	@ 0x44
 8002ece:	d829      	bhi.n	8002f24 <stm32_clock_control_get_subsys_rate+0x7c>
 8002ed0:	b209      	sxth	r1, r1
 8002ed2:	2900      	cmp	r1, #0
 8002ed4:	d068      	beq.n	8002fa8 <stm32_clock_control_get_subsys_rate+0x100>
 8002ed6:	3b01      	subs	r3, #1
 8002ed8:	2b43      	cmp	r3, #67	@ 0x43
 8002eda:	d868      	bhi.n	8002fae <stm32_clock_control_get_subsys_rate+0x106>
 8002edc:	e8df f003 	tbb	[pc, r3]
 8002ee0:	5a56533d 	.word	0x5a56533d
 8002ee4:	67493f5d 	.word	0x67493f5d
 8002ee8:	67676767 	.word	0x67676767
 8002eec:	67676767 	.word	0x67676767
 8002ef0:	67676767 	.word	0x67676767
 8002ef4:	67676260 	.word	0x67676260
 8002ef8:	67676767 	.word	0x67676767
 8002efc:	67676767 	.word	0x67676767
 8002f00:	67676767 	.word	0x67676767
 8002f04:	67676767 	.word	0x67676767
 8002f08:	67676767 	.word	0x67676767
 8002f0c:	35676767 	.word	0x35676767
 8002f10:	35676767 	.word	0x35676767
 8002f14:	37676767 	.word	0x37676767
 8002f18:	67676767 	.word	0x67676767
 8002f1c:	39676767 	.word	0x39676767
 8002f20:	3b676767 	.word	0x3b676767
 8002f24:	29a8      	cmp	r1, #168	@ 0xa8
 8002f26:	d10d      	bne.n	8002f44 <stm32_clock_control_get_subsys_rate+0x9c>
		*rate = ahb3_clock;
 8002f28:	602e      	str	r6, [r5, #0]
	if (pclken->div) {
 8002f2a:	6823      	ldr	r3, [r4, #0]
 8002f2c:	f5b3 5f80 	cmp.w	r3, #4096	@ 0x1000
 8002f30:	d340      	bcc.n	8002fb4 <stm32_clock_control_get_subsys_rate+0x10c>
		*rate /= (pclken->div + 1);
 8002f32:	682a      	ldr	r2, [r5, #0]
 8002f34:	f3c3 3313 	ubfx	r3, r3, #12, #20
 8002f38:	3301      	adds	r3, #1
 8002f3a:	fbb2 f2f3 	udiv	r2, r2, r3
 8002f3e:	602a      	str	r2, [r5, #0]
	return 0;
 8002f40:	2000      	movs	r0, #0
 8002f42:	e036      	b.n	8002fb2 <stm32_clock_control_get_subsys_rate+0x10a>
	switch (pclken->bus) {
 8002f44:	f06f 0085 	mvn.w	r0, #133	@ 0x85
 8002f48:	e033      	b.n	8002fb2 <stm32_clock_control_get_subsys_rate+0x10a>
		*rate = ahb_clock;
 8002f4a:	602e      	str	r6, [r5, #0]
		break;
 8002f4c:	e7ed      	b.n	8002f2a <stm32_clock_control_get_subsys_rate+0x82>
		*rate = ahb3_clock;
 8002f4e:	602e      	str	r6, [r5, #0]
		break;
 8002f50:	e7eb      	b.n	8002f2a <stm32_clock_control_get_subsys_rate+0x82>
		*rate = apb1_clock;
 8002f52:	602f      	str	r7, [r5, #0]
		break;
 8002f54:	e7e9      	b.n	8002f2a <stm32_clock_control_get_subsys_rate+0x82>
		*rate = apb2_clock;
 8002f56:	6028      	str	r0, [r5, #0]
		break;
 8002f58:	e7e7      	b.n	8002f2a <stm32_clock_control_get_subsys_rate+0x82>
		*rate = SystemCoreClock * STM32_CORE_PRESCALER;
 8002f5a:	602e      	str	r6, [r5, #0]
		break;
 8002f5c:	e7e5      	b.n	8002f2a <stm32_clock_control_get_subsys_rate+0x82>
		*rate = get_pll_div_frequency(get_pllsrc_frequency(),
 8002f5e:	f000 f8cf 	bl	8003100 <get_pllsrc_frequency>
 8002f62:	2304      	movs	r3, #4
 8002f64:	f44f 72a8 	mov.w	r2, #336	@ 0x150
 8002f68:	2108      	movs	r1, #8
 8002f6a:	f004 f9dc 	bl	8007326 <get_pll_div_frequency>
 8002f6e:	6028      	str	r0, [r5, #0]
		break;
 8002f70:	e7db      	b.n	8002f2a <stm32_clock_control_get_subsys_rate+0x82>
		*rate = get_pll_div_frequency(get_pllsrc_frequency(),
 8002f72:	f000 f8c5 	bl	8003100 <get_pllsrc_frequency>
 8002f76:	2307      	movs	r3, #7
 8002f78:	f44f 72a8 	mov.w	r2, #336	@ 0x150
 8002f7c:	2108      	movs	r1, #8
 8002f7e:	f004 f9d2 	bl	8007326 <get_pll_div_frequency>
 8002f82:	6028      	str	r0, [r5, #0]
		break;
 8002f84:	e7d1      	b.n	8002f2a <stm32_clock_control_get_subsys_rate+0x82>
		*rate = STM32_LSE_FREQ;
 8002f86:	2300      	movs	r3, #0
 8002f88:	602b      	str	r3, [r5, #0]
		break;
 8002f8a:	e7ce      	b.n	8002f2a <stm32_clock_control_get_subsys_rate+0x82>
		*rate = STM32_LSI_FREQ;
 8002f8c:	f44f 43fa 	mov.w	r3, #32000	@ 0x7d00
 8002f90:	602b      	str	r3, [r5, #0]
		break;
 8002f92:	e7ca      	b.n	8002f2a <stm32_clock_control_get_subsys_rate+0x82>
		*rate = STM32_HSI_FREQ;
 8002f94:	2300      	movs	r3, #0
 8002f96:	602b      	str	r3, [r5, #0]
		break;
 8002f98:	e7c7      	b.n	8002f2a <stm32_clock_control_get_subsys_rate+0x82>
		*rate = STM32_HSE_FREQ;
 8002f9a:	4b08      	ldr	r3, [pc, #32]	@ (8002fbc <stm32_clock_control_get_subsys_rate+0x114>)
 8002f9c:	602b      	str	r3, [r5, #0]
		break;
 8002f9e:	e7c4      	b.n	8002f2a <stm32_clock_control_get_subsys_rate+0x82>
		*rate = STM32_APB1_PRESCALER <= 2 ? ahb_clock : apb1_clock * 2;
 8002fa0:	602e      	str	r6, [r5, #0]
		break;
 8002fa2:	e7c2      	b.n	8002f2a <stm32_clock_control_get_subsys_rate+0x82>
		*rate = STM32_APB2_PRESCALER <= 2 ? ahb_clock : apb2_clock * 2;
 8002fa4:	602e      	str	r6, [r5, #0]
		break;
 8002fa6:	e7c0      	b.n	8002f2a <stm32_clock_control_get_subsys_rate+0x82>
	switch (pclken->bus) {
 8002fa8:	f06f 0085 	mvn.w	r0, #133	@ 0x85
 8002fac:	e001      	b.n	8002fb2 <stm32_clock_control_get_subsys_rate+0x10a>
 8002fae:	f06f 0085 	mvn.w	r0, #133	@ 0x85
}
 8002fb2:	bdf8      	pop	{r3, r4, r5, r6, r7, pc}
	return 0;
 8002fb4:	2000      	movs	r0, #0
 8002fb6:	e7fc      	b.n	8002fb2 <stm32_clock_control_get_subsys_rate+0x10a>
 8002fb8:	20000054 	.word	0x20000054
 8002fbc:	007a1200 	.word	0x007a1200

08002fc0 <set_up_plls>:
{
 8002fc0:	b508      	push	{r3, lr}
  return (uint32_t)(READ_BIT(RCC->CFGR, RCC_CFGR_SWS));
 8002fc2:	4b1b      	ldr	r3, [pc, #108]	@ (8003030 <set_up_plls+0x70>)
 8002fc4:	689b      	ldr	r3, [r3, #8]
 8002fc6:	f003 030c 	and.w	r3, r3, #12
	if (LL_RCC_GetSysClkSource() == LL_RCC_SYS_CLKSOURCE_STATUS_PLL) {
 8002fca:	2b08      	cmp	r3, #8
 8002fcc:	d027      	beq.n	800301e <set_up_plls+0x5e>
  * @rmtoll CR           PLLON         LL_RCC_PLL_Disable
  * @retval None
  */
__STATIC_INLINE void LL_RCC_PLL_Disable(void)
{
  CLEAR_BIT(RCC->CR, RCC_CR_PLLON);
 8002fce:	4a18      	ldr	r2, [pc, #96]	@ (8003030 <set_up_plls+0x70>)
 8002fd0:	6813      	ldr	r3, [r2, #0]
 8002fd2:	f023 7380 	bic.w	r3, r3, #16777216	@ 0x1000000
 8002fd6:	6013      	str	r3, [r2, #0]
  * @rmtoll CR           PLLRDY        LL_RCC_PLL_IsReady
  * @retval State of bit (1 or 0).
  */
__STATIC_INLINE uint32_t LL_RCC_PLL_IsReady(void)
{
  return (READ_BIT(RCC->CR, RCC_CR_PLLRDY) == (RCC_CR_PLLRDY));
 8002fd8:	4b15      	ldr	r3, [pc, #84]	@ (8003030 <set_up_plls+0x70>)
 8002fda:	681b      	ldr	r3, [r3, #0]
	while (LL_RCC_PLL_IsReady() != 0U) {
 8002fdc:	f013 7f00 	tst.w	r3, #33554432	@ 0x2000000
 8002fe0:	d1fa      	bne.n	8002fd8 <set_up_plls+0x18>
	*(volatile uint16_t *)addr = data;
}

static ALWAYS_INLINE uint32_t sys_read32(mem_addr_t addr)
{
	return *(volatile uint32_t *)addr;
 8002fe2:	4a14      	ldr	r2, [pc, #80]	@ (8003034 <set_up_plls+0x74>)
 8002fe4:	f8d2 3804 	ldr.w	r3, [r2, #2052]	@ 0x804
}

static ALWAYS_INLINE void stm32_reg_modify_bits(volatile uint32_t *addr, uint32_t mask,
						uint32_t value)
{
	stm32_reg_write(addr, (stm32_reg_read(addr) & ~mask) | value);
 8002fe8:	f423 3340 	bic.w	r3, r3, #196608	@ 0x30000
 8002fec:	f443 3380 	orr.w	r3, r3, #65536	@ 0x10000
}

static ALWAYS_INLINE void sys_write32(uint32_t data, mem_addr_t addr)
{
	*(volatile uint32_t *)addr = data;
 8002ff0:	f8c2 3804 	str.w	r3, [r2, #2052]	@ 0x804
	return *(volatile uint32_t *)addr;
 8002ff4:	f8d2 3804 	ldr.w	r3, [r2, #2052]	@ 0x804
 8002ff8:	f023 6370 	bic.w	r3, r3, #251658240	@ 0xf000000
 8002ffc:	f043 63e0 	orr.w	r3, r3, #117440512	@ 0x7000000
	*(volatile uint32_t *)addr = data;
 8003000:	f8c2 3804 	str.w	r3, [r2, #2052]	@ 0x804
	config_pll_sysclock();
 8003004:	f000 f880 	bl	8003108 <config_pll_sysclock>
  SET_BIT(RCC->CR, RCC_CR_PLLON);
 8003008:	4a09      	ldr	r2, [pc, #36]	@ (8003030 <set_up_plls+0x70>)
 800300a:	6813      	ldr	r3, [r2, #0]
 800300c:	f043 7380 	orr.w	r3, r3, #16777216	@ 0x1000000
 8003010:	6013      	str	r3, [r2, #0]
  return (READ_BIT(RCC->CR, RCC_CR_PLLRDY) == (RCC_CR_PLLRDY));
 8003012:	4b07      	ldr	r3, [pc, #28]	@ (8003030 <set_up_plls+0x70>)
 8003014:	681b      	ldr	r3, [r3, #0]
	while (LL_RCC_PLL_IsReady() != 1U) {
 8003016:	f013 7f00 	tst.w	r3, #33554432	@ 0x2000000
 800301a:	d0fa      	beq.n	8003012 <set_up_plls+0x52>
}
 800301c:	bd08      	pop	{r3, pc}
		stm32_clock_switch_to_hsi();
 800301e:	f7ff ff0b 	bl	8002e38 <stm32_clock_switch_to_hsi>
  MODIFY_REG(RCC->CFGR, RCC_CFGR_HPRE, Prescaler);
 8003022:	4a03      	ldr	r2, [pc, #12]	@ (8003030 <set_up_plls+0x70>)
 8003024:	6893      	ldr	r3, [r2, #8]
 8003026:	f023 03f0 	bic.w	r3, r3, #240	@ 0xf0
 800302a:	6093      	str	r3, [r2, #8]
}
 800302c:	e7cf      	b.n	8002fce <set_up_plls+0xe>
 800302e:	bf00      	nop
 8003030:	40023800 	.word	0x40023800
 8003034:	40023000 	.word	0x40023000

08003038 <enabled_clock>:
	switch (src_clk) {
 8003038:	2816      	cmp	r0, #22
 800303a:	d806      	bhi.n	800304a <enabled_clock+0x12>
 800303c:	4b06      	ldr	r3, [pc, #24]	@ (8003058 <enabled_clock+0x20>)
 800303e:	40c3      	lsrs	r3, r0
 8003040:	f013 0f01 	tst.w	r3, #1
 8003044:	d004      	beq.n	8003050 <enabled_clock+0x18>
	int r = 0;
 8003046:	2000      	movs	r0, #0
 8003048:	4770      	bx	lr
	switch (src_clk) {
 800304a:	f06f 0085 	mvn.w	r0, #133	@ 0x85
 800304e:	4770      	bx	lr
 8003050:	f06f 0085 	mvn.w	r0, #133	@ 0x85
}
 8003054:	4770      	bx	lr
 8003056:	bf00      	nop
 8003058:	006000ea 	.word	0x006000ea

0800305c <stm32_clock_control_init>:
 * @param dev clock device struct
 *
 * @return 0
 */
int stm32_clock_control_init(const struct device *dev)
{
 800305c:	b538      	push	{r3, r4, r5, lr}
	ARG_UNUSED(dev);

	/* Some clocks would be activated by default */
	config_enable_default_clocks();
 800305e:	f000 f877 	bl	8003150 <config_enable_default_clocks>
	config_regulator_voltage(CONFIG_SYS_CLOCK_HW_CYCLES_PER_SEC);
 8003062:	4c23      	ldr	r4, [pc, #140]	@ (80030f0 <stm32_clock_control_init+0x94>)
 8003064:	4620      	mov	r0, r4
 8003066:	f004 f9e2 	bl	800742e <config_regulator_voltage>

#if defined(FLASH_ACR_LATENCY)
	uint32_t old_flash_freq;
	uint32_t new_flash_freq;

	old_flash_freq = RCC_CALC_FLASH_FREQ(HAL_RCC_GetSysClockFreq(),
 800306a:	f000 ff69 	bl	8003f40 <HAL_RCC_GetSysClockFreq>
  return (uint32_t)(READ_BIT(RCC->CFGR, RCC_CFGR_HPRE));
 800306e:	4b21      	ldr	r3, [pc, #132]	@ (80030f4 <stm32_clock_control_init+0x98>)
 8003070:	689b      	ldr	r3, [r3, #8]
 8003072:	f3c3 1303 	ubfx	r3, r3, #4, #4
 8003076:	4a20      	ldr	r2, [pc, #128]	@ (80030f8 <stm32_clock_control_init+0x9c>)
 8003078:	5cd3      	ldrb	r3, [r2, r3]
 800307a:	fa20 f503 	lsr.w	r5, r0, r3
					       GET_CURRENT_FLASH_PRESCALER());

	new_flash_freq = RCC_CALC_FLASH_FREQ(CONFIG_SYS_CLOCK_HW_CYCLES_PER_SEC,
 800307e:	7813      	ldrb	r3, [r2, #0]
 8003080:	411c      	asrs	r4, r3
				      STM32_FLASH_PRESCALER);

	/* If HCLK increases, set flash latency before any clock setting */
	if (old_flash_freq < new_flash_freq) {
 8003082:	42a5      	cmp	r5, r4
 8003084:	d32c      	bcc.n	80030e0 <stm32_clock_control_init+0x84>
		LL_SetFlashLatency(new_flash_freq);
	}
#endif /* FLASH_ACR_LATENCY */

	/* Set up individual enabled clocks */
	set_up_fixed_clock_sources();
 8003086:	f7ff fef3 	bl	8002e70 <set_up_fixed_clock_sources>

	/* Set up PLLs */
	set_up_plls();
 800308a:	f7ff ff99 	bl	8002fc0 <set_up_plls>
  MODIFY_REG(RCC->CFGR, RCC_CFGR_HPRE, Prescaler);
 800308e:	4a19      	ldr	r2, [pc, #100]	@ (80030f4 <stm32_clock_control_init+0x98>)
 8003090:	6893      	ldr	r3, [r2, #8]
 8003092:	f023 03f0 	bic.w	r3, r3, #240	@ 0xf0
 8003096:	6093      	str	r3, [r2, #8]
  MODIFY_REG(RCC->CFGR, RCC_CFGR_SW, Source);
 8003098:	6893      	ldr	r3, [r2, #8]
 800309a:	f023 0303 	bic.w	r3, r3, #3
 800309e:	f043 0302 	orr.w	r3, r3, #2
 80030a2:	6093      	str	r3, [r2, #8]
  return (uint32_t)(READ_BIT(RCC->CFGR, RCC_CFGR_SWS));
 80030a4:	4b13      	ldr	r3, [pc, #76]	@ (80030f4 <stm32_clock_control_init+0x98>)
 80030a6:	689b      	ldr	r3, [r3, #8]
 80030a8:	f003 030c 	and.w	r3, r3, #12
	}

#if STM32_SYSCLK_SRC_PLL
	/* Set PLL as System Clock Source */
	LL_RCC_SetSysClkSource(LL_RCC_SYS_CLKSOURCE_PLL);
	while (LL_RCC_GetSysClkSource() != LL_RCC_SYS_CLKSOURCE_STATUS_PLL) {
 80030ac:	2b08      	cmp	r3, #8
 80030ae:	d1f9      	bne.n	80030a4 <stm32_clock_control_init+0x48>
		LL_RCC_SetAHBPrescaler(ahb_prescaler(STM32_CORE_PRESCALER));
	}

#if defined(FLASH_ACR_LATENCY)
	/* If HCLK not increased, set flash latency after all clock setting */
	if (old_flash_freq >= new_flash_freq) {
 80030b0:	42a5      	cmp	r5, r4
 80030b2:	d219      	bcs.n	80030e8 <stm32_clock_control_init+0x8c>
		LL_SetFlashLatency(new_flash_freq);
	}
#endif /* FLASH_ACR_LATENCY */

	SystemCoreClock = CONFIG_SYS_CLOCK_HW_CYCLES_PER_SEC;
 80030b4:	4b11      	ldr	r3, [pc, #68]	@ (80030fc <stm32_clock_control_init+0xa0>)
 80030b6:	4a0e      	ldr	r2, [pc, #56]	@ (80030f0 <stm32_clock_control_init+0x94>)
 80030b8:	601a      	str	r2, [r3, #0]
  MODIFY_REG(RCC->CFGR, RCC_CFGR_PPRE1, Prescaler);
 80030ba:	4b0e      	ldr	r3, [pc, #56]	@ (80030f4 <stm32_clock_control_init+0x98>)
 80030bc:	689a      	ldr	r2, [r3, #8]
 80030be:	f422 52e0 	bic.w	r2, r2, #7168	@ 0x1c00
 80030c2:	f442 5280 	orr.w	r2, r2, #4096	@ 0x1000
 80030c6:	609a      	str	r2, [r3, #8]
  MODIFY_REG(RCC->CFGR, RCC_CFGR_PPRE2, Prescaler);
 80030c8:	689a      	ldr	r2, [r3, #8]
 80030ca:	f422 4260 	bic.w	r2, r2, #57344	@ 0xe000
 80030ce:	609a      	str	r2, [r3, #8]
  MODIFY_REG(RCC->DCKCFGR, RCC_DCKCFGR_TIMPRE, Prescaler);
 80030d0:	f8d3 208c 	ldr.w	r2, [r3, #140]	@ 0x8c
 80030d4:	f022 7280 	bic.w	r2, r2, #16777216	@ 0x1000000
 80030d8:	f8c3 208c 	str.w	r2, [r3, #140]	@ 0x8c
		LL_RCC_SetTIMPrescaler(LL_RCC_TIM_PRESCALER_TWICE);
	}
#endif

	return 0;
}
 80030dc:	2000      	movs	r0, #0
 80030de:	bd38      	pop	{r3, r4, r5, pc}
		LL_SetFlashLatency(new_flash_freq);
 80030e0:	4620      	mov	r0, r4
 80030e2:	f000 ff9b 	bl	800401c <LL_SetFlashLatency>
 80030e6:	e7ce      	b.n	8003086 <stm32_clock_control_init+0x2a>
		LL_SetFlashLatency(new_flash_freq);
 80030e8:	4620      	mov	r0, r4
 80030ea:	f000 ff97 	bl	800401c <LL_SetFlashLatency>
 80030ee:	e7e1      	b.n	80030b4 <stm32_clock_control_init+0x58>
 80030f0:	0501bd00 	.word	0x0501bd00
 80030f4:	40023800 	.word	0x40023800
 80030f8:	080093e4 	.word	0x080093e4
 80030fc:	20000054 	.word	0x20000054

08003100 <get_pllsrc_frequency>:
		return STM32_HSE_FREQ;
	}

	__ASSERT(0, "Invalid source");
	return 0;
}
 8003100:	4800      	ldr	r0, [pc, #0]	@ (8003104 <get_pllsrc_frequency+0x4>)
 8003102:	4770      	bx	lr
 8003104:	007a1200 	.word	0x007a1200

08003108 <config_pll_sysclock>:

/**
 * @brief Set up pll configuration
 */
void config_pll_sysclock(void)
{
 8003108:	b508      	push	{r3, lr}
#if STM32_PLL_P_ENABLED
	/* All STM32F2x, F4x and F7x */
	LL_RCC_PLL_ConfigDomain_SYS(get_pll_source(),
 800310a:	f004 f991 	bl	8007430 <get_pll_source>
  *         (*) value not defined in all devices.
  * @retval None
  */
__STATIC_INLINE void LL_RCC_PLL_ConfigDomain_SYS(uint32_t Source, uint32_t PLLM, uint32_t PLLN, uint32_t PLLP_R)
{
  MODIFY_REG(RCC->PLLCFGR, RCC_PLLCFGR_PLLSRC | RCC_PLLCFGR_PLLM | RCC_PLLCFGR_PLLN,
 800310e:	4b0c      	ldr	r3, [pc, #48]	@ (8003140 <config_pll_sysclock+0x38>)
 8003110:	6859      	ldr	r1, [r3, #4]
 8003112:	4a0c      	ldr	r2, [pc, #48]	@ (8003144 <config_pll_sysclock+0x3c>)
 8003114:	400a      	ands	r2, r1
 8003116:	f440 41a8 	orr.w	r1, r0, #21504	@ 0x5400
 800311a:	f041 0108 	orr.w	r1, r1, #8
 800311e:	430a      	orrs	r2, r1
 8003120:	605a      	str	r2, [r3, #4]
             Source | PLLM | PLLN << RCC_PLLCFGR_PLLN_Pos);
  MODIFY_REG(RCC->PLLCFGR, RCC_PLLCFGR_PLLP, PLLP_R);
 8003122:	685a      	ldr	r2, [r3, #4]
 8003124:	f422 3240 	bic.w	r2, r2, #196608	@ 0x30000
 8003128:	f442 3280 	orr.w	r2, r2, #65536	@ 0x10000
 800312c:	605a      	str	r2, [r3, #4]
  *         @arg @ref LL_RCC_PLLQ_DIV_15
  * @retval None
  */
__STATIC_INLINE void LL_RCC_PLL_ConfigDomain_48M(uint32_t Source, uint32_t PLLM, uint32_t PLLN, uint32_t PLLQ)
{
  MODIFY_REG(RCC->PLLCFGR, RCC_PLLCFGR_PLLSRC | RCC_PLLCFGR_PLLM | RCC_PLLCFGR_PLLN | RCC_PLLCFGR_PLLQ,
 800312e:	6859      	ldr	r1, [r3, #4]
 8003130:	4a05      	ldr	r2, [pc, #20]	@ (8003148 <config_pll_sysclock+0x40>)
 8003132:	400a      	ands	r2, r1
 8003134:	4905      	ldr	r1, [pc, #20]	@ (800314c <config_pll_sysclock+0x44>)
 8003136:	4301      	orrs	r1, r0
 8003138:	430a      	orrs	r2, r1
 800313a:	605a      	str	r2, [r3, #4]
		 * for the overdrive function. The caller will try to turn on the PLL
		 * And start waiting for the PLL locking phase to complete.
		 */
	}
#endif /* CONFIG_SOC_SERIES_STM32F7X */
}
 800313c:	bd08      	pop	{r3, pc}
 800313e:	bf00      	nop
 8003140:	40023800 	.word	0x40023800
 8003144:	ffbf8000 	.word	0xffbf8000
 8003148:	f0bf8000 	.word	0xf0bf8000
 800314c:	07005408 	.word	0x07005408

08003150 <config_enable_default_clocks>:

/**
 * @brief Activate default clocks
 */
void config_enable_default_clocks(void)
{
 8003150:	b082      	sub	sp, #8
  * @retval None
  */
__STATIC_INLINE void LL_APB1_GRP1_EnableClock(uint32_t Periphs)
{
  __IO uint32_t tmpreg;
  SET_BIT(RCC->APB1ENR, Periphs);
 8003152:	4b06      	ldr	r3, [pc, #24]	@ (800316c <config_enable_default_clocks+0x1c>)
 8003154:	6c1a      	ldr	r2, [r3, #64]	@ 0x40
 8003156:	f042 5280 	orr.w	r2, r2, #268435456	@ 0x10000000
 800315a:	641a      	str	r2, [r3, #64]	@ 0x40
  /* Delay after an RCC peripheral clock enabling */
  tmpreg = READ_BIT(RCC->APB1ENR, Periphs);
 800315c:	6c1b      	ldr	r3, [r3, #64]	@ 0x40
 800315e:	f003 5380 	and.w	r3, r3, #268435456	@ 0x10000000
 8003162:	9301      	str	r3, [sp, #4]
  (void)tmpreg;
 8003164:	9b01      	ldr	r3, [sp, #4]
	/* Power Interface clock enabled by default */
	LL_APB1_GRP1_EnableClock(LL_APB1_GRP1_PERIPH_PWR);
}
 8003166:	b002      	add	sp, #8
 8003168:	4770      	bx	lr
 800316a:	bf00      	nop
 800316c:	40023800 	.word	0x40023800

08003170 <console_out>:
 *
 * @return The character passed as input.
 */

static int console_out(int c)
{
 8003170:	b510      	push	{r4, lr}
 8003172:	4604      	mov	r4, r0
		 * function MUST return the byte output.
		 */
		return c;
	}

	if ('\n' == c) {
 8003174:	280a      	cmp	r0, #10
 8003176:	d006      	beq.n	8003186 <console_out+0x16>
		uart_poll_out(uart_console_dev, '\r');
	}
	uart_poll_out(uart_console_dev, c);
 8003178:	b2e1      	uxtb	r1, r4
	const struct uart_driver_api *api = (const struct uart_driver_api *)dev->api;
 800317a:	4806      	ldr	r0, [pc, #24]	@ (8003194 <console_out+0x24>)
 800317c:	6883      	ldr	r3, [r0, #8]
	api->poll_out(dev, out_char);
 800317e:	685b      	ldr	r3, [r3, #4]
 8003180:	4798      	blx	r3
	 * As errors cannot be returned, ignore the return value
	 */
	(void)pm_device_runtime_put_async(uart_console_dev, K_MSEC(1));

	return c;
}
 8003182:	4620      	mov	r0, r4
 8003184:	bd10      	pop	{r4, pc}
	const struct uart_driver_api *api = (const struct uart_driver_api *)dev->api;
 8003186:	4803      	ldr	r0, [pc, #12]	@ (8003194 <console_out+0x24>)
 8003188:	6883      	ldr	r3, [r0, #8]
	api->poll_out(dev, out_char);
 800318a:	685b      	ldr	r3, [r3, #4]
 800318c:	210d      	movs	r1, #13
 800318e:	4798      	blx	r3
		return;
	}
#endif
	compiler_barrier();
	z_impl_uart_poll_out(dev, out_char);
}
 8003190:	e7f2      	b.n	8003178 <console_out+0x8>
 8003192:	bf00      	nop
 8003194:	080081b4 	.word	0x080081b4

08003198 <uart_console_hook_install>:
/**
 * @brief Install printk/stdout hook for UART console output
 */

static void uart_console_hook_install(void)
{
 8003198:	b510      	push	{r4, lr}
#if defined(CONFIG_STDOUT_CONSOLE)
	__stdout_hook_install(console_out);
 800319a:	4c04      	ldr	r4, [pc, #16]	@ (80031ac <uart_console_hook_install+0x14>)
 800319c:	4620      	mov	r0, r4
 800319e:	f7ff fcf3 	bl	8002b88 <__stdout_hook_install>
#endif
#if defined(CONFIG_PRINTK)
	__printk_hook_install(console_out);
 80031a2:	4620      	mov	r0, r4
 80031a4:	f7fd ff1a 	bl	8000fdc <__printk_hook_install>
#endif
}
 80031a8:	bd10      	pop	{r4, pc}
 80031aa:	bf00      	nop
 80031ac:	08003171 	.word	0x08003171

080031b0 <uart_console_init>:
 * @brief Initialize one UART as the console/debug port
 *
 * @return 0 if successful, otherwise failed.
 */
static int uart_console_init(void)
{
 80031b0:	b508      	push	{r3, lr}
 80031b2:	4805      	ldr	r0, [pc, #20]	@ (80031c8 <uart_console_init+0x18>)
 80031b4:	f004 fd01 	bl	8007bba <z_impl_device_is_ready>
	if (!device_is_ready(uart_console_dev)) {
 80031b8:	b118      	cbz	r0, 80031c2 <uart_console_init+0x12>
		return -ENODEV;
	}

	uart_console_hook_install();
 80031ba:	f7ff ffed 	bl	8003198 <uart_console_hook_install>

	return 0;
 80031be:	2000      	movs	r0, #0
}
 80031c0:	bd08      	pop	{r3, pc}
		return -ENODEV;
 80031c2:	f06f 0012 	mvn.w	r0, #18
 80031c6:	e7fb      	b.n	80031c0 <uart_console_init+0x10>
 80031c8:	080081b4 	.word	0x080081b4

080031cc <gpio_stm32_pin_interrupt_configure>:

static int gpio_stm32_pin_interrupt_configure(const struct device *dev,
					      gpio_pin_t pin,
					      enum gpio_int_mode mode,
					      enum gpio_int_trig trig)
{
 80031cc:	e92d 43f8 	stmdb	sp!, {r3, r4, r5, r6, r7, r8, r9, lr}
 80031d0:	4680      	mov	r8, r0
 80031d2:	460f      	mov	r7, r1
 80031d4:	4616      	mov	r6, r2
 80031d6:	461c      	mov	r4, r3
	const struct gpio_stm32_config *cfg = dev->config;
 80031d8:	f8d0 9004 	ldr.w	r9, [r0, #4]
	const stm32_gpio_irq_line_t irq_line = stm32_gpio_intc_get_pin_irq_line(cfg->port, pin);
 80031dc:	f8d9 0008 	ldr.w	r0, [r9, #8]
 80031e0:	f004 f881 	bl	80072e6 <stm32_gpio_intc_get_pin_irq_line>
		stm32_gpio_intc_enable_line(irq_line);
		goto exit;
	}
#endif /* CONFIG_GPIO_ENABLE_DISABLE_INTERRUPT */

	if (mode == GPIO_INT_MODE_DISABLED) {
 80031e4:	f5b6 1f00 	cmp.w	r6, #2097152	@ 0x200000
 80031e8:	d00e      	beq.n	8003208 <gpio_stm32_pin_interrupt_configure+0x3c>
 80031ea:	4605      	mov	r5, r0
		gpio_stm32_disable_pin_irqs(cfg->port, pin);
		goto exit;
	}

	if (mode == GPIO_INT_MODE_LEVEL) {
 80031ec:	f5b6 0f80 	cmp.w	r6, #4194304	@ 0x400000
 80031f0:	d02a      	beq.n	8003248 <gpio_stm32_pin_interrupt_configure+0x7c>
				err = -EINVAL;
				goto exit;
			}
		}
	} else {
		switch (trig) {
 80031f2:	f1b4 6f80 	cmp.w	r4, #67108864	@ 0x4000000
 80031f6:	d00e      	beq.n	8003216 <gpio_stm32_pin_interrupt_configure+0x4a>
 80031f8:	f1b4 6fc0 	cmp.w	r4, #100663296	@ 0x6000000
 80031fc:	d00d      	beq.n	800321a <gpio_stm32_pin_interrupt_configure+0x4e>
 80031fe:	f1b4 7f00 	cmp.w	r4, #33554432	@ 0x2000000
 8003202:	d124      	bne.n	800324e <gpio_stm32_pin_interrupt_configure+0x82>
 8003204:	2602      	movs	r6, #2
 8003206:	e009      	b.n	800321c <gpio_stm32_pin_interrupt_configure+0x50>
		gpio_stm32_disable_pin_irqs(cfg->port, pin);
 8003208:	4639      	mov	r1, r7
 800320a:	f8d9 0008 	ldr.w	r0, [r9, #8]
 800320e:	f004 f9e3 	bl	80075d8 <gpio_stm32_disable_pin_irqs>
	int err = 0;
 8003212:	2400      	movs	r4, #0
		goto exit;
 8003214:	e015      	b.n	8003242 <gpio_stm32_pin_interrupt_configure+0x76>
		case GPIO_INT_TRIG_LOW:
			irq_trigger = STM32_GPIO_IRQ_TRIG_FALLING;
			break;
		case GPIO_INT_TRIG_HIGH:
			irq_trigger = STM32_GPIO_IRQ_TRIG_RISING;
 8003216:	2601      	movs	r6, #1
 8003218:	e000      	b.n	800321c <gpio_stm32_pin_interrupt_configure+0x50>
			break;
		case GPIO_INT_TRIG_BOTH:
			irq_trigger = STM32_GPIO_IRQ_TRIG_BOTH;
 800321a:	2603      	movs	r6, #3
			err = -EINVAL;
			goto exit;
		}
	}

	if (stm32_gpio_intc_set_irq_callback(irq_line, gpio_stm32_isr, (void *)dev) != 0) {
 800321c:	4642      	mov	r2, r8
 800321e:	490f      	ldr	r1, [pc, #60]	@ (800325c <gpio_stm32_pin_interrupt_configure+0x90>)
 8003220:	4628      	mov	r0, r5
 8003222:	f7ff fdd1 	bl	8002dc8 <stm32_gpio_intc_set_irq_callback>
 8003226:	4604      	mov	r4, r0
 8003228:	b9a0      	cbnz	r0, 8003254 <gpio_stm32_pin_interrupt_configure+0x88>
		err = -EBUSY;
		goto exit;
	}

#if defined(CONFIG_EXTI_STM32)
	stm32_exti_set_line_src_port(pin, cfg->port);
 800322a:	f8d9 1008 	ldr.w	r1, [r9, #8]
 800322e:	4638      	mov	r0, r7
 8003230:	f004 f85e 	bl	80072f0 <stm32_exti_set_line_src_port>
#endif

	stm32_gpio_intc_select_line_trigger(irq_line, irq_trigger);
 8003234:	4631      	mov	r1, r6
 8003236:	4628      	mov	r0, r5
 8003238:	f7ff fd9a 	bl	8002d70 <stm32_gpio_intc_select_line_trigger>

	stm32_gpio_intc_enable_line(irq_line);
 800323c:	4628      	mov	r0, r5
 800323e:	f7ff fd77 	bl	8002d30 <stm32_gpio_intc_enable_line>

exit:
	return err;
}
 8003242:	4620      	mov	r0, r4
 8003244:	e8bd 83f8 	ldmia.w	sp!, {r3, r4, r5, r6, r7, r8, r9, pc}
			err = -ENOTSUP;
 8003248:	f06f 0485 	mvn.w	r4, #133	@ 0x85
 800324c:	e7f9      	b.n	8003242 <gpio_stm32_pin_interrupt_configure+0x76>
		switch (trig) {
 800324e:	f06f 0415 	mvn.w	r4, #21
 8003252:	e7f6      	b.n	8003242 <gpio_stm32_pin_interrupt_configure+0x76>
		err = -EBUSY;
 8003254:	f06f 040f 	mvn.w	r4, #15
	return err;
 8003258:	e7f3      	b.n	8003242 <gpio_stm32_pin_interrupt_configure+0x76>
 800325a:	bf00      	nop
 800325c:	080074fb 	.word	0x080074fb

08003260 <LL_TIM_OC_SetMode>:
  *         @arg @ref LL_TIM_OCMODE_PWM1
  *         @arg @ref LL_TIM_OCMODE_PWM2
  * @retval None
  */
__STATIC_INLINE void LL_TIM_OC_SetMode(TIM_TypeDef *TIMx, uint32_t Channel, uint32_t Mode)
{
 8003260:	b510      	push	{r4, lr}
  uint8_t iChannel = TIM_GET_CHANNEL_INDEX(Channel);
 8003262:	2940      	cmp	r1, #64	@ 0x40
 8003264:	d010      	beq.n	8003288 <LL_TIM_OC_SetMode+0x28>
 8003266:	d807      	bhi.n	8003278 <LL_TIM_OC_SetMode+0x18>
 8003268:	2904      	cmp	r1, #4
 800326a:	d00f      	beq.n	800328c <LL_TIM_OC_SetMode+0x2c>
 800326c:	2910      	cmp	r1, #16
 800326e:	d00f      	beq.n	8003290 <LL_TIM_OC_SetMode+0x30>
 8003270:	2901      	cmp	r1, #1
 8003272:	d10f      	bne.n	8003294 <LL_TIM_OC_SetMode+0x34>
{
 8003274:	2100      	movs	r1, #0
 8003276:	e010      	b.n	800329a <LL_TIM_OC_SetMode+0x3a>
 8003278:	f5b1 7f80 	cmp.w	r1, #256	@ 0x100
 800327c:	d00c      	beq.n	8003298 <LL_TIM_OC_SetMode+0x38>
 800327e:	f5b1 6f80 	cmp.w	r1, #1024	@ 0x400
 8003282:	d11e      	bne.n	80032c2 <LL_TIM_OC_SetMode+0x62>
 8003284:	2105      	movs	r1, #5
 8003286:	e008      	b.n	800329a <LL_TIM_OC_SetMode+0x3a>
 8003288:	2103      	movs	r1, #3
 800328a:	e006      	b.n	800329a <LL_TIM_OC_SetMode+0x3a>
 800328c:	2101      	movs	r1, #1
 800328e:	e004      	b.n	800329a <LL_TIM_OC_SetMode+0x3a>
 8003290:	2102      	movs	r1, #2
 8003292:	e002      	b.n	800329a <LL_TIM_OC_SetMode+0x3a>
 8003294:	2106      	movs	r1, #6
 8003296:	e000      	b.n	800329a <LL_TIM_OC_SetMode+0x3a>
 8003298:	2104      	movs	r1, #4
  __IO uint32_t *pReg = (__IO uint32_t *)((uint32_t)((uint32_t)(&TIMx->CCMR1) + OFFSET_TAB_CCMRx[iChannel]));
 800329a:	3018      	adds	r0, #24
 800329c:	4b0a      	ldr	r3, [pc, #40]	@ (80032c8 <LL_TIM_OC_SetMode+0x68>)
 800329e:	f813 c001 	ldrb.w	ip, [r3, r1]
  MODIFY_REG(*pReg, ((TIM_CCMR1_OC1M  | TIM_CCMR1_CC1S) << SHIFT_TAB_OCxx[iChannel]), Mode << SHIFT_TAB_OCxx[iChannel]);
 80032a2:	f850 300c 	ldr.w	r3, [r0, ip]
 80032a6:	4c09      	ldr	r4, [pc, #36]	@ (80032cc <LL_TIM_OC_SetMode+0x6c>)
 80032a8:	f814 e001 	ldrb.w	lr, [r4, r1]
 80032ac:	2173      	movs	r1, #115	@ 0x73
 80032ae:	fa01 f10e 	lsl.w	r1, r1, lr
 80032b2:	ea23 0301 	bic.w	r3, r3, r1
 80032b6:	fa02 f20e 	lsl.w	r2, r2, lr
 80032ba:	4313      	orrs	r3, r2
 80032bc:	f840 300c 	str.w	r3, [r0, ip]
}
 80032c0:	bd10      	pop	{r4, pc}
{
 80032c2:	2106      	movs	r1, #6
 80032c4:	e7e9      	b.n	800329a <LL_TIM_OC_SetMode+0x3a>
 80032c6:	bf00      	nop
 80032c8:	08009338 	.word	0x08009338
 80032cc:	08009330 	.word	0x08009330

080032d0 <LL_TIM_OC_SetPolarity>:
  *         @arg @ref LL_TIM_OCPOLARITY_LOW
  * @retval None
  */
__STATIC_INLINE void LL_TIM_OC_SetPolarity(TIM_TypeDef *TIMx, uint32_t Channel, uint32_t Polarity)
{
  uint8_t iChannel = TIM_GET_CHANNEL_INDEX(Channel);
 80032d0:	2940      	cmp	r1, #64	@ 0x40
 80032d2:	d012      	beq.n	80032fa <LL_TIM_OC_SetPolarity+0x2a>
 80032d4:	d808      	bhi.n	80032e8 <LL_TIM_OC_SetPolarity+0x18>
 80032d6:	2904      	cmp	r1, #4
 80032d8:	d012      	beq.n	8003300 <LL_TIM_OC_SetPolarity+0x30>
 80032da:	2910      	cmp	r1, #16
 80032dc:	d013      	beq.n	8003306 <LL_TIM_OC_SetPolarity+0x36>
 80032de:	2901      	cmp	r1, #1
 80032e0:	d114      	bne.n	800330c <LL_TIM_OC_SetPolarity+0x3c>
{
 80032e2:	f04f 0c00 	mov.w	ip, #0
 80032e6:	e016      	b.n	8003316 <LL_TIM_OC_SetPolarity+0x46>
 80032e8:	f5b1 7f80 	cmp.w	r1, #256	@ 0x100
 80032ec:	d011      	beq.n	8003312 <LL_TIM_OC_SetPolarity+0x42>
 80032ee:	f5b1 6f80 	cmp.w	r1, #1024	@ 0x400
 80032f2:	d11e      	bne.n	8003332 <LL_TIM_OC_SetPolarity+0x62>
 80032f4:	f04f 0c05 	mov.w	ip, #5
 80032f8:	e00d      	b.n	8003316 <LL_TIM_OC_SetPolarity+0x46>
 80032fa:	f04f 0c03 	mov.w	ip, #3
 80032fe:	e00a      	b.n	8003316 <LL_TIM_OC_SetPolarity+0x46>
 8003300:	f04f 0c01 	mov.w	ip, #1
 8003304:	e007      	b.n	8003316 <LL_TIM_OC_SetPolarity+0x46>
 8003306:	f04f 0c02 	mov.w	ip, #2
 800330a:	e004      	b.n	8003316 <LL_TIM_OC_SetPolarity+0x46>
 800330c:	f04f 0c06 	mov.w	ip, #6
 8003310:	e001      	b.n	8003316 <LL_TIM_OC_SetPolarity+0x46>
 8003312:	f04f 0c04 	mov.w	ip, #4
  MODIFY_REG(TIMx->CCER, (TIM_CCER_CC1P << SHIFT_TAB_CCxP[iChannel]),  Polarity << SHIFT_TAB_CCxP[iChannel]);
 8003316:	6a03      	ldr	r3, [r0, #32]
 8003318:	4907      	ldr	r1, [pc, #28]	@ (8003338 <LL_TIM_OC_SetPolarity+0x68>)
 800331a:	f811 c00c 	ldrb.w	ip, [r1, ip]
 800331e:	2102      	movs	r1, #2
 8003320:	fa01 f10c 	lsl.w	r1, r1, ip
 8003324:	ea23 0301 	bic.w	r3, r3, r1
 8003328:	fa02 f20c 	lsl.w	r2, r2, ip
 800332c:	4313      	orrs	r3, r2
 800332e:	6203      	str	r3, [r0, #32]
}
 8003330:	4770      	bx	lr
{
 8003332:	f04f 0c06 	mov.w	ip, #6
 8003336:	e7ee      	b.n	8003316 <LL_TIM_OC_SetPolarity+0x46>
 8003338:	08009328 	.word	0x08009328

0800333c <LL_TIM_OC_SetIdleState>:
  *         @arg @ref LL_TIM_OCIDLESTATE_HIGH
  * @retval None
  */
__STATIC_INLINE void LL_TIM_OC_SetIdleState(TIM_TypeDef *TIMx, uint32_t Channel, uint32_t IdleState)
{
  uint8_t iChannel = TIM_GET_CHANNEL_INDEX(Channel);
 800333c:	2940      	cmp	r1, #64	@ 0x40
 800333e:	d012      	beq.n	8003366 <LL_TIM_OC_SetIdleState+0x2a>
 8003340:	d808      	bhi.n	8003354 <LL_TIM_OC_SetIdleState+0x18>
 8003342:	2904      	cmp	r1, #4
 8003344:	d012      	beq.n	800336c <LL_TIM_OC_SetIdleState+0x30>
 8003346:	2910      	cmp	r1, #16
 8003348:	d013      	beq.n	8003372 <LL_TIM_OC_SetIdleState+0x36>
 800334a:	2901      	cmp	r1, #1
 800334c:	d114      	bne.n	8003378 <LL_TIM_OC_SetIdleState+0x3c>
{
 800334e:	f04f 0c00 	mov.w	ip, #0
 8003352:	e016      	b.n	8003382 <LL_TIM_OC_SetIdleState+0x46>
 8003354:	f5b1 7f80 	cmp.w	r1, #256	@ 0x100
 8003358:	d011      	beq.n	800337e <LL_TIM_OC_SetIdleState+0x42>
 800335a:	f5b1 6f80 	cmp.w	r1, #1024	@ 0x400
 800335e:	d11f      	bne.n	80033a0 <LL_TIM_OC_SetIdleState+0x64>
 8003360:	f04f 0c05 	mov.w	ip, #5
 8003364:	e00d      	b.n	8003382 <LL_TIM_OC_SetIdleState+0x46>
 8003366:	f04f 0c03 	mov.w	ip, #3
 800336a:	e00a      	b.n	8003382 <LL_TIM_OC_SetIdleState+0x46>
 800336c:	f04f 0c01 	mov.w	ip, #1
 8003370:	e007      	b.n	8003382 <LL_TIM_OC_SetIdleState+0x46>
 8003372:	f04f 0c02 	mov.w	ip, #2
 8003376:	e004      	b.n	8003382 <LL_TIM_OC_SetIdleState+0x46>
 8003378:	f04f 0c06 	mov.w	ip, #6
 800337c:	e001      	b.n	8003382 <LL_TIM_OC_SetIdleState+0x46>
 800337e:	f04f 0c04 	mov.w	ip, #4
  MODIFY_REG(TIMx->CR2, (TIM_CR2_OIS1 << SHIFT_TAB_OISx[iChannel]),  IdleState << SHIFT_TAB_OISx[iChannel]);
 8003382:	6843      	ldr	r3, [r0, #4]
 8003384:	4908      	ldr	r1, [pc, #32]	@ (80033a8 <LL_TIM_OC_SetIdleState+0x6c>)
 8003386:	f811 c00c 	ldrb.w	ip, [r1, ip]
 800338a:	f44f 7180 	mov.w	r1, #256	@ 0x100
 800338e:	fa01 f10c 	lsl.w	r1, r1, ip
 8003392:	ea23 0301 	bic.w	r3, r3, r1
 8003396:	fa02 f20c 	lsl.w	r2, r2, ip
 800339a:	4313      	orrs	r3, r2
 800339c:	6043      	str	r3, [r0, #4]
}
 800339e:	4770      	bx	lr
{
 80033a0:	f04f 0c06 	mov.w	ip, #6
 80033a4:	e7ed      	b.n	8003382 <LL_TIM_OC_SetIdleState+0x46>
 80033a6:	bf00      	nop
 80033a8:	08009320 	.word	0x08009320

080033ac <LL_TIM_OC_EnablePreload>:
  *         @arg @ref LL_TIM_CHANNEL_CH3
  *         @arg @ref LL_TIM_CHANNEL_CH4
  * @retval None
  */
__STATIC_INLINE void LL_TIM_OC_EnablePreload(TIM_TypeDef *TIMx, uint32_t Channel)
{
 80033ac:	b410      	push	{r4}
  uint8_t iChannel = TIM_GET_CHANNEL_INDEX(Channel);
 80033ae:	2940      	cmp	r1, #64	@ 0x40
 80033b0:	d010      	beq.n	80033d4 <LL_TIM_OC_EnablePreload+0x28>
 80033b2:	d807      	bhi.n	80033c4 <LL_TIM_OC_EnablePreload+0x18>
 80033b4:	2904      	cmp	r1, #4
 80033b6:	d00f      	beq.n	80033d8 <LL_TIM_OC_EnablePreload+0x2c>
 80033b8:	2910      	cmp	r1, #16
 80033ba:	d00f      	beq.n	80033dc <LL_TIM_OC_EnablePreload+0x30>
 80033bc:	2901      	cmp	r1, #1
 80033be:	d10f      	bne.n	80033e0 <LL_TIM_OC_EnablePreload+0x34>
{
 80033c0:	2200      	movs	r2, #0
 80033c2:	e010      	b.n	80033e6 <LL_TIM_OC_EnablePreload+0x3a>
 80033c4:	f5b1 7f80 	cmp.w	r1, #256	@ 0x100
 80033c8:	d00c      	beq.n	80033e4 <LL_TIM_OC_EnablePreload+0x38>
 80033ca:	f5b1 6f80 	cmp.w	r1, #1024	@ 0x400
 80033ce:	d118      	bne.n	8003402 <LL_TIM_OC_EnablePreload+0x56>
 80033d0:	2205      	movs	r2, #5
 80033d2:	e008      	b.n	80033e6 <LL_TIM_OC_EnablePreload+0x3a>
 80033d4:	2203      	movs	r2, #3
 80033d6:	e006      	b.n	80033e6 <LL_TIM_OC_EnablePreload+0x3a>
 80033d8:	2201      	movs	r2, #1
 80033da:	e004      	b.n	80033e6 <LL_TIM_OC_EnablePreload+0x3a>
 80033dc:	2202      	movs	r2, #2
 80033de:	e002      	b.n	80033e6 <LL_TIM_OC_EnablePreload+0x3a>
 80033e0:	2206      	movs	r2, #6
 80033e2:	e000      	b.n	80033e6 <LL_TIM_OC_EnablePreload+0x3a>
 80033e4:	2204      	movs	r2, #4
  __IO uint32_t *pReg = (__IO uint32_t *)((uint32_t)((uint32_t)(&TIMx->CCMR1) + OFFSET_TAB_CCMRx[iChannel]));
 80033e6:	3018      	adds	r0, #24
 80033e8:	4b07      	ldr	r3, [pc, #28]	@ (8003408 <LL_TIM_OC_EnablePreload+0x5c>)
 80033ea:	5c99      	ldrb	r1, [r3, r2]
  SET_BIT(*pReg, (TIM_CCMR1_OC1PE << SHIFT_TAB_OCxx[iChannel]));
 80033ec:	5843      	ldr	r3, [r0, r1]
 80033ee:	4c07      	ldr	r4, [pc, #28]	@ (800340c <LL_TIM_OC_EnablePreload+0x60>)
 80033f0:	f814 c002 	ldrb.w	ip, [r4, r2]
 80033f4:	2208      	movs	r2, #8
 80033f6:	fa02 f20c 	lsl.w	r2, r2, ip
 80033fa:	4313      	orrs	r3, r2
 80033fc:	5043      	str	r3, [r0, r1]
}
 80033fe:	bc10      	pop	{r4}
 8003400:	4770      	bx	lr
{
 8003402:	2206      	movs	r2, #6
 8003404:	e7ef      	b.n	80033e6 <LL_TIM_OC_EnablePreload+0x3a>
 8003406:	bf00      	nop
 8003408:	08009338 	.word	0x08009338
 800340c:	08009330 	.word	0x08009330

08003410 <pwm_stm32_set_cycles>:
}

static int pwm_stm32_set_cycles(const struct device *dev, uint32_t channel,
				uint32_t period_cycles, uint32_t pulse_cycles,
				pwm_flags_t flags)
{
 8003410:	e92d 43f8 	stmdb	sp!, {r3, r4, r5, r6, r7, r8, r9, lr}
 8003414:	461e      	mov	r6, r3
 8003416:	f8bd c020 	ldrh.w	ip, [sp, #32]
	const struct pwm_stm32_config *cfg = dev->config;
 800341a:	6843      	ldr	r3, [r0, #4]
	TIM_TypeDef *timer = cfg->timer;
 800341c:	681c      	ldr	r4, [r3, #0]

	uint32_t ll_channel;
	uint32_t current_ll_channel; /* complementary output if used */
	uint32_t negative_ll_channel;

	if (channel < 1u || channel > TIMER_MAX_CH) {
 800341e:	1e4f      	subs	r7, r1, #1
 8003420:	2f03      	cmp	r7, #3
 8003422:	d81d      	bhi.n	8003460 <pwm_stm32_set_cycles+0x50>

	/*
	 * Non 32-bit timers count from 0 up to the value in the ARR register
	 * (16-bit). Thus period_cycles cannot be greater than UINT16_MAX + 1.
	 */
	if (!IS_TIM_32B_COUNTER_INSTANCE(timer) &&
 8003424:	f1b4 4f80 	cmp.w	r4, #1073741824	@ 0x40000000
 8003428:	d005      	beq.n	8003436 <pwm_stm32_set_cycles+0x26>
 800342a:	4841      	ldr	r0, [pc, #260]	@ (8003530 <pwm_stm32_set_cycles+0x120>)
 800342c:	4284      	cmp	r4, r0
 800342e:	d002      	beq.n	8003436 <pwm_stm32_set_cycles+0x26>
 8003430:	f5b2 3f80 	cmp.w	r2, #65536	@ 0x10000
 8003434:	d81d      	bhi.n	8003472 <pwm_stm32_set_cycles+0x62>
		LOG_ERR("Cannot set PWM output, capture in progress");
		return -EBUSY;
	}
#endif /* CONFIG_PWM_CAPTURE */

	ll_channel = ch2ll[channel - 1u];
 8003436:	483f      	ldr	r0, [pc, #252]	@ (8003534 <pwm_stm32_set_cycles+0x124>)
 8003438:	f850 8027 	ldr.w	r8, [r0, r7, lsl #2]

	if (channel <= ARRAY_SIZE(ch2ll_n)) {
 800343c:	2903      	cmp	r1, #3
 800343e:	d821      	bhi.n	8003484 <pwm_stm32_set_cycles+0x74>
		negative_ll_channel = ch2ll_n[channel - 1u];
 8003440:	483d      	ldr	r0, [pc, #244]	@ (8003538 <pwm_stm32_set_cycles+0x128>)
 8003442:	f850 5027 	ldr.w	r5, [r0, r7, lsl #2]
	}

	/* in LL_TIM_CC_DisableChannel and LL_TIM_CC_IsEnabledChannel,
	 * the channel param could be the complementary one
	 */
	if ((flags & STM32_PWM_COMPLEMENTARY_MASK) == STM32_PWM_COMPLEMENTARY) {
 8003446:	f41c 7f80 	tst.w	ip, #256	@ 0x100
 800344a:	d01d      	beq.n	8003488 <pwm_stm32_set_cycles+0x78>
		if (!negative_ll_channel) {
 800344c:	b9ed      	cbnz	r5, 800348a <pwm_stm32_set_cycles+0x7a>
 800344e:	460b      	mov	r3, r1
 8003450:	4a3a      	ldr	r2, [pc, #232]	@ (800353c <pwm_stm32_set_cycles+0x12c>)
 8003452:	2101      	movs	r1, #1
 8003454:	483a      	ldr	r0, [pc, #232]	@ (8003540 <pwm_stm32_set_cycles+0x130>)
 8003456:	f003 fc5a 	bl	8006d0e <z_impl_z_log_msg_simple_create_1>
			/* setting a flag on a channel that has not this capability */
			LOG_ERR("Channel %d has NO complementary output", channel);
			return -EINVAL;
 800345a:	f06f 0015 	mvn.w	r0, #21
 800345e:	e049      	b.n	80034f4 <pwm_stm32_set_cycles+0xe4>
 8003460:	460b      	mov	r3, r1
 8003462:	4a38      	ldr	r2, [pc, #224]	@ (8003544 <pwm_stm32_set_cycles+0x134>)
 8003464:	2101      	movs	r1, #1
 8003466:	4836      	ldr	r0, [pc, #216]	@ (8003540 <pwm_stm32_set_cycles+0x130>)
 8003468:	f003 fc51 	bl	8006d0e <z_impl_z_log_msg_simple_create_1>
		return -EINVAL;
 800346c:	f06f 0015 	mvn.w	r0, #21
 8003470:	e040      	b.n	80034f4 <pwm_stm32_set_cycles+0xe4>
 8003472:	4613      	mov	r3, r2
 8003474:	4a34      	ldr	r2, [pc, #208]	@ (8003548 <pwm_stm32_set_cycles+0x138>)
 8003476:	2101      	movs	r1, #1
 8003478:	4831      	ldr	r0, [pc, #196]	@ (8003540 <pwm_stm32_set_cycles+0x130>)
 800347a:	f003 fc48 	bl	8006d0e <z_impl_z_log_msg_simple_create_1>
		return -ENOTSUP;
 800347e:	f06f 0085 	mvn.w	r0, #133	@ 0x85
 8003482:	e037      	b.n	80034f4 <pwm_stm32_set_cycles+0xe4>
		negative_ll_channel = 0;
 8003484:	2500      	movs	r5, #0
 8003486:	e7de      	b.n	8003446 <pwm_stm32_set_cycles+0x36>
		}
		current_ll_channel = negative_ll_channel;
	} else {
		current_ll_channel = ll_channel;
 8003488:	4645      	mov	r5, r8
	}

	if (period_cycles == 0u) {
 800348a:	2a00      	cmp	r2, #0
 800348c:	d034      	beq.n	80034f8 <pwm_stm32_set_cycles+0xe8>
		LL_TIM_CC_DisableChannel(timer, current_ll_channel);
		return 0;
	}

	if (cfg->countermode == LL_TIM_COUNTERMODE_UP) {
 800348e:	689b      	ldr	r3, [r3, #8]
 8003490:	2b00      	cmp	r3, #0
 8003492:	d137      	bne.n	8003504 <pwm_stm32_set_cycles+0xf4>
		/* remove 1 period cycle, accounts for 1 extra low cycle */
		period_cycles -= 1U;
 8003494:	f102 39ff 	add.w	r9, r2, #4294967295
		period_cycles /= 2U;
	} else {
		return -ENOTSUP;
	}

	LL_TIM_OC_SetPolarity(timer, current_ll_channel, get_polarity(flags));
 8003498:	4660      	mov	r0, ip
 800349a:	f004 f975 	bl	8007788 <get_polarity>
 800349e:	4602      	mov	r2, r0
 80034a0:	4629      	mov	r1, r5
 80034a2:	4620      	mov	r0, r4
 80034a4:	f7ff ff14 	bl	80032d0 <LL_TIM_OC_SetPolarity>
	set_timer_compare[channel - 1u](timer, pulse_cycles);
 80034a8:	4b28      	ldr	r3, [pc, #160]	@ (800354c <pwm_stm32_set_cycles+0x13c>)
 80034aa:	f853 3027 	ldr.w	r3, [r3, r7, lsl #2]
 80034ae:	4631      	mov	r1, r6
 80034b0:	4620      	mov	r0, r4
 80034b2:	4798      	blx	r3
  WRITE_REG(TIMx->ARR, AutoReload);
 80034b4:	f8c4 902c 	str.w	r9, [r4, #44]	@ 0x2c
  return ((READ_BIT(TIMx->CCER, Channels) == (Channels)) ? 1UL : 0UL);
 80034b8:	6a23      	ldr	r3, [r4, #32]
 80034ba:	ea35 0303 	bics.w	r3, r5, r3
 80034be:	d034      	beq.n	800352a <pwm_stm32_set_cycles+0x11a>
			LL_TIM_SetTriggerInput(timer, LL_TIM_TS_ITR0);
			LL_TIM_DisableMasterSlaveMode(timer);
		}
#endif /* CONFIG_PWM_CAPTURE */

		LL_TIM_OC_SetMode(timer, ll_channel, LL_TIM_OCMODE_PWM1);
 80034c0:	2260      	movs	r2, #96	@ 0x60
 80034c2:	4641      	mov	r1, r8
 80034c4:	4620      	mov	r0, r4
 80034c6:	f7ff fecb 	bl	8003260 <LL_TIM_OC_SetMode>
#ifdef STM32_TIM_OCIDLESTATE_RESET
		LL_TIM_OC_SetIdleState(timer, current_ll_channel, STM32_TIM_OCIDLESTATE_RESET);
 80034ca:	2200      	movs	r2, #0
 80034cc:	4629      	mov	r1, r5
 80034ce:	4620      	mov	r0, r4
 80034d0:	f7ff ff34 	bl	800333c <LL_TIM_OC_SetIdleState>
  SET_BIT(TIMx->CCER, Channels);
 80034d4:	6a23      	ldr	r3, [r4, #32]
 80034d6:	431d      	orrs	r5, r3
 80034d8:	6225      	str	r5, [r4, #32]
  SET_BIT(TIMx->CR1, TIM_CR1_ARPE);
 80034da:	6823      	ldr	r3, [r4, #0]
 80034dc:	f043 0380 	orr.w	r3, r3, #128	@ 0x80
 80034e0:	6023      	str	r3, [r4, #0]
#endif
		LL_TIM_CC_EnableChannel(timer, current_ll_channel);
		LL_TIM_EnableARRPreload(timer);
		/* in LL_TIM_OC_EnablePreload, the channel is always the non-complementary */
		LL_TIM_OC_EnablePreload(timer, ll_channel);
 80034e2:	4641      	mov	r1, r8
 80034e4:	4620      	mov	r0, r4
 80034e6:	f7ff ff61 	bl	80033ac <LL_TIM_OC_EnablePreload>
  * @param  TIMx Timer instance
  * @retval None
  */
__STATIC_INLINE void LL_TIM_GenerateEvent_UPDATE(TIM_TypeDef *TIMx)
{
  SET_BIT(TIMx->EGR, TIM_EGR_UG);
 80034ea:	6963      	ldr	r3, [r4, #20]
 80034ec:	f043 0301 	orr.w	r3, r3, #1
 80034f0:	6163      	str	r3, [r4, #20]
		LL_TIM_GenerateEvent_UPDATE(timer);
	}

	return 0;
 80034f2:	2000      	movs	r0, #0
}
 80034f4:	e8bd 83f8 	ldmia.w	sp!, {r3, r4, r5, r6, r7, r8, r9, pc}
  CLEAR_BIT(TIMx->CCER, Channels);
 80034f8:	6a23      	ldr	r3, [r4, #32]
 80034fa:	ea23 0305 	bic.w	r3, r3, r5
 80034fe:	6223      	str	r3, [r4, #32]
		return 0;
 8003500:	2000      	movs	r0, #0
 8003502:	e7f7      	b.n	80034f4 <pwm_stm32_set_cycles+0xe4>
	} else if (cfg->countermode == LL_TIM_COUNTERMODE_DOWN) {
 8003504:	2b10      	cmp	r3, #16
 8003506:	d008      	beq.n	800351a <pwm_stm32_set_cycles+0x10a>
		(ll_countermode == LL_TIM_COUNTERMODE_CENTER_UP) ||
 8003508:	2b20      	cmp	r3, #32
 800350a:	d00a      	beq.n	8003522 <pwm_stm32_set_cycles+0x112>
	return ((ll_countermode == LL_TIM_COUNTERMODE_CENTER_DOWN) ||
 800350c:	2b40      	cmp	r3, #64	@ 0x40
 800350e:	d008      	beq.n	8003522 <pwm_stm32_set_cycles+0x112>
		(ll_countermode == LL_TIM_COUNTERMODE_CENTER_UP) ||
 8003510:	2b60      	cmp	r3, #96	@ 0x60
 8003512:	d006      	beq.n	8003522 <pwm_stm32_set_cycles+0x112>
		return -ENOTSUP;
 8003514:	f06f 0085 	mvn.w	r0, #133	@ 0x85
 8003518:	e7ec      	b.n	80034f4 <pwm_stm32_set_cycles+0xe4>
		pulse_cycles -= 1U;
 800351a:	3e01      	subs	r6, #1
		period_cycles -= 1U;
 800351c:	f102 39ff 	add.w	r9, r2, #4294967295
 8003520:	e7ba      	b.n	8003498 <pwm_stm32_set_cycles+0x88>
		pulse_cycles /= 2U;
 8003522:	0876      	lsrs	r6, r6, #1
		period_cycles /= 2U;
 8003524:	ea4f 0952 	mov.w	r9, r2, lsr #1
 8003528:	e7b6      	b.n	8003498 <pwm_stm32_set_cycles+0x88>
	return 0;
 800352a:	2000      	movs	r0, #0
 800352c:	e7e2      	b.n	80034f4 <pwm_stm32_set_cycles+0xe4>
 800352e:	bf00      	nop
 8003530:	40000c00 	.word	0x40000c00
 8003534:	08009310 	.word	0x08009310
 8003538:	08009304 	.word	0x08009304
 800353c:	08008d94 	.word	0x08008d94
 8003540:	08008504 	.word	0x08008504
 8003544:	08008d38 	.word	0x08008d38
 8003548:	08008d50 	.word	0x08008d50
 800354c:	080092f4 	.word	0x080092f4

08003550 <pwm_stm32_init>:
	.disable_capture = pwm_stm32_disable_capture,
#endif /* CONFIG_PWM_CAPTURE */
};

static int pwm_stm32_init(const struct device *dev)
{
 8003550:	e92d 47f0 	stmdb	sp!, {r4, r5, r6, r7, r8, r9, sl, lr}
 8003554:	b084      	sub	sp, #16
 8003556:	af00      	add	r7, sp, #0
	struct pwm_stm32_data *data = dev->data;
 8003558:	f8d0 a010 	ldr.w	sl, [r0, #16]
	const struct pwm_stm32_config *cfg = dev->config;
 800355c:	6845      	ldr	r5, [r0, #4]
	TIM_TypeDef *timer = cfg->timer;
 800355e:	682e      	ldr	r6, [r5, #0]
	const struct device *clk = DEVICE_DT_GET(STM32_CLOCK_CONTROL_NODE);
	uint32_t tim_clk;
	int r;

	/* Enable clock and store its speed */
	r = clock_control_on(clk, (clock_control_subsys_t)&cfg->pclken[0]);
 8003560:	6969      	ldr	r1, [r5, #20]
	const struct clock_control_driver_api *api =
 8003562:	4bad      	ldr	r3, [pc, #692]	@ (8003818 <pwm_stm32_init+0x2c8>)
 8003564:	f8d3 9008 	ldr.w	r9, [r3, #8]
	if (api->on == NULL) {
 8003568:	f8d9 3000 	ldr.w	r3, [r9]
 800356c:	2b00      	cmp	r3, #0
 800356e:	f000 80a9 	beq.w	80036c4 <pwm_stm32_init+0x174>
 8003572:	4680      	mov	r8, r0
	return api->on(dev, sys);
 8003574:	48a8      	ldr	r0, [pc, #672]	@ (8003818 <pwm_stm32_init+0x2c8>)
 8003576:	4798      	blx	r3
	if (r < 0) {
 8003578:	1e04      	subs	r4, r0, #0
 800357a:	f2c0 80a5 	blt.w	80036c8 <pwm_stm32_init+0x178>
		LOG_ERR("Could not initialize clock (%d)", r);
		return r;
	}

	if (cfg->pclk_len > 1) {
 800357e:	69ab      	ldr	r3, [r5, #24]
 8003580:	2b01      	cmp	r3, #1
 8003582:	f240 80bf 	bls.w	8003704 <pwm_stm32_init+0x1b4>
		/* Enable Timer clock source */
		r = clock_control_configure(clk, (clock_control_subsys_t)&cfg->pclken[1], NULL);
 8003586:	6969      	ldr	r1, [r5, #20]
 8003588:	3108      	adds	r1, #8
					  void *data)
{
	const struct clock_control_driver_api *api =
		(const struct clock_control_driver_api *)dev->api;

	if (api->configure == NULL) {
 800358a:	f8d9 3018 	ldr.w	r3, [r9, #24]
 800358e:	2b00      	cmp	r3, #0
 8003590:	f000 80a5 	beq.w	80036de <pwm_stm32_init+0x18e>
		return -ENOSYS;
	}

	return api->configure(dev, sys, data);
 8003594:	2200      	movs	r2, #0
 8003596:	48a0      	ldr	r0, [pc, #640]	@ (8003818 <pwm_stm32_init+0x2c8>)
 8003598:	4798      	blx	r3
		if (r != 0) {
 800359a:	4604      	mov	r4, r0
 800359c:	2800      	cmp	r0, #0
 800359e:	f040 80a0 	bne.w	80036e2 <pwm_stm32_init+0x192>
			LOG_ERR("Could not configure clock (%d)", r);
			return r;
		}

		r = clock_control_get_rate(clk, (clock_control_subsys_t)&cfg->pclken[1], &tim_clk);
 80035a2:	6969      	ldr	r1, [r5, #20]
 80035a4:	3108      	adds	r1, #8
	if (api->get_rate == NULL) {
 80035a6:	f8d9 300c 	ldr.w	r3, [r9, #12]
 80035aa:	2b00      	cmp	r3, #0
 80035ac:	f000 80a0 	beq.w	80036f0 <pwm_stm32_init+0x1a0>
	return api->get_rate(dev, sys, rate);
 80035b0:	f107 020c 	add.w	r2, r7, #12
 80035b4:	4898      	ldr	r0, [pc, #608]	@ (8003818 <pwm_stm32_init+0x2c8>)
 80035b6:	4798      	blx	r3
		if (r < 0) {
 80035b8:	f1b0 0900 	subs.w	r9, r0, #0
 80035bc:	f2c0 809a 	blt.w	80036f4 <pwm_stm32_init+0x1a4>
	} else {
		LOG_ERR("Timer clock source is not specified");
		return -EINVAL;
	}

	data->tim_clk = tim_clk;
 80035c0:	68fb      	ldr	r3, [r7, #12]
 80035c2:	f8ca 3000 	str.w	r3, [sl]
 *
 * @return a value from reset_line_toggle()
 */
static inline int reset_line_toggle_dt(const struct reset_dt_spec *spec)
{
	return reset_line_toggle(spec->dev, spec->id);
 80035c6:	f8da 1008 	ldr.w	r1, [sl, #8]
 80035ca:	f8da 0004 	ldr.w	r0, [sl, #4]
 80035ce:	f004 f8d2 	bl	8007776 <reset_line_toggle>

	/* Reset timer to default state using RCC */
	(void)reset_line_toggle_dt(&data->reset);

	/* configure pinmux */
	r = pinctrl_apply_state(cfg->pcfg, PINCTRL_STATE_DEFAULT);
 80035d2:	2100      	movs	r1, #0
 80035d4:	69e8      	ldr	r0, [r5, #28]
 80035d6:	f004 f8ef 	bl	80077b8 <pinctrl_apply_state>
	if (r < 0) {
 80035da:	f1b0 0900 	subs.w	r9, r0, #0
 80035de:	f2c0 8099 	blt.w	8003714 <pwm_stm32_init+0x1c4>
		LOG_ERR("PWM pinctrl setup failed (%d)", r);
		return r;
	}

	/* initialize timer */
	LL_TIM_SetPrescaler(timer, cfg->prescaler);
 80035e2:	686b      	ldr	r3, [r5, #4]
  WRITE_REG(TIMx->PSC, Prescaler);
 80035e4:	62b3      	str	r3, [r6, #40]	@ 0x28
  WRITE_REG(TIMx->ARR, AutoReload);
 80035e6:	2300      	movs	r3, #0
 80035e8:	62f3      	str	r3, [r6, #44]	@ 0x2c
	LL_TIM_SetAutoReload(timer, 0U);

	if (IS_TIM_COUNTER_MODE_SELECT_INSTANCE(timer)) {
 80035ea:	4b8c      	ldr	r3, [pc, #560]	@ (800381c <pwm_stm32_init+0x2cc>)
 80035ec:	429e      	cmp	r6, r3
 80035ee:	d00e      	beq.n	800360e <pwm_stm32_init+0xbe>
 80035f0:	f1b6 4f80 	cmp.w	r6, #1073741824	@ 0x40000000
 80035f4:	d00b      	beq.n	800360e <pwm_stm32_init+0xbe>
 80035f6:	f5a3 437c 	sub.w	r3, r3, #64512	@ 0xfc00
 80035fa:	429e      	cmp	r6, r3
 80035fc:	d007      	beq.n	800360e <pwm_stm32_init+0xbe>
 80035fe:	f503 6380 	add.w	r3, r3, #1024	@ 0x400
 8003602:	429e      	cmp	r6, r3
 8003604:	d003      	beq.n	800360e <pwm_stm32_init+0xbe>
 8003606:	f503 6380 	add.w	r3, r3, #1024	@ 0x400
 800360a:	429e      	cmp	r6, r3
 800360c:	d105      	bne.n	800361a <pwm_stm32_init+0xca>
		LL_TIM_SetCounterMode(timer, cfg->countermode);
 800360e:	68ab      	ldr	r3, [r5, #8]
  MODIFY_REG(TIMx->CR1, (TIM_CR1_DIR | TIM_CR1_CMS), CounterMode);
 8003610:	6832      	ldr	r2, [r6, #0]
 8003612:	f022 0270 	bic.w	r2, r2, #112	@ 0x70
 8003616:	4313      	orrs	r3, r2
 8003618:	6033      	str	r3, [r6, #0]
	}

	if (IS_TIM_CLOCK_DIVISION_INSTANCE(timer)) {
 800361a:	4b80      	ldr	r3, [pc, #512]	@ (800381c <pwm_stm32_init+0x2cc>)
 800361c:	429e      	cmp	r6, r3
 800361e:	d01a      	beq.n	8003656 <pwm_stm32_init+0x106>
 8003620:	f1b6 4f80 	cmp.w	r6, #1073741824	@ 0x40000000
 8003624:	d017      	beq.n	8003656 <pwm_stm32_init+0x106>
 8003626:	f5a3 437c 	sub.w	r3, r3, #64512	@ 0xfc00
 800362a:	429e      	cmp	r6, r3
 800362c:	d013      	beq.n	8003656 <pwm_stm32_init+0x106>
 800362e:	f503 6380 	add.w	r3, r3, #1024	@ 0x400
 8003632:	429e      	cmp	r6, r3
 8003634:	d00f      	beq.n	8003656 <pwm_stm32_init+0x106>
 8003636:	f503 6380 	add.w	r3, r3, #1024	@ 0x400
 800363a:	429e      	cmp	r6, r3
 800363c:	d00b      	beq.n	8003656 <pwm_stm32_init+0x106>
 800363e:	f503 339a 	add.w	r3, r3, #78848	@ 0x13400
 8003642:	429e      	cmp	r6, r3
 8003644:	d007      	beq.n	8003656 <pwm_stm32_init+0x106>
 8003646:	f503 6380 	add.w	r3, r3, #1024	@ 0x400
 800364a:	429e      	cmp	r6, r3
 800364c:	d003      	beq.n	8003656 <pwm_stm32_init+0x106>
 800364e:	f503 6380 	add.w	r3, r3, #1024	@ 0x400
 8003652:	429e      	cmp	r6, r3
 8003654:	d103      	bne.n	800365e <pwm_stm32_init+0x10e>
  MODIFY_REG(TIMx->CR1, TIM_CR1_CKD, ClockDivision);
 8003656:	6833      	ldr	r3, [r6, #0]
 8003658:	f423 7340 	bic.w	r3, r3, #768	@ 0x300
 800365c:	6033      	str	r3, [r6, #0]
		LL_TIM_SetClockDivision(timer, LL_TIM_CLOCKDIVISION_DIV1);
	}

#ifdef IS_TIM_REPETITION_COUNTER_INSTANCE
	if (IS_TIM_REPETITION_COUNTER_INSTANCE(timer)) {
 800365e:	4b6f      	ldr	r3, [pc, #444]	@ (800381c <pwm_stm32_init+0x2cc>)
 8003660:	429e      	cmp	r6, r3
 8003662:	d05f      	beq.n	8003724 <pwm_stm32_init+0x1d4>
		LL_TIM_SetRepetitionCounter(timer, 0U);
	}
#endif

	if (IS_TIM_MASTER_INSTANCE(timer)) {
 8003664:	f1b6 4f80 	cmp.w	r6, #1073741824	@ 0x40000000
 8003668:	d05e      	beq.n	8003728 <pwm_stm32_init+0x1d8>
 800366a:	4b6d      	ldr	r3, [pc, #436]	@ (8003820 <pwm_stm32_init+0x2d0>)
 800366c:	429e      	cmp	r6, r3
 800366e:	d05b      	beq.n	8003728 <pwm_stm32_init+0x1d8>
 8003670:	f503 6380 	add.w	r3, r3, #1024	@ 0x400
 8003674:	429e      	cmp	r6, r3
 8003676:	d057      	beq.n	8003728 <pwm_stm32_init+0x1d8>
 8003678:	f503 6380 	add.w	r3, r3, #1024	@ 0x400
 800367c:	429e      	cmp	r6, r3
 800367e:	d053      	beq.n	8003728 <pwm_stm32_init+0x1d8>
		ll_tim_set_trigger_output(timer, cfg->mastermode);
	} else {
		if (cfg->mastermode != 0) {
 8003680:	692b      	ldr	r3, [r5, #16]
 8003682:	2b00      	cmp	r3, #0
 8003684:	d054      	beq.n	8003730 <pwm_stm32_init+0x1e0>
			LOG_ERR("%s: Timer does not support mastermode", dev->name);
 8003686:	f8d8 1000 	ldr.w	r1, [r8]
 800368a:	466d      	mov	r5, sp
 800368c:	2300      	movs	r3, #0
 800368e:	723b      	strb	r3, [r7, #8]
 8003690:	2302      	movs	r3, #2
 8003692:	727b      	strb	r3, [r7, #9]
 8003694:	b088      	sub	sp, #32
 8003696:	466b      	mov	r3, sp
 8003698:	f113 0210 	adds.w	r2, r3, #16
 800369c:	d053      	beq.n	8003746 <pwm_stm32_init+0x1f6>
 800369e:	200e      	movs	r0, #14
 80036a0:	b11a      	cbz	r2, 80036aa <pwm_stm32_init+0x15a>
 80036a2:	2804      	cmp	r0, #4
 80036a4:	dd01      	ble.n	80036aa <pwm_stm32_init+0x15a>
 80036a6:	4c5f      	ldr	r4, [pc, #380]	@ (8003824 <pwm_stm32_init+0x2d4>)
 80036a8:	615c      	str	r4, [r3, #20]
 80036aa:	2400      	movs	r4, #0
 80036ac:	713c      	strb	r4, [r7, #4]
 80036ae:	2402      	movs	r4, #2
 80036b0:	717c      	strb	r4, [r7, #5]
 80036b2:	2a00      	cmp	r2, #0
 80036b4:	d054      	beq.n	8003760 <pwm_stm32_init+0x210>
 80036b6:	2808      	cmp	r0, #8
 80036b8:	dd00      	ble.n	80036bc <pwm_stm32_init+0x16c>
 80036ba:	6199      	str	r1, [r3, #24]
 80036bc:	f103 011c 	add.w	r1, r3, #28
 80036c0:	2400      	movs	r4, #0
 80036c2:	e04b      	b.n	800375c <pwm_stm32_init+0x20c>
		return -ENOSYS;
 80036c4:	f06f 0457 	mvn.w	r4, #87	@ 0x57
 80036c8:	4623      	mov	r3, r4
 80036ca:	4a57      	ldr	r2, [pc, #348]	@ (8003828 <pwm_stm32_init+0x2d8>)
 80036cc:	2101      	movs	r1, #1
 80036ce:	4857      	ldr	r0, [pc, #348]	@ (800382c <pwm_stm32_init+0x2dc>)
 80036d0:	f003 fb1d 	bl	8006d0e <z_impl_z_log_msg_simple_create_1>
#ifdef CONFIG_PWM_CAPTURE
	cfg->irq_config_func(dev);
#endif /* CONFIG_PWM_CAPTURE */

	return 0;
}
 80036d4:	4620      	mov	r0, r4
 80036d6:	3710      	adds	r7, #16
 80036d8:	46bd      	mov	sp, r7
 80036da:	e8bd 87f0 	ldmia.w	sp!, {r4, r5, r6, r7, r8, r9, sl, pc}
		return -ENOSYS;
 80036de:	f06f 0457 	mvn.w	r4, #87	@ 0x57
 80036e2:	4623      	mov	r3, r4
 80036e4:	4a52      	ldr	r2, [pc, #328]	@ (8003830 <pwm_stm32_init+0x2e0>)
 80036e6:	2101      	movs	r1, #1
 80036e8:	4850      	ldr	r0, [pc, #320]	@ (800382c <pwm_stm32_init+0x2dc>)
 80036ea:	f003 fb10 	bl	8006d0e <z_impl_z_log_msg_simple_create_1>
			return r;
 80036ee:	e7f1      	b.n	80036d4 <pwm_stm32_init+0x184>
		return -ENOSYS;
 80036f0:	f06f 0957 	mvn.w	r9, #87	@ 0x57
 80036f4:	464b      	mov	r3, r9
 80036f6:	4a4f      	ldr	r2, [pc, #316]	@ (8003834 <pwm_stm32_init+0x2e4>)
 80036f8:	2101      	movs	r1, #1
 80036fa:	484c      	ldr	r0, [pc, #304]	@ (800382c <pwm_stm32_init+0x2dc>)
 80036fc:	f003 fb07 	bl	8006d0e <z_impl_z_log_msg_simple_create_1>
			return r;
 8003700:	464c      	mov	r4, r9
 8003702:	e7e7      	b.n	80036d4 <pwm_stm32_init+0x184>
	z_impl_z_log_msg_simple_create_0(source, level, fmt);
 8003704:	4a4c      	ldr	r2, [pc, #304]	@ (8003838 <pwm_stm32_init+0x2e8>)
 8003706:	2101      	movs	r1, #1
 8003708:	4848      	ldr	r0, [pc, #288]	@ (800382c <pwm_stm32_init+0x2dc>)
 800370a:	f003 faf6 	bl	8006cfa <z_impl_z_log_msg_simple_create_0>
		return -EINVAL;
 800370e:	f06f 0415 	mvn.w	r4, #21
 8003712:	e7df      	b.n	80036d4 <pwm_stm32_init+0x184>
	z_impl_z_log_msg_simple_create_1(source, level, fmt, arg);
 8003714:	464b      	mov	r3, r9
 8003716:	4a49      	ldr	r2, [pc, #292]	@ (800383c <pwm_stm32_init+0x2ec>)
 8003718:	2101      	movs	r1, #1
 800371a:	4844      	ldr	r0, [pc, #272]	@ (800382c <pwm_stm32_init+0x2dc>)
 800371c:	f003 faf7 	bl	8006d0e <z_impl_z_log_msg_simple_create_1>
		return r;
 8003720:	464c      	mov	r4, r9
 8003722:	e7d7      	b.n	80036d4 <pwm_stm32_init+0x184>
  WRITE_REG(TIMx->RCR, RepetitionCounter);
 8003724:	2300      	movs	r3, #0
 8003726:	6333      	str	r3, [r6, #48]	@ 0x30
		ll_tim_set_trigger_output(timer, cfg->mastermode);
 8003728:	6929      	ldr	r1, [r5, #16]
 800372a:	4630      	mov	r0, r6
 800372c:	f004 f833 	bl	8007796 <ll_tim_set_trigger_output>
	if (IS_TIM_BREAK_INSTANCE(timer)) {
 8003730:	4b3a      	ldr	r3, [pc, #232]	@ (800381c <pwm_stm32_init+0x2cc>)
 8003732:	429e      	cmp	r6, r3
 8003734:	d03e      	beq.n	80037b4 <pwm_stm32_init+0x264>
	} else if (cfg->deadtime != 0) {
 8003736:	68eb      	ldr	r3, [r5, #12]
 8003738:	2b00      	cmp	r3, #0
 800373a:	d146      	bne.n	80037ca <pwm_stm32_init+0x27a>
  SET_BIT(TIMx->CR1, TIM_CR1_CEN);
 800373c:	6833      	ldr	r3, [r6, #0]
 800373e:	f043 0301 	orr.w	r3, r3, #1
 8003742:	6033      	str	r3, [r6, #0]
	return 0;
 8003744:	e7c6      	b.n	80036d4 <pwm_stm32_init+0x184>
			LOG_ERR("%s: Timer does not support mastermode", dev->name);
 8003746:	f06f 4000 	mvn.w	r0, #2147483648	@ 0x80000000
 800374a:	e7a9      	b.n	80036a0 <pwm_stm32_init+0x150>
 800374c:	f104 0610 	add.w	r6, r4, #16
 8003750:	443e      	add	r6, r7
 8003752:	f816 6c0c 	ldrb.w	r6, [r6, #-12]
 8003756:	f801 6b01 	strb.w	r6, [r1], #1
 800375a:	3401      	adds	r4, #1
 800375c:	2c01      	cmp	r4, #1
 800375e:	d9f5      	bls.n	800374c <pwm_stm32_init+0x1fc>
 8003760:	280d      	cmp	r0, #13
 8003762:	dd24      	ble.n	80037ae <pwm_stm32_init+0x25e>
 8003764:	240e      	movs	r4, #14
 8003766:	b142      	cbz	r2, 800377a <pwm_stm32_init+0x22a>
 8003768:	2103      	movs	r1, #3
 800376a:	7239      	strb	r1, [r7, #8]
 800376c:	2100      	movs	r1, #0
 800376e:	7279      	strb	r1, [r7, #9]
 8003770:	72b9      	strb	r1, [r7, #10]
 8003772:	2101      	movs	r1, #1
 8003774:	72f9      	strb	r1, [r7, #11]
 8003776:	68b8      	ldr	r0, [r7, #8]
 8003778:	6118      	str	r0, [r3, #16]
 800377a:	2100      	movs	r1, #0
 800377c:	f021 0101 	bic.w	r1, r1, #1
 8003780:	f021 0102 	bic.w	r1, r1, #2
 8003784:	f021 0104 	bic.w	r1, r1, #4
 8003788:	f021 0138 	bic.w	r1, r1, #56	@ 0x38
 800378c:	2301      	movs	r3, #1
 800378e:	f363 1188 	bfi	r1, r3, #6, #3
 8003792:	f3c4 040a 	ubfx	r4, r4, #0, #11
 8003796:	f364 2153 	bfi	r1, r4, #9, #11
 800379a:	f3c1 0113 	ubfx	r1, r1, #0, #20
	z_impl_z_log_msg_static_create(source, desc, package, data);
 800379e:	2300      	movs	r3, #0
 80037a0:	4822      	ldr	r0, [pc, #136]	@ (800382c <pwm_stm32_init+0x2dc>)
 80037a2:	f7fd fff7 	bl	8001794 <z_impl_z_log_msg_static_create>
 80037a6:	46ad      	mov	sp, r5
			return -ENOTSUP;
 80037a8:	f06f 0485 	mvn.w	r4, #133	@ 0x85
 80037ac:	e792      	b.n	80036d4 <pwm_stm32_init+0x184>
			LOG_ERR("%s: Timer does not support mastermode", dev->name);
 80037ae:	f06f 041b 	mvn.w	r4, #27
 80037b2:	e7d8      	b.n	8003766 <pwm_stm32_init+0x216>
		LL_TIM_OC_SetDeadTime(timer, cfg->deadtime);
 80037b4:	68eb      	ldr	r3, [r5, #12]
  MODIFY_REG(TIMx->BDTR, TIM_BDTR_DTG, DeadTime);
 80037b6:	6c72      	ldr	r2, [r6, #68]	@ 0x44
 80037b8:	f022 02ff 	bic.w	r2, r2, #255	@ 0xff
 80037bc:	4313      	orrs	r3, r2
 80037be:	6473      	str	r3, [r6, #68]	@ 0x44
  SET_BIT(TIMx->BDTR, TIM_BDTR_MOE);
 80037c0:	6c73      	ldr	r3, [r6, #68]	@ 0x44
 80037c2:	f443 4300 	orr.w	r3, r3, #32768	@ 0x8000
 80037c6:	6473      	str	r3, [r6, #68]	@ 0x44
}
 80037c8:	e7b8      	b.n	800373c <pwm_stm32_init+0x1ec>
		LOG_ERR("Setting deadtime %d on a non-break timer %s",
 80037ca:	f8d8 1000 	ldr.w	r1, [r8]
 80037ce:	466d      	mov	r5, sp
 80037d0:	2201      	movs	r2, #1
 80037d2:	723a      	strb	r2, [r7, #8]
 80037d4:	2203      	movs	r2, #3
 80037d6:	727a      	strb	r2, [r7, #9]
 80037d8:	b08a      	sub	sp, #40	@ 0x28
 80037da:	466c      	mov	r4, sp
 80037dc:	f114 0210 	adds.w	r2, r4, #16
 80037e0:	d017      	beq.n	8003812 <pwm_stm32_init+0x2c2>
 80037e2:	2012      	movs	r0, #18
 80037e4:	b14a      	cbz	r2, 80037fa <pwm_stm32_init+0x2aa>
 80037e6:	4606      	mov	r6, r0
 80037e8:	2804      	cmp	r0, #4
 80037ea:	dd03      	ble.n	80037f4 <pwm_stm32_init+0x2a4>
 80037ec:	f8df c050 	ldr.w	ip, [pc, #80]	@ 8003840 <pwm_stm32_init+0x2f0>
 80037f0:	f8c4 c014 	str.w	ip, [r4, #20]
 80037f4:	2e08      	cmp	r6, #8
 80037f6:	dd00      	ble.n	80037fa <pwm_stm32_init+0x2aa>
 80037f8:	61a3      	str	r3, [r4, #24]
 80037fa:	2301      	movs	r3, #1
 80037fc:	713b      	strb	r3, [r7, #4]
 80037fe:	2303      	movs	r3, #3
 8003800:	717b      	strb	r3, [r7, #5]
 8003802:	b34a      	cbz	r2, 8003858 <pwm_stm32_init+0x308>
 8003804:	280c      	cmp	r0, #12
 8003806:	dd00      	ble.n	800380a <pwm_stm32_init+0x2ba>
 8003808:	61e1      	str	r1, [r4, #28]
 800380a:	f104 0320 	add.w	r3, r4, #32
 800380e:	2100      	movs	r1, #0
 8003810:	e020      	b.n	8003854 <pwm_stm32_init+0x304>
 8003812:	f06f 4000 	mvn.w	r0, #2147483648	@ 0x80000000
 8003816:	e7e5      	b.n	80037e4 <pwm_stm32_init+0x294>
 8003818:	08008080 	.word	0x08008080
 800381c:	40010000 	.word	0x40010000
 8003820:	40000400 	.word	0x40000400
 8003824:	08008e60 	.word	0x08008e60
 8003828:	08008dbc 	.word	0x08008dbc
 800382c:	08008504 	.word	0x08008504
 8003830:	08008ddc 	.word	0x08008ddc
 8003834:	08008dfc 	.word	0x08008dfc
 8003838:	08008e1c 	.word	0x08008e1c
 800383c:	08008e40 	.word	0x08008e40
 8003840:	08008e88 	.word	0x08008e88
 8003844:	f101 0610 	add.w	r6, r1, #16
 8003848:	443e      	add	r6, r7
 800384a:	f816 6c0c 	ldrb.w	r6, [r6, #-12]
 800384e:	f803 6b01 	strb.w	r6, [r3], #1
 8003852:	3101      	adds	r1, #1
 8003854:	2901      	cmp	r1, #1
 8003856:	d9f5      	bls.n	8003844 <pwm_stm32_init+0x2f4>
 8003858:	2811      	cmp	r0, #17
 800385a:	dd24      	ble.n	80038a6 <pwm_stm32_init+0x356>
 800385c:	2312      	movs	r3, #18
 800385e:	b142      	cbz	r2, 8003872 <pwm_stm32_init+0x322>
 8003860:	2104      	movs	r1, #4
 8003862:	7239      	strb	r1, [r7, #8]
 8003864:	2100      	movs	r1, #0
 8003866:	7279      	strb	r1, [r7, #9]
 8003868:	72b9      	strb	r1, [r7, #10]
 800386a:	2101      	movs	r1, #1
 800386c:	72f9      	strb	r1, [r7, #11]
 800386e:	68b8      	ldr	r0, [r7, #8]
 8003870:	6120      	str	r0, [r4, #16]
 8003872:	2100      	movs	r1, #0
 8003874:	f021 0101 	bic.w	r1, r1, #1
 8003878:	f021 0102 	bic.w	r1, r1, #2
 800387c:	f021 0104 	bic.w	r1, r1, #4
 8003880:	f021 0138 	bic.w	r1, r1, #56	@ 0x38
 8003884:	2001      	movs	r0, #1
 8003886:	f360 1188 	bfi	r1, r0, #6, #3
 800388a:	f3c3 030a 	ubfx	r3, r3, #0, #11
 800388e:	f363 2153 	bfi	r1, r3, #9, #11
 8003892:	f3c1 0113 	ubfx	r1, r1, #0, #20
 8003896:	2300      	movs	r3, #0
 8003898:	4804      	ldr	r0, [pc, #16]	@ (80038ac <pwm_stm32_init+0x35c>)
 800389a:	f7fd ff7b 	bl	8001794 <z_impl_z_log_msg_static_create>
 800389e:	46ad      	mov	sp, r5
		return -ENOTSUP;
 80038a0:	f06f 0485 	mvn.w	r4, #133	@ 0x85
 80038a4:	e716      	b.n	80036d4 <pwm_stm32_init+0x184>
		LOG_ERR("Setting deadtime %d on a non-break timer %s",
 80038a6:	f06f 031b 	mvn.w	r3, #27
 80038aa:	e7d8      	b.n	800385e <pwm_stm32_init+0x30e>
 80038ac:	08008504 	.word	0x08008504

080038b0 <LL_USART_SetBaudRate>:
  * @param  BaudRate Baud Rate
  * @retval None
  */
__STATIC_INLINE void LL_USART_SetBaudRate(USART_TypeDef *USARTx, uint32_t PeriphClk, uint32_t OverSampling,
                                          uint32_t BaudRate)
{
 80038b0:	b510      	push	{r4, lr}
 80038b2:	4604      	mov	r4, r0
  if (OverSampling == LL_USART_OVERSAMPLING_8)
 80038b4:	f5b2 4f00 	cmp.w	r2, #32768	@ 0x8000
 80038b8:	d02f      	beq.n	800391a <LL_USART_SetBaudRate+0x6a>
  {
    USARTx->BRR = (uint16_t)(__LL_USART_DIV_SAMPLING8(PeriphClk, BaudRate));
  }
  else
  {
    USARTx->BRR = (uint16_t)(__LL_USART_DIV_SAMPLING16(PeriphClk, BaudRate));
 80038ba:	f04f 0c00 	mov.w	ip, #0
 80038be:	1848      	adds	r0, r1, r1
 80038c0:	eb4c 0c0c 	adc.w	ip, ip, ip
 80038c4:	1840      	adds	r0, r0, r1
 80038c6:	f14c 0c00 	adc.w	ip, ip, #0
 80038ca:	ea4f 0ccc 	mov.w	ip, ip, lsl #3
 80038ce:	ea4c 7c50 	orr.w	ip, ip, r0, lsr #29
 80038d2:	00c0      	lsls	r0, r0, #3
 80038d4:	1840      	adds	r0, r0, r1
 80038d6:	ea4f 0283 	mov.w	r2, r3, lsl #2
 80038da:	ea4f 7393 	mov.w	r3, r3, lsr #30
 80038de:	f14c 0100 	adc.w	r1, ip, #0
 80038e2:	f7fc fd53 	bl	800038c <__aeabi_uldivmod>
 80038e6:	4924      	ldr	r1, [pc, #144]	@ (8003978 <LL_USART_SetBaudRate+0xc8>)
 80038e8:	fba1 2300 	umull	r2, r3, r1, r0
 80038ec:	095b      	lsrs	r3, r3, #5
 80038ee:	011a      	lsls	r2, r3, #4
 80038f0:	b292      	uxth	r2, r2
 80038f2:	f04f 0c64 	mov.w	ip, #100	@ 0x64
 80038f6:	fb0c 0313 	mls	r3, ip, r3, r0
 80038fa:	011b      	lsls	r3, r3, #4
 80038fc:	3332      	adds	r3, #50	@ 0x32
 80038fe:	fba1 1303 	umull	r1, r3, r1, r3
 8003902:	f3c3 134f 	ubfx	r3, r3, #5, #16
 8003906:	f003 01f0 	and.w	r1, r3, #240	@ 0xf0
 800390a:	440a      	add	r2, r1
 800390c:	b292      	uxth	r2, r2
 800390e:	f003 030f 	and.w	r3, r3, #15
 8003912:	4413      	add	r3, r2
 8003914:	b29b      	uxth	r3, r3
 8003916:	60a3      	str	r3, [r4, #8]
  }
}
 8003918:	bd10      	pop	{r4, pc}
    USARTx->BRR = (uint16_t)(__LL_USART_DIV_SAMPLING8(PeriphClk, BaudRate));
 800391a:	f04f 0c00 	mov.w	ip, #0
 800391e:	1848      	adds	r0, r1, r1
 8003920:	eb4c 020c 	adc.w	r2, ip, ip
 8003924:	1840      	adds	r0, r0, r1
 8003926:	f142 0200 	adc.w	r2, r2, #0
 800392a:	00d2      	lsls	r2, r2, #3
 800392c:	ea42 7250 	orr.w	r2, r2, r0, lsr #29
 8003930:	00c0      	lsls	r0, r0, #3
 8003932:	1840      	adds	r0, r0, r1
 8003934:	f142 0100 	adc.w	r1, r2, #0
 8003938:	18da      	adds	r2, r3, r3
 800393a:	eb4c 030c 	adc.w	r3, ip, ip
 800393e:	f7fc fd25 	bl	800038c <__aeabi_uldivmod>
 8003942:	490d      	ldr	r1, [pc, #52]	@ (8003978 <LL_USART_SetBaudRate+0xc8>)
 8003944:	fba1 2300 	umull	r2, r3, r1, r0
 8003948:	095b      	lsrs	r3, r3, #5
 800394a:	011a      	lsls	r2, r3, #4
 800394c:	b292      	uxth	r2, r2
 800394e:	f04f 0c64 	mov.w	ip, #100	@ 0x64
 8003952:	fb0c 0313 	mls	r3, ip, r3, r0
 8003956:	00db      	lsls	r3, r3, #3
 8003958:	3332      	adds	r3, #50	@ 0x32
 800395a:	fba1 1303 	umull	r1, r3, r1, r3
 800395e:	f3c3 134f 	ubfx	r3, r3, #5, #16
 8003962:	0059      	lsls	r1, r3, #1
 8003964:	f401 71f8 	and.w	r1, r1, #496	@ 0x1f0
 8003968:	440a      	add	r2, r1
 800396a:	b292      	uxth	r2, r2
 800396c:	f003 0307 	and.w	r3, r3, #7
 8003970:	4413      	add	r3, r2
 8003972:	b29b      	uxth	r3, r3
 8003974:	60a3      	str	r3, [r4, #8]
 8003976:	e7cf      	b.n	8003918 <LL_USART_SetBaudRate+0x68>
 8003978:	51eb851f 	.word	0x51eb851f

0800397c <uart_stm32_poll_in>:
{
	LL_USART_TransmitData8(usart, (uint8_t)out);
}

static int uart_stm32_poll_in(const struct device *dev, unsigned char *c)
{
 800397c:	b508      	push	{r3, lr}
	return uart_stm32_poll_in_visitor(dev, (void *)c, poll_in_u8);
 800397e:	4a02      	ldr	r2, [pc, #8]	@ (8003988 <uart_stm32_poll_in+0xc>)
 8003980:	f003 ffb8 	bl	80078f4 <uart_stm32_poll_in_visitor>
}
 8003984:	bd08      	pop	{r3, pc}
 8003986:	bf00      	nop
 8003988:	08007963 	.word	0x08007963

0800398c <uart_stm32_poll_out>:

static void uart_stm32_poll_out(const struct device *dev, unsigned char c)
{
 800398c:	b508      	push	{r3, lr}
	uart_stm32_poll_out_visitor(dev, c, poll_out_u8);
 800398e:	4a02      	ldr	r2, [pc, #8]	@ (8003998 <uart_stm32_poll_out+0xc>)
 8003990:	f003 ffca 	bl	8007928 <uart_stm32_poll_out_visitor>
}
 8003994:	bd08      	pop	{r3, pc}
 8003996:	bf00      	nop
 8003998:	08007969 	.word	0x08007969

0800399c <uart_stm32_clocks_enable>:
#endif
#endif /* CONFIG_UART_ASYNC_API */
};

static int uart_stm32_clocks_enable(const struct device *dev)
{
 800399c:	b510      	push	{r4, lr}
	const struct uart_stm32_config *config = dev->config;
 800399e:	6843      	ldr	r3, [r0, #4]
	int err;

	/* enable clock */
	err = clock_control_on(config->clock, (clock_control_subsys_t)&config->pclken[0]);
 80039a0:	6858      	ldr	r0, [r3, #4]
 80039a2:	6919      	ldr	r1, [r3, #16]
	const struct clock_control_driver_api *api =
 80039a4:	6883      	ldr	r3, [r0, #8]
	if (api->on == NULL) {
 80039a6:	681b      	ldr	r3, [r3, #0]
 80039a8:	b123      	cbz	r3, 80039b4 <uart_stm32_clocks_enable+0x18>
	return api->on(dev, sys);
 80039aa:	4798      	blx	r3
	if (err != 0) {
 80039ac:	4604      	mov	r4, r0
 80039ae:	b918      	cbnz	r0, 80039b8 <uart_stm32_clocks_enable+0x1c>
			return err;
		}
	}

	return 0;
}
 80039b0:	4620      	mov	r0, r4
 80039b2:	bd10      	pop	{r4, pc}
		return -ENOSYS;
 80039b4:	f06f 0457 	mvn.w	r4, #87	@ 0x57
	z_impl_z_log_msg_simple_create_0(source, level, fmt);
 80039b8:	4a02      	ldr	r2, [pc, #8]	@ (80039c4 <uart_stm32_clocks_enable+0x28>)
 80039ba:	2101      	movs	r1, #1
 80039bc:	4802      	ldr	r0, [pc, #8]	@ (80039c8 <uart_stm32_clocks_enable+0x2c>)
 80039be:	f003 f99c 	bl	8006cfa <z_impl_z_log_msg_simple_create_0>
		return err;
 80039c2:	e7f5      	b.n	80039b0 <uart_stm32_clocks_enable+0x14>
 80039c4:	08008ed8 	.word	0x08008ed8
 80039c8:	08008524 	.word	0x08008524

080039cc <uart_stm32_set_baudrate>:
{
 80039cc:	e92d 41f0 	stmdb	sp!, {r4, r5, r6, r7, r8, lr}
 80039d0:	b084      	sub	sp, #16
 80039d2:	af00      	add	r7, sp, #0
	const struct uart_stm32_config *config = dev->config;
 80039d4:	6843      	ldr	r3, [r0, #4]
	USART_TypeDef *usart = config->usart;
 80039d6:	f8d3 8000 	ldr.w	r8, [r3]
	if (baud_rate == 0) {
 80039da:	2900      	cmp	r1, #0
 80039dc:	f000 80a8 	beq.w	8003b30 <uart_stm32_set_baudrate+0x164>
 80039e0:	4605      	mov	r5, r0
 80039e2:	460e      	mov	r6, r1
		int ret = clock_control_get_rate(config->clock,
 80039e4:	6858      	ldr	r0, [r3, #4]
						 (clock_control_subsys_t)&config->pclken[0],
 80039e6:	6919      	ldr	r1, [r3, #16]
	const struct clock_control_driver_api *api =
 80039e8:	6883      	ldr	r3, [r0, #8]
	if (api->get_rate == NULL) {
 80039ea:	68db      	ldr	r3, [r3, #12]
 80039ec:	2b00      	cmp	r3, #0
 80039ee:	d03f      	beq.n	8003a70 <uart_stm32_set_baudrate+0xa4>
	return api->get_rate(dev, sys, rate);
 80039f0:	f107 020c 	add.w	r2, r7, #12
 80039f4:	4798      	blx	r3
		if (ret < 0) {
 80039f6:	1e04      	subs	r4, r0, #0
 80039f8:	db3c      	blt.n	8003a74 <uart_stm32_set_baudrate+0xa8>
  MODIFY_REG(USARTx->CR1, USART_CR1_OVER8, OverSampling);
 80039fa:	f8d8 300c 	ldr.w	r3, [r8, #12]
 80039fe:	f423 4300 	bic.w	r3, r3, #32768	@ 0x8000
 8003a02:	f8c8 300c 	str.w	r3, [r8, #12]
		uint32_t usartdiv = STM32_USART_DIV_SAMPLING16(clock_rate,
 8003a06:	68fc      	ldr	r4, [r7, #12]
 8003a08:	2100      	movs	r1, #0
 8003a0a:	1920      	adds	r0, r4, r4
 8003a0c:	4149      	adcs	r1, r1
 8003a0e:	1900      	adds	r0, r0, r4
 8003a10:	f141 0100 	adc.w	r1, r1, #0
 8003a14:	00c9      	lsls	r1, r1, #3
 8003a16:	ea41 7150 	orr.w	r1, r1, r0, lsr #29
 8003a1a:	00c0      	lsls	r0, r0, #3
 8003a1c:	1900      	adds	r0, r0, r4
 8003a1e:	ea4f 0286 	mov.w	r2, r6, lsl #2
 8003a22:	ea4f 7396 	mov.w	r3, r6, lsr #30
 8003a26:	f141 0100 	adc.w	r1, r1, #0
 8003a2a:	f7fc fcaf 	bl	800038c <__aeabi_uldivmod>
 8003a2e:	4a42      	ldr	r2, [pc, #264]	@ (8003b38 <uart_stm32_set_baudrate+0x16c>)
 8003a30:	fba2 3100 	umull	r3, r1, r2, r0
 8003a34:	0949      	lsrs	r1, r1, #5
 8003a36:	2364      	movs	r3, #100	@ 0x64
 8003a38:	fb03 0311 	mls	r3, r3, r1, r0
 8003a3c:	011b      	lsls	r3, r3, #4
 8003a3e:	3332      	adds	r3, #50	@ 0x32
 8003a40:	fba2 2303 	umull	r2, r3, r2, r3
 8003a44:	095b      	lsrs	r3, r3, #5
 8003a46:	f003 02f0 	and.w	r2, r3, #240	@ 0xf0
 8003a4a:	eb02 1201 	add.w	r2, r2, r1, lsl #4
 8003a4e:	f003 030f 	and.w	r3, r3, #15
 8003a52:	4413      	add	r3, r2
		if (usartdiv < 16) {
 8003a54:	2b0f      	cmp	r3, #15
 8003a56:	d913      	bls.n	8003a80 <uart_stm32_set_baudrate+0xb4>
		LL_USART_SetBaudRate(usart,
 8003a58:	4633      	mov	r3, r6
 8003a5a:	2200      	movs	r2, #0
 8003a5c:	4621      	mov	r1, r4
 8003a5e:	4640      	mov	r0, r8
 8003a60:	f7ff ff26 	bl	80038b0 <LL_USART_SetBaudRate>
	return 0;
 8003a64:	2400      	movs	r4, #0
}
 8003a66:	4620      	mov	r0, r4
 8003a68:	3710      	adds	r7, #16
 8003a6a:	46bd      	mov	sp, r7
 8003a6c:	e8bd 81f0 	ldmia.w	sp!, {r4, r5, r6, r7, r8, pc}
		return -ENOSYS;
 8003a70:	f06f 0457 	mvn.w	r4, #87	@ 0x57
 8003a74:	4a31      	ldr	r2, [pc, #196]	@ (8003b3c <uart_stm32_set_baudrate+0x170>)
 8003a76:	2101      	movs	r1, #1
 8003a78:	4831      	ldr	r0, [pc, #196]	@ (8003b40 <uart_stm32_set_baudrate+0x174>)
 8003a7a:	f003 f93e 	bl	8006cfa <z_impl_z_log_msg_simple_create_0>
			return ret;
 8003a7e:	e7f2      	b.n	8003a66 <uart_stm32_set_baudrate+0x9a>
			LOG_ERR("Unable to set %s to %d", dev->name, baud_rate);
 8003a80:	6829      	ldr	r1, [r5, #0]
 8003a82:	466d      	mov	r5, sp
 8003a84:	2300      	movs	r3, #0
 8003a86:	723b      	strb	r3, [r7, #8]
 8003a88:	2302      	movs	r3, #2
 8003a8a:	727b      	strb	r3, [r7, #9]
 8003a8c:	b08a      	sub	sp, #40	@ 0x28
 8003a8e:	466c      	mov	r4, sp
 8003a90:	f114 0210 	adds.w	r2, r4, #16
 8003a94:	d015      	beq.n	8003ac2 <uart_stm32_set_baudrate+0xf6>
 8003a96:	2012      	movs	r0, #18
 8003a98:	b11a      	cbz	r2, 8003aa2 <uart_stm32_set_baudrate+0xd6>
 8003a9a:	2804      	cmp	r0, #4
 8003a9c:	dd01      	ble.n	8003aa2 <uart_stm32_set_baudrate+0xd6>
 8003a9e:	4b29      	ldr	r3, [pc, #164]	@ (8003b44 <uart_stm32_set_baudrate+0x178>)
 8003aa0:	6163      	str	r3, [r4, #20]
 8003aa2:	2300      	movs	r3, #0
 8003aa4:	713b      	strb	r3, [r7, #4]
 8003aa6:	2302      	movs	r3, #2
 8003aa8:	717b      	strb	r3, [r7, #5]
 8003aaa:	b1ba      	cbz	r2, 8003adc <uart_stm32_set_baudrate+0x110>
 8003aac:	4603      	mov	r3, r0
 8003aae:	2808      	cmp	r0, #8
 8003ab0:	dd00      	ble.n	8003ab4 <uart_stm32_set_baudrate+0xe8>
 8003ab2:	61a1      	str	r1, [r4, #24]
 8003ab4:	2b0c      	cmp	r3, #12
 8003ab6:	dd00      	ble.n	8003aba <uart_stm32_set_baudrate+0xee>
 8003ab8:	61e6      	str	r6, [r4, #28]
 8003aba:	f104 0320 	add.w	r3, r4, #32
 8003abe:	2100      	movs	r1, #0
 8003ac0:	e00a      	b.n	8003ad8 <uart_stm32_set_baudrate+0x10c>
 8003ac2:	f06f 4000 	mvn.w	r0, #2147483648	@ 0x80000000
 8003ac6:	e7e7      	b.n	8003a98 <uart_stm32_set_baudrate+0xcc>
 8003ac8:	f101 0610 	add.w	r6, r1, #16
 8003acc:	443e      	add	r6, r7
 8003ace:	f816 6c0c 	ldrb.w	r6, [r6, #-12]
 8003ad2:	f803 6b01 	strb.w	r6, [r3], #1
 8003ad6:	3101      	adds	r1, #1
 8003ad8:	2901      	cmp	r1, #1
 8003ada:	d9f5      	bls.n	8003ac8 <uart_stm32_set_baudrate+0xfc>
 8003adc:	2811      	cmp	r0, #17
 8003ade:	dd24      	ble.n	8003b2a <uart_stm32_set_baudrate+0x15e>
 8003ae0:	2312      	movs	r3, #18
 8003ae2:	b142      	cbz	r2, 8003af6 <uart_stm32_set_baudrate+0x12a>
 8003ae4:	2104      	movs	r1, #4
 8003ae6:	7239      	strb	r1, [r7, #8]
 8003ae8:	2100      	movs	r1, #0
 8003aea:	7279      	strb	r1, [r7, #9]
 8003aec:	72b9      	strb	r1, [r7, #10]
 8003aee:	2101      	movs	r1, #1
 8003af0:	72f9      	strb	r1, [r7, #11]
 8003af2:	68b8      	ldr	r0, [r7, #8]
 8003af4:	6120      	str	r0, [r4, #16]
 8003af6:	2100      	movs	r1, #0
 8003af8:	f021 0101 	bic.w	r1, r1, #1
 8003afc:	f021 0102 	bic.w	r1, r1, #2
 8003b00:	f021 0104 	bic.w	r1, r1, #4
 8003b04:	f021 0138 	bic.w	r1, r1, #56	@ 0x38
 8003b08:	2001      	movs	r0, #1
 8003b0a:	f360 1188 	bfi	r1, r0, #6, #3
 8003b0e:	f3c3 030a 	ubfx	r3, r3, #0, #11
 8003b12:	f363 2153 	bfi	r1, r3, #9, #11
 8003b16:	f3c1 0113 	ubfx	r1, r1, #0, #20
	z_impl_z_log_msg_static_create(source, desc, package, data);
 8003b1a:	2300      	movs	r3, #0
 8003b1c:	4808      	ldr	r0, [pc, #32]	@ (8003b40 <uart_stm32_set_baudrate+0x174>)
 8003b1e:	f7fd fe39 	bl	8001794 <z_impl_z_log_msg_static_create>
 8003b22:	46ad      	mov	sp, r5
			return -EINVAL;
 8003b24:	f06f 0415 	mvn.w	r4, #21
 8003b28:	e79d      	b.n	8003a66 <uart_stm32_set_baudrate+0x9a>
			LOG_ERR("Unable to set %s to %d", dev->name, baud_rate);
 8003b2a:	f06f 031b 	mvn.w	r3, #27
 8003b2e:	e7d8      	b.n	8003ae2 <uart_stm32_set_baudrate+0x116>
		return -EINVAL;
 8003b30:	f06f 0415 	mvn.w	r4, #21
 8003b34:	e797      	b.n	8003a66 <uart_stm32_set_baudrate+0x9a>
 8003b36:	bf00      	nop
 8003b38:	51eb851f 	.word	0x51eb851f
 8003b3c:	08008ef8 	.word	0x08008ef8
 8003b40:	08008524 	.word	0x08008524
 8003b44:	08008f28 	.word	0x08008f28

08003b48 <uart_stm32_configure>:
{
 8003b48:	e92d 41f0 	stmdb	sp!, {r4, r5, r6, r7, r8, lr}
 8003b4c:	460c      	mov	r4, r1
	const struct uart_stm32_config *config = dev->config;
 8003b4e:	6843      	ldr	r3, [r0, #4]
	USART_TypeDef *usart = config->usart;
 8003b50:	681d      	ldr	r5, [r3, #0]
	struct uart_stm32_data *data = dev->data;
 8003b52:	6903      	ldr	r3, [r0, #16]
	struct uart_config *uart_cfg = data->uart_cfg;
 8003b54:	681e      	ldr	r6, [r3, #0]
	const uint32_t parity = uart_stm32_cfg2ll_parity(cfg->parity);
 8003b56:	790b      	ldrb	r3, [r1, #4]
	switch (parity) {
 8003b58:	2b01      	cmp	r3, #1
 8003b5a:	d004      	beq.n	8003b66 <uart_stm32_configure+0x1e>
 8003b5c:	2b02      	cmp	r3, #2
 8003b5e:	d10d      	bne.n	8003b7c <uart_stm32_configure+0x34>
		return LL_USART_PARITY_EVEN;
 8003b60:	f44f 6880 	mov.w	r8, #1024	@ 0x400
 8003b64:	e001      	b.n	8003b6a <uart_stm32_configure+0x22>
	switch (parity) {
 8003b66:	f44f 68c0 	mov.w	r8, #1536	@ 0x600
	const uint32_t stopbits = uart_stm32_cfg2ll_stopbits(config, cfg->stop_bits);
 8003b6a:	7962      	ldrb	r2, [r4, #5]
	switch (sb) {
 8003b6c:	2a01      	cmp	r2, #1
 8003b6e:	d008      	beq.n	8003b82 <uart_stm32_configure+0x3a>
 8003b70:	2a02      	cmp	r2, #2
 8003b72:	d008      	beq.n	8003b86 <uart_stm32_configure+0x3e>
 8003b74:	bb1a      	cbnz	r2, 8003bbe <uart_stm32_configure+0x76>
 8003b76:	f44f 5780 	mov.w	r7, #4096	@ 0x1000
 8003b7a:	e006      	b.n	8003b8a <uart_stm32_configure+0x42>
		return LL_USART_PARITY_NONE;
 8003b7c:	f04f 0800 	mov.w	r8, #0
 8003b80:	e7f3      	b.n	8003b6a <uart_stm32_configure+0x22>
		return STM32_USART_STOP_BIT_1;
 8003b82:	2700      	movs	r7, #0
 8003b84:	e001      	b.n	8003b8a <uart_stm32_configure+0x42>
		return STM32_USART_STOP_BIT_1_5;
 8003b86:	f44f 5740 	mov.w	r7, #12288	@ 0x3000
	const uint32_t databits = uart_stm32_cfg2ll_databits(cfg->data_bits,
 8003b8a:	f894 c006 	ldrb.w	ip, [r4, #6]
	switch (db) {
 8003b8e:	f1bc 0f04 	cmp.w	ip, #4
 8003b92:	d017      	beq.n	8003bc4 <uart_stm32_configure+0x7c>
		if (p != UART_CFG_PARITY_NONE) {
 8003b94:	b9cb      	cbnz	r3, 8003bca <uart_stm32_configure+0x82>
		return STM32_USART_DATAWIDTH_8_BIT;
 8003b96:	f04f 0e00 	mov.w	lr, #0
	if ((cfg->parity == UART_CFG_PARITY_MARK) ||
 8003b9a:	1ed9      	subs	r1, r3, #3
 8003b9c:	b2c9      	uxtb	r1, r1
 8003b9e:	2901      	cmp	r1, #1
 8003ba0:	d952      	bls.n	8003c48 <uart_stm32_configure+0x100>
	if ((cfg->parity != UART_CFG_PARITY_NONE) &&
 8003ba2:	b113      	cbz	r3, 8003baa <uart_stm32_configure+0x62>
 8003ba4:	f1bc 0f04 	cmp.w	ip, #4
 8003ba8:	d051      	beq.n	8003c4e <uart_stm32_configure+0x106>
	switch (sb) {
 8003baa:	f5b7 5f80 	cmp.w	r7, #4096	@ 0x1000
 8003bae:	d00f      	beq.n	8003bd0 <uart_stm32_configure+0x88>
 8003bb0:	f5b7 5f40 	cmp.w	r7, #12288	@ 0x3000
 8003bb4:	d00e      	beq.n	8003bd4 <uart_stm32_configure+0x8c>
 8003bb6:	2f00      	cmp	r7, #0
 8003bb8:	d13b      	bne.n	8003c32 <uart_stm32_configure+0xea>
		return UART_CFG_STOP_BITS_1;
 8003bba:	2301      	movs	r3, #1
 8003bbc:	e00b      	b.n	8003bd6 <uart_stm32_configure+0x8e>
		return STM32_USART_STOP_BIT_2;
 8003bbe:	f44f 5700 	mov.w	r7, #8192	@ 0x2000
 8003bc2:	e7e2      	b.n	8003b8a <uart_stm32_configure+0x42>
		return STM32_USART_DATAWIDTH_9_BIT;
 8003bc4:	f44f 5e80 	mov.w	lr, #4096	@ 0x1000
 8003bc8:	e7e7      	b.n	8003b9a <uart_stm32_configure+0x52>
			return STM32_USART_DATAWIDTH_9_BIT;
 8003bca:	f44f 5e80 	mov.w	lr, #4096	@ 0x1000
 8003bce:	e7e4      	b.n	8003b9a <uart_stm32_configure+0x52>
	switch (sb) {
 8003bd0:	2300      	movs	r3, #0
 8003bd2:	e000      	b.n	8003bd6 <uart_stm32_configure+0x8e>
		return UART_CFG_STOP_BITS_1_5;
 8003bd4:	2302      	movs	r3, #2
	if (uart_stm32_ll2cfg_stopbits(stopbits) != cfg->stop_bits) {
 8003bd6:	429a      	cmp	r2, r3
 8003bd8:	d13c      	bne.n	8003c54 <uart_stm32_configure+0x10c>
	switch (db) {
 8003bda:	f1be 0f00 	cmp.w	lr, #0
 8003bde:	d12a      	bne.n	8003c36 <uart_stm32_configure+0xee>
		if (p == LL_USART_PARITY_NONE) {
 8003be0:	f1b8 0f00 	cmp.w	r8, #0
 8003be4:	d12e      	bne.n	8003c44 <uart_stm32_configure+0xfc>
			return UART_CFG_DATA_BITS_8;
 8003be6:	2303      	movs	r3, #3
	if (uart_stm32_ll2cfg_databits(databits, parity) != cfg->data_bits) {
 8003be8:	459c      	cmp	ip, r3
 8003bea:	d136      	bne.n	8003c5a <uart_stm32_configure+0x112>
	if (!(cfg->flow_ctrl == UART_CFG_FLOW_CTRL_NONE
 8003bec:	79e3      	ldrb	r3, [r4, #7]
 8003bee:	b163      	cbz	r3, 8003c0a <uart_stm32_configure+0xc2>
 8003bf0:	2b01      	cmp	r3, #1
 8003bf2:	d135      	bne.n	8003c60 <uart_stm32_configure+0x118>
		|| (cfg->flow_ctrl == UART_CFG_FLOW_CTRL_RTS_CTS &&
 8003bf4:	4b1f      	ldr	r3, [pc, #124]	@ (8003c74 <uart_stm32_configure+0x12c>)
 8003bf6:	429d      	cmp	r5, r3
 8003bf8:	d007      	beq.n	8003c0a <uart_stm32_configure+0xc2>
			IS_UART_HWFLOW_INSTANCE(usart))
 8003bfa:	f5a3 434c 	sub.w	r3, r3, #52224	@ 0xcc00
 8003bfe:	429d      	cmp	r5, r3
 8003c00:	d003      	beq.n	8003c0a <uart_stm32_configure+0xc2>
 8003c02:	f503 4350 	add.w	r3, r3, #53248	@ 0xd000
 8003c06:	429d      	cmp	r5, r3
 8003c08:	d12d      	bne.n	8003c66 <uart_stm32_configure+0x11e>
  CLEAR_BIT(USARTx->CR1, USART_CR1_UE);
 8003c0a:	68eb      	ldr	r3, [r5, #12]
 8003c0c:	f423 5300 	bic.w	r3, r3, #8192	@ 0x2000
 8003c10:	60eb      	str	r3, [r5, #12]
	if (uart_stm32_parameters_set(dev, cfg) < 0) {
 8003c12:	4621      	mov	r1, r4
 8003c14:	f003 fef8 	bl	8007a08 <uart_stm32_parameters_set>
 8003c18:	2800      	cmp	r0, #0
 8003c1a:	db27      	blt.n	8003c6c <uart_stm32_configure+0x124>
  SET_BIT(USARTx->CR1, USART_CR1_UE);
 8003c1c:	68eb      	ldr	r3, [r5, #12]
 8003c1e:	f443 5300 	orr.w	r3, r3, #8192	@ 0x2000
 8003c22:	60eb      	str	r3, [r5, #12]
	*uart_cfg = *cfg;
 8003c24:	e894 0003 	ldmia.w	r4, {r0, r1}
 8003c28:	e886 0003 	stmia.w	r6, {r0, r1}
	return 0;
 8003c2c:	2000      	movs	r0, #0
};
 8003c2e:	e8bd 81f0 	ldmia.w	sp!, {r4, r5, r6, r7, r8, pc}
		return UART_CFG_STOP_BITS_2;
 8003c32:	2303      	movs	r3, #3
 8003c34:	e7cf      	b.n	8003bd6 <uart_stm32_configure+0x8e>
		if (p == LL_USART_PARITY_NONE) {
 8003c36:	f1b8 0f00 	cmp.w	r8, #0
 8003c3a:	d101      	bne.n	8003c40 <uart_stm32_configure+0xf8>
			return UART_CFG_DATA_BITS_9;
 8003c3c:	2304      	movs	r3, #4
 8003c3e:	e7d3      	b.n	8003be8 <uart_stm32_configure+0xa0>
			return UART_CFG_DATA_BITS_8;
 8003c40:	2303      	movs	r3, #3
 8003c42:	e7d1      	b.n	8003be8 <uart_stm32_configure+0xa0>
			return UART_CFG_DATA_BITS_7;
 8003c44:	2302      	movs	r3, #2
 8003c46:	e7cf      	b.n	8003be8 <uart_stm32_configure+0xa0>
		return -ENOTSUP;
 8003c48:	f06f 0085 	mvn.w	r0, #133	@ 0x85
 8003c4c:	e7ef      	b.n	8003c2e <uart_stm32_configure+0xe6>
		return -ENOTSUP;
 8003c4e:	f06f 0085 	mvn.w	r0, #133	@ 0x85
 8003c52:	e7ec      	b.n	8003c2e <uart_stm32_configure+0xe6>
		return -ENOTSUP;
 8003c54:	f06f 0085 	mvn.w	r0, #133	@ 0x85
 8003c58:	e7e9      	b.n	8003c2e <uart_stm32_configure+0xe6>
		return -ENOTSUP;
 8003c5a:	f06f 0085 	mvn.w	r0, #133	@ 0x85
 8003c5e:	e7e6      	b.n	8003c2e <uart_stm32_configure+0xe6>
		return -ENOTSUP;
 8003c60:	f06f 0085 	mvn.w	r0, #133	@ 0x85
 8003c64:	e7e3      	b.n	8003c2e <uart_stm32_configure+0xe6>
 8003c66:	f06f 0085 	mvn.w	r0, #133	@ 0x85
 8003c6a:	e7e0      	b.n	8003c2e <uart_stm32_configure+0xe6>
		return -ENOTSUP;
 8003c6c:	f06f 0085 	mvn.w	r0, #133	@ 0x85
 8003c70:	e7dd      	b.n	8003c2e <uart_stm32_configure+0xe6>
 8003c72:	bf00      	nop
 8003c74:	40011000 	.word	0x40011000

08003c78 <uart_stm32_registers_configure>:

static int uart_stm32_registers_configure(const struct device *dev)
{
 8003c78:	b5f8      	push	{r3, r4, r5, r6, r7, lr}
 8003c7a:	4605      	mov	r5, r0
	const struct uart_stm32_config *config = dev->config;
 8003c7c:	6846      	ldr	r6, [r0, #4]
	USART_TypeDef *usart = config->usart;
 8003c7e:	6834      	ldr	r4, [r6, #0]
	struct uart_stm32_data *data = dev->data;
 8003c80:	6903      	ldr	r3, [r0, #16]
	struct uart_config *uart_cfg = data->uart_cfg;
 8003c82:	681f      	ldr	r7, [r3, #0]
  CLEAR_BIT(USARTx->CR1, USART_CR1_UE);
 8003c84:	68e3      	ldr	r3, [r4, #12]
 8003c86:	f423 5300 	bic.w	r3, r3, #8192	@ 0x2000
 8003c8a:	60e3      	str	r3, [r4, #12]

	LL_USART_Disable(usart);

	if (!device_is_ready(config->reset.dev)) {
 8003c8c:	68b0      	ldr	r0, [r6, #8]
 8003c8e:	f003 ff94 	bl	8007bba <z_impl_device_is_ready>
 8003c92:	b308      	cbz	r0, 8003cd8 <uart_stm32_registers_configure+0x60>
 8003c94:	68f1      	ldr	r1, [r6, #12]
 8003c96:	68b0      	ldr	r0, [r6, #8]
 8003c98:	f003 fdd9 	bl	800784e <reset_line_toggle>
 */
__STATIC_FORCEINLINE uint32_t __LDREXW(volatile uint32_t *addr)
{
  uint32_t result;

  __ASM volatile ("ldrex %0, %1" : "=r" (result) : "Q" (*addr) );
 8003c9c:	f104 030c 	add.w	r3, r4, #12
 8003ca0:	e853 3f00 	ldrex	r3, [r3]
  ATOMIC_MODIFY_REG(USARTx->CR1, USART_CR1_RE | USART_CR1_TE, TransferDirection);
 8003ca4:	f043 030c 	orr.w	r3, r3, #12
 */
__STATIC_FORCEINLINE uint32_t __STREXW(uint32_t value, volatile uint32_t *addr)
{
  uint32_t result;

  __ASM volatile ("strex %0, %2, %1" : "=&r" (result), "=Q" (*addr) : "r" (value) );
 8003ca8:	f104 010c 	add.w	r1, r4, #12
 8003cac:	e841 3200 	strex	r2, r3, [r1]
 8003cb0:	2a00      	cmp	r2, #0
 8003cb2:	d1f3      	bne.n	8003c9c <uart_stm32_registers_configure+0x24>

	/* TX/RX direction */
	LL_USART_SetTransferDirection(usart, LL_USART_DIRECTION_TX_RX);

	/* Set basic parameters, such as data-/stop-bit, parity, and baudrate */
	if (uart_stm32_parameters_set(dev, uart_cfg) < 0) {
 8003cb4:	4639      	mov	r1, r7
 8003cb6:	4628      	mov	r0, r5
 8003cb8:	f003 fea6 	bl	8007a08 <uart_stm32_parameters_set>
 8003cbc:	2800      	cmp	r0, #0
 8003cbe:	db13      	blt.n	8003ce8 <uart_stm32_registers_configure+0x70>
		return -EINVAL;
	}

	/* Enable the single wire / half-duplex mode */
	if (config->single_wire) {
 8003cc0:	7e33      	ldrb	r3, [r6, #24]
 8003cc2:	b11b      	cbz	r3, 8003ccc <uart_stm32_registers_configure+0x54>
  * @param  USARTx USART Instance
  * @retval None
  */
__STATIC_INLINE void LL_USART_EnableHalfDuplex(USART_TypeDef *USARTx)
{
  SET_BIT(USARTx->CR3, USART_CR3_HDSEL);
 8003cc4:	6963      	ldr	r3, [r4, #20]
 8003cc6:	f043 0308 	orr.w	r3, r3, #8
 8003cca:	6163      	str	r3, [r4, #20]
  SET_BIT(USARTx->CR1, USART_CR1_UE);
 8003ccc:	68e3      	ldr	r3, [r4, #12]
 8003cce:	f443 5300 	orr.w	r3, r3, #8192	@ 0x2000
 8003cd2:	60e3      	str	r3, [r4, #12]
	/* Wait until REACK flag is set */
	while (!(LL_USART_IsActiveFlag_REACK(usart))) {
	}
#endif /* USART_ISR_REACK */

	return 0;
 8003cd4:	2000      	movs	r0, #0
}
 8003cd6:	bdf8      	pop	{r3, r4, r5, r6, r7, pc}
	z_impl_z_log_msg_simple_create_0(source, level, fmt);
 8003cd8:	4a05      	ldr	r2, [pc, #20]	@ (8003cf0 <uart_stm32_registers_configure+0x78>)
 8003cda:	2101      	movs	r1, #1
 8003cdc:	4805      	ldr	r0, [pc, #20]	@ (8003cf4 <uart_stm32_registers_configure+0x7c>)
 8003cde:	f003 f80c 	bl	8006cfa <z_impl_z_log_msg_simple_create_0>
		return -ENODEV;
 8003ce2:	f06f 0012 	mvn.w	r0, #18
 8003ce6:	e7f6      	b.n	8003cd6 <uart_stm32_registers_configure+0x5e>
		return -EINVAL;
 8003ce8:	f06f 0015 	mvn.w	r0, #21
 8003cec:	e7f3      	b.n	8003cd6 <uart_stm32_registers_configure+0x5e>
 8003cee:	bf00      	nop
 8003cf0:	08008f40 	.word	0x08008f40
 8003cf4:	08008524 	.word	0x08008524

08003cf8 <elapsed>:
 *     - and until the current call of the function is completed.
 * - the function is invoked with interrupts disabled.
 */
static uint32_t elapsed(void)
{
	uint32_t val1 = SysTick->VAL;	/* A */
 8003cf8:	f04f 23e0 	mov.w	r3, #3758153728	@ 0xe000e000
 8003cfc:	6999      	ldr	r1, [r3, #24]
	uint32_t ctrl = SysTick->CTRL;	/* B */
 8003cfe:	6918      	ldr	r0, [r3, #16]
	uint32_t val2 = SysTick->VAL;	/* C */
 8003d00:	699a      	ldr	r2, [r3, #24]
	 * 4) After C we'll see it next time
	 *
	 * So the count in val2 is post-wrap and last_load needs to be
	 * added if and only if COUNTFLAG is set or val1 < val2.
	 */
	if (val1 == 0) {
 8003d02:	b909      	cbnz	r1, 8003d08 <elapsed+0x10>
		val1 = last_load;
 8003d04:	4b0c      	ldr	r3, [pc, #48]	@ (8003d38 <elapsed+0x40>)
 8003d06:	6819      	ldr	r1, [r3, #0]
	}
	if (val2 == 0) {
 8003d08:	b90a      	cbnz	r2, 8003d0e <elapsed+0x16>
		val2 = last_load;
 8003d0a:	4b0b      	ldr	r3, [pc, #44]	@ (8003d38 <elapsed+0x40>)
 8003d0c:	681a      	ldr	r2, [r3, #0]
	}

	if ((ctrl & SysTick_CTRL_COUNTFLAG_Msk)
 8003d0e:	f410 3f80 	tst.w	r0, #65536	@ 0x10000
 8003d12:	d101      	bne.n	8003d18 <elapsed+0x20>
	    || (val1 < val2)) {
 8003d14:	4291      	cmp	r1, r2
 8003d16:	d208      	bcs.n	8003d2a <elapsed+0x32>
		overflow_cyc += last_load;
 8003d18:	4908      	ldr	r1, [pc, #32]	@ (8003d3c <elapsed+0x44>)
 8003d1a:	680b      	ldr	r3, [r1, #0]
 8003d1c:	4806      	ldr	r0, [pc, #24]	@ (8003d38 <elapsed+0x40>)
 8003d1e:	6800      	ldr	r0, [r0, #0]
 8003d20:	4403      	add	r3, r0
 8003d22:	600b      	str	r3, [r1, #0]

		/* We know there was a wrap, but we might not have
		 * seen it in CTRL, so clear it. */
		(void)SysTick->CTRL;
 8003d24:	f04f 23e0 	mov.w	r3, #3758153728	@ 0xe000e000
 8003d28:	691b      	ldr	r3, [r3, #16]
	}

	return (last_load - val2) + overflow_cyc;
 8003d2a:	4b03      	ldr	r3, [pc, #12]	@ (8003d38 <elapsed+0x40>)
 8003d2c:	681b      	ldr	r3, [r3, #0]
 8003d2e:	1a9b      	subs	r3, r3, r2
 8003d30:	4a02      	ldr	r2, [pc, #8]	@ (8003d3c <elapsed+0x44>)
 8003d32:	6810      	ldr	r0, [r2, #0]
}
 8003d34:	4418      	add	r0, r3
 8003d36:	4770      	bx	lr
 8003d38:	2000096c 	.word	0x2000096c
 8003d3c:	20000968 	.word	0x20000968

08003d40 <sys_clock_driver_init>:
    SCB->SHPR[(((uint32_t)IRQn) & 0xFUL)-4UL] = (uint8_t)((priority << (8U - __NVIC_PRIO_BITS)) & (uint32_t)0xFFUL);
 8003d40:	4b09      	ldr	r3, [pc, #36]	@ (8003d68 <sys_clock_driver_init+0x28>)
 8003d42:	2210      	movs	r2, #16
 8003d44:	f883 2023 	strb.w	r2, [r3, #35]	@ 0x23

static int sys_clock_driver_init(void)
{

	NVIC_SetPriority(SysTick_IRQn, _IRQ_PRIO_OFFSET);
	last_load = CYC_PER_TICK;
 8003d48:	4b08      	ldr	r3, [pc, #32]	@ (8003d6c <sys_clock_driver_init+0x2c>)
 8003d4a:	f242 02d0 	movw	r2, #8400	@ 0x20d0
 8003d4e:	601a      	str	r2, [r3, #0]
	overflow_cyc = 0U;
 8003d50:	2000      	movs	r0, #0
 8003d52:	4b07      	ldr	r3, [pc, #28]	@ (8003d70 <sys_clock_driver_init+0x30>)
 8003d54:	6018      	str	r0, [r3, #0]
	SysTick->LOAD = last_load - 1;
 8003d56:	f04f 23e0 	mov.w	r3, #3758153728	@ 0xe000e000
 8003d5a:	f242 02cf 	movw	r2, #8399	@ 0x20cf
 8003d5e:	615a      	str	r2, [r3, #20]
	SysTick->VAL = 0; /* resets timer to last_load */
 8003d60:	6198      	str	r0, [r3, #24]

	uint32_t ctrl_flags = SysTick_CTRL_ENABLE_Msk |
			      SysTick_CTRL_TICKINT_Msk |
			      SYSTICK_CTRL_CLKSOURCE_MSK_GET();

	SysTick->CTRL = ctrl_flags;
 8003d62:	2207      	movs	r2, #7
 8003d64:	611a      	str	r2, [r3, #16]

	return 0;
}
 8003d66:	4770      	bx	lr
 8003d68:	e000ed00 	.word	0xe000ed00
 8003d6c:	2000096c 	.word	0x2000096c
 8003d70:	20000968 	.word	0x20000968

08003d74 <sys_clock_isr>:
{
 8003d74:	4668      	mov	r0, sp
 8003d76:	f020 0107 	bic.w	r1, r0, #7
 8003d7a:	468d      	mov	sp, r1
 8003d7c:	b519      	push	{r0, r3, r4, lr}
	elapsed();
 8003d7e:	f7ff ffbb 	bl	8003cf8 <elapsed>
	cycle_count += overflow_cyc;
 8003d82:	4812      	ldr	r0, [pc, #72]	@ (8003dcc <sys_clock_isr+0x58>)
 8003d84:	6803      	ldr	r3, [r0, #0]
 8003d86:	4a12      	ldr	r2, [pc, #72]	@ (8003dd0 <sys_clock_isr+0x5c>)
 8003d88:	6851      	ldr	r1, [r2, #4]
 8003d8a:	6814      	ldr	r4, [r2, #0]
 8003d8c:	191b      	adds	r3, r3, r4
 8003d8e:	f141 0100 	adc.w	r1, r1, #0
 8003d92:	6013      	str	r3, [r2, #0]
 8003d94:	6051      	str	r1, [r2, #4]
	overflow_cyc = 0;
 8003d96:	2200      	movs	r2, #0
 8003d98:	6002      	str	r2, [r0, #0]
		dcycles = cycle_count - announced_cycles;
 8003d9a:	490e      	ldr	r1, [pc, #56]	@ (8003dd4 <sys_clock_isr+0x60>)
 8003d9c:	680a      	ldr	r2, [r1, #0]
 8003d9e:	1a98      	subs	r0, r3, r2
		dticks = dcycles / CYC_PER_TICK;
 8003da0:	4b0d      	ldr	r3, [pc, #52]	@ (8003dd8 <sys_clock_isr+0x64>)
 8003da2:	fba3 3000 	umull	r3, r0, r3, r0
 8003da6:	0b40      	lsrs	r0, r0, #13
		announced_cycles += dticks * CYC_PER_TICK;
 8003da8:	f242 03d0 	movw	r3, #8400	@ 0x20d0
 8003dac:	fb00 f303 	mul.w	r3, r0, r3
 8003db0:	18d2      	adds	r2, r2, r3
 8003db2:	684b      	ldr	r3, [r1, #4]
 8003db4:	f143 0300 	adc.w	r3, r3, #0
 8003db8:	600a      	str	r2, [r1, #0]
 8003dba:	604b      	str	r3, [r1, #4]
		sys_clock_announce(dticks);
 8003dbc:	f003 fed9 	bl	8007b72 <sys_clock_announce>
	z_arm_int_exit();
 8003dc0:	f7fe fd30 	bl	8002824 <z_arm_exc_exit>
}
 8003dc4:	e8bd 4019 	ldmia.w	sp!, {r0, r3, r4, lr}
 8003dc8:	4685      	mov	sp, r0
 8003dca:	4770      	bx	lr
 8003dcc:	20000968 	.word	0x20000968
 8003dd0:	200005c8 	.word	0x200005c8
 8003dd4:	200005c0 	.word	0x200005c0
 8003dd8:	f9a9342d 	.word	0xf9a9342d

08003ddc <sys_clock_set_timeout>:
{
 8003ddc:	b5f8      	push	{r3, r4, r5, r6, r7, lr}
	if (IS_ENABLED(CONFIG_TICKLESS_KERNEL) && idle && ticks == K_TICKS_FOREVER) {
 8003dde:	2900      	cmp	r1, #0
 8003de0:	d04d      	beq.n	8003e7e <sys_clock_set_timeout+0xa2>
 8003de2:	f1b0 3fff 	cmp.w	r0, #4294967295
 8003de6:	d03f      	beq.n	8003e68 <sys_clock_set_timeout+0x8c>
	uint32_t last_load_ = last_load;
 8003de8:	4b3f      	ldr	r3, [pc, #252]	@ (8003ee8 <sys_clock_set_timeout+0x10c>)
 8003dea:	681c      	ldr	r4, [r3, #0]
	ticks = CLAMP(ticks - 1, 0, (int32_t)MAX_TICKS);
 8003dec:	2801      	cmp	r0, #1
 8003dee:	dd4e      	ble.n	8003e8e <sys_clock_set_timeout+0xb2>
 8003df0:	f240 73cd 	movw	r3, #1997	@ 0x7cd
 8003df4:	4298      	cmp	r0, r3
 8003df6:	bfa8      	it	ge
 8003df8:	4618      	movge	r0, r3
 8003dfa:	1e46      	subs	r6, r0, #1
  __ASM volatile ("MRS %0, basepri" : "=r" (result) );
 8003dfc:	f3ef 8511 	mrs	r5, BASEPRI
  __ASM volatile ("MSR basepri_max, %0" : : "r" (basePri) : "memory");
 8003e00:	2310      	movs	r3, #16
 8003e02:	f383 8812 	msr	BASEPRI_MAX, r3
  __ASM volatile ("isb 0xF":::"memory");
 8003e06:	f3bf 8f6f 	isb	sy
	uint32_t pending = elapsed();
 8003e0a:	f7ff ff75 	bl	8003cf8 <elapsed>
	val1 = SysTick->VAL;
 8003e0e:	f04f 23e0 	mov.w	r3, #3758153728	@ 0xe000e000
 8003e12:	699f      	ldr	r7, [r3, #24]
	cycle_count += pending;
 8003e14:	4a35      	ldr	r2, [pc, #212]	@ (8003eec <sys_clock_set_timeout+0x110>)
 8003e16:	6813      	ldr	r3, [r2, #0]
 8003e18:	6851      	ldr	r1, [r2, #4]
 8003e1a:	18c3      	adds	r3, r0, r3
 8003e1c:	f141 0100 	adc.w	r1, r1, #0
 8003e20:	6013      	str	r3, [r2, #0]
 8003e22:	6051      	str	r1, [r2, #4]
	overflow_cyc = 0U;
 8003e24:	2100      	movs	r1, #0
 8003e26:	4a32      	ldr	r2, [pc, #200]	@ (8003ef0 <sys_clock_set_timeout+0x114>)
 8003e28:	6011      	str	r1, [r2, #0]
	uint32_t unannounced = cycle_count - announced_cycles;
 8003e2a:	4a32      	ldr	r2, [pc, #200]	@ (8003ef4 <sys_clock_set_timeout+0x118>)
 8003e2c:	6811      	ldr	r1, [r2, #0]
	if ((int32_t)unannounced < 0) {
 8003e2e:	1a5a      	subs	r2, r3, r1
 8003e30:	d42f      	bmi.n	8003e92 <sys_clock_set_timeout+0xb6>
		delay = ticks * CYC_PER_TICK;
 8003e32:	f242 00d0 	movw	r0, #8400	@ 0x20d0
		delay += unannounced;
 8003e36:	fb00 2206 	mla	r2, r0, r6, r2
		delay = DIV_ROUND_UP(delay, CYC_PER_TICK) * CYC_PER_TICK;
 8003e3a:	f502 5203 	add.w	r2, r2, #8384	@ 0x20c0
 8003e3e:	320f      	adds	r2, #15
 8003e40:	4e2d      	ldr	r6, [pc, #180]	@ (8003ef8 <sys_clock_set_timeout+0x11c>)
 8003e42:	fba6 6202 	umull	r6, r2, r6, r2
 8003e46:	0b52      	lsrs	r2, r2, #13
		delay -= unannounced;
 8003e48:	1ac9      	subs	r1, r1, r3
 8003e4a:	fb00 1102 	mla	r1, r0, r2, r1
		delay = MAX(delay, MIN_DELAY);
 8003e4e:	460a      	mov	r2, r1
 8003e50:	f5b1 6f80 	cmp.w	r1, #1024	@ 0x400
 8003e54:	bf38      	it	cc
 8003e56:	f44f 6280 	movcc.w	r2, #1024	@ 0x400
		if (delay > MAX_CYCLES) {
 8003e5a:	4b28      	ldr	r3, [pc, #160]	@ (8003efc <sys_clock_set_timeout+0x120>)
 8003e5c:	4299      	cmp	r1, r3
 8003e5e:	d936      	bls.n	8003ece <sys_clock_set_timeout+0xf2>
			last_load = MAX_CYCLES;
 8003e60:	4b21      	ldr	r3, [pc, #132]	@ (8003ee8 <sys_clock_set_timeout+0x10c>)
 8003e62:	4a26      	ldr	r2, [pc, #152]	@ (8003efc <sys_clock_set_timeout+0x120>)
 8003e64:	601a      	str	r2, [r3, #0]
 8003e66:	e018      	b.n	8003e9a <sys_clock_set_timeout+0xbe>
		SysTick->CTRL &= ~SysTick_CTRL_ENABLE_Msk;
 8003e68:	f04f 22e0 	mov.w	r2, #3758153728	@ 0xe000e000
 8003e6c:	6913      	ldr	r3, [r2, #16]
 8003e6e:	f023 0301 	bic.w	r3, r3, #1
 8003e72:	6113      	str	r3, [r2, #16]
		last_load = TIMER_STOPPED;
 8003e74:	4b1c      	ldr	r3, [pc, #112]	@ (8003ee8 <sys_clock_set_timeout+0x10c>)
 8003e76:	f04f 427f 	mov.w	r2, #4278190080	@ 0xff000000
 8003e7a:	601a      	str	r2, [r3, #0]
		return;
 8003e7c:	e026      	b.n	8003ecc <sys_clock_set_timeout+0xf0>
	uint32_t last_load_ = last_load;
 8003e7e:	4b1a      	ldr	r3, [pc, #104]	@ (8003ee8 <sys_clock_set_timeout+0x10c>)
 8003e80:	681c      	ldr	r4, [r3, #0]
	ticks = (ticks == K_TICKS_FOREVER) ? MAX_TICKS : ticks;
 8003e82:	f1b0 3fff 	cmp.w	r0, #4294967295
 8003e86:	d1b1      	bne.n	8003dec <sys_clock_set_timeout+0x10>
 8003e88:	f240 70cc 	movw	r0, #1996	@ 0x7cc
 8003e8c:	e7b0      	b.n	8003df0 <sys_clock_set_timeout+0x14>
	ticks = CLAMP(ticks - 1, 0, (int32_t)MAX_TICKS);
 8003e8e:	2600      	movs	r6, #0
 8003e90:	e7b4      	b.n	8003dfc <sys_clock_set_timeout+0x20>
		last_load = MIN_DELAY;
 8003e92:	4b15      	ldr	r3, [pc, #84]	@ (8003ee8 <sys_clock_set_timeout+0x10c>)
 8003e94:	f44f 6280 	mov.w	r2, #1024	@ 0x400
 8003e98:	601a      	str	r2, [r3, #0]
	val2 = SysTick->VAL;
 8003e9a:	f04f 23e0 	mov.w	r3, #3758153728	@ 0xe000e000
 8003e9e:	6999      	ldr	r1, [r3, #24]
	SysTick->LOAD = last_load - 1;
 8003ea0:	4a11      	ldr	r2, [pc, #68]	@ (8003ee8 <sys_clock_set_timeout+0x10c>)
 8003ea2:	6812      	ldr	r2, [r2, #0]
 8003ea4:	3a01      	subs	r2, #1
 8003ea6:	615a      	str	r2, [r3, #20]
	SysTick->VAL = 0; /* resets timer to last_load */
 8003ea8:	2200      	movs	r2, #0
 8003eaa:	619a      	str	r2, [r3, #24]
	if (val1 < val2) {
 8003eac:	428f      	cmp	r7, r1
 8003eae:	d211      	bcs.n	8003ed4 <sys_clock_set_timeout+0xf8>
		cycle_count += (val1 + (last_load_ - val2));
 8003eb0:	1a64      	subs	r4, r4, r1
 8003eb2:	443c      	add	r4, r7
 8003eb4:	4a0d      	ldr	r2, [pc, #52]	@ (8003eec <sys_clock_set_timeout+0x110>)
 8003eb6:	6813      	ldr	r3, [r2, #0]
 8003eb8:	6851      	ldr	r1, [r2, #4]
 8003eba:	191b      	adds	r3, r3, r4
 8003ebc:	f141 0100 	adc.w	r1, r1, #0
 8003ec0:	6013      	str	r3, [r2, #0]
 8003ec2:	6051      	str	r1, [r2, #4]
  __ASM volatile ("MSR basepri, %0" : : "r" (basePri) : "memory");
 8003ec4:	f385 8811 	msr	BASEPRI, r5
 8003ec8:	f3bf 8f6f 	isb	sy
}
 8003ecc:	bdf8      	pop	{r3, r4, r5, r6, r7, pc}
			last_load = delay;
 8003ece:	4b06      	ldr	r3, [pc, #24]	@ (8003ee8 <sys_clock_set_timeout+0x10c>)
 8003ed0:	601a      	str	r2, [r3, #0]
 8003ed2:	e7e2      	b.n	8003e9a <sys_clock_set_timeout+0xbe>
		cycle_count += (val1 - val2);
 8003ed4:	1a7f      	subs	r7, r7, r1
 8003ed6:	4a05      	ldr	r2, [pc, #20]	@ (8003eec <sys_clock_set_timeout+0x110>)
 8003ed8:	6813      	ldr	r3, [r2, #0]
 8003eda:	6851      	ldr	r1, [r2, #4]
 8003edc:	19db      	adds	r3, r3, r7
 8003ede:	f141 0100 	adc.w	r1, r1, #0
 8003ee2:	6013      	str	r3, [r2, #0]
 8003ee4:	6051      	str	r1, [r2, #4]
 8003ee6:	e7ed      	b.n	8003ec4 <sys_clock_set_timeout+0xe8>
 8003ee8:	2000096c 	.word	0x2000096c
 8003eec:	200005c8 	.word	0x200005c8
 8003ef0:	20000968 	.word	0x20000968
 8003ef4:	200005c0 	.word	0x200005c0
 8003ef8:	f9a9342d 	.word	0xf9a9342d
 8003efc:	00ffd5c0 	.word	0x00ffd5c0

08003f00 <sys_clock_elapsed>:
{
 8003f00:	b538      	push	{r3, r4, r5, lr}
  __ASM volatile ("MRS %0, basepri" : "=r" (result) );
 8003f02:	f3ef 8511 	mrs	r5, BASEPRI
  __ASM volatile ("MSR basepri_max, %0" : : "r" (basePri) : "memory");
 8003f06:	2310      	movs	r3, #16
 8003f08:	f383 8812 	msr	BASEPRI_MAX, r3
 8003f0c:	f3bf 8f6f 	isb	sy
	uint32_t unannounced = cycle_count - announced_cycles;
 8003f10:	4b08      	ldr	r3, [pc, #32]	@ (8003f34 <sys_clock_elapsed+0x34>)
 8003f12:	681c      	ldr	r4, [r3, #0]
 8003f14:	4b08      	ldr	r3, [pc, #32]	@ (8003f38 <sys_clock_elapsed+0x38>)
 8003f16:	681b      	ldr	r3, [r3, #0]
 8003f18:	1ae4      	subs	r4, r4, r3
	uint32_t cyc = elapsed() + unannounced;
 8003f1a:	f7ff feed 	bl	8003cf8 <elapsed>
 8003f1e:	4420      	add	r0, r4
  __ASM volatile ("MSR basepri, %0" : : "r" (basePri) : "memory");
 8003f20:	f385 8811 	msr	BASEPRI, r5
 8003f24:	f3bf 8f6f 	isb	sy
	return cyc / CYC_PER_TICK;
 8003f28:	4b04      	ldr	r3, [pc, #16]	@ (8003f3c <sys_clock_elapsed+0x3c>)
 8003f2a:	fba3 3000 	umull	r3, r0, r3, r0
}
 8003f2e:	0b40      	lsrs	r0, r0, #13
 8003f30:	bd38      	pop	{r3, r4, r5, pc}
 8003f32:	bf00      	nop
 8003f34:	200005c8 	.word	0x200005c8
 8003f38:	200005c0 	.word	0x200005c0
 8003f3c:	f9a9342d 	.word	0xf9a9342d

08003f40 <HAL_RCC_GetSysClockFreq>:
  *
  *
  * @retval SYSCLK frequency
  */
__weak uint32_t HAL_RCC_GetSysClockFreq(void)
{
 8003f40:	b508      	push	{r3, lr}
  uint32_t pllvco = 0U;
  uint32_t pllp = 0U;
  uint32_t sysclockfreq = 0U;

  /* Get SYSCLK source -------------------------------------------------------*/
  switch (RCC->CFGR & RCC_CFGR_SWS)
 8003f42:	4b33      	ldr	r3, [pc, #204]	@ (8004010 <HAL_RCC_GetSysClockFreq+0xd0>)
 8003f44:	689b      	ldr	r3, [r3, #8]
 8003f46:	f003 030c 	and.w	r3, r3, #12
 8003f4a:	2b04      	cmp	r3, #4
 8003f4c:	d05b      	beq.n	8004006 <HAL_RCC_GetSysClockFreq+0xc6>
 8003f4e:	2b08      	cmp	r3, #8
 8003f50:	d15b      	bne.n	800400a <HAL_RCC_GetSysClockFreq+0xca>
    }
    case RCC_CFGR_SWS_PLL:  /* PLL used as system clock  source */
    {
      /* PLL_VCO = (HSE_VALUE or HSI_VALUE / PLLM) * PLLN
      SYSCLK = PLL_VCO / PLLP */
      pllm = RCC->PLLCFGR & RCC_PLLCFGR_PLLM;
 8003f52:	4b2f      	ldr	r3, [pc, #188]	@ (8004010 <HAL_RCC_GetSysClockFreq+0xd0>)
 8003f54:	685a      	ldr	r2, [r3, #4]
 8003f56:	f002 023f 	and.w	r2, r2, #63	@ 0x3f
      if (__HAL_RCC_GET_PLL_OSCSOURCE() != RCC_PLLSOURCE_HSI)
 8003f5a:	685b      	ldr	r3, [r3, #4]
 8003f5c:	f413 0f80 	tst.w	r3, #4194304	@ 0x400000
 8003f60:	d02c      	beq.n	8003fbc <HAL_RCC_GetSysClockFreq+0x7c>
      {
        /* HSE used as PLL clock source */
        pllvco = (uint32_t)((((uint64_t) HSE_VALUE * ((uint64_t)((RCC->PLLCFGR & RCC_PLLCFGR_PLLN) >> RCC_PLLCFGR_PLLN_Pos)))) / (uint64_t)pllm);
 8003f62:	4b2b      	ldr	r3, [pc, #172]	@ (8004010 <HAL_RCC_GetSysClockFreq+0xd0>)
 8003f64:	6858      	ldr	r0, [r3, #4]
 8003f66:	f3c0 1088 	ubfx	r0, r0, #6, #9
 8003f6a:	ea4f 1c40 	mov.w	ip, r0, lsl #5
 8003f6e:	ebbc 0c00 	subs.w	ip, ip, r0
 8003f72:	eb6e 0e0e 	sbc.w	lr, lr, lr
 8003f76:	ea4f 138e 	mov.w	r3, lr, lsl #6
 8003f7a:	ea43 639c 	orr.w	r3, r3, ip, lsr #26
 8003f7e:	ea4f 118c 	mov.w	r1, ip, lsl #6
 8003f82:	ebb1 010c 	subs.w	r1, r1, ip
 8003f86:	eb63 030e 	sbc.w	r3, r3, lr
 8003f8a:	00db      	lsls	r3, r3, #3
 8003f8c:	ea43 7351 	orr.w	r3, r3, r1, lsr #29
 8003f90:	00c9      	lsls	r1, r1, #3
 8003f92:	eb11 0c00 	adds.w	ip, r1, r0
 8003f96:	f143 0300 	adc.w	r3, r3, #0
 8003f9a:	0259      	lsls	r1, r3, #9
 8003f9c:	2300      	movs	r3, #0
 8003f9e:	ea4f 204c 	mov.w	r0, ip, lsl #9
 8003fa2:	ea41 51dc 	orr.w	r1, r1, ip, lsr #23
 8003fa6:	f7fc f9f1 	bl	800038c <__aeabi_uldivmod>
      else
      {
        /* HSI used as PLL clock source */
        pllvco = (uint32_t)((((uint64_t) HSI_VALUE * ((uint64_t)((RCC->PLLCFGR & RCC_PLLCFGR_PLLN) >> RCC_PLLCFGR_PLLN_Pos)))) / (uint64_t)pllm);
      }
      pllp = ((((RCC->PLLCFGR & RCC_PLLCFGR_PLLP) >> RCC_PLLCFGR_PLLP_Pos) + 1U) * 2U);
 8003faa:	4b19      	ldr	r3, [pc, #100]	@ (8004010 <HAL_RCC_GetSysClockFreq+0xd0>)
 8003fac:	685b      	ldr	r3, [r3, #4]
 8003fae:	f3c3 4301 	ubfx	r3, r3, #16, #2
 8003fb2:	3301      	adds	r3, #1
 8003fb4:	005b      	lsls	r3, r3, #1

      sysclockfreq = pllvco / pllp;
 8003fb6:	fbb0 f0f3 	udiv	r0, r0, r3
      sysclockfreq = HSI_VALUE;
      break;
    }
  }
  return sysclockfreq;
}
 8003fba:	bd08      	pop	{r3, pc}
        pllvco = (uint32_t)((((uint64_t) HSI_VALUE * ((uint64_t)((RCC->PLLCFGR & RCC_PLLCFGR_PLLN) >> RCC_PLLCFGR_PLLN_Pos)))) / (uint64_t)pllm);
 8003fbc:	4b14      	ldr	r3, [pc, #80]	@ (8004010 <HAL_RCC_GetSysClockFreq+0xd0>)
 8003fbe:	6858      	ldr	r0, [r3, #4]
 8003fc0:	f3c0 1088 	ubfx	r0, r0, #6, #9
 8003fc4:	ea4f 1c40 	mov.w	ip, r0, lsl #5
 8003fc8:	ebbc 0c00 	subs.w	ip, ip, r0
 8003fcc:	eb6e 0e0e 	sbc.w	lr, lr, lr
 8003fd0:	ea4f 138e 	mov.w	r3, lr, lsl #6
 8003fd4:	ea43 639c 	orr.w	r3, r3, ip, lsr #26
 8003fd8:	ea4f 118c 	mov.w	r1, ip, lsl #6
 8003fdc:	ebb1 010c 	subs.w	r1, r1, ip
 8003fe0:	eb63 030e 	sbc.w	r3, r3, lr
 8003fe4:	00db      	lsls	r3, r3, #3
 8003fe6:	ea43 7351 	orr.w	r3, r3, r1, lsr #29
 8003fea:	00c9      	lsls	r1, r1, #3
 8003fec:	eb11 0c00 	adds.w	ip, r1, r0
 8003ff0:	f143 0300 	adc.w	r3, r3, #0
 8003ff4:	0299      	lsls	r1, r3, #10
 8003ff6:	2300      	movs	r3, #0
 8003ff8:	ea4f 208c 	mov.w	r0, ip, lsl #10
 8003ffc:	ea41 519c 	orr.w	r1, r1, ip, lsr #22
 8004000:	f7fc f9c4 	bl	800038c <__aeabi_uldivmod>
 8004004:	e7d1      	b.n	8003faa <HAL_RCC_GetSysClockFreq+0x6a>
      sysclockfreq = HSE_VALUE;
 8004006:	4803      	ldr	r0, [pc, #12]	@ (8004014 <HAL_RCC_GetSysClockFreq+0xd4>)
 8004008:	e7d7      	b.n	8003fba <HAL_RCC_GetSysClockFreq+0x7a>
  switch (RCC->CFGR & RCC_CFGR_SWS)
 800400a:	4803      	ldr	r0, [pc, #12]	@ (8004018 <HAL_RCC_GetSysClockFreq+0xd8>)
  return sysclockfreq;
 800400c:	e7d5      	b.n	8003fba <HAL_RCC_GetSysClockFreq+0x7a>
 800400e:	bf00      	nop
 8004010:	40023800 	.word	0x40023800
 8004014:	007a1200 	.word	0x007a1200
 8004018:	00f42400 	.word	0x00f42400

0800401c <LL_SetFlashLatency>:
  uint32_t latency = LL_FLASH_LATENCY_0;  /* default value 0WS */
  ErrorStatus status = SUCCESS;


  /* Frequency cannot be equal to 0 */
  if(HCLK_Frequency == 0U)
 800401c:	4602      	mov	r2, r0
 800401e:	2800      	cmp	r0, #0
 8004020:	d03c      	beq.n	800409c <LL_SetFlashLatency+0x80>
  *         @arg @ref LL_PWR_REGU_VOLTAGE_SCALE3
  *         (*) LL_PWR_REGU_VOLTAGE_SCALE1 is not available for STM32F401xx devices
  */
__STATIC_INLINE uint32_t LL_PWR_GetRegulVoltageScaling(void)
{
  return (uint32_t)(READ_BIT(PWR->CR, PWR_CR_VOS));
 8004022:	4b20      	ldr	r3, [pc, #128]	@ (80040a4 <LL_SetFlashLatency+0x88>)
 8004024:	6819      	ldr	r1, [r3, #0]
 8004026:	681b      	ldr	r3, [r3, #0]
 8004028:	f403 4340 	and.w	r3, r3, #49152	@ 0xc000
          latency = LL_FLASH_LATENCY_1;
        }
      }
#endif /* UTILS_SCALE1_LATENCY2_FREQ */
    }
    if(LL_PWR_GetRegulVoltageScaling() == LL_PWR_REGU_VOLTAGE_SCALE2)
 800402c:	f5b3 4f00 	cmp.w	r3, #32768	@ 0x8000
 8004030:	d01b      	beq.n	800406a <LL_SetFlashLatency+0x4e>
  uint32_t latency = LL_FLASH_LATENCY_0;  /* default value 0WS */
 8004032:	2100      	movs	r1, #0
 8004034:	4b1b      	ldr	r3, [pc, #108]	@ (80040a4 <LL_SetFlashLatency+0x88>)
 8004036:	681b      	ldr	r3, [r3, #0]
 8004038:	f403 4340 	and.w	r3, r3, #49152	@ 0xc000
          latency = LL_FLASH_LATENCY_1;
        }
      }
    }
#if defined (LL_PWR_REGU_VOLTAGE_SCALE3)
    if(LL_PWR_GetRegulVoltageScaling() == LL_PWR_REGU_VOLTAGE_SCALE3)
 800403c:	f5b3 4f80 	cmp.w	r3, #16384	@ 0x4000
 8004040:	d01f      	beq.n	8004082 <LL_SetFlashLatency+0x66>
  MODIFY_REG(FLASH->ACR, FLASH_ACR_LATENCY, Latency);
 8004042:	4a19      	ldr	r2, [pc, #100]	@ (80040a8 <LL_SetFlashLatency+0x8c>)
 8004044:	6813      	ldr	r3, [r2, #0]
 8004046:	f023 0307 	bic.w	r3, r3, #7
 800404a:	430b      	orrs	r3, r1
 800404c:	6013      	str	r3, [r2, #0]
#endif /* LL_PWR_REGU_VOLTAGE_SCALE3 */

    LL_FLASH_SetLatency(latency);
    /* Check that the new number of wait states is taken into account to access the Flash
       memory by reading the FLASH_ACR register */
    timeout = 2;
 800404e:	2202      	movs	r2, #2
  return (uint32_t)(READ_BIT(FLASH->ACR, FLASH_ACR_LATENCY));
 8004050:	4b15      	ldr	r3, [pc, #84]	@ (80040a8 <LL_SetFlashLatency+0x8c>)
 8004052:	681b      	ldr	r3, [r3, #0]
 8004054:	f003 0307 	and.w	r3, r3, #7
    do
    {
    /* Wait for Flash latency to be updated */
    getlatency = LL_FLASH_GetLatency();
    timeout--;
 8004058:	3a01      	subs	r2, #1
    } while ((getlatency != latency) && (timeout > 0));
 800405a:	4299      	cmp	r1, r3
 800405c:	d001      	beq.n	8004062 <LL_SetFlashLatency+0x46>
 800405e:	2a00      	cmp	r2, #0
 8004060:	d1f6      	bne.n	8004050 <LL_SetFlashLatency+0x34>

    if(getlatency != latency)
 8004062:	4299      	cmp	r1, r3
 8004064:	d01c      	beq.n	80040a0 <LL_SetFlashLatency+0x84>
    {
      status = ERROR;
 8004066:	2001      	movs	r0, #1
 8004068:	4770      	bx	lr
      if((HCLK_Frequency > UTILS_SCALE2_LATENCY2_FREQ)&&(latency == LL_FLASH_LATENCY_0))
 800406a:	4b10      	ldr	r3, [pc, #64]	@ (80040ac <LL_SetFlashLatency+0x90>)
 800406c:	4298      	cmp	r0, r3
 800406e:	d804      	bhi.n	800407a <LL_SetFlashLatency+0x5e>
        if((HCLK_Frequency > UTILS_SCALE2_LATENCY1_FREQ)&&(latency == LL_FLASH_LATENCY_0))
 8004070:	4b0f      	ldr	r3, [pc, #60]	@ (80040b0 <LL_SetFlashLatency+0x94>)
 8004072:	4298      	cmp	r0, r3
 8004074:	d803      	bhi.n	800407e <LL_SetFlashLatency+0x62>
  uint32_t latency = LL_FLASH_LATENCY_0;  /* default value 0WS */
 8004076:	2100      	movs	r1, #0
 8004078:	e7dc      	b.n	8004034 <LL_SetFlashLatency+0x18>
        latency = LL_FLASH_LATENCY_2;
 800407a:	2102      	movs	r1, #2
 800407c:	e7da      	b.n	8004034 <LL_SetFlashLatency+0x18>
          latency = LL_FLASH_LATENCY_1;
 800407e:	2101      	movs	r1, #1
 8004080:	e7d8      	b.n	8004034 <LL_SetFlashLatency+0x18>
      if((HCLK_Frequency > UTILS_SCALE3_LATENCY2_FREQ)&&(latency == LL_FLASH_LATENCY_0))
 8004082:	4b0a      	ldr	r3, [pc, #40]	@ (80040ac <LL_SetFlashLatency+0x90>)
 8004084:	429a      	cmp	r2, r3
 8004086:	d900      	bls.n	800408a <LL_SetFlashLatency+0x6e>
 8004088:	b131      	cbz	r1, 8004098 <LL_SetFlashLatency+0x7c>
        if((HCLK_Frequency > UTILS_SCALE3_LATENCY1_FREQ)&&(latency == LL_FLASH_LATENCY_0))
 800408a:	4b09      	ldr	r3, [pc, #36]	@ (80040b0 <LL_SetFlashLatency+0x94>)
 800408c:	429a      	cmp	r2, r3
 800408e:	d9d8      	bls.n	8004042 <LL_SetFlashLatency+0x26>
 8004090:	2900      	cmp	r1, #0
 8004092:	d1d6      	bne.n	8004042 <LL_SetFlashLatency+0x26>
          latency = LL_FLASH_LATENCY_1;
 8004094:	2101      	movs	r1, #1
 8004096:	e7d4      	b.n	8004042 <LL_SetFlashLatency+0x26>
        latency = LL_FLASH_LATENCY_2;
 8004098:	2102      	movs	r1, #2
 800409a:	e7d2      	b.n	8004042 <LL_SetFlashLatency+0x26>
    status = ERROR;
 800409c:	2001      	movs	r0, #1
 800409e:	4770      	bx	lr
    }
    else
    {
      status = SUCCESS;
 80040a0:	2000      	movs	r0, #0
    }
  }
  return status;
}
 80040a2:	4770      	bx	lr
 80040a4:	40007000 	.word	0x40007000
 80040a8:	40023c00 	.word	0x40023c00
 80040ac:	03938700 	.word	0x03938700
 80040b0:	01c9c380 	.word	0x01c9c380

080040b4 <reason_to_str>:
	return thread_name;
}

static const char *reason_to_str(unsigned int reason)
{
	switch (reason) {
 80040b4:	2804      	cmp	r0, #4
 80040b6:	d80c      	bhi.n	80040d2 <reason_to_str+0x1e>
 80040b8:	e8df f000 	tbb	[pc, r0]
 80040bc:	07050d03 	.word	0x07050d03
 80040c0:	09          	.byte	0x09
 80040c1:	00          	.byte	0x00
 80040c2:	4806      	ldr	r0, [pc, #24]	@ (80040dc <reason_to_str+0x28>)
 80040c4:	4770      	bx	lr
	case K_ERR_CPU_EXCEPTION:
		return "CPU exception";
	case K_ERR_SPURIOUS_IRQ:
		return "Unhandled interrupt";
	case K_ERR_STACK_CHK_FAIL:
		return "Stack overflow";
 80040c6:	4806      	ldr	r0, [pc, #24]	@ (80040e0 <reason_to_str+0x2c>)
 80040c8:	4770      	bx	lr
	case K_ERR_KERNEL_OOPS:
		return "Kernel oops";
 80040ca:	4806      	ldr	r0, [pc, #24]	@ (80040e4 <reason_to_str+0x30>)
 80040cc:	4770      	bx	lr
	case K_ERR_KERNEL_PANIC:
		return "Kernel panic";
 80040ce:	4806      	ldr	r0, [pc, #24]	@ (80040e8 <reason_to_str+0x34>)
 80040d0:	4770      	bx	lr
	default:
		return "Unknown error";
 80040d2:	4806      	ldr	r0, [pc, #24]	@ (80040ec <reason_to_str+0x38>)
 80040d4:	4770      	bx	lr
		return "Unhandled interrupt";
 80040d6:	4806      	ldr	r0, [pc, #24]	@ (80040f0 <reason_to_str+0x3c>)
	}
}
 80040d8:	4770      	bx	lr
 80040da:	bf00      	nop
 80040dc:	08008f88 	.word	0x08008f88
 80040e0:	08008fac 	.word	0x08008fac
 80040e4:	08008fbc 	.word	0x08008fbc
 80040e8:	08008fc8 	.word	0x08008fc8
 80040ec:	08008fd8 	.word	0x08008fd8
 80040f0:	08008f98 	.word	0x08008f98

080040f4 <thread_name_get>:
	const char *thread_name = (thread != NULL) ? k_thread_name_get(thread) : NULL;
 80040f4:	b130      	cbz	r0, 8004104 <thread_name_get+0x10>
{
 80040f6:	b508      	push	{r3, lr}
	const char *thread_name = (thread != NULL) ? k_thread_name_get(thread) : NULL;
 80040f8:	f003 fdbf 	bl	8007c7a <k_thread_name_get>
	if ((thread_name == NULL) || (thread_name[0] == '\0')) {
 80040fc:	b120      	cbz	r0, 8004108 <thread_name_get+0x14>
 80040fe:	7803      	ldrb	r3, [r0, #0]
 8004100:	b123      	cbz	r3, 800410c <thread_name_get+0x18>
}
 8004102:	bd08      	pop	{r3, pc}
		thread_name = "unknown";
 8004104:	4802      	ldr	r0, [pc, #8]	@ (8004110 <thread_name_get+0x1c>)
}
 8004106:	4770      	bx	lr
		thread_name = "unknown";
 8004108:	4801      	ldr	r0, [pc, #4]	@ (8004110 <thread_name_get+0x1c>)
 800410a:	e7fa      	b.n	8004102 <thread_name_get+0xe>
 800410c:	4800      	ldr	r0, [pc, #0]	@ (8004110 <thread_name_get+0x1c>)
	return thread_name;
 800410e:	e7f8      	b.n	8004102 <thread_name_get+0xe>
 8004110:	08008fe8 	.word	0x08008fe8

08004114 <k_sys_fatal_error_handler>:
{
 8004114:	b510      	push	{r4, lr}
 8004116:	4604      	mov	r4, r0
	z_impl_log_panic();
 8004118:	f7fd fa58 	bl	80015cc <z_impl_log_panic>
 800411c:	4a03      	ldr	r2, [pc, #12]	@ (800412c <k_sys_fatal_error_handler+0x18>)
 800411e:	2101      	movs	r1, #1
 8004120:	4803      	ldr	r0, [pc, #12]	@ (8004130 <k_sys_fatal_error_handler+0x1c>)
 8004122:	f002 fdea 	bl	8006cfa <z_impl_z_log_msg_simple_create_0>
	arch_system_halt(reason);
 8004126:	4620      	mov	r0, r4
 8004128:	f003 fd57 	bl	8007bda <arch_system_halt>
 800412c:	08008ff0 	.word	0x08008ff0
 8004130:	080084f4 	.word	0x080084f4

08004134 <z_fatal_error>:
	arch_system_halt(reason);
}
/* LCOV_EXCL_STOP */

void z_fatal_error(unsigned int reason, const struct arch_esf *esf)
{
 8004134:	e92d 47f0 	stmdb	sp!, {r4, r5, r6, r7, r8, r9, sl, lr}
 8004138:	b082      	sub	sp, #8
 800413a:	af00      	add	r7, sp, #0
 800413c:	4605      	mov	r5, r0
 800413e:	460c      	mov	r4, r1
  __ASM volatile ("MRS %0, basepri" : "=r" (result) );
 8004140:	f3ef 8811 	mrs	r8, BASEPRI
  __ASM volatile ("MSR basepri_max, %0" : : "r" (basePri) : "memory");
 8004144:	2310      	movs	r3, #16
 8004146:	f383 8812 	msr	BASEPRI_MAX, r3
 800414a:	f3bf 8f6f 	isb	sy
	/* We can't allow this code to be preempted, but don't need to
	 * synchronize between CPUs, so an arch-layer lock is
	 * appropriate.
	 */
	unsigned int key = arch_irq_lock();
	struct k_thread *thread = IS_ENABLED(CONFIG_MULTITHREADING) ?
 800414e:	f8df 91c4 	ldr.w	r9, [pc, #452]	@ 8004314 <z_fatal_error+0x1e0>
 8004152:	f8d9 6008 	ldr.w	r6, [r9, #8]
			_current : NULL;

	/* twister looks for the "ZEPHYR FATAL ERROR" string, don't
	 * change it without also updating twister
	 */
	LOG_ERR(">>> ZEPHYR FATAL ERROR %d: %s on CPU %d", reason,
 8004156:	f7ff ffad 	bl	80040b4 <reason_to_str>
 800415a:	f899 1010 	ldrb.w	r1, [r9, #16]
 800415e:	46e9      	mov	r9, sp
 8004160:	2301      	movs	r3, #1
 8004162:	713b      	strb	r3, [r7, #4]
 8004164:	2303      	movs	r3, #3
 8004166:	717b      	strb	r3, [r7, #5]
 8004168:	b08a      	sub	sp, #40	@ 0x28
 800416a:	46ec      	mov	ip, sp
 800416c:	f11c 0210 	adds.w	r2, ip, #16
 8004170:	d021      	beq.n	80041b6 <z_fatal_error+0x82>
 8004172:	f04f 0e16 	mov.w	lr, #22
 8004176:	b15a      	cbz	r2, 8004190 <z_fatal_error+0x5c>
 8004178:	4673      	mov	r3, lr
 800417a:	f1be 0f04 	cmp.w	lr, #4
 800417e:	dd03      	ble.n	8004188 <z_fatal_error+0x54>
 8004180:	f8df a194 	ldr.w	sl, [pc, #404]	@ 8004318 <z_fatal_error+0x1e4>
 8004184:	f8cc a014 	str.w	sl, [ip, #20]
 8004188:	2b08      	cmp	r3, #8
 800418a:	dd01      	ble.n	8004190 <z_fatal_error+0x5c>
 800418c:	f8cc 5018 	str.w	r5, [ip, #24]
 8004190:	2301      	movs	r3, #1
 8004192:	703b      	strb	r3, [r7, #0]
 8004194:	2303      	movs	r3, #3
 8004196:	707b      	strb	r3, [r7, #1]
 8004198:	b1d2      	cbz	r2, 80041d0 <z_fatal_error+0x9c>
 800419a:	4673      	mov	r3, lr
 800419c:	f1be 0f0c 	cmp.w	lr, #12
 80041a0:	dd01      	ble.n	80041a6 <z_fatal_error+0x72>
 80041a2:	f8cc 001c 	str.w	r0, [ip, #28]
 80041a6:	2b10      	cmp	r3, #16
 80041a8:	dd01      	ble.n	80041ae <z_fatal_error+0x7a>
 80041aa:	f8cc 1020 	str.w	r1, [ip, #32]
 80041ae:	f10c 0324 	add.w	r3, ip, #36	@ 0x24
 80041b2:	2100      	movs	r1, #0
 80041b4:	e00a      	b.n	80041cc <z_fatal_error+0x98>
 80041b6:	f06f 4e00 	mvn.w	lr, #2147483648	@ 0x80000000
 80041ba:	e7dc      	b.n	8004176 <z_fatal_error+0x42>
 80041bc:	f101 0008 	add.w	r0, r1, #8
 80041c0:	4438      	add	r0, r7
 80041c2:	f810 0c08 	ldrb.w	r0, [r0, #-8]
 80041c6:	f803 0b01 	strb.w	r0, [r3], #1
 80041ca:	3101      	adds	r1, #1
 80041cc:	2901      	cmp	r1, #1
 80041ce:	d9f5      	bls.n	80041bc <z_fatal_error+0x88>
 80041d0:	f1be 0f15 	cmp.w	lr, #21
 80041d4:	dd50      	ble.n	8004278 <z_fatal_error+0x144>
 80041d6:	2316      	movs	r3, #22
 80041d8:	b14a      	cbz	r2, 80041ee <z_fatal_error+0xba>
 80041da:	2105      	movs	r1, #5
 80041dc:	7139      	strb	r1, [r7, #4]
 80041de:	2100      	movs	r1, #0
 80041e0:	7179      	strb	r1, [r7, #5]
 80041e2:	71b9      	strb	r1, [r7, #6]
 80041e4:	2101      	movs	r1, #1
 80041e6:	71f9      	strb	r1, [r7, #7]
 80041e8:	6878      	ldr	r0, [r7, #4]
 80041ea:	f8cc 0010 	str.w	r0, [ip, #16]
 80041ee:	2100      	movs	r1, #0
 80041f0:	f021 0101 	bic.w	r1, r1, #1
 80041f4:	f021 0102 	bic.w	r1, r1, #2
 80041f8:	f021 0104 	bic.w	r1, r1, #4
 80041fc:	f021 0138 	bic.w	r1, r1, #56	@ 0x38
 8004200:	2001      	movs	r0, #1
 8004202:	f360 1188 	bfi	r1, r0, #6, #3
 8004206:	f3c3 030a 	ubfx	r3, r3, #0, #11
 800420a:	f363 2153 	bfi	r1, r3, #9, #11
 800420e:	f3c1 0113 	ubfx	r1, r1, #0, #20
	z_impl_z_log_msg_static_create(source, desc, package, data);
 8004212:	2300      	movs	r3, #0
 8004214:	4841      	ldr	r0, [pc, #260]	@ (800431c <z_fatal_error+0x1e8>)
 8004216:	f7fd fabd 	bl	8001794 <z_impl_z_log_msg_static_create>
 800421a:	46cd      	mov	sp, r9
	 * an IRQ or exception was being handled, or thread context.
	 *
	 * See #17656
	 */
#if defined(CONFIG_ARCH_HAS_NESTED_EXCEPTION_DETECTION)
	if ((esf != NULL) && arch_is_in_nested_exception(esf)) {
 800421c:	b11c      	cbz	r4, 8004226 <z_fatal_error+0xf2>
 * @return true if execution state was in handler mode, before
 *              the current exception occurred, otherwise false.
 */
static ALWAYS_INLINE bool arch_is_in_nested_exception(const struct arch_esf *esf)
{
	return (esf->basic.xpsr & IPSR_ISR_Msk) ? (true) : (false);
 800421e:	69e3      	ldr	r3, [r4, #28]
 8004220:	f3c3 0308 	ubfx	r3, r3, #0, #9
 8004224:	bb5b      	cbnz	r3, 800427e <z_fatal_error+0x14a>
		LOG_ERR("Fault during interrupt handling\n");
	}
#endif /* CONFIG_ARCH_HAS_NESTED_EXCEPTION_DETECTION */

	if (IS_ENABLED(CONFIG_MULTITHREADING)) {
		LOG_ERR("Current thread: %p (%s)", thread, thread_name_get(thread));
 8004226:	4630      	mov	r0, r6
 8004228:	f7ff ff64 	bl	80040f4 <thread_name_get>
 800422c:	46e9      	mov	r9, sp
 800422e:	2301      	movs	r3, #1
 8004230:	713b      	strb	r3, [r7, #4]
 8004232:	2303      	movs	r3, #3
 8004234:	717b      	strb	r3, [r7, #5]
 8004236:	b08a      	sub	sp, #40	@ 0x28
 8004238:	46ec      	mov	ip, sp
 800423a:	f11c 0210 	adds.w	r2, ip, #16
 800423e:	d024      	beq.n	800428a <z_fatal_error+0x156>
 8004240:	f04f 0e12 	mov.w	lr, #18
 8004244:	b152      	cbz	r2, 800425c <z_fatal_error+0x128>
 8004246:	4673      	mov	r3, lr
 8004248:	f1be 0f04 	cmp.w	lr, #4
 800424c:	dd02      	ble.n	8004254 <z_fatal_error+0x120>
 800424e:	4934      	ldr	r1, [pc, #208]	@ (8004320 <z_fatal_error+0x1ec>)
 8004250:	f8cc 1014 	str.w	r1, [ip, #20]
 8004254:	2b08      	cmp	r3, #8
 8004256:	dd01      	ble.n	800425c <z_fatal_error+0x128>
 8004258:	f8cc 6018 	str.w	r6, [ip, #24]
 800425c:	2301      	movs	r3, #1
 800425e:	703b      	strb	r3, [r7, #0]
 8004260:	2303      	movs	r3, #3
 8004262:	707b      	strb	r3, [r7, #1]
 8004264:	b1f2      	cbz	r2, 80042a4 <z_fatal_error+0x170>
 8004266:	f1be 0f0c 	cmp.w	lr, #12
 800426a:	dd01      	ble.n	8004270 <z_fatal_error+0x13c>
 800426c:	f8cc 001c 	str.w	r0, [ip, #28]
 8004270:	f10c 0320 	add.w	r3, ip, #32
 8004274:	2100      	movs	r1, #0
 8004276:	e013      	b.n	80042a0 <z_fatal_error+0x16c>
	LOG_ERR(">>> ZEPHYR FATAL ERROR %d: %s on CPU %d", reason,
 8004278:	f06f 031b 	mvn.w	r3, #27
 800427c:	e7ac      	b.n	80041d8 <z_fatal_error+0xa4>
	z_impl_z_log_msg_simple_create_0(source, level, fmt);
 800427e:	4a29      	ldr	r2, [pc, #164]	@ (8004324 <z_fatal_error+0x1f0>)
 8004280:	2101      	movs	r1, #1
 8004282:	4826      	ldr	r0, [pc, #152]	@ (800431c <z_fatal_error+0x1e8>)
 8004284:	f002 fd39 	bl	8006cfa <z_impl_z_log_msg_simple_create_0>
		LOG_ERR("Fault during interrupt handling\n");
 8004288:	e7cd      	b.n	8004226 <z_fatal_error+0xf2>
		LOG_ERR("Current thread: %p (%s)", thread, thread_name_get(thread));
 800428a:	f06f 4e00 	mvn.w	lr, #2147483648	@ 0x80000000
 800428e:	e7d9      	b.n	8004244 <z_fatal_error+0x110>
 8004290:	f101 0008 	add.w	r0, r1, #8
 8004294:	4438      	add	r0, r7
 8004296:	f810 0c08 	ldrb.w	r0, [r0, #-8]
 800429a:	f803 0b01 	strb.w	r0, [r3], #1
 800429e:	3101      	adds	r1, #1
 80042a0:	2901      	cmp	r1, #1
 80042a2:	d9f5      	bls.n	8004290 <z_fatal_error+0x15c>
 80042a4:	f1be 0f11 	cmp.w	lr, #17
 80042a8:	dd31      	ble.n	800430e <z_fatal_error+0x1da>
 80042aa:	2312      	movs	r3, #18
 80042ac:	b14a      	cbz	r2, 80042c2 <z_fatal_error+0x18e>
 80042ae:	2104      	movs	r1, #4
 80042b0:	7139      	strb	r1, [r7, #4]
 80042b2:	2100      	movs	r1, #0
 80042b4:	7179      	strb	r1, [r7, #5]
 80042b6:	71b9      	strb	r1, [r7, #6]
 80042b8:	2101      	movs	r1, #1
 80042ba:	71f9      	strb	r1, [r7, #7]
 80042bc:	6878      	ldr	r0, [r7, #4]
 80042be:	f8cc 0010 	str.w	r0, [ip, #16]
 80042c2:	2100      	movs	r1, #0
 80042c4:	f021 0101 	bic.w	r1, r1, #1
 80042c8:	f021 0102 	bic.w	r1, r1, #2
 80042cc:	f021 0104 	bic.w	r1, r1, #4
 80042d0:	f021 0138 	bic.w	r1, r1, #56	@ 0x38
 80042d4:	2001      	movs	r0, #1
 80042d6:	f360 1188 	bfi	r1, r0, #6, #3
 80042da:	f3c3 030a 	ubfx	r3, r3, #0, #11
 80042de:	f363 2153 	bfi	r1, r3, #9, #11
 80042e2:	f3c1 0113 	ubfx	r1, r1, #0, #20
	z_impl_z_log_msg_static_create(source, desc, package, data);
 80042e6:	2300      	movs	r3, #0
 80042e8:	480c      	ldr	r0, [pc, #48]	@ (800431c <z_fatal_error+0x1e8>)
 80042ea:	f7fd fa53 	bl	8001794 <z_impl_z_log_msg_static_create>
 80042ee:	46cd      	mov	sp, r9
	}

	coredump(reason, esf, thread);

	k_sys_fatal_error_handler(reason, esf);
 80042f0:	4621      	mov	r1, r4
 80042f2:	4628      	mov	r0, r5
 80042f4:	f7ff ff0e 	bl	8004114 <k_sys_fatal_error_handler>
  __ASM volatile ("MSR basepri, %0" : : "r" (basePri) : "memory");
 80042f8:	f388 8811 	msr	BASEPRI, r8
 80042fc:	f3bf 8f6f 	isb	sy
	z_impl_k_thread_abort(thread);
 8004300:	4630      	mov	r0, r6
 8004302:	f7fe fa9f 	bl	8002844 <z_impl_k_thread_abort>
	arch_irq_unlock(key);

	if (IS_ENABLED(CONFIG_MULTITHREADING)) {
		k_thread_abort(thread);
	}
}
 8004306:	3708      	adds	r7, #8
 8004308:	46bd      	mov	sp, r7
 800430a:	e8bd 87f0 	ldmia.w	sp!, {r4, r5, r6, r7, r8, r9, sl, pc}
		LOG_ERR("Current thread: %p (%s)", thread, thread_name_get(thread));
 800430e:	f06f 031b 	mvn.w	r3, #27
 8004312:	e7cb      	b.n	80042ac <z_fatal_error+0x178>
 8004314:	20000970 	.word	0x20000970
 8004318:	08009000 	.word	0x08009000
 800431c:	080084f4 	.word	0x080084f4
 8004320:	0800904c 	.word	0x0800904c
 8004324:	08009028 	.word	0x08009028

08004328 <init_idle_thread>:
} /* LCOV_EXCL_LINE ... because we just dumped final coverage data */

#if defined(CONFIG_MULTITHREADING)
__boot_func
static void init_idle_thread(int i)
{
 8004328:	b510      	push	{r4, lr}
 800432a:	b086      	sub	sp, #24
	struct k_thread *thread = &z_idle_threads[i];
 800432c:	23b0      	movs	r3, #176	@ 0xb0
 800432e:	4c11      	ldr	r4, [pc, #68]	@ (8004374 <init_idle_thread+0x4c>)
 8004330:	fb03 4400 	mla	r4, r3, r0, r4
	k_thread_stack_t *stack = z_idle_stacks[i];
 8004334:	eb00 0c40 	add.w	ip, r0, r0, lsl #1
#else
	char *tname = NULL;
#endif /* CONFIG_THREAD_NAME */

	z_setup_new_thread(thread, stack,
			  stack_size, idle, &_kernel.cpus[i],
 8004338:	eb00 0080 	add.w	r0, r0, r0, lsl #2
 800433c:	4b0e      	ldr	r3, [pc, #56]	@ (8004378 <init_idle_thread+0x50>)
 800433e:	eb03 0380 	add.w	r3, r3, r0, lsl #2
	z_setup_new_thread(thread, stack,
 8004342:	4a0e      	ldr	r2, [pc, #56]	@ (800437c <init_idle_thread+0x54>)
 8004344:	9205      	str	r2, [sp, #20]
 8004346:	2201      	movs	r2, #1
 8004348:	9204      	str	r2, [sp, #16]
 800434a:	220f      	movs	r2, #15
 800434c:	9203      	str	r2, [sp, #12]
 800434e:	2200      	movs	r2, #0
 8004350:	9202      	str	r2, [sp, #8]
 8004352:	9201      	str	r2, [sp, #4]
 8004354:	9300      	str	r3, [sp, #0]
 8004356:	4b0a      	ldr	r3, [pc, #40]	@ (8004380 <init_idle_thread+0x58>)
 8004358:	f44f 72a0 	mov.w	r2, #320	@ 0x140
 800435c:	4909      	ldr	r1, [pc, #36]	@ (8004384 <init_idle_thread+0x5c>)
 800435e:	eb01 11cc 	add.w	r1, r1, ip, lsl #7
 8004362:	4620      	mov	r0, r4
 8004364:	f000 f9a4 	bl	80046b0 <z_setup_new_thread>
	thread->base.thread_state |= _THREAD_SLEEPING;
}

static inline void z_mark_thread_as_not_sleeping(struct k_thread *thread)
{
	thread->base.thread_state &= ~_THREAD_SLEEPING;
 8004368:	7c23      	ldrb	r3, [r4, #16]
 800436a:	f023 0304 	bic.w	r3, r3, #4
 800436e:	7423      	strb	r3, [r4, #16]
	z_mark_thread_as_not_sleeping(thread);

#ifdef CONFIG_SMP
	thread->base.is_idle = 1U;
#endif /* CONFIG_SMP */
}
 8004370:	b006      	add	sp, #24
 8004372:	bd10      	pop	{r4, pc}
 8004374:	200005d0 	.word	0x200005d0
 8004378:	20000970 	.word	0x20000970
 800437c:	08009064 	.word	0x08009064
 8004380:	08007beb 	.word	0x08007beb
 8004384:	20001540 	.word	0x20001540

08004388 <z_sys_init_run_level>:
{
 8004388:	b538      	push	{r3, r4, r5, lr}
 800438a:	4605      	mov	r5, r0
	for (entry = levels[level]; entry < levels[level+1]; entry++) {
 800438c:	4b0b      	ldr	r3, [pc, #44]	@ (80043bc <z_sys_init_run_level+0x34>)
 800438e:	f853 4020 	ldr.w	r4, [r3, r0, lsl #2]
 8004392:	e002      	b.n	800439a <z_sys_init_run_level+0x12>
			result = entry->init_fn();
 8004394:	6823      	ldr	r3, [r4, #0]
 8004396:	4798      	blx	r3
	for (entry = levels[level]; entry < levels[level+1]; entry++) {
 8004398:	3408      	adds	r4, #8
 800439a:	1c6b      	adds	r3, r5, #1
 800439c:	4a07      	ldr	r2, [pc, #28]	@ (80043bc <z_sys_init_run_level+0x34>)
 800439e:	f852 3023 	ldr.w	r3, [r2, r3, lsl #2]
 80043a2:	42a3      	cmp	r3, r4
 80043a4:	d909      	bls.n	80043ba <z_sys_init_run_level+0x32>
		const struct device *dev = entry->dev;
 80043a6:	6860      	ldr	r0, [r4, #4]
		if (dev != NULL) {
 80043a8:	2800      	cmp	r0, #0
 80043aa:	d0f3      	beq.n	8004394 <z_sys_init_run_level+0xc>
			if ((dev->flags & DEVICE_FLAG_INIT_DEFERRED) == 0U) {
 80043ac:	7e03      	ldrb	r3, [r0, #24]
 80043ae:	f013 0f01 	tst.w	r3, #1
 80043b2:	d1f1      	bne.n	8004398 <z_sys_init_run_level+0x10>
				result = do_device_init(dev);
 80043b4:	f003 fbe8 	bl	8007b88 <do_device_init>
 80043b8:	e7ee      	b.n	8004398 <z_sys_init_run_level+0x10>
}
 80043ba:	bd38      	pop	{r3, r4, r5, pc}
 80043bc:	080093f4 	.word	0x080093f4

080043c0 <thread_schedule_new>:
{
 80043c0:	b508      	push	{r3, lr}
	if (K_TIMEOUT_EQ(delay, K_NO_WAIT)) {
 80043c2:	ea53 0102 	orrs.w	r1, r3, r2
 80043c6:	d102      	bne.n	80043ce <thread_schedule_new+0xe>
	z_impl_k_wakeup(thread);
 80043c8:	f000 fcbc 	bl	8004d44 <z_impl_k_wakeup>
}
 80043cc:	bd08      	pop	{r3, pc}

extern void z_thread_timeout(struct _timeout *timeout);

static inline k_ticks_t z_add_thread_timeout(struct k_thread *thread, k_timeout_t ticks)
{
	return z_add_timeout(&thread->base.timeout, z_thread_timeout, ticks);
 80043ce:	4902      	ldr	r1, [pc, #8]	@ (80043d8 <thread_schedule_new+0x18>)
 80043d0:	3018      	adds	r0, #24
 80043d2:	f000 fe63 	bl	800509c <z_add_timeout>
 80043d6:	e7f9      	b.n	80043cc <thread_schedule_new+0xc>
 80043d8:	08007e45 	.word	0x08007e45

080043dc <z_init_static_threads>:
{
 80043dc:	b510      	push	{r4, lr}
 80043de:	b086      	sub	sp, #24
	STRUCT_SECTION_FOREACH(_static_thread_data, thread_data) {
 80043e0:	4c18      	ldr	r4, [pc, #96]	@ (8004444 <z_init_static_threads+0x68>)
 80043e2:	e014      	b.n	800440e <z_init_static_threads+0x32>
		z_setup_new_thread(
 80043e4:	6a63      	ldr	r3, [r4, #36]	@ 0x24
 80043e6:	9305      	str	r3, [sp, #20]
 80043e8:	6a23      	ldr	r3, [r4, #32]
 80043ea:	9304      	str	r3, [sp, #16]
 80043ec:	69e3      	ldr	r3, [r4, #28]
 80043ee:	9303      	str	r3, [sp, #12]
 80043f0:	69a3      	ldr	r3, [r4, #24]
 80043f2:	9302      	str	r3, [sp, #8]
 80043f4:	6963      	ldr	r3, [r4, #20]
 80043f6:	9301      	str	r3, [sp, #4]
 80043f8:	6923      	ldr	r3, [r4, #16]
 80043fa:	9300      	str	r3, [sp, #0]
 80043fc:	68e3      	ldr	r3, [r4, #12]
 80043fe:	68a2      	ldr	r2, [r4, #8]
 8004400:	6861      	ldr	r1, [r4, #4]
 8004402:	6820      	ldr	r0, [r4, #0]
 8004404:	f000 f954 	bl	80046b0 <z_setup_new_thread>
		thread_data->init_thread->init_data = thread_data;
 8004408:	6823      	ldr	r3, [r4, #0]
 800440a:	655c      	str	r4, [r3, #84]	@ 0x54
	STRUCT_SECTION_FOREACH(_static_thread_data, thread_data) {
 800440c:	3430      	adds	r4, #48	@ 0x30
 800440e:	4b0e      	ldr	r3, [pc, #56]	@ (8004448 <z_init_static_threads+0x6c>)
 8004410:	429c      	cmp	r4, r3
 8004412:	d3e7      	bcc.n	80043e4 <z_init_static_threads+0x8>
	k_sched_lock();
 8004414:	f000 fb7c 	bl	8004b10 <k_sched_lock>
	STRUCT_SECTION_FOREACH(_static_thread_data, thread_data) {
 8004418:	4c0a      	ldr	r4, [pc, #40]	@ (8004444 <z_init_static_threads+0x68>)
 800441a:	e003      	b.n	8004424 <z_init_static_threads+0x48>
			thread_schedule_new(thread_data->init_thread,
 800441c:	6820      	ldr	r0, [r4, #0]
 800441e:	f7ff ffcf 	bl	80043c0 <thread_schedule_new>
	STRUCT_SECTION_FOREACH(_static_thread_data, thread_data) {
 8004422:	3430      	adds	r4, #48	@ 0x30
 8004424:	4b08      	ldr	r3, [pc, #32]	@ (8004448 <z_init_static_threads+0x6c>)
 8004426:	429c      	cmp	r4, r3
 8004428:	d208      	bcs.n	800443c <z_init_static_threads+0x60>
		k_timeout_t init_delay = Z_THREAD_INIT_DELAY(thread_data);
 800442a:	6aa2      	ldr	r2, [r4, #40]	@ 0x28
 800442c:	6ae3      	ldr	r3, [r4, #44]	@ 0x2c
		if (!K_TIMEOUT_EQ(init_delay, K_FOREVER)) {
 800442e:	f1b3 3fff 	cmp.w	r3, #4294967295
 8004432:	bf08      	it	eq
 8004434:	f1b2 3fff 	cmpeq.w	r2, #4294967295
 8004438:	d0f3      	beq.n	8004422 <z_init_static_threads+0x46>
 800443a:	e7ef      	b.n	800441c <z_init_static_threads+0x40>
	k_sched_unlock();
 800443c:	f000 fb80 	bl	8004b40 <k_sched_unlock>
}
 8004440:	b006      	add	sp, #24
 8004442:	bd10      	pop	{r4, pc}
 8004444:	08008458 	.word	0x08008458
 8004448:	08008458 	.word	0x08008458

0800444c <bg_thread_main>:
{
 800444c:	b508      	push	{r3, lr}
	z_sys_post_kernel = true;
 800444e:	4b0a      	ldr	r3, [pc, #40]	@ (8004478 <bg_thread_main+0x2c>)
 8004450:	2201      	movs	r2, #1
 8004452:	701a      	strb	r2, [r3, #0]
	z_sys_init_run_level(INIT_LEVEL_POST_KERNEL);
 8004454:	2003      	movs	r0, #3
 8004456:	f7ff ff97 	bl	8004388 <z_sys_init_run_level>
	boot_banner();
 800445a:	f001 f83d 	bl	80054d8 <boot_banner>
	z_sys_init_run_level(INIT_LEVEL_APPLICATION);
 800445e:	2004      	movs	r0, #4
 8004460:	f7ff ff92 	bl	8004388 <z_sys_init_run_level>
	z_init_static_threads();
 8004464:	f7ff ffba 	bl	80043dc <z_init_static_threads>
	(void)main();
 8004468:	f7fc f908 	bl	800067c <main>
 * Exceptions raised by this thread may be recoverable.
 * (This is the default tag for a thread.)
 */
static inline void z_thread_essential_clear(struct k_thread *thread)
{
	thread->base.user_options &= ~K_ESSENTIAL;
 800446c:	4a03      	ldr	r2, [pc, #12]	@ (800447c <bg_thread_main+0x30>)
 800446e:	8993      	ldrh	r3, [r2, #12]
 8004470:	f023 0301 	bic.w	r3, r3, #1
 8004474:	8193      	strh	r3, [r2, #12]
} /* LCOV_EXCL_LINE ... because we just dumped final coverage data */
 8004476:	bd08      	pop	{r3, pc}
 8004478:	200009a7 	.word	0x200009a7
 800447c:	20000680 	.word	0x20000680

08004480 <switch_to_main_thread>:
	return stack_ptr;
}

__boot_func
static FUNC_NORETURN void switch_to_main_thread(char *stack_ptr)
{
 8004480:	b508      	push	{r3, lr}
 8004482:	4601      	mov	r1, r0
#ifdef CONFIG_ARCH_HAS_CUSTOM_SWAP_TO_MAIN
	arch_switch_to_main_thread(&z_main_thread, stack_ptr, bg_thread_main);
 8004484:	4a01      	ldr	r2, [pc, #4]	@ (800448c <switch_to_main_thread+0xc>)
 8004486:	4802      	ldr	r0, [pc, #8]	@ (8004490 <switch_to_main_thread+0x10>)
 8004488:	f7fe f9a6 	bl	80027d8 <arch_switch_to_main_thread>
	 * current fake thread is not on a wait queue or ready queue, so it
	 * will never be rescheduled in.
	 */
	z_swap_unlocked();
#endif /* CONFIG_ARCH_HAS_CUSTOM_SWAP_TO_MAIN */
	CODE_UNREACHABLE; /* LCOV_EXCL_LINE */
 800448c:	0800444d 	.word	0x0800444d
 8004490:	20000680 	.word	0x20000680

08004494 <z_init_cpu>:
{
 8004494:	b510      	push	{r4, lr}
 8004496:	4604      	mov	r4, r0
	init_idle_thread(id);
 8004498:	f7ff ff46 	bl	8004328 <init_idle_thread>
	_kernel.cpus[id].idle_thread = &z_idle_threads[id];
 800449c:	23b0      	movs	r3, #176	@ 0xb0
 800449e:	490b      	ldr	r1, [pc, #44]	@ (80044cc <z_init_cpu+0x38>)
 80044a0:	fb03 1104 	mla	r1, r3, r4, r1
 80044a4:	4a0a      	ldr	r2, [pc, #40]	@ (80044d0 <z_init_cpu+0x3c>)
 80044a6:	eb04 0384 	add.w	r3, r4, r4, lsl #2
 80044aa:	eb02 0383 	add.w	r3, r2, r3, lsl #2
 80044ae:	60d9      	str	r1, [r3, #12]
	_kernel.cpus[id].id = id;
 80044b0:	741c      	strb	r4, [r3, #16]
		(K_KERNEL_STACK_BUFFER(z_interrupt_stacks[id]) +
 80044b2:	eb04 1144 	add.w	r1, r4, r4, lsl #5
 80044b6:	4b07      	ldr	r3, [pc, #28]	@ (80044d4 <z_init_cpu+0x40>)
 80044b8:	eb03 1381 	add.w	r3, r3, r1, lsl #6
 80044bc:	f503 6304 	add.w	r3, r3, #2112	@ 0x840
	_kernel.cpus[id].irq_stack =
 80044c0:	eb04 0484 	add.w	r4, r4, r4, lsl #2
 80044c4:	eb02 0284 	add.w	r2, r2, r4, lsl #2
 80044c8:	6053      	str	r3, [r2, #4]
}
 80044ca:	bd10      	pop	{r4, pc}
 80044cc:	200005d0 	.word	0x200005d0
 80044d0:	20000970 	.word	0x20000970
 80044d4:	20000d00 	.word	0x20000d00

080044d8 <prepare_multithreading>:
{
 80044d8:	b570      	push	{r4, r5, r6, lr}
 80044da:	b086      	sub	sp, #24
	z_sched_init();
 80044dc:	f000 fb62 	bl	8004ba4 <z_sched_init>
	_kernel.ready_q.cache = &z_main_thread;
 80044e0:	4d10      	ldr	r5, [pc, #64]	@ (8004524 <prepare_multithreading+0x4c>)
 80044e2:	4b11      	ldr	r3, [pc, #68]	@ (8004528 <prepare_multithreading+0x50>)
 80044e4:	615d      	str	r5, [r3, #20]
	stack_ptr = z_setup_new_thread(&z_main_thread, z_main_stack,
 80044e6:	4b11      	ldr	r3, [pc, #68]	@ (800452c <prepare_multithreading+0x54>)
 80044e8:	9305      	str	r3, [sp, #20]
 80044ea:	2301      	movs	r3, #1
 80044ec:	9304      	str	r3, [sp, #16]
 80044ee:	2400      	movs	r4, #0
 80044f0:	9403      	str	r4, [sp, #12]
 80044f2:	9402      	str	r4, [sp, #8]
 80044f4:	9401      	str	r4, [sp, #4]
 80044f6:	9400      	str	r4, [sp, #0]
 80044f8:	4b0d      	ldr	r3, [pc, #52]	@ (8004530 <prepare_multithreading+0x58>)
 80044fa:	f44f 6280 	mov.w	r2, #1024	@ 0x400
 80044fe:	490d      	ldr	r1, [pc, #52]	@ (8004534 <prepare_multithreading+0x5c>)
 8004500:	4628      	mov	r0, r5
 8004502:	f000 f8d5 	bl	80046b0 <z_setup_new_thread>
 8004506:	4606      	mov	r6, r0
	thread->base.thread_state &= ~_THREAD_SLEEPING;
 8004508:	7c2b      	ldrb	r3, [r5, #16]
 800450a:	f023 0304 	bic.w	r3, r3, #4
 800450e:	742b      	strb	r3, [r5, #16]
	z_ready_thread(&z_main_thread);
 8004510:	4628      	mov	r0, r5
 8004512:	f003 fc42 	bl	8007d9a <z_ready_thread>
	z_init_cpu(0);
 8004516:	4620      	mov	r0, r4
 8004518:	f7ff ffbc 	bl	8004494 <z_init_cpu>
}
 800451c:	4630      	mov	r0, r6
 800451e:	b006      	add	sp, #24
 8004520:	bd70      	pop	{r4, r5, r6, pc}
 8004522:	bf00      	nop
 8004524:	20000680 	.word	0x20000680
 8004528:	20000970 	.word	0x20000970
 800452c:	0800906c 	.word	0x0800906c
 8004530:	0800444d 	.word	0x0800444d
 8004534:	200016c0 	.word	0x200016c0

08004538 <z_cstart>:
 * @return Does not return
 */
__boot_func
FUNC_NO_STACK_PROTECTOR
FUNC_NORETURN void z_cstart(void)
{
 8004538:	b508      	push	{r3, lr}
	/* gcov hook needed to get the coverage report.*/
	gcov_static_init();

	/* initialize early init calls */
	z_sys_init_run_level(INIT_LEVEL_EARLY);
 800453a:	2000      	movs	r0, #0
 800453c:	f7ff ff24 	bl	8004388 <z_sys_init_run_level>
 * pointer) register, and switched to automatically when taking an exception.
 *
 */
static ALWAYS_INLINE void z_arm_interrupt_stack_setup(void)
{
	uint32_t msp = (uint32_t)(K_KERNEL_STACK_BUFFER(z_interrupt_stacks[0])) +
 8004540:	4b19      	ldr	r3, [pc, #100]	@ (80045a8 <z_cstart+0x70>)
  __ASM volatile ("MSR msp, %0" : : "r" (topOfMainStack) : );
 8004542:	f383 8808 	msr	MSP, r3
	 * for Cortex-M3 and Cortex-M4 (ARMv7-M) MCUs. For the rest
	 * of ARM Cortex-M processors this setting is enforced by
	 * default and it is not configurable.
	 */
#if defined(CONFIG_CPU_CORTEX_M3) || defined(CONFIG_CPU_CORTEX_M4)
	SCB->CCR |= SCB_CCR_STKALIGN_Msk;
 8004546:	4c19      	ldr	r4, [pc, #100]	@ (80045ac <z_cstart+0x74>)
 8004548:	6963      	ldr	r3, [r4, #20]
 800454a:	f443 7300 	orr.w	r3, r3, #512	@ 0x200
 800454e:	6163      	str	r3, [r4, #20]
 8004550:	23f0      	movs	r3, #240	@ 0xf0
 8004552:	f884 3022 	strb.w	r3, [r4, #34]	@ 0x22
 8004556:	2300      	movs	r3, #0
 8004558:	77e3      	strb	r3, [r4, #31]
 800455a:	7623      	strb	r3, [r4, #24]
 800455c:	7663      	strb	r3, [r4, #25]
 800455e:	76a3      	strb	r3, [r4, #26]
 8004560:	f884 3020 	strb.w	r3, [r4, #32]
#if defined(CONFIG_ARM_SECURE_FIRMWARE)
	NVIC_SetPriority(SecureFault_IRQn, _EXC_FAULT_PRIO);
#endif /* CONFIG_ARM_SECURE_FIRMWARE */

	/* Enable Usage, Mem, & Bus Faults */
	SCB->SHCSR |=
 8004564:	6a63      	ldr	r3, [r4, #36]	@ 0x24
 8004566:	f443 23e0 	orr.w	r3, r3, #458752	@ 0x70000
 800456a:	6263      	str	r3, [r4, #36]	@ 0x24

static ALWAYS_INLINE void arch_kernel_init(void)
{
	z_arm_interrupt_stack_setup();
	z_arm_exc_setup();
	z_arm_fault_init();
 800456c:	f7fe f85a 	bl	8002624 <z_arm_fault_init>
	z_arm_cpu_idle_init();
 8004570:	f7fe f952 	bl	8002818 <z_arm_cpu_idle_init>
static ALWAYS_INLINE void z_arm_clear_faults(void)
{
#if defined(CONFIG_ARMV6_M_ARMV8_M_BASELINE)
#elif defined(CONFIG_ARMV7_M_ARMV8_M_MAINLINE)
	/* Reset all faults */
	SCB->CFSR = SCB_CFSR_USGFAULTSR_Msk | SCB_CFSR_MEMFAULTSR_Msk | SCB_CFSR_BUSFAULTSR_Msk;
 8004574:	f04f 33ff 	mov.w	r3, #4294967295
 8004578:	62a3      	str	r3, [r4, #40]	@ 0x28

	/* Clear all Hard Faults - HFSR is write-one-to-clear */
	SCB->HFSR = 0xffffffff;
 800457a:	62e3      	str	r3, [r4, #44]	@ 0x2c
	z_arm_clear_faults();
#if defined(CONFIG_ARM_MPU)
	z_arm_mpu_init();
 800457c:	f7fe faa0 	bl	8002ac0 <z_arm_mpu_init>
	 * to set up access permissions for fixed memory sections, such
	 * as Application Memory or No-Cacheable SRAM area.
	 *
	 * This function is invoked once, upon system initialization.
	 */
	z_arm_configure_static_mpu_regions();
 8004580:	f7fe f9dc 	bl	800293c <z_arm_configure_static_mpu_regions>

	/* perform any architecture-specific initialization */
	arch_kernel_init();

	LOG_CORE_INIT();
 8004584:	f7fc ff68 	bl	8001458 <log_core_init>

#if defined(CONFIG_MULTITHREADING)
	z_dummy_thread_init(&_thread_dummy);
 8004588:	4809      	ldr	r0, [pc, #36]	@ (80045b0 <z_cstart+0x78>)
 800458a:	f000 f8f3 	bl	8004774 <z_dummy_thread_init>
#endif /* CONFIG_MULTITHREADING */
	/* do any necessary initialization of static devices */
	z_device_state_init();

	soc_early_init_hook();
 800458e:	f7fc fd93 	bl	80010b8 <soc_early_init_hook>

	board_early_init_hook();

	/* perform basic hardware initialization */
	z_sys_init_run_level(INIT_LEVEL_PRE_KERNEL_1);
 8004592:	2001      	movs	r0, #1
 8004594:	f7ff fef8 	bl	8004388 <z_sys_init_run_level>
#if defined(CONFIG_SMP)
	arch_smp_init();
#endif
	z_sys_init_run_level(INIT_LEVEL_PRE_KERNEL_2);
 8004598:	2002      	movs	r0, #2
 800459a:	f7ff fef5 	bl	8004388 <z_sys_init_run_level>
	timing_init();
	timing_start();
#endif /* CONFIG_TIMING_FUNCTIONS_NEED_AT_BOOT */

#ifdef CONFIG_MULTITHREADING
	switch_to_main_thread(prepare_multithreading());
 800459e:	f7ff ff9b 	bl	80044d8 <prepare_multithreading>
 80045a2:	f7ff ff6d 	bl	8004480 <switch_to_main_thread>
 80045a6:	bf00      	nop
 80045a8:	20001540 	.word	0x20001540
 80045ac:	e000ed00 	.word	0xe000ed00
 80045b0:	20000730 	.word	0x20000730

080045b4 <z_impl_k_sem_give>:
	return false;
#endif /* CONFIG_POLL */
}

void z_impl_k_sem_give(struct k_sem *sem)
{
 80045b4:	b570      	push	{r4, r5, r6, lr}
  __ASM volatile ("MRS %0, basepri" : "=r" (result) );
 80045b6:	f3ef 8611 	mrs	r6, BASEPRI
  __ASM volatile ("MSR basepri_max, %0" : : "r" (basePri) : "memory");
 80045ba:	2310      	movs	r3, #16
 80045bc:	f383 8812 	msr	BASEPRI_MAX, r3
 80045c0:	f3bf 8f6f 	isb	sy
 * @return true if empty, false otherwise
 */

static inline bool sys_dlist_is_empty(const sys_dlist_t *list)
{
	return list->head == list;
 80045c4:	6804      	ldr	r4, [r0, #0]
 * @return a pointer to the head element, NULL if list is empty
 */

static inline sys_dnode_t *sys_dlist_peek_head(const sys_dlist_t *list)
{
	return sys_dlist_is_empty(list) ? NULL : list->head;
 80045c6:	42a0      	cmp	r0, r4
 80045c8:	d01a      	beq.n	8004600 <z_impl_k_sem_give+0x4c>
static ALWAYS_INLINE struct k_thread *z_priq_simple_best(sys_dlist_t *pq)
{
	struct k_thread *thread = NULL;
	sys_dnode_t *n = sys_dlist_peek_head(pq);

	if (n != NULL) {
 80045ca:	b1cc      	cbz	r4, 8004600 <z_impl_k_sem_give+0x4c>
 * @param node the node to remove
 */

static inline void sys_dlist_remove(sys_dnode_t *node)
{
	sys_dnode_t *const prev = node->prev;
 80045cc:	6862      	ldr	r2, [r4, #4]
	sys_dnode_t *const next = node->next;
 80045ce:	6823      	ldr	r3, [r4, #0]

	prev->next = next;
 80045d0:	6013      	str	r3, [r2, #0]
	next->prev = prev;
 80045d2:	605a      	str	r2, [r3, #4]
	node->next = NULL;
 80045d4:	2500      	movs	r5, #0
 80045d6:	6025      	str	r5, [r4, #0]
	node->prev = NULL;
 80045d8:	6065      	str	r5, [r4, #4]
	thread->base.thread_state &= ~_THREAD_PENDING;
 80045da:	7c23      	ldrb	r3, [r4, #16]
 80045dc:	f023 0302 	bic.w	r3, r3, #2
 80045e0:	7423      	strb	r3, [r4, #16]

static inline void unpend_thread_no_timeout(struct k_thread *thread)
{
	_priq_wait_remove(&pended_on_thread(thread)->waitq, thread);
	z_mark_thread_as_not_pending(thread);
	thread->base.pended_on = NULL;
 80045e2:	60a5      	str	r5, [r4, #8]
}

static inline void z_abort_thread_timeout(struct k_thread *thread)
{
	z_abort_timeout(&thread->base.timeout);
 80045e4:	f104 0018 	add.w	r0, r4, #24
 80045e8:	f003 fca2 	bl	8007f30 <z_abort_timeout>
}

#ifndef CONFIG_USE_SWITCH
static ALWAYS_INLINE void arch_thread_return_value_set(struct k_thread *thread, unsigned int value)
{
	thread->arch.swap_return_value = value;
 80045ec:	f8c4 50ac 	str.w	r5, [r4, #172]	@ 0xac

	thread = z_unpend_first_thread(&sem->wait_q);

	if (unlikely(thread != NULL)) {
		arch_thread_return_value_set(thread, 0);
		z_ready_thread(thread);
 80045f0:	4620      	mov	r0, r4
 80045f2:	f003 fbd2 	bl	8007d9a <z_ready_thread>
		sem->count += (sem->count != sem->limit) ? 1U : 0U;
		resched = handle_poll_events(sem);
	}

	if (unlikely(resched)) {
		z_reschedule(&lock, key);
 80045f6:	4631      	mov	r1, r6
 80045f8:	4808      	ldr	r0, [pc, #32]	@ (800461c <z_impl_k_sem_give+0x68>)
 80045fa:	f003 fc5f 	bl	8007ebc <z_reschedule>
	} else {
		k_spin_unlock(&lock, key);
	}

	SYS_PORT_TRACING_OBJ_FUNC_EXIT(k_sem, give, sem);
}
 80045fe:	bd70      	pop	{r4, r5, r6, pc}
		sem->count += (sem->count != sem->limit) ? 1U : 0U;
 8004600:	6883      	ldr	r3, [r0, #8]
 8004602:	68c2      	ldr	r2, [r0, #12]
 8004604:	4293      	cmp	r3, r2
 8004606:	d007      	beq.n	8004618 <z_impl_k_sem_give+0x64>
 8004608:	2201      	movs	r2, #1
 800460a:	4413      	add	r3, r2
 800460c:	6083      	str	r3, [r0, #8]
  __ASM volatile ("MSR basepri, %0" : : "r" (basePri) : "memory");
 800460e:	f386 8811 	msr	BASEPRI, r6
 8004612:	f3bf 8f6f 	isb	sy
}
 8004616:	e7f2      	b.n	80045fe <z_impl_k_sem_give+0x4a>
		sem->count += (sem->count != sem->limit) ? 1U : 0U;
 8004618:	2200      	movs	r2, #0
 800461a:	e7f6      	b.n	800460a <z_impl_k_sem_give+0x56>
 800461c:	20000994 	.word	0x20000994

08004620 <z_impl_k_sem_take>:
}
#include <zephyr/syscalls/k_sem_give_mrsh.c>
#endif /* CONFIG_USERSPACE */

int z_impl_k_sem_take(struct k_sem *sem, k_timeout_t timeout)
{
 8004620:	b510      	push	{r4, lr}
 8004622:	b082      	sub	sp, #8
  __ASM volatile ("MRS %0, basepri" : "=r" (result) );
 8004624:	f3ef 8111 	mrs	r1, BASEPRI
  __ASM volatile ("MSR basepri_max, %0" : : "r" (basePri) : "memory");
 8004628:	2410      	movs	r4, #16
 800462a:	f384 8812 	msr	BASEPRI_MAX, r4
 800462e:	f3bf 8f6f 	isb	sy

	k_spinlock_key_t key = k_spin_lock(&lock);

	SYS_PORT_TRACING_OBJ_FUNC_ENTER(k_sem, take, sem, timeout);

	if (likely(sem->count > 0U)) {
 8004632:	6884      	ldr	r4, [r0, #8]
 8004634:	b144      	cbz	r4, 8004648 <z_impl_k_sem_take+0x28>
		sem->count--;
 8004636:	3c01      	subs	r4, #1
 8004638:	6084      	str	r4, [r0, #8]
  __ASM volatile ("MSR basepri, %0" : : "r" (basePri) : "memory");
 800463a:	f381 8811 	msr	BASEPRI, r1
 800463e:	f3bf 8f6f 	isb	sy
		k_spin_unlock(&lock, key);
		ret = 0;
 8004642:	2000      	movs	r0, #0

out:
	SYS_PORT_TRACING_OBJ_FUNC_EXIT(k_sem, take, sem, timeout, ret);

	return ret;
}
 8004644:	b002      	add	sp, #8
 8004646:	bd10      	pop	{r4, pc}
	if (K_TIMEOUT_EQ(timeout, K_NO_WAIT)) {
 8004648:	ea53 0402 	orrs.w	r4, r3, r2
 800464c:	d006      	beq.n	800465c <z_impl_k_sem_take+0x3c>
	ret = z_pend_curr(&lock, key, &sem->wait_q, timeout);
 800464e:	9200      	str	r2, [sp, #0]
 8004650:	9301      	str	r3, [sp, #4]
 8004652:	4602      	mov	r2, r0
 8004654:	4805      	ldr	r0, [pc, #20]	@ (800466c <z_impl_k_sem_take+0x4c>)
 8004656:	f000 fa3f 	bl	8004ad8 <z_pend_curr>
	return ret;
 800465a:	e7f3      	b.n	8004644 <z_impl_k_sem_take+0x24>
 800465c:	f381 8811 	msr	BASEPRI, r1
 8004660:	f3bf 8f6f 	isb	sy
		ret = -EBUSY;
 8004664:	f06f 000f 	mvn.w	r0, #15
 8004668:	e7ec      	b.n	8004644 <z_impl_k_sem_take+0x24>
 800466a:	bf00      	nop
 800466c:	20000994 	.word	0x20000994

08004670 <thread_schedule_new>:
{
 8004670:	b508      	push	{r3, lr}
	if (K_TIMEOUT_EQ(delay, K_NO_WAIT)) {
 8004672:	ea53 0102 	orrs.w	r1, r3, r2
 8004676:	d102      	bne.n	800467e <thread_schedule_new+0xe>
 8004678:	f000 fb64 	bl	8004d44 <z_impl_k_wakeup>
}
 800467c:	bd08      	pop	{r3, pc}
	return z_add_timeout(&thread->base.timeout, z_thread_timeout, ticks);
 800467e:	4902      	ldr	r1, [pc, #8]	@ (8004688 <thread_schedule_new+0x18>)
 8004680:	3018      	adds	r0, #24
 8004682:	f000 fd0b 	bl	800509c <z_add_timeout>
 8004686:	e7f9      	b.n	800467c <thread_schedule_new+0xc>
 8004688:	08007e45 	.word	0x08007e45

0800468c <z_impl_k_thread_name_set>:
}
#include <zephyr/syscalls/k_thread_priority_get_mrsh.c>
#endif /* CONFIG_USERSPACE */

int z_impl_k_thread_name_set(k_tid_t thread, const char *str)
{
 800468c:	b510      	push	{r4, lr}
#ifdef CONFIG_THREAD_NAME
	if (thread == NULL) {
 800468e:	4604      	mov	r4, r0
 8004690:	b140      	cbz	r0, 80046a4 <z_impl_k_thread_name_set+0x18>
		thread = _current;
	}

	strncpy(thread->name, str, CONFIG_THREAD_MAX_NAME_LEN - 1);
 8004692:	221f      	movs	r2, #31
 8004694:	f104 0074 	add.w	r0, r4, #116	@ 0x74
 8004698:	f000 ff7e 	bl	8005598 <strncpy>
	thread->name[CONFIG_THREAD_MAX_NAME_LEN - 1] = '\0';
 800469c:	2000      	movs	r0, #0
 800469e:	f884 0093 	strb.w	r0, [r4, #147]	@ 0x93

	SYS_PORT_TRACING_OBJ_FUNC(k_thread, name_set, thread, -ENOSYS);

	return -ENOSYS;
#endif /* CONFIG_THREAD_NAME */
}
 80046a2:	bd10      	pop	{r4, pc}
		thread = _current;
 80046a4:	4b01      	ldr	r3, [pc, #4]	@ (80046ac <z_impl_k_thread_name_set+0x20>)
 80046a6:	689c      	ldr	r4, [r3, #8]
 80046a8:	e7f3      	b.n	8004692 <z_impl_k_thread_name_set+0x6>
 80046aa:	bf00      	nop
 80046ac:	20000970 	.word	0x20000970

080046b0 <z_setup_new_thread>:
char *z_setup_new_thread(struct k_thread *new_thread,
			 k_thread_stack_t *stack, size_t stack_size,
			 k_thread_entry_t entry,
			 void *p1, void *p2, void *p3,
			 int prio, uint32_t options, const char *name)
{
 80046b0:	e92d 4ff0 	stmdb	sp!, {r4, r5, r6, r7, r8, r9, sl, fp, lr}
 80046b4:	b085      	sub	sp, #20
 80046b6:	4604      	mov	r4, r0
 80046b8:	460f      	mov	r7, r1
 80046ba:	4615      	mov	r5, r2
 80046bc:	461e      	mov	r6, r3
 80046be:	f8dd a038 	ldr.w	sl, [sp, #56]	@ 0x38
 80046c2:	f8dd 903c 	ldr.w	r9, [sp, #60]	@ 0x3c
 80046c6:	f8dd 8040 	ldr.w	r8, [sp, #64]	@ 0x40
 80046ca:	f8dd b04c 	ldr.w	fp, [sp, #76]	@ 0x4c
	SYS_DLIST_FOR_EACH_CONTAINER_SAFE(&((wq)->waitq), thread_ptr, \
					  loop_ptr, base.qnode_dlist)

static inline void z_waitq_init(_wait_q_t *w)
{
	sys_dlist_init(&w->waitq);
 80046ce:	f100 0358 	add.w	r3, r0, #88	@ 0x58
	list->head = (sys_dnode_t *)list;
 80046d2:	6583      	str	r3, [r0, #88]	@ 0x58
	list->tail = (sys_dnode_t *)list;
 80046d4:	65c3      	str	r3, [r0, #92]	@ 0x5c
	k_object_access_grant(new_thread, new_thread);
#endif /* CONFIG_USERSPACE */
	z_waitq_init(&new_thread->join_queue);

	/* Initialize various struct k_thread members */
	z_init_thread_base(&new_thread->base, prio, _THREAD_SLEEPING, options);
 80046d6:	9b12      	ldr	r3, [sp, #72]	@ 0x48
 80046d8:	2204      	movs	r2, #4
 80046da:	9911      	ldr	r1, [sp, #68]	@ 0x44
 80046dc:	f003 facf 	bl	8007c7e <z_init_thread_base>
	stack_ptr = setup_thread_stack(new_thread, stack, stack_size);
 80046e0:	462a      	mov	r2, r5
 80046e2:	4639      	mov	r1, r7
 80046e4:	4620      	mov	r0, r4
 80046e6:	f003 fa9c 	bl	8007c22 <setup_thread_stack>
 80046ea:	4605      	mov	r5, r0
	__ASSERT_NO_MSG(!sys_cache_is_mem_coherent(stack));
#endif  /* CONFIG_DYNAMIC_THREAD */

#endif /* CONFIG_KERNEL_COHERENCE */

	arch_new_thread(new_thread, stack, stack_ptr, entry, p1, p2, p3);
 80046ec:	f8cd 8008 	str.w	r8, [sp, #8]
 80046f0:	f8cd 9004 	str.w	r9, [sp, #4]
 80046f4:	f8cd a000 	str.w	sl, [sp]
 80046f8:	4633      	mov	r3, r6
 80046fa:	4602      	mov	r2, r0
 80046fc:	4639      	mov	r1, r7
 80046fe:	4620      	mov	r0, r4
 8004700:	f7fe f848 	bl	8002794 <arch_new_thread>

	/* static threads overwrite it afterwards with real value */
	new_thread->init_data = NULL;
 8004704:	2300      	movs	r3, #0
 8004706:	6563      	str	r3, [r4, #84]	@ 0x54
#ifdef CONFIG_THREAD_CUSTOM_DATA
	/* Initialize custom data field (value is opaque to kernel) */
	new_thread->custom_data = NULL;
#endif /* CONFIG_THREAD_CUSTOM_DATA */
#ifdef CONFIG_THREAD_MONITOR
	new_thread->entry.pEntry = entry;
 8004708:	6626      	str	r6, [r4, #96]	@ 0x60
	new_thread->entry.parameter1 = p1;
 800470a:	f8c4 a064 	str.w	sl, [r4, #100]	@ 0x64
	new_thread->entry.parameter2 = p2;
 800470e:	f8c4 9068 	str.w	r9, [r4, #104]	@ 0x68
	new_thread->entry.parameter3 = p3;
 8004712:	f8c4 806c 	str.w	r8, [r4, #108]	@ 0x6c
  __ASM volatile ("MRS %0, basepri" : "=r" (result) );
 8004716:	f3ef 8211 	mrs	r2, BASEPRI
  __ASM volatile ("MSR basepri_max, %0" : : "r" (basePri) : "memory");
 800471a:	2310      	movs	r3, #16
 800471c:	f383 8812 	msr	BASEPRI_MAX, r3
 8004720:	f3bf 8f6f 	isb	sy

	k_spinlock_key_t key = k_spin_lock(&z_thread_monitor_lock);

	new_thread->next_thread = _kernel.threads;
 8004724:	4b12      	ldr	r3, [pc, #72]	@ (8004770 <z_setup_new_thread+0xc0>)
 8004726:	6a19      	ldr	r1, [r3, #32]
 8004728:	6721      	str	r1, [r4, #112]	@ 0x70
	_kernel.threads = new_thread;
 800472a:	621c      	str	r4, [r3, #32]
  __ASM volatile ("MSR basepri, %0" : : "r" (basePri) : "memory");
 800472c:	f382 8811 	msr	BASEPRI, r2
 8004730:	f3bf 8f6f 	isb	sy
	k_spin_unlock(&z_thread_monitor_lock, key);
#endif /* CONFIG_THREAD_MONITOR */
#ifdef CONFIG_THREAD_NAME
	if (name != NULL) {
 8004734:	f1bb 0f00 	cmp.w	fp, #0
 8004738:	d013      	beq.n	8004762 <z_setup_new_thread+0xb2>
		strncpy(new_thread->name, name,
 800473a:	221f      	movs	r2, #31
 800473c:	4659      	mov	r1, fp
 800473e:	f104 0074 	add.w	r0, r4, #116	@ 0x74
 8004742:	f000 ff29 	bl	8005598 <strncpy>
			CONFIG_THREAD_MAX_NAME_LEN - 1);
		/* Ensure NULL termination, truncate if longer */
		new_thread->name[CONFIG_THREAD_MAX_NAME_LEN - 1] = '\0';
 8004746:	2300      	movs	r3, #0
 8004748:	f884 3093 	strb.w	r3, [r4, #147]	@ 0x93
		new_thread->base.cpu_mask = -1; /* allow all cpus */
	}
#endif /* CONFIG_SCHED_CPU_MASK */
#ifdef CONFIG_ARCH_HAS_CUSTOM_SWAP_TO_MAIN
	/* _current may be null if the dummy thread is not used */
	if (!_current) {
 800474c:	4b08      	ldr	r3, [pc, #32]	@ (8004770 <z_setup_new_thread+0xc0>)
 800474e:	689b      	ldr	r3, [r3, #8]
 8004750:	b15b      	cbz	r3, 800476a <z_setup_new_thread+0xba>
	}
#endif /* CONFIG_USERSPACE */
#ifdef CONFIG_SCHED_DEADLINE
	new_thread->base.prio_deadline = 0;
#endif /* CONFIG_SCHED_DEADLINE */
	new_thread->resource_pool = _current->resource_pool;
 8004752:	f8d3 30a0 	ldr.w	r3, [r3, #160]	@ 0xa0
 8004756:	f8c4 30a0 	str.w	r3, [r4, #160]	@ 0xa0
#endif /* CONFIG_SCHED_THREAD_USAGE */

	SYS_PORT_TRACING_OBJ_FUNC(k_thread, create, new_thread);

	return stack_ptr;
}
 800475a:	4628      	mov	r0, r5
 800475c:	b005      	add	sp, #20
 800475e:	e8bd 8ff0 	ldmia.w	sp!, {r4, r5, r6, r7, r8, r9, sl, fp, pc}
		new_thread->name[0] = '\0';
 8004762:	2300      	movs	r3, #0
 8004764:	f884 3074 	strb.w	r3, [r4, #116]	@ 0x74
 8004768:	e7f0      	b.n	800474c <z_setup_new_thread+0x9c>
		new_thread->resource_pool = NULL;
 800476a:	f8c4 30a0 	str.w	r3, [r4, #160]	@ 0xa0
		return stack_ptr;
 800476e:	e7f4      	b.n	800475a <z_setup_new_thread+0xaa>
 8004770:	20000970 	.word	0x20000970

08004774 <z_dummy_thread_init>:

#endif /* CONFIG_THREAD_ABORT_NEED_CLEANUP */

void z_dummy_thread_init(struct k_thread *dummy_thread)
{
	dummy_thread->base.thread_state = _THREAD_DUMMY;
 8004774:	2301      	movs	r3, #1
 8004776:	7403      	strb	r3, [r0, #16]
#ifdef CONFIG_SCHED_CPU_MASK
	dummy_thread->base.cpu_mask = -1;
#endif /* CONFIG_SCHED_CPU_MASK */
	dummy_thread->base.user_options = K_ESSENTIAL;
 8004778:	8183      	strh	r3, [r0, #12]
#ifdef CONFIG_THREAD_STACK_INFO
	dummy_thread->stack_info.start = 0U;
 800477a:	2300      	movs	r3, #0
 800477c:	f8c0 3094 	str.w	r3, [r0, #148]	@ 0x94
	dummy_thread->stack_info.size = 0U;
 8004780:	f8c0 3098 	str.w	r3, [r0, #152]	@ 0x98
	dummy_thread->mem_domain_info.mem_domain = &k_mem_domain_default;
#endif /* CONFIG_USERSPACE */
#if (K_HEAP_MEM_POOL_SIZE > 0)
	k_thread_system_pool_assign(dummy_thread);
#else
	dummy_thread->resource_pool = NULL;
 8004784:	f8c0 30a0 	str.w	r3, [r0, #160]	@ 0xa0

#ifdef CONFIG_TIMESLICE_PER_THREAD
	dummy_thread->base.slice_ticks = 0;
#endif /* CONFIG_TIMESLICE_PER_THREAD */

	z_current_thread_set(dummy_thread);
 8004788:	4b01      	ldr	r3, [pc, #4]	@ (8004790 <z_dummy_thread_init+0x1c>)
 800478a:	6098      	str	r0, [r3, #8]
}
 800478c:	4770      	bx	lr
 800478e:	bf00      	nop
 8004790:	20000970 	.word	0x20000970

08004794 <z_swap_irqlock>:

#ifndef CONFIG_USE_SWITCH
static ALWAYS_INLINE int arch_swap(unsigned int key)
{
	/* store off key and return value */
	_current->arch.basepri = key;
 8004794:	4a0a      	ldr	r2, [pc, #40]	@ (80047c0 <z_swap_irqlock+0x2c>)
 8004796:	6893      	ldr	r3, [r2, #8]
 8004798:	f8c3 00a8 	str.w	r0, [r3, #168]	@ 0xa8
	_current->arch.swap_return_value = -EAGAIN;
 800479c:	f06f 010a 	mvn.w	r1, #10
 80047a0:	f8c3 10ac 	str.w	r1, [r3, #172]	@ 0xac

	/* set pending bit to make sure we will take a PendSV exception */
	SCB->ICSR |= SCB_ICSR_PENDSVSET_Msk;
 80047a4:	4907      	ldr	r1, [pc, #28]	@ (80047c4 <z_swap_irqlock+0x30>)
 80047a6:	684b      	ldr	r3, [r1, #4]
 80047a8:	f043 5380 	orr.w	r3, r3, #268435456	@ 0x10000000
 80047ac:	604b      	str	r3, [r1, #4]
 80047ae:	2300      	movs	r3, #0
 80047b0:	f383 8811 	msr	BASEPRI, r3
 80047b4:	f3bf 8f6f 	isb	sy
	irq_unlock(0);

	/* Context switch is performed here. Returning implies the
	 * thread has been context-switched-in again.
	 */
	return _current->arch.swap_return_value;
 80047b8:	6893      	ldr	r3, [r2, #8]
# endif /* CONFIG_ARM64 */
#endif /* CONFIG_SPIN_VALIDATE */

	ret = arch_swap(key);
	return ret;
}
 80047ba:	f8d3 00ac 	ldr.w	r0, [r3, #172]	@ 0xac
 80047be:	4770      	bx	lr
 80047c0:	20000970 	.word	0x20000970
 80047c4:	e000ed00 	.word	0xe000ed00

080047c8 <reschedule>:
{
#ifdef CONFIG_SMP
	_current_cpu->swap_ok = 0;
#endif /* CONFIG_SMP */

	return arch_irq_unlocked(key) && !arch_is_in_isr();
 80047c8:	4608      	mov	r0, r1
 80047ca:	b981      	cbnz	r1, 80047ee <reschedule+0x26>
	return new_thread != _current;
#endif /* CONFIG_SMP */
}

static void reschedule(struct k_spinlock *lock, k_spinlock_key_t key)
{
 80047cc:	b508      	push	{r3, lr}
  __ASM volatile ("MRS %0, ipsr" : "=r" (result) );
 80047ce:	f3ef 8305 	mrs	r3, IPSR
	return arch_irq_unlocked(key) && !arch_is_in_isr();
 80047d2:	b93b      	cbnz	r3, 80047e4 <reschedule+0x1c>
	new_thread = _kernel.ready_q.cache;
 80047d4:	4b08      	ldr	r3, [pc, #32]	@ (80047f8 <reschedule+0x30>)
 80047d6:	695a      	ldr	r2, [r3, #20]
	return new_thread != _current;
 80047d8:	689b      	ldr	r3, [r3, #8]
	if (resched(key.key) && need_swap()) {
 80047da:	429a      	cmp	r2, r3
 80047dc:	d002      	beq.n	80047e4 <reschedule+0x1c>
 * handling.
 */
static ALWAYS_INLINE int z_swap(struct k_spinlock *lock, k_spinlock_key_t key)
{
	k_spin_release(lock);
	return z_swap_irqlock(key.key);
 80047de:	f7ff ffd9 	bl	8004794 <z_swap_irqlock>
		z_swap(lock, key);
 80047e2:	e003      	b.n	80047ec <reschedule+0x24>
  __ASM volatile ("MSR basepri, %0" : : "r" (basePri) : "memory");
 80047e4:	f380 8811 	msr	BASEPRI, r0
 80047e8:	f3bf 8f6f 	isb	sy
	} else {
		signal_pending_ipi();
		k_spin_unlock(lock, key);
	}
}
 80047ec:	bd08      	pop	{r3, pc}
 80047ee:	f381 8811 	msr	BASEPRI, r1
 80047f2:	f3bf 8f6f 	isb	sy
 80047f6:	4770      	bx	lr
 80047f8:	20000970 	.word	0x20000970

080047fc <ready_thread>:
	return (thread->base.thread_state & state) != 0U;
 80047fc:	7c03      	ldrb	r3, [r0, #16]
	if (!z_is_thread_queued(thread) && z_is_thread_ready(thread)) {
 80047fe:	f990 2010 	ldrsb.w	r2, [r0, #16]
 8004802:	2a00      	cmp	r2, #0
 8004804:	db4e      	blt.n	80048a4 <ready_thread+0xa8>
 8004806:	f013 0f1f 	tst.w	r3, #31
 800480a:	d14b      	bne.n	80048a4 <ready_thread+0xa8>
{
 800480c:	b510      	push	{r4, lr}
	thread->base.thread_state |= _THREAD_QUEUED;
 800480e:	f063 037f 	orn	r3, r3, #127	@ 0x7f
 8004812:	7403      	strb	r3, [r0, #16]
	return list->head == list;
 8004814:	4a24      	ldr	r2, [pc, #144]	@ (80048a8 <ready_thread+0xac>)
 8004816:	f852 3f18 	ldr.w	r3, [r2, #24]!
	return sys_dlist_is_empty(list) ? NULL : list->head;
 800481a:	4293      	cmp	r3, r2
 800481c:	d03a      	beq.n	8004894 <ready_thread+0x98>
	SYS_DLIST_FOR_EACH_CONTAINER(pq, t, base.qnode_dlist) {
 800481e:	b17b      	cbz	r3, 8004840 <ready_thread+0x44>
	int32_t b1 = thread_1->base.prio;
 8004820:	f990 100e 	ldrsb.w	r1, [r0, #14]
	int32_t b2 = thread_2->base.prio;
 8004824:	f993 200e 	ldrsb.w	r2, [r3, #14]
	if (b1 != b2) {
 8004828:	4291      	cmp	r1, r2
 800482a:	d002      	beq.n	8004832 <ready_thread+0x36>
		return b2 - b1;
 800482c:	1a52      	subs	r2, r2, r1
		if (z_sched_prio_cmp(thread, t) > 0) {
 800482e:	2a00      	cmp	r2, #0
 8004830:	dc27      	bgt.n	8004882 <ready_thread+0x86>
	SYS_DLIST_FOR_EACH_CONTAINER(pq, t, base.qnode_dlist) {
 8004832:	4619      	mov	r1, r3
	return (node == list->tail) ? NULL : node->next;
 8004834:	4a1c      	ldr	r2, [pc, #112]	@ (80048a8 <ready_thread+0xac>)
 8004836:	69d2      	ldr	r2, [r2, #28]
 8004838:	4293      	cmp	r3, r2
 800483a:	d001      	beq.n	8004840 <ready_thread+0x44>
 800483c:	681b      	ldr	r3, [r3, #0]
 800483e:	bb33      	cbnz	r3, 800488e <ready_thread+0x92>
	sys_dnode_t *const tail = list->tail;
 8004840:	4b19      	ldr	r3, [pc, #100]	@ (80048a8 <ready_thread+0xac>)
 8004842:	69da      	ldr	r2, [r3, #28]
	node->next = list;
 8004844:	f103 0118 	add.w	r1, r3, #24
 8004848:	6001      	str	r1, [r0, #0]
	node->prev = tail;
 800484a:	6042      	str	r2, [r0, #4]
	tail->next = node;
 800484c:	6010      	str	r0, [r2, #0]
	list->tail = node;
 800484e:	61d8      	str	r0, [r3, #28]
	return list->head == list;
 8004850:	4b15      	ldr	r3, [pc, #84]	@ (80048a8 <ready_thread+0xac>)
 8004852:	f853 4f18 	ldr.w	r4, [r3, #24]!
	return sys_dlist_is_empty(list) ? NULL : list->head;
 8004856:	429c      	cmp	r4, r3
 8004858:	d01e      	beq.n	8004898 <ready_thread+0x9c>
	if (n != NULL) {
 800485a:	b1ec      	cbz	r4, 8004898 <ready_thread+0x9c>
	}

	__ASSERT(_current != NULL, "");

	/* Or if we're pended/suspended/dummy (duh) */
	if (z_is_thread_prevented_from_running(_current)) {
 800485c:	4b12      	ldr	r3, [pc, #72]	@ (80048a8 <ready_thread+0xac>)
 800485e:	689b      	ldr	r3, [r3, #8]
	uint8_t state = thread->base.thread_state;
 8004860:	7c1a      	ldrb	r2, [r3, #16]
	if (z_is_thread_prevented_from_running(_current)) {
 8004862:	f012 0f1f 	tst.w	r2, #31
 8004866:	d104      	bne.n	8004872 <ready_thread+0x76>
	return thread->base.preempt <= _PREEMPT_THRESHOLD;
 8004868:	89da      	ldrh	r2, [r3, #14]
	}

	/* Otherwise we have to be running a preemptible thread or
	 * switching to a metairq
	 */
	if (thread_is_preemptible(_current) || thread_is_metairq(thread)) {
 800486a:	2a7f      	cmp	r2, #127	@ 0x7f
 800486c:	d901      	bls.n	8004872 <ready_thread+0x76>
	return node->next != NULL;
 800486e:	69a2      	ldr	r2, [r4, #24]
	/* Edge case on ARM where a thread can be pended out of an
	 * interrupt handler before the "synchronous" swap starts
	 * context switching.  Platforms with atomic swap can never
	 * hit this.
	 */
	if (IS_ENABLED(CONFIG_SWAP_NONATOMIC)
 8004870:	b1aa      	cbz	r2, 800489e <ready_thread+0xa2>
		if (thread != _current) {
 8004872:	42a3      	cmp	r3, r4
 8004874:	d002      	beq.n	800487c <ready_thread+0x80>
			z_reset_time_slice(thread);
 8004876:	4620      	mov	r0, r4
 8004878:	f000 fb76 	bl	8004f68 <z_reset_time_slice>
		_kernel.ready_q.cache = thread;
 800487c:	4b0a      	ldr	r3, [pc, #40]	@ (80048a8 <ready_thread+0xac>)
 800487e:	615c      	str	r4, [r3, #20]
}
 8004880:	bd10      	pop	{r4, pc}
	sys_dnode_t *const prev = successor->prev;
 8004882:	685a      	ldr	r2, [r3, #4]
	node->prev = prev;
 8004884:	6042      	str	r2, [r0, #4]
	node->next = successor;
 8004886:	6003      	str	r3, [r0, #0]
	prev->next = node;
 8004888:	6010      	str	r0, [r2, #0]
	successor->prev = node;
 800488a:	6058      	str	r0, [r3, #4]
			return;
 800488c:	e7e0      	b.n	8004850 <ready_thread+0x54>
	return (node != NULL) ? sys_dlist_peek_next_no_check(list, node) : NULL;
 800488e:	2900      	cmp	r1, #0
 8004890:	d1c5      	bne.n	800481e <ready_thread+0x22>
 8004892:	e7d5      	b.n	8004840 <ready_thread+0x44>
	SYS_DLIST_FOR_EACH_CONTAINER(pq, t, base.qnode_dlist) {
 8004894:	2300      	movs	r3, #0
 8004896:	e7c2      	b.n	800481e <ready_thread+0x22>
	return (thread != NULL) ? thread : _current_cpu->idle_thread;
 8004898:	4b03      	ldr	r3, [pc, #12]	@ (80048a8 <ready_thread+0xac>)
 800489a:	68dc      	ldr	r4, [r3, #12]
 800489c:	e7de      	b.n	800485c <ready_thread+0x60>
		_kernel.ready_q.cache = _current;
 800489e:	4a02      	ldr	r2, [pc, #8]	@ (80048a8 <ready_thread+0xac>)
 80048a0:	6153      	str	r3, [r2, #20]
 80048a2:	e7ed      	b.n	8004880 <ready_thread+0x84>
 80048a4:	4770      	bx	lr
 80048a6:	bf00      	nop
 80048a8:	20000970 	.word	0x20000970

080048ac <unready_thread>:
}
#include <zephyr/syscalls/k_thread_resume_mrsh.c>
#endif /* CONFIG_USERSPACE */

static void unready_thread(struct k_thread *thread)
{
 80048ac:	b510      	push	{r4, lr}
	return (thread->base.thread_state & state) != 0U;
 80048ae:	7c03      	ldrb	r3, [r0, #16]
	if (z_is_thread_queued(thread)) {
 80048b0:	f990 2010 	ldrsb.w	r2, [r0, #16]
 80048b4:	2a00      	cmp	r2, #0
 80048b6:	db19      	blt.n	80048ec <unready_thread+0x40>
		dequeue_thread(thread);
	}
	update_cache(thread == _current);
 80048b8:	4b15      	ldr	r3, [pc, #84]	@ (8004910 <unready_thread+0x64>)
 80048ba:	689a      	ldr	r2, [r3, #8]
	return list->head == list;
 80048bc:	f853 4f18 	ldr.w	r4, [r3, #24]!
	return sys_dlist_is_empty(list) ? NULL : list->head;
 80048c0:	429c      	cmp	r4, r3
 80048c2:	d01e      	beq.n	8004902 <unready_thread+0x56>
	if (n != NULL) {
 80048c4:	b1ec      	cbz	r4, 8004902 <unready_thread+0x56>
	if (preempt_ok != 0) {
 80048c6:	4282      	cmp	r2, r0
 80048c8:	d008      	beq.n	80048dc <unready_thread+0x30>
	uint8_t state = thread->base.thread_state;
 80048ca:	7c13      	ldrb	r3, [r2, #16]
	if (z_is_thread_prevented_from_running(_current)) {
 80048cc:	f013 0f1f 	tst.w	r3, #31
 80048d0:	d104      	bne.n	80048dc <unready_thread+0x30>
	return thread->base.preempt <= _PREEMPT_THRESHOLD;
 80048d2:	89d3      	ldrh	r3, [r2, #14]
	if (thread_is_preemptible(_current) || thread_is_metairq(thread)) {
 80048d4:	2b7f      	cmp	r3, #127	@ 0x7f
 80048d6:	d901      	bls.n	80048dc <unready_thread+0x30>
	return node->next != NULL;
 80048d8:	69a3      	ldr	r3, [r4, #24]
	if (IS_ENABLED(CONFIG_SWAP_NONATOMIC)
 80048da:	b1ab      	cbz	r3, 8004908 <unready_thread+0x5c>
		if (thread != _current) {
 80048dc:	42a2      	cmp	r2, r4
 80048de:	d002      	beq.n	80048e6 <unready_thread+0x3a>
			z_reset_time_slice(thread);
 80048e0:	4620      	mov	r0, r4
 80048e2:	f000 fb41 	bl	8004f68 <z_reset_time_slice>
		_kernel.ready_q.cache = thread;
 80048e6:	4b0a      	ldr	r3, [pc, #40]	@ (8004910 <unready_thread+0x64>)
 80048e8:	615c      	str	r4, [r3, #20]
}
 80048ea:	bd10      	pop	{r4, pc}
	thread->base.thread_state &= ~_THREAD_QUEUED;
 80048ec:	f003 037f 	and.w	r3, r3, #127	@ 0x7f
 80048f0:	7403      	strb	r3, [r0, #16]
	sys_dnode_t *const prev = node->prev;
 80048f2:	6842      	ldr	r2, [r0, #4]
	sys_dnode_t *const next = node->next;
 80048f4:	6803      	ldr	r3, [r0, #0]
	prev->next = next;
 80048f6:	6013      	str	r3, [r2, #0]
	next->prev = prev;
 80048f8:	605a      	str	r2, [r3, #4]
	node->next = NULL;
 80048fa:	2300      	movs	r3, #0
 80048fc:	6003      	str	r3, [r0, #0]
	node->prev = NULL;
 80048fe:	6043      	str	r3, [r0, #4]
}
 8004900:	e7da      	b.n	80048b8 <unready_thread+0xc>
	return (thread != NULL) ? thread : _current_cpu->idle_thread;
 8004902:	4b03      	ldr	r3, [pc, #12]	@ (8004910 <unready_thread+0x64>)
 8004904:	68dc      	ldr	r4, [r3, #12]
 8004906:	e7de      	b.n	80048c6 <unready_thread+0x1a>
		_kernel.ready_q.cache = _current;
 8004908:	4b01      	ldr	r3, [pc, #4]	@ (8004910 <unready_thread+0x64>)
 800490a:	615a      	str	r2, [r3, #20]
 800490c:	e7ed      	b.n	80048ea <unready_thread+0x3e>
 800490e:	bf00      	nop
 8004910:	20000970 	.word	0x20000970

08004914 <thread_halt_spin>:
{
 8004914:	e92d 43f8 	stmdb	sp!, {r3, r4, r5, r6, r7, r8, r9, lr}
 8004918:	4605      	mov	r5, r0
 800491a:	460c      	mov	r4, r1
	if (z_is_thread_halting(_current)) {
 800491c:	4b42      	ldr	r3, [pc, #264]	@ (8004a28 <thread_halt_spin+0x114>)
 800491e:	689e      	ldr	r6, [r3, #8]
	return (thread->base.thread_state &
 8004920:	7c33      	ldrb	r3, [r6, #16]
 8004922:	f013 0f60 	tst.w	r3, #96	@ 0x60
 8004926:	d02b      	beq.n	8004980 <thread_halt_spin+0x6c>
		halt_thread(_current,
 8004928:	f013 0f20 	tst.w	r3, #32
 800492c:	d02d      	beq.n	800498a <thread_halt_spin+0x76>
 800492e:	2708      	movs	r7, #8
	bool dummify = false;

	/* We hold the lock, and the thread is known not to be running
	 * anywhere.
	 */
	if ((thread->base.thread_state & new_state) == 0U) {
 8004930:	421f      	tst	r7, r3
 8004932:	d125      	bne.n	8004980 <thread_halt_spin+0x6c>
		thread->base.thread_state |= new_state;
 8004934:	433b      	orrs	r3, r7
 8004936:	7433      	strb	r3, [r6, #16]
		if (z_is_thread_queued(thread)) {
 8004938:	f013 0f80 	tst.w	r3, #128	@ 0x80
 800493c:	d127      	bne.n	800498e <thread_halt_spin+0x7a>
			dequeue_thread(thread);
		}

		if (new_state == _THREAD_DEAD) {
 800493e:	2f08      	cmp	r7, #8
 8004940:	d030      	beq.n	80049a4 <thread_halt_spin+0x90>
	bool dummify = false;
 8004942:	f04f 0900 	mov.w	r9, #0
	return list->head == list;
 8004946:	4b38      	ldr	r3, [pc, #224]	@ (8004a28 <thread_halt_spin+0x114>)
 8004948:	f853 8f18 	ldr.w	r8, [r3, #24]!
	return sys_dlist_is_empty(list) ? NULL : list->head;
 800494c:	4598      	cmp	r8, r3
 800494e:	d04f      	beq.n	80049f0 <thread_halt_spin+0xdc>
 8004950:	f1b8 0f00 	cmp.w	r8, #0
 8004954:	d04c      	beq.n	80049f0 <thread_halt_spin+0xdc>
		if (thread != _current) {
 8004956:	4b34      	ldr	r3, [pc, #208]	@ (8004a28 <thread_halt_spin+0x114>)
 8004958:	689b      	ldr	r3, [r3, #8]
 800495a:	4543      	cmp	r3, r8
 800495c:	d002      	beq.n	8004964 <thread_halt_spin+0x50>
			z_reset_time_slice(thread);
 800495e:	4640      	mov	r0, r8
 8004960:	f000 fb02 	bl	8004f68 <z_reset_time_slice>
		_kernel.ready_q.cache = thread;
 8004964:	4b30      	ldr	r3, [pc, #192]	@ (8004a28 <thread_halt_spin+0x114>)
 8004966:	f8c3 8014 	str.w	r8, [r3, #20]
#ifdef CONFIG_SMP
		unpend_all(&thread->halt_queue);
#endif /* CONFIG_SMP */
		update_cache(1);

		if (new_state == _THREAD_SUSPENDED) {
 800496a:	2f10      	cmp	r7, #16
 800496c:	d008      	beq.n	8004980 <thread_halt_spin+0x6c>
			clear_halting(thread);
			return;
		}

		arch_coprocessors_disable(thread);
 800496e:	4630      	mov	r0, r6
 8004970:	f002 fb17 	bl	8006fa2 <arch_coprocessors_disable>

		SYS_PORT_TRACING_FUNC(k_thread, sched_abort, thread);

		z_thread_monitor_exit(thread);
 8004974:	4630      	mov	r0, r6
 8004976:	f000 fb51 	bl	800501c <z_thread_monitor_exit>
		 * handle for any threads spinning in join() (this can
		 * never be used, as our thread is flagged dead, but
		 * it must not be NULL otherwise join can deadlock).
		 * Use 1 as a clearly invalid but non-NULL value.
		 */
		if (dummify && !IS_ENABLED(CONFIG_ARCH_POSIX)) {
 800497a:	f1b9 0f00 	cmp.w	r9, #0
 800497e:	d13b      	bne.n	80049f8 <thread_halt_spin+0xe4>
 8004980:	f384 8811 	msr	BASEPRI, r4
 8004984:	f3bf 8f6f 	isb	sy
	while (z_is_thread_halting(thread)) {
 8004988:	e047      	b.n	8004a1a <thread_halt_spin+0x106>
		halt_thread(_current,
 800498a:	2710      	movs	r7, #16
 800498c:	e7d0      	b.n	8004930 <thread_halt_spin+0x1c>
	thread->base.thread_state &= ~_THREAD_QUEUED;
 800498e:	f003 037f 	and.w	r3, r3, #127	@ 0x7f
 8004992:	7433      	strb	r3, [r6, #16]
	sys_dnode_t *const prev = node->prev;
 8004994:	6872      	ldr	r2, [r6, #4]
	sys_dnode_t *const next = node->next;
 8004996:	6833      	ldr	r3, [r6, #0]
	prev->next = next;
 8004998:	6013      	str	r3, [r2, #0]
	next->prev = prev;
 800499a:	605a      	str	r2, [r3, #4]
	node->next = NULL;
 800499c:	2300      	movs	r3, #0
 800499e:	6033      	str	r3, [r6, #0]
	node->prev = NULL;
 80049a0:	6073      	str	r3, [r6, #4]
}
 80049a2:	e7cc      	b.n	800493e <thread_halt_spin+0x2a>
			if (thread->base.pended_on != NULL) {
 80049a4:	68b3      	ldr	r3, [r6, #8]
 80049a6:	b15b      	cbz	r3, 80049c0 <thread_halt_spin+0xac>
	sys_dnode_t *const prev = node->prev;
 80049a8:	6872      	ldr	r2, [r6, #4]
	sys_dnode_t *const next = node->next;
 80049aa:	6833      	ldr	r3, [r6, #0]
	prev->next = next;
 80049ac:	6013      	str	r3, [r2, #0]
	next->prev = prev;
 80049ae:	605a      	str	r2, [r3, #4]
	node->next = NULL;
 80049b0:	2300      	movs	r3, #0
 80049b2:	6033      	str	r3, [r6, #0]
	node->prev = NULL;
 80049b4:	6073      	str	r3, [r6, #4]
	thread->base.thread_state &= ~_THREAD_PENDING;
 80049b6:	7c32      	ldrb	r2, [r6, #16]
 80049b8:	f022 0202 	bic.w	r2, r2, #2
 80049bc:	7432      	strb	r2, [r6, #16]
 80049be:	60b3      	str	r3, [r6, #8]
	z_abort_timeout(&thread->base.timeout);
 80049c0:	f106 0018 	add.w	r0, r6, #24
 80049c4:	f003 fab4 	bl	8007f30 <z_abort_timeout>
			unpend_all(&thread->join_queue);
 80049c8:	f106 0058 	add.w	r0, r6, #88	@ 0x58
 80049cc:	f003 f9b6 	bl	8007d3c <unpend_all>
			if (thread == _current && arch_is_in_isr()) {
 80049d0:	4b15      	ldr	r3, [pc, #84]	@ (8004a28 <thread_halt_spin+0x114>)
 80049d2:	689b      	ldr	r3, [r3, #8]
 80049d4:	429e      	cmp	r6, r3
 80049d6:	d002      	beq.n	80049de <thread_halt_spin+0xca>
	bool dummify = false;
 80049d8:	f04f 0900 	mov.w	r9, #0
 80049dc:	e7b3      	b.n	8004946 <thread_halt_spin+0x32>
  __ASM volatile ("MRS %0, ipsr" : "=r" (result) );
 80049de:	f3ef 8305 	mrs	r3, IPSR
			if (thread == _current && arch_is_in_isr()) {
 80049e2:	b913      	cbnz	r3, 80049ea <thread_halt_spin+0xd6>
	bool dummify = false;
 80049e4:	f04f 0900 	mov.w	r9, #0
 80049e8:	e7ad      	b.n	8004946 <thread_halt_spin+0x32>
				dummify = true;
 80049ea:	f04f 0901 	mov.w	r9, #1
 80049ee:	e7aa      	b.n	8004946 <thread_halt_spin+0x32>
	return (thread != NULL) ? thread : _current_cpu->idle_thread;
 80049f0:	4b0d      	ldr	r3, [pc, #52]	@ (8004a28 <thread_halt_spin+0x114>)
 80049f2:	f8d3 800c 	ldr.w	r8, [r3, #12]
 80049f6:	e7ae      	b.n	8004956 <thread_halt_spin+0x42>
#ifdef CONFIG_USE_SWITCH
			_current->switch_handle = (void *)1;
#endif
			z_dummy_thread_init(&_thread_dummy);
 80049f8:	480c      	ldr	r0, [pc, #48]	@ (8004a2c <thread_halt_spin+0x118>)
 80049fa:	f7ff febb 	bl	8004774 <z_dummy_thread_init>
 80049fe:	e7bf      	b.n	8004980 <thread_halt_spin+0x6c>
  __ASM volatile ("MRS %0, basepri" : "=r" (result) );
 8004a00:	f3ef 8411 	mrs	r4, BASEPRI
  __ASM volatile ("MSR basepri_max, %0" : : "r" (basePri) : "memory");
 8004a04:	2310      	movs	r3, #16
 8004a06:	f383 8812 	msr	BASEPRI_MAX, r3
 8004a0a:	f3bf 8f6f 	isb	sy
		arch_spin_relax(); /* Requires interrupts be masked */
 8004a0e:	f003 f8f7 	bl	8007c00 <arch_spin_relax>
  __ASM volatile ("MSR basepri, %0" : : "r" (basePri) : "memory");
 8004a12:	f384 8811 	msr	BASEPRI, r4
 8004a16:	f3bf 8f6f 	isb	sy
	return (thread->base.thread_state &
 8004a1a:	7c2b      	ldrb	r3, [r5, #16]
	while (z_is_thread_halting(thread)) {
 8004a1c:	f013 0f60 	tst.w	r3, #96	@ 0x60
 8004a20:	d1ee      	bne.n	8004a00 <thread_halt_spin+0xec>
}
 8004a22:	e8bd 83f8 	ldmia.w	sp!, {r3, r4, r5, r6, r7, r8, r9, pc}
 8004a26:	bf00      	nop
 8004a28:	20000970 	.word	0x20000970
 8004a2c:	20000730 	.word	0x20000730

08004a30 <add_thread_timeout>:
	if (!K_TIMEOUT_EQ(timeout, K_FOREVER)) {
 8004a30:	f1b3 3fff 	cmp.w	r3, #4294967295
 8004a34:	bf08      	it	eq
 8004a36:	f1b2 3fff 	cmpeq.w	r2, #4294967295
 8004a3a:	d100      	bne.n	8004a3e <add_thread_timeout+0xe>
 8004a3c:	4770      	bx	lr
{
 8004a3e:	b508      	push	{r3, lr}
	return z_add_timeout(&thread->base.timeout, z_thread_timeout, ticks);
 8004a40:	4902      	ldr	r1, [pc, #8]	@ (8004a4c <add_thread_timeout+0x1c>)
 8004a42:	3018      	adds	r0, #24
 8004a44:	f000 fb2a 	bl	800509c <z_add_timeout>
}
 8004a48:	bd08      	pop	{r3, pc}
 8004a4a:	bf00      	nop
 8004a4c:	08007e45 	.word	0x08007e45

08004a50 <move_current_to_end_of_prio_q>:
{
 8004a50:	b510      	push	{r4, lr}
	n = sys_dlist_peek_next_no_check(pq, &_current->base.qnode_dlist);
 8004a52:	4b20      	ldr	r3, [pc, #128]	@ (8004ad4 <move_current_to_end_of_prio_q+0x84>)
 8004a54:	689a      	ldr	r2, [r3, #8]
	return (node == list->tail) ? NULL : node->next;
 8004a56:	69db      	ldr	r3, [r3, #28]
 8004a58:	429a      	cmp	r2, r3
 8004a5a:	d005      	beq.n	8004a68 <move_current_to_end_of_prio_q+0x18>
 8004a5c:	6813      	ldr	r3, [r2, #0]
	sys_dnode_t *const prev = node->prev;
 8004a5e:	6851      	ldr	r1, [r2, #4]
	sys_dnode_t *const next = node->next;
 8004a60:	6812      	ldr	r2, [r2, #0]
	prev->next = next;
 8004a62:	600a      	str	r2, [r1, #0]
	next->prev = prev;
 8004a64:	6051      	str	r1, [r2, #4]
}
 8004a66:	e006      	b.n	8004a76 <move_current_to_end_of_prio_q+0x26>
	return (node == list->tail) ? NULL : node->next;
 8004a68:	2300      	movs	r3, #0
 8004a6a:	e7f8      	b.n	8004a5e <move_current_to_end_of_prio_q+0xe>
 8004a6c:	4a19      	ldr	r2, [pc, #100]	@ (8004ad4 <move_current_to_end_of_prio_q+0x84>)
 8004a6e:	69d2      	ldr	r2, [r2, #28]
 8004a70:	4293      	cmp	r3, r2
 8004a72:	d012      	beq.n	8004a9a <move_current_to_end_of_prio_q+0x4a>
 8004a74:	681b      	ldr	r3, [r3, #0]
	while (n != NULL) {
 8004a76:	b183      	cbz	r3, 8004a9a <move_current_to_end_of_prio_q+0x4a>
		if (z_sched_prio_cmp(_current, t) > 0) {
 8004a78:	4a16      	ldr	r2, [pc, #88]	@ (8004ad4 <move_current_to_end_of_prio_q+0x84>)
 8004a7a:	6890      	ldr	r0, [r2, #8]
	int32_t b1 = thread_1->base.prio;
 8004a7c:	f990 100e 	ldrsb.w	r1, [r0, #14]
	int32_t b2 = thread_2->base.prio;
 8004a80:	f993 200e 	ldrsb.w	r2, [r3, #14]
	if (b1 != b2) {
 8004a84:	4291      	cmp	r1, r2
 8004a86:	d0f1      	beq.n	8004a6c <move_current_to_end_of_prio_q+0x1c>
		return b2 - b1;
 8004a88:	1a52      	subs	r2, r2, r1
		if (z_sched_prio_cmp(_current, t) > 0) {
 8004a8a:	2a00      	cmp	r2, #0
 8004a8c:	ddee      	ble.n	8004a6c <move_current_to_end_of_prio_q+0x1c>
	sys_dnode_t *const prev = successor->prev;
 8004a8e:	685a      	ldr	r2, [r3, #4]
	node->prev = prev;
 8004a90:	6042      	str	r2, [r0, #4]
	node->next = successor;
 8004a92:	6003      	str	r3, [r0, #0]
	prev->next = node;
 8004a94:	6010      	str	r0, [r2, #0]
	successor->prev = node;
 8004a96:	6058      	str	r0, [r3, #4]
			return;
 8004a98:	e008      	b.n	8004aac <move_current_to_end_of_prio_q+0x5c>
	sys_dlist_append(pq, &_current->base.qnode_dlist);
 8004a9a:	4b0e      	ldr	r3, [pc, #56]	@ (8004ad4 <move_current_to_end_of_prio_q+0x84>)
 8004a9c:	689a      	ldr	r2, [r3, #8]
	sys_dnode_t *const tail = list->tail;
 8004a9e:	69d9      	ldr	r1, [r3, #28]
	node->next = list;
 8004aa0:	f103 0018 	add.w	r0, r3, #24
 8004aa4:	6010      	str	r0, [r2, #0]
	node->prev = tail;
 8004aa6:	6051      	str	r1, [r2, #4]
	tail->next = node;
 8004aa8:	600a      	str	r2, [r1, #0]
	list->tail = node;
 8004aaa:	61da      	str	r2, [r3, #28]
	return list->head == list;
 8004aac:	4b09      	ldr	r3, [pc, #36]	@ (8004ad4 <move_current_to_end_of_prio_q+0x84>)
 8004aae:	f853 4f18 	ldr.w	r4, [r3, #24]!
	return sys_dlist_is_empty(list) ? NULL : list->head;
 8004ab2:	429c      	cmp	r4, r3
 8004ab4:	d00a      	beq.n	8004acc <move_current_to_end_of_prio_q+0x7c>
	if (n != NULL) {
 8004ab6:	b14c      	cbz	r4, 8004acc <move_current_to_end_of_prio_q+0x7c>
		if (thread != _current) {
 8004ab8:	4b06      	ldr	r3, [pc, #24]	@ (8004ad4 <move_current_to_end_of_prio_q+0x84>)
 8004aba:	689b      	ldr	r3, [r3, #8]
 8004abc:	429c      	cmp	r4, r3
 8004abe:	d002      	beq.n	8004ac6 <move_current_to_end_of_prio_q+0x76>
			z_reset_time_slice(thread);
 8004ac0:	4620      	mov	r0, r4
 8004ac2:	f000 fa51 	bl	8004f68 <z_reset_time_slice>
		_kernel.ready_q.cache = thread;
 8004ac6:	4b03      	ldr	r3, [pc, #12]	@ (8004ad4 <move_current_to_end_of_prio_q+0x84>)
 8004ac8:	615c      	str	r4, [r3, #20]
}
 8004aca:	bd10      	pop	{r4, pc}
	return (thread != NULL) ? thread : _current_cpu->idle_thread;
 8004acc:	4b01      	ldr	r3, [pc, #4]	@ (8004ad4 <move_current_to_end_of_prio_q+0x84>)
 8004ace:	68dc      	ldr	r4, [r3, #12]
 8004ad0:	e7f2      	b.n	8004ab8 <move_current_to_end_of_prio_q+0x68>
 8004ad2:	bf00      	nop
 8004ad4:	20000970 	.word	0x20000970

08004ad8 <z_pend_curr>:
{
 8004ad8:	b510      	push	{r4, lr}
 8004ada:	460c      	mov	r4, r1
 8004adc:	4611      	mov	r1, r2
	pending_current = _current;
 8004ade:	480a      	ldr	r0, [pc, #40]	@ (8004b08 <z_pend_curr+0x30>)
 8004ae0:	6882      	ldr	r2, [r0, #8]
 8004ae2:	4b0a      	ldr	r3, [pc, #40]	@ (8004b0c <z_pend_curr+0x34>)
 8004ae4:	601a      	str	r2, [r3, #0]
  __ASM volatile ("MRS %0, basepri" : "=r" (result) );
 8004ae6:	f3ef 8311 	mrs	r3, BASEPRI
  __ASM volatile ("MSR basepri_max, %0" : : "r" (basePri) : "memory");
 8004aea:	2310      	movs	r3, #16
 8004aec:	f383 8812 	msr	BASEPRI_MAX, r3
 8004af0:	f3bf 8f6f 	isb	sy
	pend_locked(_current, wait_q, timeout);
 8004af4:	e9dd 2302 	ldrd	r2, r3, [sp, #8]
 8004af8:	6880      	ldr	r0, [r0, #8]
 8004afa:	f003 f942 	bl	8007d82 <pend_locked>
 8004afe:	4620      	mov	r0, r4
 8004b00:	f7ff fe48 	bl	8004794 <z_swap_irqlock>
}
 8004b04:	bd10      	pop	{r4, pc}
 8004b06:	bf00      	nop
 8004b08:	20000970 	.word	0x20000970
 8004b0c:	20000994 	.word	0x20000994

08004b10 <k_sched_lock>:
	K_SPINLOCK(&_sched_spinlock) {
 8004b10:	2300      	movs	r3, #0
  __ASM volatile ("MRS %0, basepri" : "=r" (result) );
 8004b12:	f3ef 8111 	mrs	r1, BASEPRI
  __ASM volatile ("MSR basepri_max, %0" : : "r" (basePri) : "memory");
 8004b16:	2210      	movs	r2, #16
 8004b18:	f382 8812 	msr	BASEPRI_MAX, r2
 8004b1c:	f3bf 8f6f 	isb	sy
	}
#endif /* CONFIG_TICKET_SPINLOCKS */
#endif /* CONFIG_SMP */
	z_spinlock_validate_post(l);

	return k;
 8004b20:	e009      	b.n	8004b36 <k_sched_lock+0x26>
		--_current->base.sched_locked;
 8004b22:	4b06      	ldr	r3, [pc, #24]	@ (8004b3c <k_sched_lock+0x2c>)
 8004b24:	689a      	ldr	r2, [r3, #8]
 8004b26:	7bd3      	ldrb	r3, [r2, #15]
 8004b28:	3b01      	subs	r3, #1
 8004b2a:	73d3      	strb	r3, [r2, #15]
  __ASM volatile ("MSR basepri, %0" : : "r" (basePri) : "memory");
 8004b2c:	f381 8811 	msr	BASEPRI, r1
 8004b30:	f3bf 8f6f 	isb	sy
	K_SPINLOCK(&_sched_spinlock) {
 8004b34:	2301      	movs	r3, #1
 8004b36:	2b00      	cmp	r3, #0
 8004b38:	d0f3      	beq.n	8004b22 <k_sched_lock+0x12>
}
 8004b3a:	4770      	bx	lr
 8004b3c:	20000970 	.word	0x20000970

08004b40 <k_sched_unlock>:
{
 8004b40:	b538      	push	{r3, r4, r5, lr}
  __ASM volatile ("MRS %0, basepri" : "=r" (result) );
 8004b42:	f3ef 8511 	mrs	r5, BASEPRI
  __ASM volatile ("MSR basepri_max, %0" : : "r" (basePri) : "memory");
 8004b46:	2310      	movs	r3, #16
 8004b48:	f383 8812 	msr	BASEPRI_MAX, r3
 8004b4c:	f3bf 8f6f 	isb	sy
	++_current->base.sched_locked;
 8004b50:	4b12      	ldr	r3, [pc, #72]	@ (8004b9c <k_sched_unlock+0x5c>)
 8004b52:	689a      	ldr	r2, [r3, #8]
 8004b54:	7bd1      	ldrb	r1, [r2, #15]
 8004b56:	3101      	adds	r1, #1
 8004b58:	73d1      	strb	r1, [r2, #15]
	return list->head == list;
 8004b5a:	f853 4f18 	ldr.w	r4, [r3, #24]!
	return sys_dlist_is_empty(list) ? NULL : list->head;
 8004b5e:	429c      	cmp	r4, r3
 8004b60:	d015      	beq.n	8004b8e <k_sched_unlock+0x4e>
 8004b62:	b1a4      	cbz	r4, 8004b8e <k_sched_unlock+0x4e>
	uint8_t state = thread->base.thread_state;
 8004b64:	7c13      	ldrb	r3, [r2, #16]
	if (z_is_thread_prevented_from_running(_current)) {
 8004b66:	f013 0f1f 	tst.w	r3, #31
 8004b6a:	d104      	bne.n	8004b76 <k_sched_unlock+0x36>
	return thread->base.preempt <= _PREEMPT_THRESHOLD;
 8004b6c:	89d3      	ldrh	r3, [r2, #14]
	if (thread_is_preemptible(_current) || thread_is_metairq(thread)) {
 8004b6e:	2b7f      	cmp	r3, #127	@ 0x7f
 8004b70:	d901      	bls.n	8004b76 <k_sched_unlock+0x36>
	return node->next != NULL;
 8004b72:	69a3      	ldr	r3, [r4, #24]
	if (IS_ENABLED(CONFIG_SWAP_NONATOMIC)
 8004b74:	b173      	cbz	r3, 8004b94 <k_sched_unlock+0x54>
		if (thread != _current) {
 8004b76:	4294      	cmp	r4, r2
 8004b78:	d002      	beq.n	8004b80 <k_sched_unlock+0x40>
			z_reset_time_slice(thread);
 8004b7a:	4620      	mov	r0, r4
 8004b7c:	f000 f9f4 	bl	8004f68 <z_reset_time_slice>
		_kernel.ready_q.cache = thread;
 8004b80:	4b06      	ldr	r3, [pc, #24]	@ (8004b9c <k_sched_unlock+0x5c>)
 8004b82:	615c      	str	r4, [r3, #20]
	reschedule(&_sched_spinlock, key);
 8004b84:	4629      	mov	r1, r5
 8004b86:	4806      	ldr	r0, [pc, #24]	@ (8004ba0 <k_sched_unlock+0x60>)
 8004b88:	f7ff fe1e 	bl	80047c8 <reschedule>
}
 8004b8c:	bd38      	pop	{r3, r4, r5, pc}
	return (thread != NULL) ? thread : _current_cpu->idle_thread;
 8004b8e:	4b03      	ldr	r3, [pc, #12]	@ (8004b9c <k_sched_unlock+0x5c>)
 8004b90:	68dc      	ldr	r4, [r3, #12]
 8004b92:	e7e7      	b.n	8004b64 <k_sched_unlock+0x24>
		_kernel.ready_q.cache = _current;
 8004b94:	4b01      	ldr	r3, [pc, #4]	@ (8004b9c <k_sched_unlock+0x5c>)
 8004b96:	615a      	str	r2, [r3, #20]
 8004b98:	e7f4      	b.n	8004b84 <k_sched_unlock+0x44>
 8004b9a:	bf00      	nop
 8004b9c:	20000970 	.word	0x20000970
 8004ba0:	20000994 	.word	0x20000994

08004ba4 <z_sched_init>:
{
 8004ba4:	b508      	push	{r3, lr}
	init_ready_q(&_kernel.ready_q);
 8004ba6:	4802      	ldr	r0, [pc, #8]	@ (8004bb0 <z_sched_init+0xc>)
 8004ba8:	f003 f98c 	bl	8007ec4 <init_ready_q>
}
 8004bac:	bd08      	pop	{r3, pc}
 8004bae:	bf00      	nop
 8004bb0:	20000984 	.word	0x20000984

08004bb4 <z_impl_k_yield>:
{
 8004bb4:	b538      	push	{r3, r4, r5, lr}
  __ASM volatile ("MRS %0, basepri" : "=r" (result) );
 8004bb6:	f3ef 8411 	mrs	r4, BASEPRI
  __ASM volatile ("MSR basepri_max, %0" : : "r" (basePri) : "memory");
 8004bba:	2310      	movs	r3, #16
 8004bbc:	f383 8812 	msr	BASEPRI_MAX, r3
 8004bc0:	f3bf 8f6f 	isb	sy
	n = sys_dlist_peek_next_no_check(pq, &_current->base.qnode_dlist);
 8004bc4:	4b21      	ldr	r3, [pc, #132]	@ (8004c4c <z_impl_k_yield+0x98>)
 8004bc6:	689a      	ldr	r2, [r3, #8]
	return (node == list->tail) ? NULL : node->next;
 8004bc8:	69db      	ldr	r3, [r3, #28]
 8004bca:	429a      	cmp	r2, r3
 8004bcc:	d005      	beq.n	8004bda <z_impl_k_yield+0x26>
 8004bce:	6813      	ldr	r3, [r2, #0]
	sys_dnode_t *const prev = node->prev;
 8004bd0:	6851      	ldr	r1, [r2, #4]
	sys_dnode_t *const next = node->next;
 8004bd2:	6812      	ldr	r2, [r2, #0]
	prev->next = next;
 8004bd4:	600a      	str	r2, [r1, #0]
	next->prev = prev;
 8004bd6:	6051      	str	r1, [r2, #4]
}
 8004bd8:	e006      	b.n	8004be8 <z_impl_k_yield+0x34>
	return (node == list->tail) ? NULL : node->next;
 8004bda:	2300      	movs	r3, #0
 8004bdc:	e7f8      	b.n	8004bd0 <z_impl_k_yield+0x1c>
 8004bde:	4a1b      	ldr	r2, [pc, #108]	@ (8004c4c <z_impl_k_yield+0x98>)
 8004be0:	69d2      	ldr	r2, [r2, #28]
 8004be2:	4293      	cmp	r3, r2
 8004be4:	d012      	beq.n	8004c0c <z_impl_k_yield+0x58>
 8004be6:	681b      	ldr	r3, [r3, #0]
	while (n != NULL) {
 8004be8:	b183      	cbz	r3, 8004c0c <z_impl_k_yield+0x58>
		if (z_sched_prio_cmp(_current, t) > 0) {
 8004bea:	4a18      	ldr	r2, [pc, #96]	@ (8004c4c <z_impl_k_yield+0x98>)
 8004bec:	6890      	ldr	r0, [r2, #8]
	int32_t b1 = thread_1->base.prio;
 8004bee:	f990 100e 	ldrsb.w	r1, [r0, #14]
	int32_t b2 = thread_2->base.prio;
 8004bf2:	f993 200e 	ldrsb.w	r2, [r3, #14]
	if (b1 != b2) {
 8004bf6:	4291      	cmp	r1, r2
 8004bf8:	d0f1      	beq.n	8004bde <z_impl_k_yield+0x2a>
		return b2 - b1;
 8004bfa:	1a52      	subs	r2, r2, r1
		if (z_sched_prio_cmp(_current, t) > 0) {
 8004bfc:	2a00      	cmp	r2, #0
 8004bfe:	ddee      	ble.n	8004bde <z_impl_k_yield+0x2a>
	sys_dnode_t *const prev = successor->prev;
 8004c00:	685a      	ldr	r2, [r3, #4]
	node->prev = prev;
 8004c02:	6042      	str	r2, [r0, #4]
	node->next = successor;
 8004c04:	6003      	str	r3, [r0, #0]
	prev->next = node;
 8004c06:	6010      	str	r0, [r2, #0]
	successor->prev = node;
 8004c08:	6058      	str	r0, [r3, #4]
			return;
 8004c0a:	e008      	b.n	8004c1e <z_impl_k_yield+0x6a>
	sys_dlist_append(pq, &_current->base.qnode_dlist);
 8004c0c:	4b0f      	ldr	r3, [pc, #60]	@ (8004c4c <z_impl_k_yield+0x98>)
 8004c0e:	689a      	ldr	r2, [r3, #8]
	sys_dnode_t *const tail = list->tail;
 8004c10:	69d9      	ldr	r1, [r3, #28]
	node->next = list;
 8004c12:	f103 0018 	add.w	r0, r3, #24
 8004c16:	6010      	str	r0, [r2, #0]
	node->prev = tail;
 8004c18:	6051      	str	r1, [r2, #4]
	tail->next = node;
 8004c1a:	600a      	str	r2, [r1, #0]
	list->tail = node;
 8004c1c:	61da      	str	r2, [r3, #28]
	return list->head == list;
 8004c1e:	4b0b      	ldr	r3, [pc, #44]	@ (8004c4c <z_impl_k_yield+0x98>)
 8004c20:	f853 5f18 	ldr.w	r5, [r3, #24]!
	return sys_dlist_is_empty(list) ? NULL : list->head;
 8004c24:	429d      	cmp	r5, r3
 8004c26:	d00d      	beq.n	8004c44 <z_impl_k_yield+0x90>
	if (n != NULL) {
 8004c28:	b165      	cbz	r5, 8004c44 <z_impl_k_yield+0x90>
		if (thread != _current) {
 8004c2a:	4b08      	ldr	r3, [pc, #32]	@ (8004c4c <z_impl_k_yield+0x98>)
 8004c2c:	689b      	ldr	r3, [r3, #8]
 8004c2e:	429d      	cmp	r5, r3
 8004c30:	d002      	beq.n	8004c38 <z_impl_k_yield+0x84>
			z_reset_time_slice(thread);
 8004c32:	4628      	mov	r0, r5
 8004c34:	f000 f998 	bl	8004f68 <z_reset_time_slice>
		_kernel.ready_q.cache = thread;
 8004c38:	4b04      	ldr	r3, [pc, #16]	@ (8004c4c <z_impl_k_yield+0x98>)
 8004c3a:	615d      	str	r5, [r3, #20]
 8004c3c:	4620      	mov	r0, r4
 8004c3e:	f7ff fda9 	bl	8004794 <z_swap_irqlock>
}
 8004c42:	bd38      	pop	{r3, r4, r5, pc}
	return (thread != NULL) ? thread : _current_cpu->idle_thread;
 8004c44:	4b01      	ldr	r3, [pc, #4]	@ (8004c4c <z_impl_k_yield+0x98>)
 8004c46:	68dd      	ldr	r5, [r3, #12]
 8004c48:	e7ef      	b.n	8004c2a <z_impl_k_yield+0x76>
 8004c4a:	bf00      	nop
 8004c4c:	20000970 	.word	0x20000970

08004c50 <z_tick_sleep>:
{
 8004c50:	b5f8      	push	{r3, r4, r5, r6, r7, lr}
	if (K_TIMEOUT_EQ(timeout, K_NO_WAIT)) {
 8004c52:	ea51 0300 	orrs.w	r3, r1, r0
 8004c56:	d028      	beq.n	8004caa <z_tick_sleep+0x5a>
 8004c58:	4605      	mov	r5, r0
 8004c5a:	460c      	mov	r4, r1
  __ASM volatile ("MRS %0, basepri" : "=r" (result) );
 8004c5c:	f3ef 8711 	mrs	r7, BASEPRI
  __ASM volatile ("MSR basepri_max, %0" : : "r" (basePri) : "memory");
 8004c60:	2310      	movs	r3, #16
 8004c62:	f383 8812 	msr	BASEPRI_MAX, r3
 8004c66:	f3bf 8f6f 	isb	sy
	pending_current = _current;
 8004c6a:	4e15      	ldr	r6, [pc, #84]	@ (8004cc0 <z_tick_sleep+0x70>)
 8004c6c:	68b0      	ldr	r0, [r6, #8]
 8004c6e:	4b15      	ldr	r3, [pc, #84]	@ (8004cc4 <z_tick_sleep+0x74>)
 8004c70:	6018      	str	r0, [r3, #0]
	unready_thread(_current);
 8004c72:	f7ff fe1b 	bl	80048ac <unready_thread>
	expected_wakeup_ticks = (uint32_t)z_add_thread_timeout(_current, timeout);
 8004c76:	68b0      	ldr	r0, [r6, #8]
 8004c78:	462a      	mov	r2, r5
 8004c7a:	4623      	mov	r3, r4
 8004c7c:	4912      	ldr	r1, [pc, #72]	@ (8004cc8 <z_tick_sleep+0x78>)
 8004c7e:	3018      	adds	r0, #24
 8004c80:	f000 fa0c 	bl	800509c <z_add_timeout>
 8004c84:	4604      	mov	r4, r0
	z_mark_thread_as_sleeping(_current);
 8004c86:	68b2      	ldr	r2, [r6, #8]
	thread->base.thread_state |= _THREAD_SLEEPING;
 8004c88:	7c13      	ldrb	r3, [r2, #16]
 8004c8a:	f043 0304 	orr.w	r3, r3, #4
 8004c8e:	7413      	strb	r3, [r2, #16]
 8004c90:	4638      	mov	r0, r7
 8004c92:	f7ff fd7f 	bl	8004794 <z_swap_irqlock>
	if (!z_is_aborted_thread_timeout(_current)) {
 8004c96:	68b3      	ldr	r3, [r6, #8]
	return to->dticks == TIMEOUT_DTICKS_ABORTED;
 8004c98:	6a9a      	ldr	r2, [r3, #40]	@ 0x28
 8004c9a:	6adb      	ldr	r3, [r3, #44]	@ 0x2c
 8004c9c:	f1b3 4f00 	cmp.w	r3, #2147483648	@ 0x80000000
 8004ca0:	bf08      	it	eq
 8004ca2:	2a00      	cmpeq	r2, #0
 8004ca4:	d005      	beq.n	8004cb2 <z_tick_sleep+0x62>
		return 0;
 8004ca6:	2000      	movs	r0, #0
}
 8004ca8:	bdf8      	pop	{r3, r4, r5, r6, r7, pc}
	z_impl_k_yield();
 8004caa:	f7ff ff83 	bl	8004bb4 <z_impl_k_yield>
		return 0;
 8004cae:	2000      	movs	r0, #0
 8004cb0:	e7fa      	b.n	8004ca8 <z_tick_sleep+0x58>
	uint32_t left_ticks = expected_wakeup_ticks - sys_clock_tick_get_32();
 8004cb2:	f003 f97c 	bl	8007fae <sys_clock_tick_get_32>
 8004cb6:	1a20      	subs	r0, r4, r0
	if (signed_left > 0) {
 8004cb8:	2800      	cmp	r0, #0
 8004cba:	dcf5      	bgt.n	8004ca8 <z_tick_sleep+0x58>
	return 0;
 8004cbc:	2000      	movs	r0, #0
 8004cbe:	e7f3      	b.n	8004ca8 <z_tick_sleep+0x58>
 8004cc0:	20000970 	.word	0x20000970
 8004cc4:	20000994 	.word	0x20000994
 8004cc8:	08007e45 	.word	0x08007e45

08004ccc <z_impl_k_sleep>:
{
 8004ccc:	b538      	push	{r3, r4, r5, lr}
 8004cce:	4604      	mov	r4, r0
 8004cd0:	460d      	mov	r5, r1
	ticks = z_tick_sleep(timeout);
 8004cd2:	f7ff ffbd 	bl	8004c50 <z_tick_sleep>
 8004cd6:	4603      	mov	r3, r0
	int64_t ms = K_TIMEOUT_EQ(timeout, K_FOREVER) ? K_TICKS_FOREVER :
 8004cd8:	4620      	mov	r0, r4
 8004cda:	f1b5 3fff 	cmp.w	r5, #4294967295
 8004cde:	bf08      	it	eq
 8004ce0:	f1b4 3fff 	cmpeq.w	r4, #4294967295
 8004ce4:	d028      	beq.n	8004d38 <z_impl_k_sleep+0x6c>
		clamp(k_ticks_to_ms_ceil64(ticks), 0, INT_MAX);
 8004ce6:	17da      	asrs	r2, r3, #31
 8004ce8:	f113 0009 	adds.w	r0, r3, #9
 8004cec:	f142 0300 	adc.w	r3, r2, #0
 8004cf0:	2100      	movs	r1, #0
 8004cf2:	18c2      	adds	r2, r0, r3
 8004cf4:	d221      	bcs.n	8004d3a <z_impl_k_sleep+0x6e>
 8004cf6:	440a      	add	r2, r1
 8004cf8:	4911      	ldr	r1, [pc, #68]	@ (8004d40 <z_impl_k_sleep+0x74>)
 8004cfa:	fba1 4502 	umull	r4, r5, r1, r2
 8004cfe:	f025 0403 	bic.w	r4, r5, #3
 8004d02:	eb04 0495 	add.w	r4, r4, r5, lsr #2
 8004d06:	1b12      	subs	r2, r2, r4
 8004d08:	1a80      	subs	r0, r0, r2
 8004d0a:	f163 0300 	sbc.w	r3, r3, #0
 8004d0e:	f04f 32cc 	mov.w	r2, #3435973836	@ 0xcccccccc
 8004d12:	fb00 f202 	mul.w	r2, r0, r2
 8004d16:	fb01 2203 	mla	r2, r1, r3, r2
 8004d1a:	fba0 0101 	umull	r0, r1, r0, r1
 8004d1e:	440a      	add	r2, r1
 8004d20:	0843      	lsrs	r3, r0, #1
 8004d22:	ea43 73c2 	orr.w	r3, r3, r2, lsl #31
 8004d26:	0852      	lsrs	r2, r2, #1
 8004d28:	4618      	mov	r0, r3
 8004d2a:	f1b3 4f00 	cmp.w	r3, #2147483648	@ 0x80000000
 8004d2e:	f172 0200 	sbcs.w	r2, r2, #0
 8004d32:	d301      	bcc.n	8004d38 <z_impl_k_sleep+0x6c>
 8004d34:	f06f 4000 	mvn.w	r0, #2147483648	@ 0x80000000
}
 8004d38:	bd38      	pop	{r3, r4, r5, pc}
		clamp(k_ticks_to_ms_ceil64(ticks), 0, INT_MAX);
 8004d3a:	2101      	movs	r1, #1
 8004d3c:	e7db      	b.n	8004cf6 <z_impl_k_sleep+0x2a>
 8004d3e:	bf00      	nop
 8004d40:	cccccccd 	.word	0xcccccccd

08004d44 <z_impl_k_wakeup>:
{
 8004d44:	b538      	push	{r3, r4, r5, lr}
  __ASM volatile ("MRS %0, basepri" : "=r" (result) );
 8004d46:	f3ef 8511 	mrs	r5, BASEPRI
  __ASM volatile ("MSR basepri_max, %0" : : "r" (basePri) : "memory");
 8004d4a:	2310      	movs	r3, #16
 8004d4c:	f383 8812 	msr	BASEPRI_MAX, r3
 8004d50:	f3bf 8f6f 	isb	sy
	return (thread->base.thread_state & _THREAD_SLEEPING) != 0U;
 8004d54:	7c03      	ldrb	r3, [r0, #16]
	if (z_is_thread_sleeping(thread)) {
 8004d56:	f013 0f04 	tst.w	r3, #4
 8004d5a:	d104      	bne.n	8004d66 <z_impl_k_wakeup+0x22>
  __ASM volatile ("MSR basepri, %0" : : "r" (basePri) : "memory");
 8004d5c:	f385 8811 	msr	BASEPRI, r5
 8004d60:	f3bf 8f6f 	isb	sy
}
 8004d64:	bd38      	pop	{r3, r4, r5, pc}
 8004d66:	4604      	mov	r4, r0
	z_abort_timeout(&thread->base.timeout);
 8004d68:	3018      	adds	r0, #24
 8004d6a:	f003 f8e1 	bl	8007f30 <z_abort_timeout>
	thread->base.thread_state &= ~_THREAD_SLEEPING;
 8004d6e:	7c23      	ldrb	r3, [r4, #16]
 8004d70:	f023 0304 	bic.w	r3, r3, #4
 8004d74:	7423      	strb	r3, [r4, #16]
		ready_thread(thread);
 8004d76:	4620      	mov	r0, r4
 8004d78:	f7ff fd40 	bl	80047fc <ready_thread>
		reschedule(&_sched_spinlock, key);
 8004d7c:	4629      	mov	r1, r5
 8004d7e:	4802      	ldr	r0, [pc, #8]	@ (8004d88 <z_impl_k_wakeup+0x44>)
 8004d80:	f7ff fd22 	bl	80047c8 <reschedule>
 8004d84:	e7ee      	b.n	8004d64 <z_impl_k_wakeup+0x20>
 8004d86:	bf00      	nop
 8004d88:	20000994 	.word	0x20000994

08004d8c <z_impl_k_sched_current_thread_query>:
}
 8004d8c:	4b01      	ldr	r3, [pc, #4]	@ (8004d94 <z_impl_k_sched_current_thread_query+0x8>)
 8004d8e:	6898      	ldr	r0, [r3, #8]
 8004d90:	4770      	bx	lr
 8004d92:	bf00      	nop
 8004d94:	20000970 	.word	0x20000970

08004d98 <z_thread_abort>:
#ifdef IAR_SUPPRESS_ALWAYS_INLINE_WARNING_FLAG
TOOLCHAIN_ENABLE_WARNING(TOOLCHAIN_WARNING_ALWAYS_INLINE)
#endif

void z_thread_abort(struct k_thread *thread)
{
 8004d98:	e92d 43f8 	stmdb	sp!, {r3, r4, r5, r6, r7, r8, r9, lr}
	return (thread->base.user_options & K_ESSENTIAL) == K_ESSENTIAL;
 8004d9c:	8983      	ldrh	r3, [r0, #12]
 8004d9e:	f003 0701 	and.w	r7, r3, #1
  __ASM volatile ("MRS %0, basepri" : "=r" (result) );
 8004da2:	f3ef 8611 	mrs	r6, BASEPRI
  __ASM volatile ("MSR basepri_max, %0" : : "r" (basePri) : "memory");
 8004da6:	2310      	movs	r3, #16
 8004da8:	f383 8812 	msr	BASEPRI_MAX, r3
 8004dac:	f3bf 8f6f 	isb	sy
	return (thread->base.thread_state & _THREAD_DEAD) != 0U;
 8004db0:	7c05      	ldrb	r5, [r0, #16]
	bool essential = z_is_thread_essential(thread);
	k_spinlock_key_t key = k_spin_lock(&_sched_spinlock);

	if (z_is_thread_dead(thread)) {
 8004db2:	f015 0f08 	tst.w	r5, #8
 8004db6:	d11a      	bne.n	8004dee <z_thread_abort+0x56>
 8004db8:	4604      	mov	r4, r0
		k_spin_unlock(&_sched_spinlock, key);
		return;
	}

	z_thread_halt(thread, key, true);
 8004dba:	46b1      	mov	r9, r6
	_wait_q_t *wq = &thread->join_queue;
 8004dbc:	f100 0858 	add.w	r8, r0, #88	@ 0x58
	struct _cpu *cpu = thread_active_elsewhere(thread);
 8004dc0:	f002 ff8a 	bl	8007cd8 <thread_active_elsewhere>
	if (cpu != NULL) {
 8004dc4:	b310      	cbz	r0, 8004e0c <z_thread_abort+0x74>
		thread->base.thread_state |= (terminate ? _THREAD_ABORTING
 8004dc6:	f045 0520 	orr.w	r5, r5, #32
 8004dca:	7425      	strb	r5, [r4, #16]
  __ASM volatile ("MRS %0, ipsr" : "=r" (result) );
 8004dcc:	f3ef 8305 	mrs	r3, IPSR
		if (arch_is_in_isr()) {
 8004dd0:	b19b      	cbz	r3, 8004dfa <z_thread_abort+0x62>
			thread_halt_spin(thread, key);
 8004dd2:	4631      	mov	r1, r6
 8004dd4:	4620      	mov	r0, r4
 8004dd6:	f7ff fd9d 	bl	8004914 <thread_halt_spin>

	if (essential) {
 8004dda:	b167      	cbz	r7, 8004df6 <z_thread_abort+0x5e>
  __ASM volatile ("MSR basepri, %0" : : "r" (basePri) : "memory");
 8004ddc:	2300      	movs	r3, #0
 8004dde:	f383 8811 	msr	BASEPRI, r3
 8004de2:	f3bf 8f6f 	isb	sy
		__ASSERT(!essential, "aborted essential thread %p", thread);
		k_panic();
 8004de6:	2304      	movs	r3, #4
 8004de8:	4618      	mov	r0, r3
 8004dea:	df02      	svc	2
 8004dec:	e003      	b.n	8004df6 <z_thread_abort+0x5e>
 8004dee:	f386 8811 	msr	BASEPRI, r6
 8004df2:	f3bf 8f6f 	isb	sy
	}
}
 8004df6:	e8bd 83f8 	ldmia.w	sp!, {r3, r4, r5, r6, r7, r8, r9, pc}
			add_to_waitq_locked(_current, wq);
 8004dfa:	4641      	mov	r1, r8
 8004dfc:	4b3f      	ldr	r3, [pc, #252]	@ (8004efc <z_thread_abort+0x164>)
 8004dfe:	6898      	ldr	r0, [r3, #8]
 8004e00:	f002 ff6c 	bl	8007cdc <add_to_waitq_locked>
 8004e04:	4630      	mov	r0, r6
 8004e06:	f7ff fcc5 	bl	8004794 <z_swap_irqlock>
 8004e0a:	e7e6      	b.n	8004dda <z_thread_abort+0x42>
		thread->base.thread_state |= new_state;
 8004e0c:	f045 0308 	orr.w	r3, r5, #8
 8004e10:	7423      	strb	r3, [r4, #16]
		if (z_is_thread_queued(thread)) {
 8004e12:	f013 0f80 	tst.w	r3, #128	@ 0x80
 8004e16:	d136      	bne.n	8004e86 <z_thread_abort+0xee>
			if (thread->base.pended_on != NULL) {
 8004e18:	68a3      	ldr	r3, [r4, #8]
 8004e1a:	b15b      	cbz	r3, 8004e34 <z_thread_abort+0x9c>
	sys_dnode_t *const prev = node->prev;
 8004e1c:	6862      	ldr	r2, [r4, #4]
	sys_dnode_t *const next = node->next;
 8004e1e:	6823      	ldr	r3, [r4, #0]
	prev->next = next;
 8004e20:	6013      	str	r3, [r2, #0]
	next->prev = prev;
 8004e22:	605a      	str	r2, [r3, #4]
	node->next = NULL;
 8004e24:	2300      	movs	r3, #0
 8004e26:	6023      	str	r3, [r4, #0]
	node->prev = NULL;
 8004e28:	6063      	str	r3, [r4, #4]
	thread->base.thread_state &= ~_THREAD_PENDING;
 8004e2a:	7c22      	ldrb	r2, [r4, #16]
 8004e2c:	f022 0202 	bic.w	r2, r2, #2
 8004e30:	7422      	strb	r2, [r4, #16]
 8004e32:	60a3      	str	r3, [r4, #8]
 8004e34:	f104 0018 	add.w	r0, r4, #24
 8004e38:	f003 f87a 	bl	8007f30 <z_abort_timeout>
			unpend_all(&thread->join_queue);
 8004e3c:	4640      	mov	r0, r8
 8004e3e:	f002 ff7d 	bl	8007d3c <unpend_all>
			if (thread == _current && arch_is_in_isr()) {
 8004e42:	4b2e      	ldr	r3, [pc, #184]	@ (8004efc <z_thread_abort+0x164>)
 8004e44:	689a      	ldr	r2, [r3, #8]
 8004e46:	4294      	cmp	r4, r2
 8004e48:	d02a      	beq.n	8004ea0 <z_thread_abort+0x108>
	bool dummify = false;
 8004e4a:	2600      	movs	r6, #0
	return list->head == list;
 8004e4c:	4b2b      	ldr	r3, [pc, #172]	@ (8004efc <z_thread_abort+0x164>)
 8004e4e:	f853 5f18 	ldr.w	r5, [r3, #24]!
	return sys_dlist_is_empty(list) ? NULL : list->head;
 8004e52:	429d      	cmp	r5, r3
 8004e54:	d02b      	beq.n	8004eae <z_thread_abort+0x116>
 8004e56:	b355      	cbz	r5, 8004eae <z_thread_abort+0x116>
		if (thread != _current) {
 8004e58:	42aa      	cmp	r2, r5
 8004e5a:	d002      	beq.n	8004e62 <z_thread_abort+0xca>
			z_reset_time_slice(thread);
 8004e5c:	4628      	mov	r0, r5
 8004e5e:	f000 f883 	bl	8004f68 <z_reset_time_slice>
		_kernel.ready_q.cache = thread;
 8004e62:	4b26      	ldr	r3, [pc, #152]	@ (8004efc <z_thread_abort+0x164>)
 8004e64:	615d      	str	r5, [r3, #20]
		arch_coprocessors_disable(thread);
 8004e66:	4620      	mov	r0, r4
 8004e68:	f002 f89b 	bl	8006fa2 <arch_coprocessors_disable>
		z_thread_monitor_exit(thread);
 8004e6c:	4620      	mov	r0, r4
 8004e6e:	f000 f8d5 	bl	800501c <z_thread_monitor_exit>
		if (dummify && !IS_ENABLED(CONFIG_ARCH_POSIX)) {
 8004e72:	b9fe      	cbnz	r6, 8004eb4 <z_thread_abort+0x11c>
		if ((thread == _current) && !arch_is_in_isr()) {
 8004e74:	4b21      	ldr	r3, [pc, #132]	@ (8004efc <z_thread_abort+0x164>)
 8004e76:	689b      	ldr	r3, [r3, #8]
 8004e78:	429c      	cmp	r4, r3
 8004e7a:	d01f      	beq.n	8004ebc <z_thread_abort+0x124>
 8004e7c:	f389 8811 	msr	BASEPRI, r9
 8004e80:	f3bf 8f6f 	isb	sy
 8004e84:	e7a9      	b.n	8004dda <z_thread_abort+0x42>
	thread->base.thread_state &= ~_THREAD_QUEUED;
 8004e86:	f005 057f 	and.w	r5, r5, #127	@ 0x7f
 8004e8a:	f045 0508 	orr.w	r5, r5, #8
 8004e8e:	7425      	strb	r5, [r4, #16]
	sys_dnode_t *const prev = node->prev;
 8004e90:	6862      	ldr	r2, [r4, #4]
	sys_dnode_t *const next = node->next;
 8004e92:	6823      	ldr	r3, [r4, #0]
	prev->next = next;
 8004e94:	6013      	str	r3, [r2, #0]
	next->prev = prev;
 8004e96:	605a      	str	r2, [r3, #4]
	node->next = NULL;
 8004e98:	2300      	movs	r3, #0
 8004e9a:	6023      	str	r3, [r4, #0]
	node->prev = NULL;
 8004e9c:	6063      	str	r3, [r4, #4]
}
 8004e9e:	e7bb      	b.n	8004e18 <z_thread_abort+0x80>
  __ASM volatile ("MRS %0, ipsr" : "=r" (result) );
 8004ea0:	f3ef 8305 	mrs	r3, IPSR
			if (thread == _current && arch_is_in_isr()) {
 8004ea4:	b90b      	cbnz	r3, 8004eaa <z_thread_abort+0x112>
	bool dummify = false;
 8004ea6:	2600      	movs	r6, #0
 8004ea8:	e7d0      	b.n	8004e4c <z_thread_abort+0xb4>
				dummify = true;
 8004eaa:	2601      	movs	r6, #1
 8004eac:	e7ce      	b.n	8004e4c <z_thread_abort+0xb4>
	return (thread != NULL) ? thread : _current_cpu->idle_thread;
 8004eae:	4b13      	ldr	r3, [pc, #76]	@ (8004efc <z_thread_abort+0x164>)
 8004eb0:	68dd      	ldr	r5, [r3, #12]
 8004eb2:	e7d1      	b.n	8004e58 <z_thread_abort+0xc0>
			z_dummy_thread_init(&_thread_dummy);
 8004eb4:	4812      	ldr	r0, [pc, #72]	@ (8004f00 <z_thread_abort+0x168>)
 8004eb6:	f7ff fc5d 	bl	8004774 <z_dummy_thread_init>
 8004eba:	e7db      	b.n	8004e74 <z_thread_abort+0xdc>
 8004ebc:	f3ef 8305 	mrs	r3, IPSR
		if ((thread == _current) && !arch_is_in_isr()) {
 8004ec0:	2b00      	cmp	r3, #0
 8004ec2:	d1db      	bne.n	8004e7c <z_thread_abort+0xe4>
	return (thread->base.user_options & K_ESSENTIAL) == K_ESSENTIAL;
 8004ec4:	89a3      	ldrh	r3, [r4, #12]
			if (z_is_thread_essential(thread)) {
 8004ec6:	f013 0f01 	tst.w	r3, #1
 8004eca:	d012      	beq.n	8004ef2 <z_thread_abort+0x15a>
  __ASM volatile ("MSR basepri, %0" : : "r" (basePri) : "memory");
 8004ecc:	f389 8811 	msr	BASEPRI, r9
 8004ed0:	f3bf 8f6f 	isb	sy
 8004ed4:	2300      	movs	r3, #0
 8004ed6:	f383 8811 	msr	BASEPRI, r3
 8004eda:	f3bf 8f6f 	isb	sy
				k_panic();
 8004ede:	2304      	movs	r3, #4
 8004ee0:	4618      	mov	r0, r3
 8004ee2:	df02      	svc	2
  __ASM volatile ("MRS %0, basepri" : "=r" (result) );
 8004ee4:	f3ef 8911 	mrs	r9, BASEPRI
  __ASM volatile ("MSR basepri_max, %0" : : "r" (basePri) : "memory");
 8004ee8:	2310      	movs	r3, #16
 8004eea:	f383 8812 	msr	BASEPRI_MAX, r3
 8004eee:	f3bf 8f6f 	isb	sy
 8004ef2:	4648      	mov	r0, r9
 8004ef4:	f7ff fc4e 	bl	8004794 <z_swap_irqlock>
			z_swap(&_sched_spinlock, key);
 8004ef8:	e76f      	b.n	8004dda <z_thread_abort+0x42>
 8004efa:	bf00      	nop
 8004efc:	20000970 	.word	0x20000970
 8004f00:	20000730 	.word	0x20000730

08004f04 <z_time_slice_size>:
#endif
	return ret;
}

static int z_time_slice_size(struct k_thread *thread)
{
 8004f04:	4603      	mov	r3, r0
	uint8_t state = thread->base.thread_state;
 8004f06:	7c02      	ldrb	r2, [r0, #16]
	if (z_is_thread_prevented_from_running(thread) ||
 8004f08:	f012 0f1f 	tst.w	r2, #31
 8004f0c:	d110      	bne.n	8004f30 <z_time_slice_size+0x2c>
 8004f0e:	4a0b      	ldr	r2, [pc, #44]	@ (8004f3c <z_time_slice_size+0x38>)
 8004f10:	4290      	cmp	r0, r2
 8004f12:	d00f      	beq.n	8004f34 <z_time_slice_size+0x30>
	int ret = slice_ticks;
 8004f14:	4a0a      	ldr	r2, [pc, #40]	@ (8004f40 <z_time_slice_size+0x3c>)
 8004f16:	6810      	ldr	r0, [r2, #0]
	    z_is_idle_thread_object(thread) ||
 8004f18:	b178      	cbz	r0, 8004f3a <z_time_slice_size+0x36>
	return thread->base.preempt <= _PREEMPT_THRESHOLD;
 8004f1a:	89da      	ldrh	r2, [r3, #14]
	if (thread->base.slice_ticks != 0) {
		return thread->base.slice_ticks;
	}
#endif

	if (thread_is_preemptible(thread) &&
 8004f1c:	2a7f      	cmp	r2, #127	@ 0x7f
 8004f1e:	d80b      	bhi.n	8004f38 <z_time_slice_size+0x34>
	    !z_is_prio_higher(thread->base.prio, slice_max_prio)) {
 8004f20:	f993 200e 	ldrsb.w	r2, [r3, #14]
 8004f24:	4b07      	ldr	r3, [pc, #28]	@ (8004f44 <z_time_slice_size+0x40>)
 8004f26:	681b      	ldr	r3, [r3, #0]
	if (thread_is_preemptible(thread) &&
 8004f28:	429a      	cmp	r2, r3
 8004f2a:	da06      	bge.n	8004f3a <z_time_slice_size+0x36>
		return slice_ticks;
	}

	return 0;
 8004f2c:	2000      	movs	r0, #0
 8004f2e:	4770      	bx	lr
		return 0;
 8004f30:	2000      	movs	r0, #0
 8004f32:	4770      	bx	lr
 8004f34:	2000      	movs	r0, #0
 8004f36:	4770      	bx	lr
	return 0;
 8004f38:	2000      	movs	r0, #0
}
 8004f3a:	4770      	bx	lr
 8004f3c:	200005d0 	.word	0x200005d0
 8004f40:	20000058 	.word	0x20000058
 8004f44:	2000099c 	.word	0x2000099c

08004f48 <slice_timeout>:

static void slice_timeout(struct _timeout *timeout)
{
	int cpu = ARRAY_INDEX(slice_timeouts, timeout);
 8004f48:	4b04      	ldr	r3, [pc, #16]	@ (8004f5c <slice_timeout+0x14>)
 8004f4a:	1ac0      	subs	r0, r0, r3
 8004f4c:	10c0      	asrs	r0, r0, #3
 8004f4e:	4b04      	ldr	r3, [pc, #16]	@ (8004f60 <slice_timeout+0x18>)
 8004f50:	fb03 f000 	mul.w	r0, r3, r0

	slice_expired[cpu] = true;
 8004f54:	4b03      	ldr	r3, [pc, #12]	@ (8004f64 <slice_timeout+0x1c>)
 8004f56:	2201      	movs	r2, #1
 8004f58:	541a      	strb	r2, [r3, r0]
	 * for a different CPU.
	 */
	if (cpu != _current_cpu->id) {
		flag_ipi(IPI_CPU_MASK(cpu));
	}
}
 8004f5a:	4770      	bx	lr
 8004f5c:	200007e0 	.word	0x200007e0
 8004f60:	aaaaaaab 	.word	0xaaaaaaab
 8004f64:	20000998 	.word	0x20000998

08004f68 <z_reset_time_slice>:

void z_reset_time_slice(struct k_thread *thread)
{
 8004f68:	b570      	push	{r4, r5, r6, lr}
	int cpu = _current_cpu->id;
 8004f6a:	4b0c      	ldr	r3, [pc, #48]	@ (8004f9c <z_reset_time_slice+0x34>)
 8004f6c:	7c1e      	ldrb	r6, [r3, #16]
	int slice_size = z_time_slice_size(thread);
 8004f6e:	f7ff ffc9 	bl	8004f04 <z_time_slice_size>
 8004f72:	4604      	mov	r4, r0

	z_abort_timeout(&slice_timeouts[cpu]);
 8004f74:	eb06 0346 	add.w	r3, r6, r6, lsl #1
 8004f78:	4d09      	ldr	r5, [pc, #36]	@ (8004fa0 <z_reset_time_slice+0x38>)
 8004f7a:	eb05 05c3 	add.w	r5, r5, r3, lsl #3
 8004f7e:	4628      	mov	r0, r5
 8004f80:	f002 ffd6 	bl	8007f30 <z_abort_timeout>
	slice_expired[cpu] = false;
 8004f84:	4b07      	ldr	r3, [pc, #28]	@ (8004fa4 <z_reset_time_slice+0x3c>)
 8004f86:	2200      	movs	r2, #0
 8004f88:	559a      	strb	r2, [r3, r6]
	if (slice_size != 0) {
 8004f8a:	b904      	cbnz	r4, 8004f8e <z_reset_time_slice+0x26>
		z_add_timeout(&slice_timeouts[cpu], slice_timeout,
			      K_TICKS(slice_size - 1));
	}
}
 8004f8c:	bd70      	pop	{r4, r5, r6, pc}
			      K_TICKS(slice_size - 1));
 8004f8e:	1e62      	subs	r2, r4, #1
		z_add_timeout(&slice_timeouts[cpu], slice_timeout,
 8004f90:	17d3      	asrs	r3, r2, #31
 8004f92:	4905      	ldr	r1, [pc, #20]	@ (8004fa8 <z_reset_time_slice+0x40>)
 8004f94:	4628      	mov	r0, r5
 8004f96:	f000 f881 	bl	800509c <z_add_timeout>
}
 8004f9a:	e7f7      	b.n	8004f8c <z_reset_time_slice+0x24>
 8004f9c:	20000970 	.word	0x20000970
 8004fa0:	200007e0 	.word	0x200007e0
 8004fa4:	20000998 	.word	0x20000998
 8004fa8:	08004f49 	.word	0x08004f49

08004fac <z_time_slice>:
}
#endif

/* Called out of each timer and IPI interrupt */
void z_time_slice(void)
{
 8004fac:	b538      	push	{r3, r4, r5, lr}
  __ASM volatile ("MRS %0, basepri" : "=r" (result) );
 8004fae:	f3ef 8511 	mrs	r5, BASEPRI
  __ASM volatile ("MSR basepri_max, %0" : : "r" (basePri) : "memory");
 8004fb2:	2310      	movs	r3, #16
 8004fb4:	f383 8812 	msr	BASEPRI_MAX, r3
 8004fb8:	f3bf 8f6f 	isb	sy
	k_spinlock_key_t key = k_spin_lock(&_sched_spinlock);
	struct k_thread *curr = _current;
 8004fbc:	4b14      	ldr	r3, [pc, #80]	@ (8005010 <z_time_slice+0x64>)
 8004fbe:	689c      	ldr	r4, [r3, #8]

#ifdef CONFIG_SWAP_NONATOMIC
	if (pending_current == curr) {
 8004fc0:	4b14      	ldr	r3, [pc, #80]	@ (8005014 <z_time_slice+0x68>)
 8004fc2:	681b      	ldr	r3, [r3, #0]
 8004fc4:	42a3      	cmp	r3, r4
 8004fc6:	d017      	beq.n	8004ff8 <z_time_slice+0x4c>
		z_reset_time_slice(curr);
		k_spin_unlock(&_sched_spinlock, key);
		return;
	}
	pending_current = NULL;
 8004fc8:	4b12      	ldr	r3, [pc, #72]	@ (8005014 <z_time_slice+0x68>)
 8004fca:	2200      	movs	r2, #0
 8004fcc:	601a      	str	r2, [r3, #0]
#endif

	if (slice_expired[_current_cpu->id] && (z_time_slice_size(curr) != 0)) {
 8004fce:	4b10      	ldr	r3, [pc, #64]	@ (8005010 <z_time_slice+0x64>)
 8004fd0:	7c1b      	ldrb	r3, [r3, #16]
 8004fd2:	4a11      	ldr	r2, [pc, #68]	@ (8005018 <z_time_slice+0x6c>)
 8004fd4:	5cd3      	ldrb	r3, [r2, r3]
 8004fd6:	b153      	cbz	r3, 8004fee <z_time_slice+0x42>
 8004fd8:	4620      	mov	r0, r4
 8004fda:	f7ff ff93 	bl	8004f04 <z_time_slice_size>
 8004fde:	b130      	cbz	r0, 8004fee <z_time_slice+0x42>
	uint8_t state = thread->base.thread_state;
 8004fe0:	7c23      	ldrb	r3, [r4, #16]
			k_spin_unlock(&_sched_spinlock, key);
			handler(curr, curr->base.slice_data);
			key = k_spin_lock(&_sched_spinlock);
		}
#endif
		if (!z_is_thread_prevented_from_running(curr)) {
 8004fe2:	f013 0f1f 	tst.w	r3, #31
 8004fe6:	d00f      	beq.n	8005008 <z_time_slice+0x5c>
			move_current_to_end_of_prio_q();
		}
		z_reset_time_slice(curr);
 8004fe8:	4620      	mov	r0, r4
 8004fea:	f7ff ffbd 	bl	8004f68 <z_reset_time_slice>
  __ASM volatile ("MSR basepri, %0" : : "r" (basePri) : "memory");
 8004fee:	f385 8811 	msr	BASEPRI, r5
 8004ff2:	f3bf 8f6f 	isb	sy
	}
	k_spin_unlock(&_sched_spinlock, key);
}
 8004ff6:	bd38      	pop	{r3, r4, r5, pc}
		z_reset_time_slice(curr);
 8004ff8:	4620      	mov	r0, r4
 8004ffa:	f7ff ffb5 	bl	8004f68 <z_reset_time_slice>
 8004ffe:	f385 8811 	msr	BASEPRI, r5
 8005002:	f3bf 8f6f 	isb	sy
		return;
 8005006:	e7f6      	b.n	8004ff6 <z_time_slice+0x4a>
			move_current_to_end_of_prio_q();
 8005008:	f7ff fd22 	bl	8004a50 <move_current_to_end_of_prio_q>
 800500c:	e7ec      	b.n	8004fe8 <z_time_slice+0x3c>
 800500e:	bf00      	nop
 8005010:	20000970 	.word	0x20000970
 8005014:	20000994 	.word	0x20000994
 8005018:	20000998 	.word	0x20000998

0800501c <z_thread_monitor_exit>:
  __ASM volatile ("MRS %0, basepri" : "=r" (result) );
 800501c:	f3ef 8111 	mrs	r1, BASEPRI
  __ASM volatile ("MSR basepri_max, %0" : : "r" (basePri) : "memory");
 8005020:	2310      	movs	r3, #16
 8005022:	f383 8812 	msr	BASEPRI_MAX, r3
 8005026:	f3bf 8f6f 	isb	sy
 */
void z_thread_monitor_exit(struct k_thread *thread)
{
	k_spinlock_key_t key = k_spin_lock(&z_thread_monitor_lock);

	if (thread == _kernel.threads) {
 800502a:	4b0a      	ldr	r3, [pc, #40]	@ (8005054 <z_thread_monitor_exit+0x38>)
 800502c:	6a1b      	ldr	r3, [r3, #32]
 800502e:	4283      	cmp	r3, r0
 8005030:	d104      	bne.n	800503c <z_thread_monitor_exit+0x20>
		_kernel.threads = _kernel.threads->next_thread;
 8005032:	6f1a      	ldr	r2, [r3, #112]	@ 0x70
 8005034:	4b07      	ldr	r3, [pc, #28]	@ (8005054 <z_thread_monitor_exit+0x38>)
 8005036:	621a      	str	r2, [r3, #32]
 8005038:	e007      	b.n	800504a <z_thread_monitor_exit+0x2e>
		struct k_thread *prev_thread;

		prev_thread = _kernel.threads;
		while ((prev_thread != NULL) &&
			(thread != prev_thread->next_thread)) {
			prev_thread = prev_thread->next_thread;
 800503a:	4613      	mov	r3, r2
		while ((prev_thread != NULL) &&
 800503c:	b113      	cbz	r3, 8005044 <z_thread_monitor_exit+0x28>
			(thread != prev_thread->next_thread)) {
 800503e:	6f1a      	ldr	r2, [r3, #112]	@ 0x70
		while ((prev_thread != NULL) &&
 8005040:	4282      	cmp	r2, r0
 8005042:	d1fa      	bne.n	800503a <z_thread_monitor_exit+0x1e>
		}
		if (prev_thread != NULL) {
 8005044:	b10b      	cbz	r3, 800504a <z_thread_monitor_exit+0x2e>
			prev_thread->next_thread = thread->next_thread;
 8005046:	6f02      	ldr	r2, [r0, #112]	@ 0x70
 8005048:	671a      	str	r2, [r3, #112]	@ 0x70
  __ASM volatile ("MSR basepri, %0" : : "r" (basePri) : "memory");
 800504a:	f381 8811 	msr	BASEPRI, r1
 800504e:	f3bf 8f6f 	isb	sy
		}
	}

	k_spin_unlock(&z_thread_monitor_lock, key);
}
 8005052:	4770      	bx	lr
 8005054:	20000970 	.word	0x20000970

08005058 <first>:
	return list->head == list;
 8005058:	4b03      	ldr	r3, [pc, #12]	@ (8005068 <first+0x10>)
 800505a:	6818      	ldr	r0, [r3, #0]
	return sys_dlist_is_empty(list) ? NULL : list->head;
 800505c:	4298      	cmp	r0, r3
 800505e:	d000      	beq.n	8005062 <first+0xa>
static struct _timeout *first(void)
{
	sys_dnode_t *t = sys_dlist_peek_head(&timeout_list);

	return (t == NULL) ? NULL : CONTAINER_OF(t, struct _timeout, node);
}
 8005060:	4770      	bx	lr
 8005062:	2000      	movs	r0, #0
	return (t == NULL) ? NULL : CONTAINER_OF(t, struct _timeout, node);
 8005064:	e7fc      	b.n	8005060 <first+0x8>
 8005066:	bf00      	nop
 8005068:	2000005c 	.word	0x2000005c

0800506c <next>:
	return (node != NULL) ? sys_dlist_peek_next_no_check(list, node) : NULL;
 800506c:	b130      	cbz	r0, 800507c <next+0x10>
	return (node == list->tail) ? NULL : node->next;
 800506e:	4a04      	ldr	r2, [pc, #16]	@ (8005080 <next+0x14>)
 8005070:	6852      	ldr	r2, [r2, #4]
 8005072:	4290      	cmp	r0, r2
 8005074:	d001      	beq.n	800507a <next+0xe>
 8005076:	6800      	ldr	r0, [r0, #0]
 8005078:	4770      	bx	lr
 800507a:	2000      	movs	r0, #0
static struct _timeout *next(struct _timeout *t)
{
	sys_dnode_t *n = sys_dlist_peek_next(&timeout_list, &t->node);

	return (n == NULL) ? NULL : CONTAINER_OF(n, struct _timeout, node);
}
 800507c:	4770      	bx	lr
 800507e:	bf00      	nop
 8005080:	2000005c 	.word	0x2000005c

08005084 <elapsed>:

	sys_dlist_remove(&t->node);
}

static int32_t elapsed(void)
{
 8005084:	b508      	push	{r3, lr}
	 *
	 * The distinction is implemented by looking at announce_remaining which
	 * will be non-zero while sys_clock_announce() is executing and zero
	 * otherwise.
	 */
	return announce_remaining == 0 ? sys_clock_elapsed() : 0U;
 8005086:	4b04      	ldr	r3, [pc, #16]	@ (8005098 <elapsed+0x14>)
 8005088:	681b      	ldr	r3, [r3, #0]
 800508a:	b10b      	cbz	r3, 8005090 <elapsed+0xc>
 800508c:	2000      	movs	r0, #0
}
 800508e:	bd08      	pop	{r3, pc}
	return announce_remaining == 0 ? sys_clock_elapsed() : 0U;
 8005090:	f7fe ff36 	bl	8003f00 <sys_clock_elapsed>
 8005094:	e7fb      	b.n	800508e <elapsed+0xa>
 8005096:	bf00      	nop
 8005098:	200009a0 	.word	0x200009a0

0800509c <z_add_timeout>:

	return ret;
}

k_ticks_t z_add_timeout(struct _timeout *to, _timeout_func_t fn, k_timeout_t timeout)
{
 800509c:	e92d 4ff0 	stmdb	sp!, {r4, r5, r6, r7, r8, r9, sl, fp, lr}
 80050a0:	b083      	sub	sp, #12
	k_ticks_t ticks = 0;

	if (K_TIMEOUT_EQ(timeout, K_FOREVER)) {
 80050a2:	f1b3 3fff 	cmp.w	r3, #4294967295
 80050a6:	bf08      	it	eq
 80050a8:	f1b2 3fff 	cmpeq.w	r2, #4294967295
 80050ac:	d00e      	beq.n	80050cc <z_add_timeout+0x30>
 80050ae:	4604      	mov	r4, r0
 80050b0:	4691      	mov	r9, r2
 80050b2:	461f      	mov	r7, r3
#ifdef CONFIG_KERNEL_COHERENCE
	__ASSERT_NO_MSG(sys_cache_is_mem_coherent(to));
#endif /* CONFIG_KERNEL_COHERENCE */

	__ASSERT(!sys_dnode_is_linked(&to->node), "");
	to->fn = fn;
 80050b4:	6081      	str	r1, [r0, #8]

	K_SPINLOCK(&timeout_lock) {
 80050b6:	2300      	movs	r3, #0
  __ASM volatile ("MRS %0, basepri" : "=r" (result) );
 80050b8:	f3ef 8a11 	mrs	sl, BASEPRI
  __ASM volatile ("MSR basepri_max, %0" : : "r" (basePri) : "memory");
 80050bc:	2210      	movs	r2, #16
 80050be:	f382 8812 	msr	BASEPRI_MAX, r2
 80050c2:	f3bf 8f6f 	isb	sy
	k_ticks_t ticks = 0;
 80050c6:	461d      	mov	r5, r3
 80050c8:	9301      	str	r3, [sp, #4]
 80050ca:	e035      	b.n	8005138 <z_add_timeout+0x9c>
		return 0;
 80050cc:	2500      	movs	r5, #0
 80050ce:	9501      	str	r5, [sp, #4]
			sys_clock_set_timeout(next_timeout(ticks_elapsed), false);
		}
	}

	return ticks;
}
 80050d0:	4628      	mov	r0, r5
 80050d2:	9901      	ldr	r1, [sp, #4]
 80050d4:	b003      	add	sp, #12
 80050d6:	e8bd 8ff0 	ldmia.w	sp!, {r4, r5, r6, r7, r8, r9, sl, fp, pc}
			ticks_elapsed = elapsed();
 80050da:	f7ff ffd3 	bl	8005084 <elapsed>
 80050de:	4680      	mov	r8, r0
			to->dticks = timeout.ticks + 1 + ticks_elapsed;
 80050e0:	3501      	adds	r5, #1
 80050e2:	f147 0600 	adc.w	r6, r7, #0
 80050e6:	1945      	adds	r5, r0, r5
 80050e8:	eb46 76e0 	adc.w	r6, r6, r0, asr #31
 80050ec:	6125      	str	r5, [r4, #16]
 80050ee:	6166      	str	r6, [r4, #20]
			ticks = curr_tick + to->dticks;
 80050f0:	4a34      	ldr	r2, [pc, #208]	@ (80051c4 <z_add_timeout+0x128>)
 80050f2:	6813      	ldr	r3, [r2, #0]
 80050f4:	6852      	ldr	r2, [r2, #4]
 80050f6:	18ed      	adds	r5, r5, r3
 80050f8:	eb46 0302 	adc.w	r3, r6, r2
 80050fc:	9301      	str	r3, [sp, #4]
			has_elapsed = true;
 80050fe:	f04f 0b01 	mov.w	fp, #1
 8005102:	e038      	b.n	8005176 <z_add_timeout+0xda>
				t->dticks -= to->dticks;
 8005104:	1ac9      	subs	r1, r1, r3
 8005106:	eb66 0202 	sbc.w	r2, r6, r2
 800510a:	6101      	str	r1, [r0, #16]
 800510c:	6142      	str	r2, [r0, #20]
	sys_dnode_t *const prev = successor->prev;
 800510e:	6843      	ldr	r3, [r0, #4]
	node->prev = prev;
 8005110:	6063      	str	r3, [r4, #4]
	node->next = successor;
 8005112:	6020      	str	r0, [r4, #0]
	prev->next = node;
 8005114:	601c      	str	r4, [r3, #0]
	successor->prev = node;
 8005116:	6044      	str	r4, [r0, #4]
		if (t == NULL) {
 8005118:	e005      	b.n	8005126 <z_add_timeout+0x8a>
	sys_dnode_t *const tail = list->tail;
 800511a:	4b2b      	ldr	r3, [pc, #172]	@ (80051c8 <z_add_timeout+0x12c>)
 800511c:	685a      	ldr	r2, [r3, #4]
	node->next = list;
 800511e:	6023      	str	r3, [r4, #0]
	node->prev = tail;
 8005120:	6062      	str	r2, [r4, #4]
	tail->next = node;
 8005122:	6014      	str	r4, [r2, #0]
	list->tail = node;
 8005124:	605c      	str	r4, [r3, #4]
		if (to == first() && announce_remaining == 0) {
 8005126:	f7ff ff97 	bl	8005058 <first>
 800512a:	4284      	cmp	r4, r0
 800512c:	d037      	beq.n	800519e <z_add_timeout+0x102>
  __ASM volatile ("MSR basepri, %0" : : "r" (basePri) : "memory");
 800512e:	f38a 8811 	msr	BASEPRI, sl
 8005132:	f3bf 8f6f 	isb	sy
	K_SPINLOCK(&timeout_lock) {
 8005136:	2301      	movs	r3, #1
 8005138:	2b00      	cmp	r3, #0
 800513a:	d1c9      	bne.n	80050d0 <z_add_timeout+0x34>
		if (Z_IS_TIMEOUT_RELATIVE(timeout)) {
 800513c:	464d      	mov	r5, r9
 800513e:	9701      	str	r7, [sp, #4]
 8005140:	2f00      	cmp	r7, #0
 8005142:	daca      	bge.n	80050da <z_add_timeout+0x3e>
			k_ticks_t dticks = Z_TICK_ABS(timeout.ticks) - curr_tick;
 8005144:	4b1f      	ldr	r3, [pc, #124]	@ (80051c4 <z_add_timeout+0x128>)
 8005146:	6819      	ldr	r1, [r3, #0]
 8005148:	685b      	ldr	r3, [r3, #4]
 800514a:	1869      	adds	r1, r5, r1
 800514c:	eb43 0307 	adc.w	r3, r3, r7
 8005150:	f06f 0201 	mvn.w	r2, #1
 8005154:	1a52      	subs	r2, r2, r1
 8005156:	f04f 31ff 	mov.w	r1, #4294967295
 800515a:	eb61 0303 	sbc.w	r3, r1, r3
			to->dticks = max(1, dticks);
 800515e:	4610      	mov	r0, r2
 8005160:	4619      	mov	r1, r3
 8005162:	2a01      	cmp	r2, #1
 8005164:	f173 0300 	sbcs.w	r3, r3, #0
 8005168:	da01      	bge.n	800516e <z_add_timeout+0xd2>
 800516a:	2001      	movs	r0, #1
 800516c:	2100      	movs	r1, #0
 800516e:	6120      	str	r0, [r4, #16]
 8005170:	6161      	str	r1, [r4, #20]
		bool has_elapsed = false;
 8005172:	f04f 0b00 	mov.w	fp, #0
		for (t = first(); t != NULL; t = next(t)) {
 8005176:	f7ff ff6f 	bl	8005058 <first>
 800517a:	2800      	cmp	r0, #0
 800517c:	d0cd      	beq.n	800511a <z_add_timeout+0x7e>
			if (t->dticks > to->dticks) {
 800517e:	6901      	ldr	r1, [r0, #16]
 8005180:	6946      	ldr	r6, [r0, #20]
 8005182:	6923      	ldr	r3, [r4, #16]
 8005184:	6962      	ldr	r2, [r4, #20]
 8005186:	428b      	cmp	r3, r1
 8005188:	eb72 0e06 	sbcs.w	lr, r2, r6
 800518c:	dbba      	blt.n	8005104 <z_add_timeout+0x68>
			to->dticks -= t->dticks;
 800518e:	1a5b      	subs	r3, r3, r1
 8005190:	eb62 0206 	sbc.w	r2, r2, r6
 8005194:	6123      	str	r3, [r4, #16]
 8005196:	6162      	str	r2, [r4, #20]
		for (t = first(); t != NULL; t = next(t)) {
 8005198:	f7ff ff68 	bl	800506c <next>
 800519c:	e7ed      	b.n	800517a <z_add_timeout+0xde>
		if (to == first() && announce_remaining == 0) {
 800519e:	4b0b      	ldr	r3, [pc, #44]	@ (80051cc <z_add_timeout+0x130>)
 80051a0:	681b      	ldr	r3, [r3, #0]
 80051a2:	2b00      	cmp	r3, #0
 80051a4:	d1c3      	bne.n	800512e <z_add_timeout+0x92>
			if (!has_elapsed) {
 80051a6:	f1bb 0f00 	cmp.w	fp, #0
 80051aa:	d006      	beq.n	80051ba <z_add_timeout+0x11e>
			sys_clock_set_timeout(next_timeout(ticks_elapsed), false);
 80051ac:	4640      	mov	r0, r8
 80051ae:	f002 fea4 	bl	8007efa <next_timeout>
 80051b2:	2100      	movs	r1, #0
 80051b4:	f7fe fe12 	bl	8003ddc <sys_clock_set_timeout>
 80051b8:	e7b9      	b.n	800512e <z_add_timeout+0x92>
				ticks_elapsed = elapsed();
 80051ba:	f7ff ff63 	bl	8005084 <elapsed>
 80051be:	4680      	mov	r8, r0
 80051c0:	e7f4      	b.n	80051ac <z_add_timeout+0x110>
 80051c2:	bf00      	nop
 80051c4:	200007f8 	.word	0x200007f8
 80051c8:	2000005c 	.word	0x2000005c
 80051cc:	200009a0 	.word	0x200009a0

080051d0 <sys_clock_announce_locked>:
	}
	return ret;
}

void sys_clock_announce_locked(int32_t ticks, k_spinlock_key_t key)
{
 80051d0:	b570      	push	{r4, r5, r6, lr}
 80051d2:	460e      	mov	r6, r1
		announce_remaining += ticks;
		k_spin_unlock(&timeout_lock, key);
		return;
	}

	announce_remaining = ticks;
 80051d4:	4b2d      	ldr	r3, [pc, #180]	@ (800528c <sys_clock_announce_locked+0xbc>)
 80051d6:	6018      	str	r0, [r3, #0]

	struct _timeout *t;

	for (t = first();
 80051d8:	f7ff ff3e 	bl	8005058 <first>
 80051dc:	4604      	mov	r4, r0
 80051de:	e028      	b.n	8005232 <sys_clock_announce_locked+0x62>
	     (t != NULL) && (t->dticks <= announce_remaining);
	     t = first()) {
		int dt = t->dticks;

		curr_tick += dt;
 80051e0:	4a2b      	ldr	r2, [pc, #172]	@ (8005290 <sys_clock_announce_locked+0xc0>)
 80051e2:	6813      	ldr	r3, [r2, #0]
 80051e4:	6851      	ldr	r1, [r2, #4]
 80051e6:	195b      	adds	r3, r3, r5
 80051e8:	eb41 71e5 	adc.w	r1, r1, r5, asr #31
 80051ec:	6013      	str	r3, [r2, #0]
 80051ee:	6051      	str	r1, [r2, #4]
		t->dticks = 0;
 80051f0:	2200      	movs	r2, #0
 80051f2:	2300      	movs	r3, #0
 80051f4:	e9c4 2304 	strd	r2, r3, [r4, #16]
		remove_timeout(t);
 80051f8:	4620      	mov	r0, r4
 80051fa:	f002 fe67 	bl	8007ecc <remove_timeout>
		t->dticks = TIMEOUT_DTICKS_ANNOUNCING;
 80051fe:	2201      	movs	r2, #1
 8005200:	f04f 4300 	mov.w	r3, #2147483648	@ 0x80000000
 8005204:	e9c4 2304 	strd	r2, r3, [r4, #16]
 8005208:	f386 8811 	msr	BASEPRI, r6
 800520c:	f3bf 8f6f 	isb	sy

		k_spin_unlock(&timeout_lock, key);
		t->fn(t);
 8005210:	68a3      	ldr	r3, [r4, #8]
 8005212:	4620      	mov	r0, r4
 8005214:	4798      	blx	r3
  __ASM volatile ("MRS %0, basepri" : "=r" (result) );
 8005216:	f3ef 8611 	mrs	r6, BASEPRI
  __ASM volatile ("MSR basepri_max, %0" : : "r" (basePri) : "memory");
 800521a:	2310      	movs	r3, #16
 800521c:	f383 8812 	msr	BASEPRI_MAX, r3
 8005220:	f3bf 8f6f 	isb	sy
		key = k_spin_lock(&timeout_lock);
		announce_remaining -= dt;
 8005224:	4a19      	ldr	r2, [pc, #100]	@ (800528c <sys_clock_announce_locked+0xbc>)
 8005226:	6813      	ldr	r3, [r2, #0]
 8005228:	1b5b      	subs	r3, r3, r5
 800522a:	6013      	str	r3, [r2, #0]
	     t = first()) {
 800522c:	f7ff ff14 	bl	8005058 <first>
 8005230:	4604      	mov	r4, r0
	     (t != NULL) && (t->dticks <= announce_remaining);
 8005232:	b13c      	cbz	r4, 8005244 <sys_clock_announce_locked+0x74>
 8005234:	6925      	ldr	r5, [r4, #16]
 8005236:	6961      	ldr	r1, [r4, #20]
 8005238:	4b14      	ldr	r3, [pc, #80]	@ (800528c <sys_clock_announce_locked+0xbc>)
 800523a:	681a      	ldr	r2, [r3, #0]
 800523c:	17d3      	asrs	r3, r2, #31
 800523e:	42aa      	cmp	r2, r5
 8005240:	418b      	sbcs	r3, r1
 8005242:	dacd      	bge.n	80051e0 <sys_clock_announce_locked+0x10>
	}

	if (t != NULL) {
 8005244:	b144      	cbz	r4, 8005258 <sys_clock_announce_locked+0x88>
		t->dticks -= announce_remaining;
 8005246:	6923      	ldr	r3, [r4, #16]
 8005248:	6962      	ldr	r2, [r4, #20]
 800524a:	4910      	ldr	r1, [pc, #64]	@ (800528c <sys_clock_announce_locked+0xbc>)
 800524c:	6809      	ldr	r1, [r1, #0]
 800524e:	1a5b      	subs	r3, r3, r1
 8005250:	eb62 72e1 	sbc.w	r2, r2, r1, asr #31
 8005254:	6123      	str	r3, [r4, #16]
 8005256:	6162      	str	r2, [r4, #20]
	}

	curr_tick += announce_remaining;
 8005258:	4a0d      	ldr	r2, [pc, #52]	@ (8005290 <sys_clock_announce_locked+0xc0>)
 800525a:	4d0c      	ldr	r5, [pc, #48]	@ (800528c <sys_clock_announce_locked+0xbc>)
 800525c:	6828      	ldr	r0, [r5, #0]
 800525e:	6813      	ldr	r3, [r2, #0]
 8005260:	6851      	ldr	r1, [r2, #4]
 8005262:	181b      	adds	r3, r3, r0
 8005264:	eb41 71e0 	adc.w	r1, r1, r0, asr #31
 8005268:	6013      	str	r3, [r2, #0]
 800526a:	6051      	str	r1, [r2, #4]
	announce_remaining = 0;
 800526c:	2400      	movs	r4, #0
 800526e:	602c      	str	r4, [r5, #0]

	sys_clock_set_timeout(next_timeout(0), false);
 8005270:	4620      	mov	r0, r4
 8005272:	f002 fe42 	bl	8007efa <next_timeout>
 8005276:	4621      	mov	r1, r4
 8005278:	f7fe fdb0 	bl	8003ddc <sys_clock_set_timeout>
  __ASM volatile ("MSR basepri, %0" : : "r" (basePri) : "memory");
 800527c:	f386 8811 	msr	BASEPRI, r6
 8005280:	f3bf 8f6f 	isb	sy

	k_spin_unlock(&timeout_lock, key);

#ifdef CONFIG_TIMESLICING
	z_time_slice();
 8005284:	f7ff fe92 	bl	8004fac <z_time_slice>
#endif /* CONFIG_TIMESLICING */
}
 8005288:	bd70      	pop	{r4, r5, r6, pc}
 800528a:	bf00      	nop
 800528c:	200009a0 	.word	0x200009a0
 8005290:	200007f8 	.word	0x200007f8

08005294 <sys_clock_tick_get>:
	k_spin_unlock(&timeout_lock, key);
}
#endif

int64_t sys_clock_tick_get(void)
{
 8005294:	b510      	push	{r4, lr}
	uint64_t t = 0U;

	K_SPINLOCK(&timeout_lock) {
 8005296:	2200      	movs	r2, #0
  __ASM volatile ("MRS %0, basepri" : "=r" (result) );
 8005298:	f3ef 8411 	mrs	r4, BASEPRI
  __ASM volatile ("MSR basepri_max, %0" : : "r" (basePri) : "memory");
 800529c:	2310      	movs	r3, #16
 800529e:	f383 8812 	msr	BASEPRI_MAX, r3
 80052a2:	f3bf 8f6f 	isb	sy
	uint64_t t = 0U;
 80052a6:	4613      	mov	r3, r2
 80052a8:	4611      	mov	r1, r2
 80052aa:	e00c      	b.n	80052c6 <sys_clock_tick_get+0x32>
		t = curr_tick + elapsed();
 80052ac:	f7ff feea 	bl	8005084 <elapsed>
 80052b0:	4a07      	ldr	r2, [pc, #28]	@ (80052d0 <sys_clock_tick_get+0x3c>)
 80052b2:	6813      	ldr	r3, [r2, #0]
 80052b4:	6851      	ldr	r1, [r2, #4]
 80052b6:	18c3      	adds	r3, r0, r3
 80052b8:	eb41 71e0 	adc.w	r1, r1, r0, asr #31
  __ASM volatile ("MSR basepri, %0" : : "r" (basePri) : "memory");
 80052bc:	f384 8811 	msr	BASEPRI, r4
 80052c0:	f3bf 8f6f 	isb	sy
	K_SPINLOCK(&timeout_lock) {
 80052c4:	2201      	movs	r2, #1
 80052c6:	2a00      	cmp	r2, #0
 80052c8:	d0f0      	beq.n	80052ac <sys_clock_tick_get+0x18>
	}
	return t;
}
 80052ca:	4618      	mov	r0, r3
 80052cc:	bd10      	pop	{r4, pc}
 80052ce:	bf00      	nop
 80052d0:	200007f8 	.word	0x200007f8

080052d4 <z_timer_expiration_handler>:
  __ASM volatile ("MRS %0, basepri" : "=r" (result) );
 80052d4:	f3ef 8311 	mrs	r3, BASEPRI
  __ASM volatile ("MSR basepri_max, %0" : : "r" (basePri) : "memory");
 80052d8:	2210      	movs	r2, #16
 80052da:	f382 8812 	msr	BASEPRI_MAX, r2
 80052de:	f3bf 8f6f 	isb	sy
	return (to->dticks != TIMEOUT_DTICKS_ANNOUNCING);
 80052e2:	6901      	ldr	r1, [r0, #16]
 80052e4:	6942      	ldr	r2, [r0, #20]
{
	struct k_timer *timer = CONTAINER_OF(t, struct k_timer, timeout);
	struct k_thread *thread;
	k_spinlock_key_t key = k_spin_lock(&lock);

	if (z_is_timeout_handler_canceled(t)) {
 80052e6:	f1b2 4f00 	cmp.w	r2, #2147483648	@ 0x80000000
 80052ea:	bf08      	it	eq
 80052ec:	2901      	cmpeq	r1, #1
 80052ee:	d004      	beq.n	80052fa <z_timer_expiration_handler+0x26>
  __ASM volatile ("MSR basepri, %0" : : "r" (basePri) : "memory");
 80052f0:	f383 8811 	msr	BASEPRI, r3
 80052f4:	f3bf 8f6f 	isb	sy
		k_spin_unlock(&lock, key);
		return;
 80052f8:	4770      	bx	lr
{
 80052fa:	e92d 41f0 	stmdb	sp!, {r4, r5, r6, r7, r8, lr}
 80052fe:	4604      	mov	r4, r0
 8005300:	461d      	mov	r5, r3

	/*
	 * if the timer is periodic, start it again; don't add _TICK_ALIGN
	 * since we're already aligned to a tick boundary
	 */
	if (!K_TIMEOUT_EQ(timer->period, K_NO_WAIT) &&
 8005302:	6a86      	ldr	r6, [r0, #40]	@ 0x28
 8005304:	6ac2      	ldr	r2, [r0, #44]	@ 0x2c
 8005306:	ea56 0102 	orrs.w	r1, r6, r2
 800530a:	d005      	beq.n	8005318 <z_timer_expiration_handler+0x44>
 800530c:	f1b2 3fff 	cmp.w	r2, #4294967295
 8005310:	bf08      	it	eq
 8005312:	f1b6 3fff 	cmpeq.w	r6, #4294967295
 8005316:	d127      	bne.n	8005368 <z_timer_expiration_handler+0x94>
		z_add_timeout(&timer->timeout, z_timer_expiration_handler,
			      next);
	}

	/* update timer's status */
	timer->status += 1U;
 8005318:	6b23      	ldr	r3, [r4, #48]	@ 0x30
 800531a:	3301      	adds	r3, #1
 800531c:	6323      	str	r3, [r4, #48]	@ 0x30

	z_timer_observer_on_expiry(timer);

	/* invoke timer expiry function */
	if (timer->expiry_fn != NULL) {
 800531e:	6a23      	ldr	r3, [r4, #32]
 8005320:	b163      	cbz	r3, 800533c <z_timer_expiration_handler+0x68>
 8005322:	f385 8811 	msr	BASEPRI, r5
 8005326:	f3bf 8f6f 	isb	sy
		/* Unlock for user handler. */
		k_spin_unlock(&lock, key);

		SYS_PORT_TRACING_OBJ_FUNC_ENTER(k_timer, expiry, timer);

		expiry_fn(timer);
 800532a:	4620      	mov	r0, r4
 800532c:	4798      	blx	r3
  __ASM volatile ("MRS %0, basepri" : "=r" (result) );
 800532e:	f3ef 8511 	mrs	r5, BASEPRI
  __ASM volatile ("MSR basepri_max, %0" : : "r" (basePri) : "memory");
 8005332:	2310      	movs	r3, #16
 8005334:	f383 8812 	msr	BASEPRI_MAX, r3
 8005338:	f3bf 8f6f 	isb	sy
}

static inline struct k_thread *z_waitq_head(_wait_q_t *w)
{
	return (struct k_thread *)sys_dlist_peek_head(&w->waitq);
 800533c:	f104 0318 	add.w	r3, r4, #24
	return list->head == list;
 8005340:	69a4      	ldr	r4, [r4, #24]
	return sys_dlist_is_empty(list) ? NULL : list->head;
 8005342:	42a3      	cmp	r3, r4
 8005344:	d051      	beq.n	80053ea <z_timer_expiration_handler+0x116>
		return;
	}

	thread = z_waitq_head(&timer->wait_q);

	if (thread == NULL) {
 8005346:	2c00      	cmp	r4, #0
 8005348:	d04f      	beq.n	80053ea <z_timer_expiration_handler+0x116>
		k_spin_unlock(&lock, key);
		return;
	}

	z_unpend_thread_no_timeout(thread);
 800534a:	4620      	mov	r0, r4
 800534c:	f002 fd40 	bl	8007dd0 <z_unpend_thread_no_timeout>
	thread->arch.swap_return_value = value;
 8005350:	2300      	movs	r3, #0
 8005352:	f8c4 30ac 	str.w	r3, [r4, #172]	@ 0xac
  __ASM volatile ("MSR basepri, %0" : : "r" (basePri) : "memory");
 8005356:	f385 8811 	msr	BASEPRI, r5
 800535a:	f3bf 8f6f 	isb	sy

	arch_thread_return_value_set(thread, 0);

	k_spin_unlock(&lock, key);

	z_ready_thread(thread);
 800535e:	4620      	mov	r0, r4
 8005360:	f002 fd1b 	bl	8007d9a <z_ready_thread>
}
 8005364:	e8bd 81f0 	ldmia.w	sp!, {r4, r5, r6, r7, r8, pc}
		next.ticks = max(next.ticks - 1, 0);
 8005368:	3e01      	subs	r6, #1
 800536a:	f142 32ff 	adc.w	r2, r2, #4294967295
 800536e:	4617      	mov	r7, r2
 8005370:	2a00      	cmp	r2, #0
 8005372:	db14      	blt.n	800539e <z_timer_expiration_handler+0xca>
	return z_impl_k_uptime_ticks();
 8005374:	f002 fe1f 	bl	8007fb6 <z_impl_k_uptime_ticks>
		next = K_TIMEOUT_ABS_TICKS(k_uptime_ticks() + 1 + next.ticks);
 8005378:	3001      	adds	r0, #1
 800537a:	f141 0100 	adc.w	r1, r1, #0
 800537e:	1980      	adds	r0, r0, r6
 8005380:	eb41 0107 	adc.w	r1, r1, r7
 8005384:	2801      	cmp	r0, #1
 8005386:	f171 0100 	sbcs.w	r1, r1, #0
 800538a:	da0b      	bge.n	80053a4 <z_timer_expiration_handler+0xd0>
 800538c:	f06f 0201 	mvn.w	r2, #1
 8005390:	f04f 33ff 	mov.w	r3, #4294967295
		z_add_timeout(&timer->timeout, z_timer_expiration_handler,
 8005394:	4917      	ldr	r1, [pc, #92]	@ (80053f4 <z_timer_expiration_handler+0x120>)
 8005396:	4620      	mov	r0, r4
 8005398:	f7ff fe80 	bl	800509c <z_add_timeout>
 800539c:	e7bc      	b.n	8005318 <z_timer_expiration_handler+0x44>
		next.ticks = max(next.ticks - 1, 0);
 800539e:	2600      	movs	r6, #0
 80053a0:	4637      	mov	r7, r6
 80053a2:	e7e7      	b.n	8005374 <z_timer_expiration_handler+0xa0>
 80053a4:	f002 fe07 	bl	8007fb6 <z_impl_k_uptime_ticks>
		next = K_TIMEOUT_ABS_TICKS(k_uptime_ticks() + 1 + next.ticks);
 80053a8:	3001      	adds	r0, #1
 80053aa:	f141 0100 	adc.w	r1, r1, #0
 80053ae:	1980      	adds	r0, r0, r6
 80053b0:	eb41 0107 	adc.w	r1, r1, r7
 80053b4:	f06f 0302 	mvn.w	r3, #2
 80053b8:	4283      	cmp	r3, r0
 80053ba:	f06f 4300 	mvn.w	r3, #2147483648	@ 0x80000000
 80053be:	418b      	sbcs	r3, r1
 80053c0:	da03      	bge.n	80053ca <z_timer_expiration_handler+0xf6>
 80053c2:	2200      	movs	r2, #0
 80053c4:	f04f 4300 	mov.w	r3, #2147483648	@ 0x80000000
 80053c8:	e7e4      	b.n	8005394 <z_timer_expiration_handler+0xc0>
 80053ca:	f002 fdf4 	bl	8007fb6 <z_impl_k_uptime_ticks>
 80053ce:	3001      	adds	r0, #1
 80053d0:	f141 0300 	adc.w	r3, r1, #0
 80053d4:	1980      	adds	r0, r0, r6
 80053d6:	eb43 0307 	adc.w	r3, r3, r7
 80053da:	f06f 0201 	mvn.w	r2, #1
 80053de:	1a12      	subs	r2, r2, r0
 80053e0:	f04f 31ff 	mov.w	r1, #4294967295
 80053e4:	eb61 0303 	sbc.w	r3, r1, r3
 80053e8:	e7d4      	b.n	8005394 <z_timer_expiration_handler+0xc0>
 80053ea:	f385 8811 	msr	BASEPRI, r5
 80053ee:	f3bf 8f6f 	isb	sy
		return;
 80053f2:	e7b7      	b.n	8005364 <z_timer_expiration_handler+0x90>
 80053f4:	080052d5 	.word	0x080052d5

080053f8 <z_impl_k_timer_start>:
}


void z_impl_k_timer_start(struct k_timer *timer, k_timeout_t duration,
			  k_timeout_t period)
{
 80053f8:	b5f8      	push	{r3, r4, r5, r6, r7, lr}
 80053fa:	461c      	mov	r4, r3
  __ASM volatile ("MRS %0, basepri" : "=r" (result) );
 80053fc:	f3ef 8711 	mrs	r7, BASEPRI
  __ASM volatile ("MSR basepri_max, %0" : : "r" (basePri) : "memory");
 8005400:	2310      	movs	r3, #16
 8005402:	f383 8812 	msr	BASEPRI_MAX, r3
 8005406:	f3bf 8f6f 	isb	sy
	 * since k_timer_start can be preempted, especially for the same
	 * timer instance.
	 */
	k_spinlock_key_t key = k_spin_lock(&lock);

	if (K_TIMEOUT_EQ(duration, K_FOREVER)) {
 800540a:	f1b4 3fff 	cmp.w	r4, #4294967295
 800540e:	bf08      	it	eq
 8005410:	f1b2 3fff 	cmpeq.w	r2, #4294967295
 8005414:	d023      	beq.n	800545e <z_impl_k_timer_start+0x66>
 8005416:	4606      	mov	r6, r0
 8005418:	4615      	mov	r5, r2
	 * for backwards compatibility.  This is unfortunate
	 * (i.e. k_timer_start() doesn't treat its initial sleep
	 * argument the same way k_sleep() does), but historical.  The
	 * timer_api test relies on this behavior.
	 */
	if (Z_IS_TIMEOUT_RELATIVE(duration)) {
 800541a:	2c00      	cmp	r4, #0
 800541c:	db0b      	blt.n	8005436 <z_impl_k_timer_start+0x3e>
		/* For the duration == K_NO_WAIT case, ensure that behaviour
		 * is consistent for both 32-bit k_ticks_t which are unsigned
		 * and 64-bit k_ticks_t which are signed.
		 */
		duration.ticks = max(1, duration.ticks);
 800541e:	4613      	mov	r3, r2
 8005420:	4621      	mov	r1, r4
 8005422:	2a01      	cmp	r2, #1
 8005424:	f174 0400 	sbcs.w	r4, r4, #0
 8005428:	da01      	bge.n	800542e <z_impl_k_timer_start+0x36>
 800542a:	2301      	movs	r3, #1
 800542c:	2100      	movs	r1, #0
		duration.ticks = duration.ticks - 1;
 800542e:	1e5a      	subs	r2, r3, #1
 8005430:	4615      	mov	r5, r2
 8005432:	f141 34ff 	adc.w	r4, r1, #4294967295
	}

	(void)z_abort_timeout(&timer->timeout);
 8005436:	4630      	mov	r0, r6
 8005438:	f002 fd7a 	bl	8007f30 <z_abort_timeout>
	timer->period = period;
 800543c:	e9dd 2306 	ldrd	r2, r3, [sp, #24]
 8005440:	e9c6 230a 	strd	r2, r3, [r6, #40]	@ 0x28
	timer->status = 0U;
 8005444:	2300      	movs	r3, #0
 8005446:	6333      	str	r3, [r6, #48]	@ 0x30

	z_add_timeout(&timer->timeout, z_timer_expiration_handler,
 8005448:	462a      	mov	r2, r5
 800544a:	4623      	mov	r3, r4
 800544c:	4906      	ldr	r1, [pc, #24]	@ (8005468 <z_impl_k_timer_start+0x70>)
 800544e:	4630      	mov	r0, r6
 8005450:	f7ff fe24 	bl	800509c <z_add_timeout>
  __ASM volatile ("MSR basepri, %0" : : "r" (basePri) : "memory");
 8005454:	f387 8811 	msr	BASEPRI, r7
 8005458:	f3bf 8f6f 	isb	sy
		     duration);

	z_timer_observer_on_start(timer, duration, period);

	k_spin_unlock(&lock, key);
}
 800545c:	bdf8      	pop	{r3, r4, r5, r6, r7, pc}
 800545e:	f387 8811 	msr	BASEPRI, r7
 8005462:	f3bf 8f6f 	isb	sy
		return;
 8005466:	e7f9      	b.n	800545c <z_impl_k_timer_start+0x64>
 8005468:	080052d5 	.word	0x080052d5

0800546c <z_impl_k_timer_stop>:
}
#include <zephyr/syscalls/k_timer_start_mrsh.c>
#endif /* CONFIG_USERSPACE */

void z_impl_k_timer_stop(struct k_timer *timer)
{
 800546c:	b570      	push	{r4, r5, r6, lr}
 800546e:	4604      	mov	r4, r0
  __ASM volatile ("MRS %0, basepri" : "=r" (result) );
 8005470:	f3ef 8611 	mrs	r6, BASEPRI
  __ASM volatile ("MSR basepri_max, %0" : : "r" (basePri) : "memory");
 8005474:	2310      	movs	r3, #16
 8005476:	f383 8812 	msr	BASEPRI_MAX, r3
 800547a:	f3bf 8f6f 	isb	sy
	SYS_PORT_TRACING_OBJ_FUNC(k_timer, stop, timer);

	k_spinlock_key_t key = k_spin_lock(&lock);

	bool inactive = (z_abort_timeout(&timer->timeout) != 0);
 800547e:	f002 fd57 	bl	8007f30 <z_abort_timeout>

	if (inactive) {
 8005482:	b9e0      	cbnz	r0, 80054be <z_impl_k_timer_stop+0x52>
 8005484:	4635      	mov	r5, r6
		return;
	}

	z_timer_observer_on_stop(timer);

	if (timer->stop_fn != NULL) {
 8005486:	6a63      	ldr	r3, [r4, #36]	@ 0x24
 8005488:	b16b      	cbz	r3, 80054a6 <z_impl_k_timer_stop+0x3a>
  __ASM volatile ("MSR basepri, %0" : : "r" (basePri) : "memory");
 800548a:	f386 8811 	msr	BASEPRI, r6
 800548e:	f3bf 8f6f 	isb	sy
		SYS_PORT_TRACING_OBJ_FUNC_ENTER(k_timer, stop_fn_expiry, timer);
		k_spin_unlock(&lock, key);

		timer->stop_fn(timer);
 8005492:	6a63      	ldr	r3, [r4, #36]	@ 0x24
 8005494:	4620      	mov	r0, r4
 8005496:	4798      	blx	r3
  __ASM volatile ("MRS %0, basepri" : "=r" (result) );
 8005498:	f3ef 8511 	mrs	r5, BASEPRI
  __ASM volatile ("MSR basepri_max, %0" : : "r" (basePri) : "memory");
 800549c:	2310      	movs	r3, #16
 800549e:	f383 8812 	msr	BASEPRI_MAX, r3
 80054a2:	f3bf 8f6f 	isb	sy
		k_spin_unlock(&lock, key);
		return;

	}

	struct k_thread *pending_thread = z_unpend1_no_timeout(&timer->wait_q);
 80054a6:	f104 0018 	add.w	r0, r4, #24
 80054aa:	f002 fce2 	bl	8007e72 <z_unpend1_no_timeout>

	if (pending_thread != NULL) {
 80054ae:	b158      	cbz	r0, 80054c8 <z_impl_k_timer_stop+0x5c>
		z_ready_thread(pending_thread);
 80054b0:	f002 fc73 	bl	8007d9a <z_ready_thread>
		z_reschedule(&lock, key);
 80054b4:	4629      	mov	r1, r5
 80054b6:	4807      	ldr	r0, [pc, #28]	@ (80054d4 <z_impl_k_timer_stop+0x68>)
 80054b8:	f002 fd00 	bl	8007ebc <z_reschedule>
	} else {
		k_spin_unlock(&lock, key);
	}
}
 80054bc:	bd70      	pop	{r4, r5, r6, pc}
  __ASM volatile ("MSR basepri, %0" : : "r" (basePri) : "memory");
 80054be:	f386 8811 	msr	BASEPRI, r6
 80054c2:	f3bf 8f6f 	isb	sy
		return;
 80054c6:	e7f9      	b.n	80054bc <z_impl_k_timer_stop+0x50>
 80054c8:	f385 8811 	msr	BASEPRI, r5
 80054cc:	f3bf 8f6f 	isb	sy
 80054d0:	e7f4      	b.n	80054bc <z_impl_k_timer_stop+0x50>
 80054d2:	bf00      	nop
 80054d4:	200009a4 	.word	0x200009a4

080054d8 <boot_banner>:
#define BANNER_VERSION KERNEL_VERSION_STRING
#endif /* BUILD_VERSION */
#endif /* !BANNER_VERSION */

void boot_banner(void)
{
 80054d8:	b508      	push	{r3, lr}
	  */
	printk("\x1b[3J\x1b[2J\x1b[H");
#endif /* CONFIG_BOOT_CLEAR_SCREEN */

#ifdef CONFIG_BOOT_BANNER
	printk("*** " CONFIG_BOOT_BANNER_STRING " " BANNER_VERSION BANNER_POSTFIX " ***\n");
 80054da:	4802      	ldr	r0, [pc, #8]	@ (80054e4 <boot_banner+0xc>)
 80054dc:	f000 ff4f 	bl	800637e <printk>
#endif /* CONFIG_BOOT_BANNER */
}
 80054e0:	bd08      	pop	{r3, pc}
 80054e2:	bf00      	nop
 80054e4:	08009078 	.word	0x08009078

080054e8 <memset>:
 80054e8:	b570      	push	{r4, r5, r6, lr}
 80054ea:	0786      	lsls	r6, r0, #30
 80054ec:	d04f      	beq.n	800558e <memset+0xa6>
 80054ee:	1884      	adds	r4, r0, r2
 80054f0:	4684      	mov	ip, r0
 80054f2:	e004      	b.n	80054fe <memset+0x16>
 80054f4:	f803 1b01 	strb.w	r1, [r3], #1
 80054f8:	079d      	lsls	r5, r3, #30
 80054fa:	d004      	beq.n	8005506 <memset+0x1e>
 80054fc:	469c      	mov	ip, r3
 80054fe:	4564      	cmp	r4, ip
 8005500:	4663      	mov	r3, ip
 8005502:	d1f7      	bne.n	80054f4 <memset+0xc>
 8005504:	bd70      	pop	{r4, r5, r6, pc}
 8005506:	3a01      	subs	r2, #1
 8005508:	4402      	add	r2, r0
 800550a:	eba2 020c 	sub.w	r2, r2, ip
 800550e:	2a03      	cmp	r2, #3
 8005510:	d92f      	bls.n	8005572 <memset+0x8a>
 8005512:	b2cc      	uxtb	r4, r1
 8005514:	eb04 2404 	add.w	r4, r4, r4, lsl #8
 8005518:	2a0f      	cmp	r2, #15
 800551a:	eb04 4404 	add.w	r4, r4, r4, lsl #16
 800551e:	d938      	bls.n	8005592 <memset+0xaa>
 8005520:	f1a2 0610 	sub.w	r6, r2, #16
 8005524:	0935      	lsrs	r5, r6, #4
 8005526:	3501      	adds	r5, #1
 8005528:	469c      	mov	ip, r3
 800552a:	f04f 0e00 	mov.w	lr, #0
 800552e:	f10e 0e01 	add.w	lr, lr, #1
 8005532:	45ae      	cmp	lr, r5
 8005534:	e9cc 4400 	strd	r4, r4, [ip]
 8005538:	e9cc 4402 	strd	r4, r4, [ip, #8]
 800553c:	f10c 0c10 	add.w	ip, ip, #16
 8005540:	d3f5      	bcc.n	800552e <memset+0x46>
 8005542:	f026 060f 	bic.w	r6, r6, #15
 8005546:	3310      	adds	r3, #16
 8005548:	f012 0f0c 	tst.w	r2, #12
 800554c:	4433      	add	r3, r6
 800554e:	f002 050f 	and.w	r5, r2, #15
 8005552:	d01a      	beq.n	800558a <memset+0xa2>
 8005554:	1f2a      	subs	r2, r5, #4
 8005556:	2a03      	cmp	r2, #3
 8005558:	601c      	str	r4, [r3, #0]
 800555a:	d905      	bls.n	8005568 <memset+0x80>
 800555c:	f1a5 0208 	sub.w	r2, r5, #8
 8005560:	2a03      	cmp	r2, #3
 8005562:	605c      	str	r4, [r3, #4]
 8005564:	bf88      	it	hi
 8005566:	609c      	strhi	r4, [r3, #8]
 8005568:	f005 0203 	and.w	r2, r5, #3
 800556c:	f025 0503 	bic.w	r5, r5, #3
 8005570:	442b      	add	r3, r5
 8005572:	1e54      	subs	r4, r2, #1
 8005574:	2a00      	cmp	r2, #0
 8005576:	d0c5      	beq.n	8005504 <memset+0x1c>
 8005578:	b2c9      	uxtb	r1, r1
 800557a:	7019      	strb	r1, [r3, #0]
 800557c:	2c00      	cmp	r4, #0
 800557e:	d0c1      	beq.n	8005504 <memset+0x1c>
 8005580:	2c01      	cmp	r4, #1
 8005582:	7059      	strb	r1, [r3, #1]
 8005584:	bf18      	it	ne
 8005586:	7099      	strbne	r1, [r3, #2]
 8005588:	bd70      	pop	{r4, r5, r6, pc}
 800558a:	462a      	mov	r2, r5
 800558c:	e7f1      	b.n	8005572 <memset+0x8a>
 800558e:	4603      	mov	r3, r0
 8005590:	e7bd      	b.n	800550e <memset+0x26>
 8005592:	4615      	mov	r5, r2
 8005594:	e7de      	b.n	8005554 <memset+0x6c>
 8005596:	bf00      	nop

08005598 <strncpy>:
 8005598:	b538      	push	{r3, r4, r5, lr}
 800559a:	ea40 0301 	orr.w	r3, r0, r1
 800559e:	079b      	lsls	r3, r3, #30
 80055a0:	4604      	mov	r4, r0
 80055a2:	d122      	bne.n	80055ea <strncpy+0x52>
 80055a4:	2a03      	cmp	r2, #3
 80055a6:	d920      	bls.n	80055ea <strncpy+0x52>
 80055a8:	468c      	mov	ip, r1
 80055aa:	f8dc 5000 	ldr.w	r5, [ip]
 80055ae:	f1a5 3301 	sub.w	r3, r5, #16843009	@ 0x1010101
 80055b2:	ea23 0305 	bic.w	r3, r3, r5
 80055b6:	f013 3f80 	tst.w	r3, #2155905152	@ 0x80808080
 80055ba:	4661      	mov	r1, ip
 80055bc:	f10c 0c04 	add.w	ip, ip, #4
 80055c0:	d114      	bne.n	80055ec <strncpy+0x54>
 80055c2:	3a04      	subs	r2, #4
 80055c4:	2a03      	cmp	r2, #3
 80055c6:	f840 5b04 	str.w	r5, [r0], #4
 80055ca:	d8ee      	bhi.n	80055aa <strncpy+0x12>
 80055cc:	4661      	mov	r1, ip
 80055ce:	1e4b      	subs	r3, r1, #1
 80055d0:	b14a      	cbz	r2, 80055e6 <strncpy+0x4e>
 80055d2:	f813 1f01 	ldrb.w	r1, [r3, #1]!
 80055d6:	f800 1b01 	strb.w	r1, [r0], #1
 80055da:	3a01      	subs	r2, #1
 80055dc:	2900      	cmp	r1, #0
 80055de:	d1f7      	bne.n	80055d0 <strncpy+0x38>
 80055e0:	b10a      	cbz	r2, 80055e6 <strncpy+0x4e>
 80055e2:	f7ff ff81 	bl	80054e8 <memset>
 80055e6:	4620      	mov	r0, r4
 80055e8:	bd38      	pop	{r3, r4, r5, pc}
 80055ea:	4620      	mov	r0, r4
 80055ec:	1e4b      	subs	r3, r1, #1
 80055ee:	e7ef      	b.n	80055d0 <strncpy+0x38>

080055f0 <strnlen>:
 80055f0:	b171      	cbz	r1, 8005610 <strnlen+0x20>
 80055f2:	4603      	mov	r3, r0
 80055f4:	eb01 0c00 	add.w	ip, r1, r0
 80055f8:	e001      	b.n	80055fe <strnlen+0xe>
 80055fa:	4563      	cmp	r3, ip
 80055fc:	d006      	beq.n	800560c <strnlen+0x1c>
 80055fe:	461a      	mov	r2, r3
 8005600:	3301      	adds	r3, #1
 8005602:	7811      	ldrb	r1, [r2, #0]
 8005604:	2900      	cmp	r1, #0
 8005606:	d1f8      	bne.n	80055fa <strnlen+0xa>
 8005608:	1a10      	subs	r0, r2, r0
 800560a:	4770      	bx	lr
 800560c:	1a18      	subs	r0, r3, r0
 800560e:	4770      	bx	lr
 8005610:	4608      	mov	r0, r1
 8005612:	4770      	bx	lr

08005614 <printf>:
 8005614:	b40f      	push	{r0, r1, r2, r3}
 8005616:	b500      	push	{lr}
 8005618:	b083      	sub	sp, #12
 800561a:	aa04      	add	r2, sp, #16
 800561c:	4b05      	ldr	r3, [pc, #20]	@ (8005634 <printf+0x20>)
 800561e:	f852 1b04 	ldr.w	r1, [r2], #4
 8005622:	6818      	ldr	r0, [r3, #0]
 8005624:	9201      	str	r2, [sp, #4]
 8005626:	f000 f8b9 	bl	800579c <__l_vfprintf>
 800562a:	b003      	add	sp, #12
 800562c:	f85d eb04 	ldr.w	lr, [sp], #4
 8005630:	b004      	add	sp, #16
 8005632:	4770      	bx	lr
 8005634:	0800928c 	.word	0x0800928c

08005638 <snprintf>:
 8005638:	b40c      	push	{r2, r3}
 800563a:	b530      	push	{r4, r5, lr}
 800563c:	b08b      	sub	sp, #44	@ 0x2c
 800563e:	460d      	mov	r5, r1
 8005640:	2220      	movs	r2, #32
 8005642:	4604      	mov	r4, r0
 8005644:	2100      	movs	r1, #0
 8005646:	a802      	add	r0, sp, #8
 8005648:	f7ff ff4e 	bl	80054e8 <memset>
 800564c:	4b13      	ldr	r3, [pc, #76]	@ (800569c <snprintf+0x64>)
 800564e:	9303      	str	r3, [sp, #12]
 8005650:	2202      	movs	r2, #2
 8005652:	2d00      	cmp	r5, #0
 8005654:	f88d 200a 	strb.w	r2, [sp, #10]
 8005658:	9406      	str	r4, [sp, #24]
 800565a:	db1d      	blt.n	8005698 <snprintf+0x60>
 800565c:	d010      	beq.n	8005680 <snprintf+0x48>
 800565e:	3d01      	subs	r5, #1
 8005660:	442c      	add	r4, r5
 8005662:	aa0f      	add	r2, sp, #60	@ 0x3c
 8005664:	990e      	ldr	r1, [sp, #56]	@ 0x38
 8005666:	9201      	str	r2, [sp, #4]
 8005668:	a802      	add	r0, sp, #8
 800566a:	9407      	str	r4, [sp, #28]
 800566c:	f000 f896 	bl	800579c <__l_vfprintf>
 8005670:	9b06      	ldr	r3, [sp, #24]
 8005672:	2200      	movs	r2, #0
 8005674:	701a      	strb	r2, [r3, #0]
 8005676:	b00b      	add	sp, #44	@ 0x2c
 8005678:	e8bd 4030 	ldmia.w	sp!, {r4, r5, lr}
 800567c:	b002      	add	sp, #8
 800567e:	4770      	bx	lr
 8005680:	aa0f      	add	r2, sp, #60	@ 0x3c
 8005682:	990e      	ldr	r1, [sp, #56]	@ 0x38
 8005684:	9407      	str	r4, [sp, #28]
 8005686:	a802      	add	r0, sp, #8
 8005688:	9201      	str	r2, [sp, #4]
 800568a:	f000 f887 	bl	800579c <__l_vfprintf>
 800568e:	b00b      	add	sp, #44	@ 0x2c
 8005690:	e8bd 4030 	ldmia.w	sp!, {r4, r5, lr}
 8005694:	b002      	add	sp, #8
 8005696:	4770      	bx	lr
 8005698:	2400      	movs	r4, #0
 800569a:	e7e2      	b.n	8005662 <snprintf+0x2a>
 800569c:	08006151 	.word	0x08006151

080056a0 <__ultoa_invert>:
 80056a0:	b570      	push	{r4, r5, r6, lr}
 80056a2:	f003 051f 	and.w	r5, r3, #31
 80056a6:	2d08      	cmp	r5, #8
 80056a8:	4684      	mov	ip, r0
 80056aa:	468e      	mov	lr, r1
 80056ac:	d065      	beq.n	800577a <__ultoa_invert+0xda>
 80056ae:	f1c3 0337 	rsb	r3, r3, #55	@ 0x37
 80056b2:	2d10      	cmp	r5, #16
 80056b4:	b2dc      	uxtb	r4, r3
 80056b6:	4610      	mov	r0, r2
 80056b8:	d044      	beq.n	8005744 <__ultoa_invert+0xa4>
 80056ba:	ea4f 039c 	mov.w	r3, ip, lsr #2
 80056be:	ea4f 025c 	mov.w	r2, ip, lsr #1
 80056c2:	ea43 738e 	orr.w	r3, r3, lr, lsl #30
 80056c6:	ea42 72ce 	orr.w	r2, r2, lr, lsl #31
 80056ca:	189a      	adds	r2, r3, r2
 80056cc:	ea4f 015e 	mov.w	r1, lr, lsr #1
 80056d0:	eb41 019e 	adc.w	r1, r1, lr, lsr #2
 80056d4:	0913      	lsrs	r3, r2, #4
 80056d6:	ea43 7301 	orr.w	r3, r3, r1, lsl #28
 80056da:	189a      	adds	r2, r3, r2
 80056dc:	eb41 1111 	adc.w	r1, r1, r1, lsr #4
 80056e0:	0a13      	lsrs	r3, r2, #8
 80056e2:	ea43 6301 	orr.w	r3, r3, r1, lsl #24
 80056e6:	189a      	adds	r2, r3, r2
 80056e8:	eb41 2111 	adc.w	r1, r1, r1, lsr #8
 80056ec:	0c13      	lsrs	r3, r2, #16
 80056ee:	ea43 4301 	orr.w	r3, r3, r1, lsl #16
 80056f2:	189b      	adds	r3, r3, r2
 80056f4:	eb41 4111 	adc.w	r1, r1, r1, lsr #16
 80056f8:	18cb      	adds	r3, r1, r3
 80056fa:	fa5f f28c 	uxtb.w	r2, ip
 80056fe:	f141 0100 	adc.w	r1, r1, #0
 8005702:	ea4f 0cd3 	mov.w	ip, r3, lsr #3
 8005706:	ea4c 7c41 	orr.w	ip, ip, r1, lsl #29
 800570a:	eb0c 038c 	add.w	r3, ip, ip, lsl #2
 800570e:	eba2 0343 	sub.w	r3, r2, r3, lsl #1
 8005712:	b2db      	uxtb	r3, r3
 8005714:	f1a3 020a 	sub.w	r2, r3, #10
 8005718:	b2d2      	uxtb	r2, r2
 800571a:	18a5      	adds	r5, r4, r2
 800571c:	2b09      	cmp	r3, #9
 800571e:	f103 0630 	add.w	r6, r3, #48	@ 0x30
 8005722:	ea4f 0ed1 	mov.w	lr, r1, lsr #3
 8005726:	f105 0530 	add.w	r5, r5, #48	@ 0x30
 800572a:	d920      	bls.n	800576e <__ultoa_invert+0xce>
 800572c:	f11c 0c01 	adds.w	ip, ip, #1
 8005730:	f14e 0e00 	adc.w	lr, lr, #0
 8005734:	2a09      	cmp	r2, #9
 8005736:	bf9a      	itte	ls
 8005738:	3326      	addls	r3, #38	@ 0x26
 800573a:	f800 3b01 	strbls.w	r3, [r0], #1
 800573e:	f800 5b01 	strbhi.w	r5, [r0], #1
 8005742:	e7ba      	b.n	80056ba <__ultoa_invert+0x1a>
 8005744:	f00c 030f 	and.w	r3, ip, #15
 8005748:	2b09      	cmp	r3, #9
 800574a:	bf88      	it	hi
 800574c:	191b      	addhi	r3, r3, r4
 800574e:	ea4f 121c 	mov.w	r2, ip, lsr #4
 8005752:	ea42 720e 	orr.w	r2, r2, lr, lsl #28
 8005756:	ea4f 111e 	mov.w	r1, lr, lsr #4
 800575a:	bf88      	it	hi
 800575c:	b2db      	uxtbhi	r3, r3
 800575e:	4694      	mov	ip, r2
 8005760:	3330      	adds	r3, #48	@ 0x30
 8005762:	430a      	orrs	r2, r1
 8005764:	f800 3b01 	strb.w	r3, [r0], #1
 8005768:	468e      	mov	lr, r1
 800576a:	d1eb      	bne.n	8005744 <__ultoa_invert+0xa4>
 800576c:	bd70      	pop	{r4, r5, r6, pc}
 800576e:	ea5c 030e 	orrs.w	r3, ip, lr
 8005772:	f800 6b01 	strb.w	r6, [r0], #1
 8005776:	d1a0      	bne.n	80056ba <__ultoa_invert+0x1a>
 8005778:	bd70      	pop	{r4, r5, r6, pc}
 800577a:	4610      	mov	r0, r2
 800577c:	f00c 0307 	and.w	r3, ip, #7
 8005780:	ea4f 0cdc 	mov.w	ip, ip, lsr #3
 8005784:	ea4c 7c4e 	orr.w	ip, ip, lr, lsl #29
 8005788:	3330      	adds	r3, #48	@ 0x30
 800578a:	ea4f 0ede 	mov.w	lr, lr, lsr #3
 800578e:	f800 3b01 	strb.w	r3, [r0], #1
 8005792:	ea5c 030e 	orrs.w	r3, ip, lr
 8005796:	d1f1      	bne.n	800577c <__ultoa_invert+0xdc>
 8005798:	bd70      	pop	{r4, r5, r6, pc}
 800579a:	bf00      	nop

0800579c <__l_vfprintf>:
 800579c:	e92d 4ff0 	stmdb	sp!, {r4, r5, r6, r7, r8, r9, sl, fp, lr}
 80057a0:	7883      	ldrb	r3, [r0, #2]
 80057a2:	f8d0 9004 	ldr.w	r9, [r0, #4]
 80057a6:	079f      	lsls	r7, r3, #30
 80057a8:	b08b      	sub	sp, #44	@ 0x2c
 80057aa:	f140 8132 	bpl.w	8005a12 <__l_vfprintf+0x276>
 80057ae:	460b      	mov	r3, r1
 80057b0:	4680      	mov	r8, r0
 80057b2:	f813 0b01 	ldrb.w	r0, [r3], #1
 80057b6:	460c      	mov	r4, r1
 80057b8:	2800      	cmp	r0, #0
 80057ba:	f000 83d8 	beq.w	8005f6e <__l_vfprintf+0x7d2>
 80057be:	2500      	movs	r5, #0
 80057c0:	9200      	str	r2, [sp, #0]
 80057c2:	e00d      	b.n	80057e0 <__l_vfprintf+0x44>
 80057c4:	461c      	mov	r4, r3
 80057c6:	4641      	mov	r1, r8
 80057c8:	47c8      	blx	r9
 80057ca:	2800      	cmp	r0, #0
 80057cc:	f105 0501 	add.w	r5, r5, #1
 80057d0:	f2c0 8119 	blt.w	8005a06 <__l_vfprintf+0x26a>
 80057d4:	4623      	mov	r3, r4
 80057d6:	f813 0b01 	ldrb.w	r0, [r3], #1
 80057da:	2800      	cmp	r0, #0
 80057dc:	f000 811b 	beq.w	8005a16 <__l_vfprintf+0x27a>
 80057e0:	2825      	cmp	r0, #37	@ 0x25
 80057e2:	d1ef      	bne.n	80057c4 <__l_vfprintf+0x28>
 80057e4:	7866      	ldrb	r6, [r4, #1]
 80057e6:	2e25      	cmp	r6, #37	@ 0x25
 80057e8:	f104 0402 	add.w	r4, r4, #2
 80057ec:	d0eb      	beq.n	80057c6 <__l_vfprintf+0x2a>
 80057ee:	f04f 0b00 	mov.w	fp, #0
 80057f2:	46da      	mov	sl, fp
 80057f4:	465f      	mov	r7, fp
 80057f6:	2f1f      	cmp	r7, #31
 80057f8:	d95d      	bls.n	80058b6 <__l_vfprintf+0x11a>
 80057fa:	2f7f      	cmp	r7, #127	@ 0x7f
 80057fc:	f200 808a 	bhi.w	8005914 <__l_vfprintf+0x178>
 8005800:	f1a6 0330 	sub.w	r3, r6, #48	@ 0x30
 8005804:	2b09      	cmp	r3, #9
 8005806:	d811      	bhi.n	800582c <__l_vfprintf+0x90>
 8005808:	067e      	lsls	r6, r7, #25
 800580a:	f100 8132 	bmi.w	8005a72 <__l_vfprintf+0x2d6>
 800580e:	f814 6b01 	ldrb.w	r6, [r4], #1
 8005812:	eb0a 0a8a 	add.w	sl, sl, sl, lsl #2
 8005816:	eb03 0a4a 	add.w	sl, r3, sl, lsl #1
 800581a:	f047 0720 	orr.w	r7, r7, #32
 800581e:	f1a6 0330 	sub.w	r3, r6, #48	@ 0x30
 8005822:	2e00      	cmp	r6, #0
 8005824:	f000 80e1 	beq.w	80059ea <__l_vfprintf+0x24e>
 8005828:	2b09      	cmp	r3, #9
 800582a:	d9f0      	bls.n	800580e <__l_vfprintf+0x72>
 800582c:	2e2a      	cmp	r6, #42	@ 0x2a
 800582e:	f000 810e 	beq.w	8005a4e <__l_vfprintf+0x2b2>
 8005832:	2e2e      	cmp	r6, #46	@ 0x2e
 8005834:	f000 81c3 	beq.w	8005bbe <__l_vfprintf+0x422>
 8005838:	f1a6 034c 	sub.w	r3, r6, #76	@ 0x4c
 800583c:	2b2e      	cmp	r3, #46	@ 0x2e
 800583e:	f200 8125 	bhi.w	8005a8c <__l_vfprintf+0x2f0>
 8005842:	e8df f013 	tbh	[pc, r3, lsl #1]
 8005846:	0061      	.short	0x0061
 8005848:	01230123 	.word	0x01230123
 800584c:	01230123 	.word	0x01230123
 8005850:	01230123 	.word	0x01230123
 8005854:	01230123 	.word	0x01230123
 8005858:	01230123 	.word	0x01230123
 800585c:	01230123 	.word	0x01230123
 8005860:	01230123 	.word	0x01230123
 8005864:	01230123 	.word	0x01230123
 8005868:	01230123 	.word	0x01230123
 800586c:	01230123 	.word	0x01230123
 8005870:	01230123 	.word	0x01230123
 8005874:	01230123 	.word	0x01230123
 8005878:	01230123 	.word	0x01230123
 800587c:	01510123 	.word	0x01510123
 8005880:	00610123 	.word	0x00610123
 8005884:	015d0123 	.word	0x015d0123
 8005888:	01230123 	.word	0x01230123
 800588c:	01230123 	.word	0x01230123
 8005890:	01230123 	.word	0x01230123
 8005894:	00cd0123 	.word	0x00cd0123
 8005898:	01230123 	.word	0x01230123
 800589c:	01230123 	.word	0x01230123
 80058a0:	00cd0123 	.word	0x00cd0123
 80058a4:	f047 0702 	orr.w	r7, r7, #2
 80058a8:	f814 6b01 	ldrb.w	r6, [r4], #1
 80058ac:	f047 0704 	orr.w	r7, r7, #4
 80058b0:	2e00      	cmp	r6, #0
 80058b2:	f000 809a 	beq.w	80059ea <__l_vfprintf+0x24e>
 80058b6:	f1a6 0320 	sub.w	r3, r6, #32
 80058ba:	2b10      	cmp	r3, #16
 80058bc:	d8a0      	bhi.n	8005800 <__l_vfprintf+0x64>
 80058be:	a201      	add	r2, pc, #4	@ (adr r2, 80058c4 <__l_vfprintf+0x128>)
 80058c0:	f852 f023 	ldr.w	pc, [r2, r3, lsl #2]
 80058c4:	080058a9 	.word	0x080058a9
 80058c8:	08005801 	.word	0x08005801
 80058cc:	08005801 	.word	0x08005801
 80058d0:	08005a1f 	.word	0x08005a1f
 80058d4:	08005801 	.word	0x08005801
 80058d8:	08005801 	.word	0x08005801
 80058dc:	08005801 	.word	0x08005801
 80058e0:	080059e1 	.word	0x080059e1
 80058e4:	08005801 	.word	0x08005801
 80058e8:	08005801 	.word	0x08005801
 80058ec:	08005801 	.word	0x08005801
 80058f0:	080058a5 	.word	0x080058a5
 80058f4:	08005801 	.word	0x08005801
 80058f8:	08005a3f 	.word	0x08005a3f
 80058fc:	08005801 	.word	0x08005801
 8005900:	08005801 	.word	0x08005801
 8005904:	08005a2f 	.word	0x08005a2f
 8005908:	f814 6b01 	ldrb.w	r6, [r4], #1
 800590c:	f447 7720 	orr.w	r7, r7, #640	@ 0x280
 8005910:	2e00      	cmp	r6, #0
 8005912:	d06a      	beq.n	80059ea <__l_vfprintf+0x24e>
 8005914:	f1a6 034c 	sub.w	r3, r6, #76	@ 0x4c
 8005918:	2b2e      	cmp	r3, #46	@ 0x2e
 800591a:	f200 80b7 	bhi.w	8005a8c <__l_vfprintf+0x2f0>
 800591e:	a201      	add	r2, pc, #4	@ (adr r2, 8005924 <__l_vfprintf+0x188>)
 8005920:	f852 f023 	ldr.w	pc, [r2, r3, lsl #2]
 8005924:	08005909 	.word	0x08005909
 8005928:	08005a8d 	.word	0x08005a8d
 800592c:	08005a8d 	.word	0x08005a8d
 8005930:	08005a8d 	.word	0x08005a8d
 8005934:	08005a8d 	.word	0x08005a8d
 8005938:	08005a8d 	.word	0x08005a8d
 800593c:	08005a8d 	.word	0x08005a8d
 8005940:	08005a8d 	.word	0x08005a8d
 8005944:	08005a8d 	.word	0x08005a8d
 8005948:	08005a8d 	.word	0x08005a8d
 800594c:	08005a8d 	.word	0x08005a8d
 8005950:	08005a8d 	.word	0x08005a8d
 8005954:	08005a8d 	.word	0x08005a8d
 8005958:	08005a8d 	.word	0x08005a8d
 800595c:	08005a8d 	.word	0x08005a8d
 8005960:	08005a8d 	.word	0x08005a8d
 8005964:	08005a8d 	.word	0x08005a8d
 8005968:	08005a8d 	.word	0x08005a8d
 800596c:	08005a8d 	.word	0x08005a8d
 8005970:	08005a8d 	.word	0x08005a8d
 8005974:	08005a8d 	.word	0x08005a8d
 8005978:	08005a8d 	.word	0x08005a8d
 800597c:	08005a8d 	.word	0x08005a8d
 8005980:	08005a8d 	.word	0x08005a8d
 8005984:	08005a8d 	.word	0x08005a8d
 8005988:	08005a8d 	.word	0x08005a8d
 800598c:	08005a8d 	.word	0x08005a8d
 8005990:	08005a8d 	.word	0x08005a8d
 8005994:	08005ae1 	.word	0x08005ae1
 8005998:	08005a8d 	.word	0x08005a8d
 800599c:	08005909 	.word	0x08005909
 80059a0:	08005a8d 	.word	0x08005a8d
 80059a4:	08005af9 	.word	0x08005af9
 80059a8:	08005a8d 	.word	0x08005a8d
 80059ac:	08005a8d 	.word	0x08005a8d
 80059b0:	08005a8d 	.word	0x08005a8d
 80059b4:	08005a8d 	.word	0x08005a8d
 80059b8:	08005a8d 	.word	0x08005a8d
 80059bc:	08005a8d 	.word	0x08005a8d
 80059c0:	08005a8d 	.word	0x08005a8d
 80059c4:	08005bd5 	.word	0x08005bd5
 80059c8:	08005a8d 	.word	0x08005a8d
 80059cc:	08005a8d 	.word	0x08005a8d
 80059d0:	08005a8d 	.word	0x08005a8d
 80059d4:	08005a8d 	.word	0x08005a8d
 80059d8:	08005a8d 	.word	0x08005a8d
 80059dc:	08005bd5 	.word	0x08005bd5
 80059e0:	f814 6b01 	ldrb.w	r6, [r4], #1
 80059e4:	2e00      	cmp	r6, #0
 80059e6:	f47f af06 	bne.w	80057f6 <__l_vfprintf+0x5a>
 80059ea:	2600      	movs	r6, #0
 80059ec:	4641      	mov	r1, r8
 80059ee:	2025      	movs	r0, #37	@ 0x25
 80059f0:	47c8      	blx	r9
 80059f2:	2800      	cmp	r0, #0
 80059f4:	db07      	blt.n	8005a06 <__l_vfprintf+0x26a>
 80059f6:	4630      	mov	r0, r6
 80059f8:	4641      	mov	r1, r8
 80059fa:	47c8      	blx	r9
 80059fc:	2800      	cmp	r0, #0
 80059fe:	f105 0502 	add.w	r5, r5, #2
 8005a02:	f6bf aee7 	bge.w	80057d4 <__l_vfprintf+0x38>
 8005a06:	f898 3002 	ldrb.w	r3, [r8, #2]
 8005a0a:	f043 0304 	orr.w	r3, r3, #4
 8005a0e:	f888 3002 	strb.w	r3, [r8, #2]
 8005a12:	f04f 35ff 	mov.w	r5, #4294967295
 8005a16:	4628      	mov	r0, r5
 8005a18:	b00b      	add	sp, #44	@ 0x2c
 8005a1a:	e8bd 8ff0 	ldmia.w	sp!, {r4, r5, r6, r7, r8, r9, sl, fp, pc}
 8005a1e:	f814 6b01 	ldrb.w	r6, [r4], #1
 8005a22:	f047 0710 	orr.w	r7, r7, #16
 8005a26:	2e00      	cmp	r6, #0
 8005a28:	f47f af45 	bne.w	80058b6 <__l_vfprintf+0x11a>
 8005a2c:	e7dd      	b.n	80059ea <__l_vfprintf+0x24e>
 8005a2e:	f814 6b01 	ldrb.w	r6, [r4], #1
 8005a32:	f047 0701 	orr.w	r7, r7, #1
 8005a36:	2e00      	cmp	r6, #0
 8005a38:	f47f af3d 	bne.w	80058b6 <__l_vfprintf+0x11a>
 8005a3c:	e7d5      	b.n	80059ea <__l_vfprintf+0x24e>
 8005a3e:	f814 6b01 	ldrb.w	r6, [r4], #1
 8005a42:	f047 0708 	orr.w	r7, r7, #8
 8005a46:	2e00      	cmp	r6, #0
 8005a48:	f47f af35 	bne.w	80058b6 <__l_vfprintf+0x11a>
 8005a4c:	e7cd      	b.n	80059ea <__l_vfprintf+0x24e>
 8005a4e:	9900      	ldr	r1, [sp, #0]
 8005a50:	0678      	lsls	r0, r7, #25
 8005a52:	f851 2b04 	ldr.w	r2, [r1], #4
 8005a56:	f140 80c3 	bpl.w	8005be0 <__l_vfprintf+0x444>
 8005a5a:	f814 6b01 	ldrb.w	r6, [r4], #1
 8005a5e:	2e00      	cmp	r6, #0
 8005a60:	f000 825d 	beq.w	8005f1e <__l_vfprintf+0x782>
 8005a64:	f1a6 0330 	sub.w	r3, r6, #48	@ 0x30
 8005a68:	2b09      	cmp	r3, #9
 8005a6a:	9100      	str	r1, [sp, #0]
 8005a6c:	4693      	mov	fp, r2
 8005a6e:	f63f aedd 	bhi.w	800582c <__l_vfprintf+0x90>
 8005a72:	f814 6b01 	ldrb.w	r6, [r4], #1
 8005a76:	eb0b 0b8b 	add.w	fp, fp, fp, lsl #2
 8005a7a:	eb03 0b4b 	add.w	fp, r3, fp, lsl #1
 8005a7e:	2e00      	cmp	r6, #0
 8005a80:	d0b3      	beq.n	80059ea <__l_vfprintf+0x24e>
 8005a82:	f1a6 0330 	sub.w	r3, r6, #48	@ 0x30
 8005a86:	2b09      	cmp	r3, #9
 8005a88:	d9f3      	bls.n	8005a72 <__l_vfprintf+0x2d6>
 8005a8a:	e6cf      	b.n	800582c <__l_vfprintf+0x90>
 8005a8c:	f046 0320 	orr.w	r3, r6, #32
 8005a90:	f1bb 0f00 	cmp.w	fp, #0
 8005a94:	f1a3 0265 	sub.w	r2, r3, #101	@ 0x65
 8005a98:	da04      	bge.n	8005aa4 <__l_vfprintf+0x308>
 8005a9a:	f027 0740 	bic.w	r7, r7, #64	@ 0x40
 8005a9e:	b2bf      	uxth	r7, r7
 8005aa0:	f04f 0b00 	mov.w	fp, #0
 8005aa4:	2a02      	cmp	r2, #2
 8005aa6:	d933      	bls.n	8005b10 <__l_vfprintf+0x374>
 8005aa8:	2b61      	cmp	r3, #97	@ 0x61
 8005aaa:	d031      	beq.n	8005b10 <__l_vfprintf+0x374>
 8005aac:	f1a6 0263 	sub.w	r2, r6, #99	@ 0x63
 8005ab0:	2a12      	cmp	r2, #18
 8005ab2:	f200 81fc 	bhi.w	8005eae <__l_vfprintf+0x712>
 8005ab6:	e8df f012 	tbh	[pc, r2, lsl #1]
 8005aba:	012e      	.short	0x012e
 8005abc:	01fa00a5 	.word	0x01fa00a5
 8005ac0:	01fa01fa 	.word	0x01fa01fa
 8005ac4:	00a501fa 	.word	0x00a501fa
 8005ac8:	01fa01fa 	.word	0x01fa01fa
 8005acc:	01fa01fa 	.word	0x01fa01fa
 8005ad0:	01f001fa 	.word	0x01f001fa
 8005ad4:	01fa014e 	.word	0x01fa014e
 8005ad8:	013801fa 	.word	0x013801fa
 8005adc:	00ef01fa 	.word	0x00ef01fa
 8005ae0:	05fe      	lsls	r6, r7, #23
 8005ae2:	bf48      	it	mi
 8005ae4:	f447 7700 	orrmi.w	r7, r7, #512	@ 0x200
 8005ae8:	f814 6b01 	ldrb.w	r6, [r4], #1
 8005aec:	f447 7780 	orr.w	r7, r7, #256	@ 0x100
 8005af0:	2e00      	cmp	r6, #0
 8005af2:	f47f af0f 	bne.w	8005914 <__l_vfprintf+0x178>
 8005af6:	e778      	b.n	80059ea <__l_vfprintf+0x24e>
 8005af8:	063b      	lsls	r3, r7, #24
 8005afa:	bf48      	it	mi
 8005afc:	f447 7700 	orrmi.w	r7, r7, #512	@ 0x200
 8005b00:	f814 6b01 	ldrb.w	r6, [r4], #1
 8005b04:	f047 0780 	orr.w	r7, r7, #128	@ 0x80
 8005b08:	2e00      	cmp	r6, #0
 8005b0a:	f47f af03 	bne.w	8005914 <__l_vfprintf+0x178>
 8005b0e:	e76c      	b.n	80059ea <__l_vfprintf+0x24e>
 8005b10:	9b00      	ldr	r3, [sp, #0]
 8005b12:	f103 0b07 	add.w	fp, r3, #7
 8005b16:	f02b 0b07 	bic.w	fp, fp, #7
 8005b1a:	f10b 0308 	add.w	r3, fp, #8
 8005b1e:	9300      	str	r3, [sp, #0]
 8005b20:	4bba      	ldr	r3, [pc, #744]	@ (8005e0c <__l_vfprintf+0x670>)
 8005b22:	f04f 0b07 	mov.w	fp, #7
 8005b26:	0738      	lsls	r0, r7, #28
 8005b28:	4651      	mov	r1, sl
 8005b2a:	d418      	bmi.n	8005b5e <__l_vfprintf+0x3c2>
 8005b2c:	45d3      	cmp	fp, sl
 8005b2e:	d216      	bcs.n	8005b5e <__l_vfprintf+0x3c2>
 8005b30:	464e      	mov	r6, r9
 8005b32:	461f      	mov	r7, r3
 8005b34:	46d1      	mov	r9, sl
 8005b36:	e002      	b.n	8005b3e <__l_vfprintf+0x3a2>
 8005b38:	4583      	cmp	fp, r0
 8005b3a:	d208      	bcs.n	8005b4e <__l_vfprintf+0x3b2>
 8005b3c:	4682      	mov	sl, r0
 8005b3e:	4641      	mov	r1, r8
 8005b40:	2020      	movs	r0, #32
 8005b42:	47b0      	blx	r6
 8005b44:	2800      	cmp	r0, #0
 8005b46:	f10a 30ff 	add.w	r0, sl, #4294967295
 8005b4a:	daf5      	bge.n	8005b38 <__l_vfprintf+0x39c>
 8005b4c:	e75b      	b.n	8005a06 <__l_vfprintf+0x26a>
 8005b4e:	4649      	mov	r1, r9
 8005b50:	3501      	adds	r5, #1
 8005b52:	440d      	add	r5, r1
 8005b54:	463b      	mov	r3, r7
 8005b56:	46b1      	mov	r9, r6
 8005b58:	eba5 050a 	sub.w	r5, r5, sl
 8005b5c:	4601      	mov	r1, r0
 8005b5e:	461e      	mov	r6, r3
 8005b60:	eb03 070b 	add.w	r7, r3, fp
 8005b64:	9401      	str	r4, [sp, #4]
 8005b66:	464c      	mov	r4, r9
 8005b68:	4699      	mov	r9, r3
 8005b6a:	462b      	mov	r3, r5
 8005b6c:	468a      	mov	sl, r1
 8005b6e:	4635      	mov	r5, r6
 8005b70:	461e      	mov	r6, r3
 8005b72:	e005      	b.n	8005b80 <__l_vfprintf+0x3e4>
 8005b74:	f815 0b01 	ldrb.w	r0, [r5], #1
 8005b78:	47a0      	blx	r4
 8005b7a:	2800      	cmp	r0, #0
 8005b7c:	f6ff af43 	blt.w	8005a06 <__l_vfprintf+0x26a>
 8005b80:	42bd      	cmp	r5, r7
 8005b82:	4641      	mov	r1, r8
 8005b84:	d1f6      	bne.n	8005b74 <__l_vfprintf+0x3d8>
 8005b86:	464b      	mov	r3, r9
 8005b88:	4632      	mov	r2, r6
 8005b8a:	46a1      	mov	r9, r4
 8005b8c:	462e      	mov	r6, r5
 8005b8e:	1ad3      	subs	r3, r2, r3
 8005b90:	9c01      	ldr	r4, [sp, #4]
 8005b92:	441e      	add	r6, r3
 8005b94:	ebaa 0a0b 	sub.w	sl, sl, fp
 8005b98:	4635      	mov	r5, r6
 8005b9a:	44b2      	add	sl, r6
 8005b9c:	464e      	mov	r6, r9
 8005b9e:	e005      	b.n	8005bac <__l_vfprintf+0x410>
 8005ba0:	47b0      	blx	r6
 8005ba2:	2800      	cmp	r0, #0
 8005ba4:	f105 0501 	add.w	r5, r5, #1
 8005ba8:	f6ff af2d 	blt.w	8005a06 <__l_vfprintf+0x26a>
 8005bac:	ebaa 0305 	sub.w	r3, sl, r5
 8005bb0:	2b00      	cmp	r3, #0
 8005bb2:	4641      	mov	r1, r8
 8005bb4:	f04f 0020 	mov.w	r0, #32
 8005bb8:	dcf2      	bgt.n	8005ba0 <__l_vfprintf+0x404>
 8005bba:	46b1      	mov	r9, r6
 8005bbc:	e60a      	b.n	80057d4 <__l_vfprintf+0x38>
 8005bbe:	067a      	lsls	r2, r7, #25
 8005bc0:	f53f af29 	bmi.w	8005a16 <__l_vfprintf+0x27a>
 8005bc4:	f814 6b01 	ldrb.w	r6, [r4], #1
 8005bc8:	f047 0740 	orr.w	r7, r7, #64	@ 0x40
 8005bcc:	2e00      	cmp	r6, #0
 8005bce:	f47f af58 	bne.w	8005a82 <__l_vfprintf+0x2e6>
 8005bd2:	e70a      	b.n	80059ea <__l_vfprintf+0x24e>
 8005bd4:	f814 6b01 	ldrb.w	r6, [r4], #1
 8005bd8:	2e00      	cmp	r6, #0
 8005bda:	f47f ae0e 	bne.w	80057fa <__l_vfprintf+0x5e>
 8005bde:	e704      	b.n	80059ea <__l_vfprintf+0x24e>
 8005be0:	2a00      	cmp	r2, #0
 8005be2:	f2c0 8122 	blt.w	8005e2a <__l_vfprintf+0x68e>
 8005be6:	f814 6b01 	ldrb.w	r6, [r4], #1
 8005bea:	f047 0720 	orr.w	r7, r7, #32
 8005bee:	2e00      	cmp	r6, #0
 8005bf0:	f000 8195 	beq.w	8005f1e <__l_vfprintf+0x782>
 8005bf4:	f1a6 0330 	sub.w	r3, r6, #48	@ 0x30
 8005bf8:	2b09      	cmp	r3, #9
 8005bfa:	9100      	str	r1, [sp, #0]
 8005bfc:	4692      	mov	sl, r2
 8005bfe:	f67f ae06 	bls.w	800580e <__l_vfprintf+0x72>
 8005c02:	e613      	b.n	800582c <__l_vfprintf+0x90>
 8005c04:	063a      	lsls	r2, r7, #24
 8005c06:	9b00      	ldr	r3, [sp, #0]
 8005c08:	f100 813b 	bmi.w	8005e82 <__l_vfprintf+0x6e6>
 8005c0c:	461a      	mov	r2, r3
 8005c0e:	05f9      	lsls	r1, r7, #23
 8005c10:	f852 3b04 	ldr.w	r3, [r2], #4
 8005c14:	9201      	str	r2, [sp, #4]
 8005c16:	f100 81fd 	bmi.w	8006014 <__l_vfprintf+0x878>
 8005c1a:	4618      	mov	r0, r3
 8005c1c:	17db      	asrs	r3, r3, #31
 8005c1e:	f027 0110 	bic.w	r1, r7, #16
 8005c22:	b28a      	uxth	r2, r1
 8005c24:	2b00      	cmp	r3, #0
 8005c26:	9200      	str	r2, [sp, #0]
 8005c28:	f2c0 8186 	blt.w	8005f38 <__l_vfprintf+0x79c>
 8005c2c:	ea50 0103 	orrs.w	r1, r0, r3
 8005c30:	f040 825e 	bne.w	80060f0 <__l_vfprintf+0x954>
 8005c34:	067b      	lsls	r3, r7, #25
 8005c36:	f140 81d5 	bpl.w	8005fe4 <__l_vfprintf+0x848>
 8005c3a:	f1bb 0f00 	cmp.w	fp, #0
 8005c3e:	f040 8216 	bne.w	800606e <__l_vfprintf+0x8d2>
 8005c42:	f027 0711 	bic.w	r7, r7, #17
 8005c46:	b2bb      	uxth	r3, r7
 8005c48:	9300      	str	r3, [sp, #0]
 8005c4a:	4659      	mov	r1, fp
 8005c4c:	465b      	mov	r3, fp
 8005c4e:	f8dd c000 	ldr.w	ip, [sp]
 8005c52:	f240 4706 	movw	r7, #1030	@ 0x406
 8005c56:	f00c 0008 	and.w	r0, ip, #8
 8005c5a:	ea1c 0f07 	tst.w	ip, r7
 8005c5e:	4602      	mov	r2, r0
 8005c60:	f000 826d 	beq.w	800613e <__l_vfprintf+0x9a2>
 8005c64:	3101      	adds	r1, #1
 8005c66:	2800      	cmp	r0, #0
 8005c68:	f000 81c7 	beq.w	8005ffa <__l_vfprintf+0x85e>
 8005c6c:	ebaa 0a01 	sub.w	sl, sl, r1
 8005c70:	9302      	str	r3, [sp, #8]
 8005c72:	9b00      	ldr	r3, [sp, #0]
 8005c74:	f013 0f02 	tst.w	r3, #2
 8005c78:	bf14      	ite	ne
 8005c7a:	202b      	movne	r0, #43	@ 0x2b
 8005c7c:	2020      	moveq	r0, #32
 8005c7e:	f413 6f80 	tst.w	r3, #1024	@ 0x400
 8005c82:	bf18      	it	ne
 8005c84:	202d      	movne	r0, #45	@ 0x2d
 8005c86:	4641      	mov	r1, r8
 8005c88:	47c8      	blx	r9
 8005c8a:	2800      	cmp	r0, #0
 8005c8c:	9b02      	ldr	r3, [sp, #8]
 8005c8e:	f105 0601 	add.w	r6, r5, #1
 8005c92:	f280 80b1 	bge.w	8005df8 <__l_vfprintf+0x65c>
 8005c96:	e6b6      	b.n	8005a06 <__l_vfprintf+0x26a>
 8005c98:	f027 0710 	bic.w	r7, r7, #16
 8005c9c:	b2bf      	uxth	r7, r7
 8005c9e:	230a      	movs	r3, #10
 8005ca0:	f017 0280 	ands.w	r2, r7, #128	@ 0x80
 8005ca4:	d05c      	beq.n	8005d60 <__l_vfprintf+0x5c4>
 8005ca6:	f417 7100 	ands.w	r1, r7, #512	@ 0x200
 8005caa:	9a00      	ldr	r2, [sp, #0]
 8005cac:	f000 80cc 	beq.w	8005e48 <__l_vfprintf+0x6ac>
 8005cb0:	3207      	adds	r2, #7
 8005cb2:	f022 0207 	bic.w	r2, r2, #7
 8005cb6:	6851      	ldr	r1, [r2, #4]
 8005cb8:	f852 0b08 	ldr.w	r0, [r2], #8
 8005cbc:	9201      	str	r2, [sp, #4]
 8005cbe:	f007 0c40 	and.w	ip, r7, #64	@ 0x40
 8005cc2:	ea50 0201 	orrs.w	r2, r0, r1
 8005cc6:	f8cd c000 	str.w	ip, [sp]
 8005cca:	d16c      	bne.n	8005da6 <__l_vfprintf+0x60a>
 8005ccc:	4662      	mov	r2, ip
 8005cce:	2a00      	cmp	r2, #0
 8005cd0:	d054      	beq.n	8005d7c <__l_vfprintf+0x5e0>
 8005cd2:	f1bb 0f00 	cmp.w	fp, #0
 8005cd6:	f040 80bb 	bne.w	8005e50 <__l_vfprintf+0x6b4>
 8005cda:	073b      	lsls	r3, r7, #28
 8005cdc:	f140 81d1 	bpl.w	8006082 <__l_vfprintf+0x8e6>
 8005ce0:	465b      	mov	r3, fp
 8005ce2:	aa04      	add	r2, sp, #16
 8005ce4:	18d6      	adds	r6, r2, r3
 8005ce6:	4623      	mov	r3, r4
 8005ce8:	4637      	mov	r7, r6
 8005cea:	464c      	mov	r4, r9
 8005cec:	4693      	mov	fp, r2
 8005cee:	4699      	mov	r9, r3
 8005cf0:	e005      	b.n	8005cfe <__l_vfprintf+0x562>
 8005cf2:	f817 0d01 	ldrb.w	r0, [r7, #-1]!
 8005cf6:	47a0      	blx	r4
 8005cf8:	2800      	cmp	r0, #0
 8005cfa:	f6ff ae84 	blt.w	8005a06 <__l_vfprintf+0x26a>
 8005cfe:	45bb      	cmp	fp, r7
 8005d00:	4641      	mov	r1, r8
 8005d02:	d1f6      	bne.n	8005cf2 <__l_vfprintf+0x556>
 8005d04:	464b      	mov	r3, r9
 8005d06:	465a      	mov	r2, fp
 8005d08:	46a1      	mov	r9, r4
 8005d0a:	442e      	add	r6, r5
 8005d0c:	461c      	mov	r4, r3
 8005d0e:	9b01      	ldr	r3, [sp, #4]
 8005d10:	9300      	str	r3, [sp, #0]
 8005d12:	1ab6      	subs	r6, r6, r2
 8005d14:	e740      	b.n	8005b98 <__l_vfprintf+0x3fc>
 8005d16:	9a00      	ldr	r2, [sp, #0]
 8005d18:	f852 3b04 	ldr.w	r3, [r2], #4
 8005d1c:	f88d 3010 	strb.w	r3, [sp, #16]
 8005d20:	f04f 0b01 	mov.w	fp, #1
 8005d24:	9200      	str	r2, [sp, #0]
 8005d26:	ab04      	add	r3, sp, #16
 8005d28:	e6fd      	b.n	8005b26 <__l_vfprintf+0x38a>
 8005d2a:	9e00      	ldr	r6, [sp, #0]
 8005d2c:	4a38      	ldr	r2, [pc, #224]	@ (8005e10 <__l_vfprintf+0x674>)
 8005d2e:	f856 3b04 	ldr.w	r3, [r6], #4
 8005d32:	2b00      	cmp	r3, #0
 8005d34:	bf08      	it	eq
 8005d36:	4613      	moveq	r3, r2
 8005d38:	f017 0f40 	tst.w	r7, #64	@ 0x40
 8005d3c:	bf18      	it	ne
 8005d3e:	4659      	movne	r1, fp
 8005d40:	4618      	mov	r0, r3
 8005d42:	bf08      	it	eq
 8005d44:	f04f 31ff 	moveq.w	r1, #4294967295
 8005d48:	9301      	str	r3, [sp, #4]
 8005d4a:	f7ff fc51 	bl	80055f0 <strnlen>
 8005d4e:	9b01      	ldr	r3, [sp, #4]
 8005d50:	9600      	str	r6, [sp, #0]
 8005d52:	4683      	mov	fp, r0
 8005d54:	e6e7      	b.n	8005b26 <__l_vfprintf+0x38a>
 8005d56:	f047 0710 	orr.w	r7, r7, #16
 8005d5a:	2310      	movs	r3, #16
 8005d5c:	2678      	movs	r6, #120	@ 0x78
 8005d5e:	e79f      	b.n	8005ca0 <__l_vfprintf+0x504>
 8005d60:	9900      	ldr	r1, [sp, #0]
 8005d62:	f851 0b04 	ldr.w	r0, [r1], #4
 8005d66:	9101      	str	r1, [sp, #4]
 8005d68:	f417 7180 	ands.w	r1, r7, #256	@ 0x100
 8005d6c:	d0a7      	beq.n	8005cbe <__l_vfprintf+0x522>
 8005d6e:	f417 7100 	ands.w	r1, r7, #512	@ 0x200
 8005d72:	bf1a      	itte	ne
 8005d74:	b2c0      	uxtbne	r0, r0
 8005d76:	4611      	movne	r1, r2
 8005d78:	b280      	uxtheq	r0, r0
 8005d7a:	e7a0      	b.n	8005cbe <__l_vfprintf+0x522>
 8005d7c:	f027 0716 	bic.w	r7, r7, #22
 8005d80:	b2ba      	uxth	r2, r7
 8005d82:	9200      	str	r2, [sp, #0]
 8005d84:	2000      	movs	r0, #0
 8005d86:	aa04      	add	r2, sp, #16
 8005d88:	2100      	movs	r1, #0
 8005d8a:	9202      	str	r2, [sp, #8]
 8005d8c:	f7ff fc88 	bl	80056a0 <__ultoa_invert>
 8005d90:	9a02      	ldr	r2, [sp, #8]
 8005d92:	1a83      	subs	r3, r0, r2
 8005d94:	9900      	ldr	r1, [sp, #0]
 8005d96:	f011 0108 	ands.w	r1, r1, #8
 8005d9a:	f000 8090 	beq.w	8005ebe <__l_vfprintf+0x722>
 8005d9e:	ebaa 0a03 	sub.w	sl, sl, r3
 8005da2:	462e      	mov	r6, r5
 8005da4:	e028      	b.n	8005df8 <__l_vfprintf+0x65c>
 8005da6:	aa04      	add	r2, sp, #16
 8005da8:	9202      	str	r2, [sp, #8]
 8005daa:	f7ff fc79 	bl	80056a0 <__ultoa_invert>
 8005dae:	9a02      	ldr	r2, [sp, #8]
 8005db0:	9900      	ldr	r1, [sp, #0]
 8005db2:	1a83      	subs	r3, r0, r2
 8005db4:	2900      	cmp	r1, #0
 8005db6:	d073      	beq.n	8005ea0 <__l_vfprintf+0x704>
 8005db8:	f027 0107 	bic.w	r1, r7, #7
 8005dbc:	b289      	uxth	r1, r1
 8005dbe:	455b      	cmp	r3, fp
 8005dc0:	9100      	str	r1, [sp, #0]
 8005dc2:	f2c0 80d6 	blt.w	8005f72 <__l_vfprintf+0x7d6>
 8005dc6:	06f9      	lsls	r1, r7, #27
 8005dc8:	f140 813f 	bpl.w	800604a <__l_vfprintf+0x8ae>
 8005dcc:	9a00      	ldr	r2, [sp, #0]
 8005dce:	f002 0208 	and.w	r2, r2, #8
 8005dd2:	2e00      	cmp	r6, #0
 8005dd4:	f040 80a9 	bne.w	8005f2a <__l_vfprintf+0x78e>
 8005dd8:	1c59      	adds	r1, r3, #1
 8005dda:	2a00      	cmp	r2, #0
 8005ddc:	f000 8123 	beq.w	8006026 <__l_vfprintf+0x88a>
 8005de0:	ebaa 0a01 	sub.w	sl, sl, r1
 8005de4:	2030      	movs	r0, #48	@ 0x30
 8005de6:	4641      	mov	r1, r8
 8005de8:	9300      	str	r3, [sp, #0]
 8005dea:	47c8      	blx	r9
 8005dec:	2800      	cmp	r0, #0
 8005dee:	9b00      	ldr	r3, [sp, #0]
 8005df0:	f105 0601 	add.w	r6, r5, #1
 8005df4:	f6ff ae07 	blt.w	8005a06 <__l_vfprintf+0x26a>
 8005df8:	459b      	cmp	fp, r3
 8005dfa:	f340 817e 	ble.w	80060fa <__l_vfprintf+0x95e>
 8005dfe:	eb0b 0506 	add.w	r5, fp, r6
 8005e02:	464f      	mov	r7, r9
 8005e04:	1aed      	subs	r5, r5, r3
 8005e06:	4699      	mov	r9, r3
 8005e08:	e007      	b.n	8005e1a <__l_vfprintf+0x67e>
 8005e0a:	bf00      	nop
 8005e0c:	080090a8 	.word	0x080090a8
 8005e10:	080090a0 	.word	0x080090a0
 8005e14:	42ae      	cmp	r6, r5
 8005e16:	f000 8084 	beq.w	8005f22 <__l_vfprintf+0x786>
 8005e1a:	4641      	mov	r1, r8
 8005e1c:	2030      	movs	r0, #48	@ 0x30
 8005e1e:	47b8      	blx	r7
 8005e20:	2800      	cmp	r0, #0
 8005e22:	f106 0601 	add.w	r6, r6, #1
 8005e26:	daf5      	bge.n	8005e14 <__l_vfprintf+0x678>
 8005e28:	e5ed      	b.n	8005a06 <__l_vfprintf+0x26a>
 8005e2a:	f814 6b01 	ldrb.w	r6, [r4], #1
 8005e2e:	f1c2 0a00 	rsb	sl, r2, #0
 8005e32:	f047 0728 	orr.w	r7, r7, #40	@ 0x28
 8005e36:	2e00      	cmp	r6, #0
 8005e38:	d071      	beq.n	8005f1e <__l_vfprintf+0x782>
 8005e3a:	f1a6 0330 	sub.w	r3, r6, #48	@ 0x30
 8005e3e:	2b09      	cmp	r3, #9
 8005e40:	9100      	str	r1, [sp, #0]
 8005e42:	f67f ace4 	bls.w	800580e <__l_vfprintf+0x72>
 8005e46:	e4f1      	b.n	800582c <__l_vfprintf+0x90>
 8005e48:	f852 0b04 	ldr.w	r0, [r2], #4
 8005e4c:	9201      	str	r2, [sp, #4]
 8005e4e:	e736      	b.n	8005cbe <__l_vfprintf+0x522>
 8005e50:	aa04      	add	r2, sp, #16
 8005e52:	2100      	movs	r1, #0
 8005e54:	2000      	movs	r0, #0
 8005e56:	9200      	str	r2, [sp, #0]
 8005e58:	f7ff fc22 	bl	80056a0 <__ultoa_invert>
 8005e5c:	9a00      	ldr	r2, [sp, #0]
 8005e5e:	f027 0117 	bic.w	r1, r7, #23
 8005e62:	1a83      	subs	r3, r0, r2
 8005e64:	b289      	uxth	r1, r1
 8005e66:	459b      	cmp	fp, r3
 8005e68:	9100      	str	r1, [sp, #0]
 8005e6a:	f340 80ee 	ble.w	800604a <__l_vfprintf+0x8ae>
 8005e6e:	2e00      	cmp	r6, #0
 8005e70:	f040 8127 	bne.w	80060c2 <__l_vfprintf+0x926>
 8005e74:	0739      	lsls	r1, r7, #28
 8005e76:	f140 8086 	bpl.w	8005f86 <__l_vfprintf+0x7ea>
 8005e7a:	ebaa 0a0b 	sub.w	sl, sl, fp
 8005e7e:	462e      	mov	r6, r5
 8005e80:	e7bd      	b.n	8005dfe <__l_vfprintf+0x662>
 8005e82:	05b8      	lsls	r0, r7, #22
 8005e84:	f140 80da 	bpl.w	800603c <__l_vfprintf+0x8a0>
 8005e88:	3307      	adds	r3, #7
 8005e8a:	f023 0307 	bic.w	r3, r3, #7
 8005e8e:	461a      	mov	r2, r3
 8005e90:	685b      	ldr	r3, [r3, #4]
 8005e92:	f852 0b08 	ldr.w	r0, [r2], #8
 8005e96:	9201      	str	r2, [sp, #4]
 8005e98:	e6c1      	b.n	8005c1e <__l_vfprintf+0x482>
 8005e9a:	2308      	movs	r3, #8
 8005e9c:	2600      	movs	r6, #0
 8005e9e:	e6ff      	b.n	8005ca0 <__l_vfprintf+0x504>
 8005ea0:	f027 0106 	bic.w	r1, r7, #6
 8005ea4:	b289      	uxth	r1, r1
 8005ea6:	9100      	str	r1, [sp, #0]
 8005ea8:	06f9      	lsls	r1, r7, #27
 8005eaa:	d48f      	bmi.n	8005dcc <__l_vfprintf+0x630>
 8005eac:	e772      	b.n	8005d94 <__l_vfprintf+0x5f8>
 8005eae:	2b78      	cmp	r3, #120	@ 0x78
 8005eb0:	f47f ad9c 	bne.w	80059ec <__l_vfprintf+0x250>
 8005eb4:	f1c6 0378 	rsb	r3, r6, #120	@ 0x78
 8005eb8:	f043 0310 	orr.w	r3, r3, #16
 8005ebc:	e6f0      	b.n	8005ca0 <__l_vfprintf+0x504>
 8005ebe:	9800      	ldr	r0, [sp, #0]
 8005ec0:	07c0      	lsls	r0, r0, #31
 8005ec2:	f140 8121 	bpl.w	8006108 <__l_vfprintf+0x96c>
 8005ec6:	459a      	cmp	sl, r3
 8005ec8:	ebaa 0003 	sub.w	r0, sl, r3
 8005ecc:	dd25      	ble.n	8005f1a <__l_vfprintf+0x77e>
 8005ece:	eb03 0b00 	add.w	fp, r3, r0
 8005ed2:	2900      	cmp	r1, #0
 8005ed4:	f000 8120 	beq.w	8006118 <__l_vfprintf+0x97c>
 8005ed8:	f04f 0a00 	mov.w	sl, #0
 8005edc:	4641      	mov	r1, r8
 8005ede:	2030      	movs	r0, #48	@ 0x30
 8005ee0:	9300      	str	r3, [sp, #0]
 8005ee2:	47c8      	blx	r9
 8005ee4:	2800      	cmp	r0, #0
 8005ee6:	f6ff ad8e 	blt.w	8005a06 <__l_vfprintf+0x26a>
 8005eea:	9b00      	ldr	r3, [sp, #0]
 8005eec:	2e00      	cmp	r6, #0
 8005eee:	f000 80aa 	beq.w	8006046 <__l_vfprintf+0x8aa>
 8005ef2:	4630      	mov	r0, r6
 8005ef4:	4641      	mov	r1, r8
 8005ef6:	9300      	str	r3, [sp, #0]
 8005ef8:	47c8      	blx	r9
 8005efa:	2800      	cmp	r0, #0
 8005efc:	9b00      	ldr	r3, [sp, #0]
 8005efe:	f105 0602 	add.w	r6, r5, #2
 8005f02:	f6bf af79 	bge.w	8005df8 <__l_vfprintf+0x65c>
 8005f06:	e57e      	b.n	8005a06 <__l_vfprintf+0x26a>
 8005f08:	9800      	ldr	r0, [sp, #0]
 8005f0a:	07c7      	lsls	r7, r0, #31
 8005f0c:	f140 810e 	bpl.w	800612c <__l_vfprintf+0x990>
 8005f10:	45d3      	cmp	fp, sl
 8005f12:	ebaa 000b 	sub.w	r0, sl, fp
 8005f16:	dbda      	blt.n	8005ece <__l_vfprintf+0x732>
 8005f18:	aa04      	add	r2, sp, #16
 8005f1a:	4682      	mov	sl, r0
 8005f1c:	e6e2      	b.n	8005ce4 <__l_vfprintf+0x548>
 8005f1e:	9100      	str	r1, [sp, #0]
 8005f20:	e563      	b.n	80059ea <__l_vfprintf+0x24e>
 8005f22:	464b      	mov	r3, r9
 8005f24:	aa04      	add	r2, sp, #16
 8005f26:	46b9      	mov	r9, r7
 8005f28:	e6dc      	b.n	8005ce4 <__l_vfprintf+0x548>
 8005f2a:	1c99      	adds	r1, r3, #2
 8005f2c:	2a00      	cmp	r2, #0
 8005f2e:	f000 8091 	beq.w	8006054 <__l_vfprintf+0x8b8>
 8005f32:	ebaa 0a01 	sub.w	sl, sl, r1
 8005f36:	e7d1      	b.n	8005edc <__l_vfprintf+0x740>
 8005f38:	4240      	negs	r0, r0
 8005f3a:	eb63 0143 	sbc.w	r1, r3, r3, lsl #1
 8005f3e:	f442 6380 	orr.w	r3, r2, #1024	@ 0x400
 8005f42:	9300      	str	r3, [sp, #0]
 8005f44:	aa04      	add	r2, sp, #16
 8005f46:	230a      	movs	r3, #10
 8005f48:	9202      	str	r2, [sp, #8]
 8005f4a:	f7ff fba9 	bl	80056a0 <__ultoa_invert>
 8005f4e:	9a02      	ldr	r2, [sp, #8]
 8005f50:	1a83      	subs	r3, r0, r2
 8005f52:	9a00      	ldr	r2, [sp, #0]
 8005f54:	0650      	lsls	r0, r2, #25
 8005f56:	f140 80c4 	bpl.w	80060e2 <__l_vfprintf+0x946>
 8005f5a:	9a00      	ldr	r2, [sp, #0]
 8005f5c:	f022 0201 	bic.w	r2, r2, #1
 8005f60:	b292      	uxth	r2, r2
 8005f62:	459b      	cmp	fp, r3
 8005f64:	4659      	mov	r1, fp
 8005f66:	9200      	str	r2, [sp, #0]
 8005f68:	bfb8      	it	lt
 8005f6a:	4619      	movlt	r1, r3
 8005f6c:	e66f      	b.n	8005c4e <__l_vfprintf+0x4b2>
 8005f6e:	4605      	mov	r5, r0
 8005f70:	e551      	b.n	8005a16 <__l_vfprintf+0x27a>
 8005f72:	2e00      	cmp	r6, #0
 8005f74:	f040 8090 	bne.w	8006098 <__l_vfprintf+0x8fc>
 8005f78:	0738      	lsls	r0, r7, #28
 8005f7a:	f53f af7e 	bmi.w	8005e7a <__l_vfprintf+0x6de>
 8005f7e:	f027 0717 	bic.w	r7, r7, #23
 8005f82:	b2ba      	uxth	r2, r7
 8005f84:	9200      	str	r2, [sp, #0]
 8005f86:	4659      	mov	r1, fp
 8005f88:	2600      	movs	r6, #0
 8005f8a:	458a      	cmp	sl, r1
 8005f8c:	f340 80d3 	ble.w	8006136 <__l_vfprintf+0x99a>
 8005f90:	e9cd 3402 	strd	r3, r4, [sp, #8]
 8005f94:	462b      	mov	r3, r5
 8005f96:	464c      	mov	r4, r9
 8005f98:	460d      	mov	r5, r1
 8005f9a:	4689      	mov	r9, r1
 8005f9c:	461f      	mov	r7, r3
 8005f9e:	e002      	b.n	8005fa6 <__l_vfprintf+0x80a>
 8005fa0:	4552      	cmp	r2, sl
 8005fa2:	da08      	bge.n	8005fb6 <__l_vfprintf+0x81a>
 8005fa4:	4615      	mov	r5, r2
 8005fa6:	4641      	mov	r1, r8
 8005fa8:	2020      	movs	r0, #32
 8005faa:	47a0      	blx	r4
 8005fac:	2800      	cmp	r0, #0
 8005fae:	f105 0201 	add.w	r2, r5, #1
 8005fb2:	daf5      	bge.n	8005fa0 <__l_vfprintf+0x804>
 8005fb4:	e527      	b.n	8005a06 <__l_vfprintf+0x26a>
 8005fb6:	4638      	mov	r0, r7
 8005fb8:	462f      	mov	r7, r5
 8005fba:	4605      	mov	r5, r0
 8005fbc:	4649      	mov	r1, r9
 8005fbe:	ebaa 0a02 	sub.w	sl, sl, r2
 8005fc2:	3501      	adds	r5, #1
 8005fc4:	9a00      	ldr	r2, [sp, #0]
 8005fc6:	1a6d      	subs	r5, r5, r1
 8005fc8:	443d      	add	r5, r7
 8005fca:	06d7      	lsls	r7, r2, #27
 8005fcc:	46a1      	mov	r9, r4
 8005fce:	e9dd 3402 	ldrd	r3, r4, [sp, #8]
 8005fd2:	d483      	bmi.n	8005edc <__l_vfprintf+0x740>
 8005fd4:	4611      	mov	r1, r2
 8005fd6:	f240 4206 	movw	r2, #1030	@ 0x406
 8005fda:	4211      	tst	r1, r2
 8005fdc:	f47f ae48 	bne.w	8005c70 <__l_vfprintf+0x4d4>
 8005fe0:	462e      	mov	r6, r5
 8005fe2:	e709      	b.n	8005df8 <__l_vfprintf+0x65c>
 8005fe4:	aa04      	add	r2, sp, #16
 8005fe6:	230a      	movs	r3, #10
 8005fe8:	2100      	movs	r1, #0
 8005fea:	2000      	movs	r0, #0
 8005fec:	9202      	str	r2, [sp, #8]
 8005fee:	f7ff fb57 	bl	80056a0 <__ultoa_invert>
 8005ff2:	9a02      	ldr	r2, [sp, #8]
 8005ff4:	1a81      	subs	r1, r0, r2
 8005ff6:	460b      	mov	r3, r1
 8005ff8:	e629      	b.n	8005c4e <__l_vfprintf+0x4b2>
 8005ffa:	ea5f 77cc 	movs.w	r7, ip, lsl #31
 8005ffe:	4660      	mov	r0, ip
 8006000:	d532      	bpl.n	8006068 <__l_vfprintf+0x8cc>
 8006002:	458a      	cmp	sl, r1
 8006004:	ebaa 0001 	sub.w	r0, sl, r1
 8006008:	dd6d      	ble.n	80060e6 <__l_vfprintf+0x94a>
 800600a:	eb03 0b00 	add.w	fp, r3, r0
 800600e:	4610      	mov	r0, r2
 8006010:	4682      	mov	sl, r0
 8006012:	e62d      	b.n	8005c70 <__l_vfprintf+0x4d4>
 8006014:	05ba      	lsls	r2, r7, #22
 8006016:	bf4b      	itete	mi
 8006018:	b258      	sxtbmi	r0, r3
 800601a:	b218      	sxthpl	r0, r3
 800601c:	f343 13c0 	sbfxmi	r3, r3, #7, #1
 8006020:	f343 33c0 	sbfxpl	r3, r3, #15, #1
 8006024:	e5fb      	b.n	8005c1e <__l_vfprintf+0x482>
 8006026:	9a00      	ldr	r2, [sp, #0]
 8006028:	07d0      	lsls	r0, r2, #31
 800602a:	d556      	bpl.n	80060da <__l_vfprintf+0x93e>
 800602c:	4551      	cmp	r1, sl
 800602e:	ebaa 0201 	sub.w	r2, sl, r1
 8006032:	da5f      	bge.n	80060f4 <__l_vfprintf+0x958>
 8006034:	eb03 0b02 	add.w	fp, r3, r2
 8006038:	46b2      	mov	sl, r6
 800603a:	e74f      	b.n	8005edc <__l_vfprintf+0x740>
 800603c:	f853 0b04 	ldr.w	r0, [r3], #4
 8006040:	9301      	str	r3, [sp, #4]
 8006042:	17c3      	asrs	r3, r0, #31
 8006044:	e5eb      	b.n	8005c1e <__l_vfprintf+0x482>
 8006046:	1c6e      	adds	r6, r5, #1
 8006048:	e6d6      	b.n	8005df8 <__l_vfprintf+0x65c>
 800604a:	0739      	lsls	r1, r7, #28
 800604c:	d56c      	bpl.n	8006128 <__l_vfprintf+0x98c>
 800604e:	ebaa 0a03 	sub.w	sl, sl, r3
 8006052:	e647      	b.n	8005ce4 <__l_vfprintf+0x548>
 8006054:	9a00      	ldr	r2, [sp, #0]
 8006056:	07d2      	lsls	r2, r2, #31
 8006058:	d552      	bpl.n	8006100 <__l_vfprintf+0x964>
 800605a:	4551      	cmp	r1, sl
 800605c:	ebaa 0001 	sub.w	r0, sl, r1
 8006060:	db44      	blt.n	80060ec <__l_vfprintf+0x950>
 8006062:	4682      	mov	sl, r0
 8006064:	469b      	mov	fp, r3
 8006066:	e739      	b.n	8005edc <__l_vfprintf+0x740>
 8006068:	458a      	cmp	sl, r1
 800606a:	dc91      	bgt.n	8005f90 <__l_vfprintf+0x7f4>
 800606c:	e5fe      	b.n	8005c6c <__l_vfprintf+0x4d0>
 800606e:	aa04      	add	r2, sp, #16
 8006070:	230a      	movs	r3, #10
 8006072:	2000      	movs	r0, #0
 8006074:	2100      	movs	r1, #0
 8006076:	9202      	str	r2, [sp, #8]
 8006078:	f7ff fb12 	bl	80056a0 <__ultoa_invert>
 800607c:	9a02      	ldr	r2, [sp, #8]
 800607e:	1a83      	subs	r3, r0, r2
 8006080:	e76b      	b.n	8005f5a <__l_vfprintf+0x7be>
 8006082:	f1ba 0f00 	cmp.w	sl, #0
 8006086:	f77f ae2b 	ble.w	8005ce0 <__l_vfprintf+0x544>
 800608a:	f027 0717 	bic.w	r7, r7, #23
 800608e:	b2bb      	uxth	r3, r7
 8006090:	9300      	str	r3, [sp, #0]
 8006092:	4659      	mov	r1, fp
 8006094:	465b      	mov	r3, fp
 8006096:	e77b      	b.n	8005f90 <__l_vfprintf+0x7f4>
 8006098:	06fa      	lsls	r2, r7, #27
 800609a:	d540      	bpl.n	800611e <__l_vfprintf+0x982>
 800609c:	0738      	lsls	r0, r7, #28
 800609e:	f10b 0102 	add.w	r1, fp, #2
 80060a2:	f53f af46 	bmi.w	8005f32 <__l_vfprintf+0x796>
 80060a6:	458a      	cmp	sl, r1
 80060a8:	f73f af72 	bgt.w	8005f90 <__l_vfprintf+0x7f4>
 80060ac:	ebaa 0a01 	sub.w	sl, sl, r1
 80060b0:	2030      	movs	r0, #48	@ 0x30
 80060b2:	4641      	mov	r1, r8
 80060b4:	9300      	str	r3, [sp, #0]
 80060b6:	47c8      	blx	r9
 80060b8:	2800      	cmp	r0, #0
 80060ba:	9b00      	ldr	r3, [sp, #0]
 80060bc:	f6bf af19 	bge.w	8005ef2 <__l_vfprintf+0x756>
 80060c0:	e4a1      	b.n	8005a06 <__l_vfprintf+0x26a>
 80060c2:	465a      	mov	r2, fp
 80060c4:	f001 0008 	and.w	r0, r1, #8
 80060c8:	b281      	uxth	r1, r0
 80060ca:	2800      	cmp	r0, #0
 80060cc:	f43f af1c 	beq.w	8005f08 <__l_vfprintf+0x76c>
 80060d0:	ebaa 0a0b 	sub.w	sl, sl, fp
 80060d4:	462e      	mov	r6, r5
 80060d6:	4693      	mov	fp, r2
 80060d8:	e68e      	b.n	8005df8 <__l_vfprintf+0x65c>
 80060da:	4551      	cmp	r1, sl
 80060dc:	f6ff af58 	blt.w	8005f90 <__l_vfprintf+0x7f4>
 80060e0:	e67e      	b.n	8005de0 <__l_vfprintf+0x644>
 80060e2:	4619      	mov	r1, r3
 80060e4:	e5b3      	b.n	8005c4e <__l_vfprintf+0x4b2>
 80060e6:	469b      	mov	fp, r3
 80060e8:	4682      	mov	sl, r0
 80060ea:	e5c1      	b.n	8005c70 <__l_vfprintf+0x4d4>
 80060ec:	2110      	movs	r1, #16
 80060ee:	e6ee      	b.n	8005ece <__l_vfprintf+0x732>
 80060f0:	4619      	mov	r1, r3
 80060f2:	e727      	b.n	8005f44 <__l_vfprintf+0x7a8>
 80060f4:	4692      	mov	sl, r2
 80060f6:	469b      	mov	fp, r3
 80060f8:	e6f0      	b.n	8005edc <__l_vfprintf+0x740>
 80060fa:	4635      	mov	r5, r6
 80060fc:	aa04      	add	r2, sp, #16
 80060fe:	e5f1      	b.n	8005ce4 <__l_vfprintf+0x548>
 8006100:	4551      	cmp	r1, sl
 8006102:	f6ff af45 	blt.w	8005f90 <__l_vfprintf+0x7f4>
 8006106:	e714      	b.n	8005f32 <__l_vfprintf+0x796>
 8006108:	459a      	cmp	sl, r3
 800610a:	bfd8      	it	le
 800610c:	ebaa 0a03 	suble.w	sl, sl, r3
 8006110:	f77f af66 	ble.w	8005fe0 <__l_vfprintf+0x844>
 8006114:	4619      	mov	r1, r3
 8006116:	e73b      	b.n	8005f90 <__l_vfprintf+0x7f4>
 8006118:	462e      	mov	r6, r5
 800611a:	468a      	mov	sl, r1
 800611c:	e66c      	b.n	8005df8 <__l_vfprintf+0x65c>
 800611e:	9900      	ldr	r1, [sp, #0]
 8006120:	465a      	mov	r2, fp
 8006122:	f001 0008 	and.w	r0, r1, #8
 8006126:	e7cf      	b.n	80060c8 <__l_vfprintf+0x92c>
 8006128:	4619      	mov	r1, r3
 800612a:	e72e      	b.n	8005f8a <__l_vfprintf+0x7ee>
 800612c:	45d3      	cmp	fp, sl
 800612e:	da09      	bge.n	8006144 <__l_vfprintf+0x9a8>
 8006130:	4659      	mov	r1, fp
 8006132:	4693      	mov	fp, r2
 8006134:	e72c      	b.n	8005f90 <__l_vfprintf+0x7f4>
 8006136:	ebaa 0a01 	sub.w	sl, sl, r1
 800613a:	462e      	mov	r6, r5
 800613c:	e65c      	b.n	8005df8 <__l_vfprintf+0x65c>
 800613e:	465a      	mov	r2, fp
 8006140:	468b      	mov	fp, r1
 8006142:	e7c1      	b.n	80060c8 <__l_vfprintf+0x92c>
 8006144:	ebaa 0a0b 	sub.w	sl, sl, fp
 8006148:	462e      	mov	r6, r5
 800614a:	4693      	mov	fp, r2
 800614c:	e654      	b.n	8005df8 <__l_vfprintf+0x65c>
 800614e:	bf00      	nop

08006150 <__file_str_put>:
 8006150:	e9d1 3204 	ldrd	r3, r2, [r1, #16]
 8006154:	4293      	cmp	r3, r2
 8006156:	d002      	beq.n	800615e <__file_str_put+0xe>
 8006158:	1c5a      	adds	r2, r3, #1
 800615a:	610a      	str	r2, [r1, #16]
 800615c:	7018      	strb	r0, [r3, #0]
 800615e:	4770      	bx	lr

08006160 <_OffsetAbsSyms>:

#include <gen_offset.h>

#include "offsets_aarch32.c"

GEN_ABS_SYM_END
 8006160:	4770      	bx	lr

08006162 <free_list_add_bidx>:
		free_list_remove_bidx(h, c, bidx);
	}
}

static void free_list_add_bidx(struct z_heap *h, chunkid_t c, int bidx)
{
 8006162:	b510      	push	{r4, lr}
	struct z_heap_bucket *b = &h->buckets[bidx];

	if (b->next == 0U) {
 8006164:	1d13      	adds	r3, r2, #4
 8006166:	f850 4023 	ldr.w	r4, [r0, r3, lsl #2]
 800616a:	b974      	cbnz	r4, 800618a <free_list_add_bidx+0x28>
		CHECK((h->avail_buckets & BIT(bidx)) == 0);

		/* Empty list, first item */
		h->avail_buckets |= BIT(bidx);
 800616c:	68c3      	ldr	r3, [r0, #12]
 800616e:	2401      	movs	r4, #1
 8006170:	4094      	lsls	r4, r2
 8006172:	4323      	orrs	r3, r4
 8006174:	60c3      	str	r3, [r0, #12]
		b->next = c;
 8006176:	3204      	adds	r2, #4
 8006178:	f840 1022 	str.w	r1, [r0, r2, lsl #2]
			     enum chunk_fields f, chunkid_t val)
{
	CHECK(c <= h->end_chunk);

	chunk_unit_t *buf = chunk_buf(h);
	void *cmem = &buf[c];
 800617c:	00cb      	lsls	r3, r1, #3
	if (big_heap(h)) {
		CHECK(val == (uint32_t)val);
		((uint32_t *)cmem)[f] = val;
	} else {
		CHECK(val == (uint16_t)val);
		((uint16_t *)cmem)[f] = val;
 800617e:	1d1a      	adds	r2, r3, #4
 8006180:	b289      	uxth	r1, r1
 8006182:	5281      	strh	r1, [r0, r2]
 8006184:	3306      	adds	r3, #6
 8006186:	52c1      	strh	r1, [r0, r3]
	}

#ifdef CONFIG_SYS_HEAP_RUNTIME_STATS
	h->free_bytes += chunk_usable_bytes(h, c);
#endif
}
 8006188:	bd10      	pop	{r4, pc}
	void *cmem = &buf[c];
 800618a:	00e2      	lsls	r2, r4, #3
		return ((uint16_t *)cmem)[f];
 800618c:	3204      	adds	r2, #4
 800618e:	5a83      	ldrh	r3, [r0, r2]
	void *cmem = &buf[c];
 8006190:	ea4f 0cc1 	mov.w	ip, r1, lsl #3
		((uint16_t *)cmem)[f] = val;
 8006194:	f10c 0e04 	add.w	lr, ip, #4
 8006198:	f820 300e 	strh.w	r3, [r0, lr]
 800619c:	f10c 0c06 	add.w	ip, ip, #6
 80061a0:	f820 400c 	strh.w	r4, [r0, ip]
	void *cmem = &buf[c];
 80061a4:	00db      	lsls	r3, r3, #3
		((uint16_t *)cmem)[f] = val;
 80061a6:	3306      	adds	r3, #6
 80061a8:	b289      	uxth	r1, r1
 80061aa:	52c1      	strh	r1, [r0, r3]
 80061ac:	5281      	strh	r1, [r0, r2]
 80061ae:	e7eb      	b.n	8006188 <free_list_add_bidx+0x26>

080061b0 <free_list_add>:

static void free_list_add(struct z_heap *h, chunkid_t c)
{
 80061b0:	b508      	push	{r3, lr}
		return ((uint16_t *)cmem)[f];
 80061b2:	eb00 03c1 	add.w	r3, r0, r1, lsl #3
 80061b6:	885a      	ldrh	r2, [r3, #2]
	return chunk_field(h, c, SIZE_AND_USED) & 1U;
}

static inline chunksz_t chunk_size(struct z_heap *h, chunkid_t c)
{
	return chunk_field(h, c, SIZE_AND_USED) >> 1;
 80061b8:	0852      	lsrs	r2, r2, #1
}

static inline int bucket_idx(struct z_heap *h, chunksz_t sz)
{
	unsigned int usable_sz = sz - min_chunk_size(h) + 1;
	return 31 - __builtin_clz(usable_sz);
 80061ba:	fab2 f282 	clz	r2, r2
	if (!undersized_chunk(h, c)) {
		int bidx = bucket_idx(h, chunk_size(h, c));
		free_list_add_bidx(h, c, bidx);
 80061be:	f1c2 021f 	rsb	r2, r2, #31
 80061c2:	f7ff ffce 	bl	8006162 <free_list_add_bidx>
	}
}
 80061c6:	bd08      	pop	{r3, pc}

080061c8 <sys_heap_init>:
	}
	return ptr2;
}

void sys_heap_init(struct sys_heap *heap, void *mem, size_t bytes)
{
 80061c8:	b570      	push	{r4, r5, r6, lr}
 80061ca:	4603      	mov	r3, r0
		__ASSERT(bytes / CHUNK_UNIT <= 0x7fffffffU, "heap size is too big");
	}

	/* Reserve the end marker chunk's header */
	__ASSERT(bytes > heap_footer_bytes(bytes), "heap size is too small");
	bytes -= heap_footer_bytes(bytes);
 80061cc:	3a04      	subs	r2, #4

	/* Round the start up, the end down */
	uintptr_t addr = ROUND_UP(mem, CHUNK_UNIT);
 80061ce:	1dc8      	adds	r0, r1, #7
 80061d0:	f020 0007 	bic.w	r0, r0, #7
	uintptr_t end = ROUND_DOWN((uint8_t *)mem + bytes, CHUNK_UNIT);
 80061d4:	440a      	add	r2, r1
 80061d6:	f022 0207 	bic.w	r2, r2, #7
	chunksz_t heap_sz = (end - addr) / CHUNK_UNIT;
 80061da:	1a12      	subs	r2, r2, r0
 80061dc:	08d5      	lsrs	r5, r2, #3

	CHECK(end > addr);
	__ASSERT(heap_sz > chunksz(sizeof(struct z_heap)), "heap size is too small");

	struct z_heap *h = (struct z_heap *)addr;
	heap->heap = h;
 80061de:	6018      	str	r0, [r3, #0]
	h->end_chunk = heap_sz;
 80061e0:	6085      	str	r5, [r0, #8]
	h->avail_buckets = 0;
 80061e2:	2300      	movs	r3, #0
 80061e4:	60c3      	str	r3, [r0, #12]
 80061e6:	fab5 f185 	clz	r1, r5

#if CONFIG_SYS_HEAP_ARRAY_SIZE
	sys_heap_array_save(heap);
#endif

	int nb_buckets = bucket_idx(h, heap_sz) + 1;
 80061ea:	f1c1 0e20 	rsb	lr, r1, #32
	chunksz_t chunk0_size = chunksz(sizeof(struct z_heap) +
 80061ee:	f1c1 0124 	rsb	r1, r1, #36	@ 0x24
				     nb_buckets * sizeof(struct z_heap_bucket)) +
 80061f2:	0089      	lsls	r1, r1, #2
	return (bytes + CHUNK_UNIT - 1U) / CHUNK_UNIT;
 80061f4:	1dce      	adds	r6, r1, #7
 80061f6:	08f1      	lsrs	r1, r6, #3
				CHUNK_TRAILER_SIZE;

	__ASSERT(chunk0_size + min_chunk_size(h) <= heap_sz, "heap size is too small");

	for (int i = 0; i < nb_buckets; i++) {
 80061f8:	e005      	b.n	8006206 <sys_heap_init+0x3e>
		h->buckets[i].next = 0;
 80061fa:	f103 0c04 	add.w	ip, r3, #4
 80061fe:	2400      	movs	r4, #0
 8006200:	f840 402c 	str.w	r4, [r0, ip, lsl #2]
	for (int i = 0; i < nb_buckets; i++) {
 8006204:	3301      	adds	r3, #1
 8006206:	4573      	cmp	r3, lr
 8006208:	dbf7      	blt.n	80061fa <sys_heap_init+0x32>
		((uint16_t *)cmem)[f] = val;
 800620a:	fa1f fe81 	uxth.w	lr, r1
 800620e:	ea4f 044e 	mov.w	r4, lr, lsl #1
 8006212:	b2a4      	uxth	r4, r4
 8006214:	8044      	strh	r4, [r0, #2]
 8006216:	f04f 0c00 	mov.w	ip, #0
 800621a:	f8a0 c000 	strh.w	ip, [r0]
			((uint16_t *)cmem)[SIZE_AND_USED] |= 1U;
 800621e:	f044 0401 	orr.w	r4, r4, #1
 8006222:	8044      	strh	r4, [r0, #2]
	if (SYS_HEAP_HARDENING_FULL) {
		set_chunk_canary(h, 0);
	}

	/* chunk containing the free heap */
	set_chunk_size(h, chunk0_size, heap_sz - chunk0_size);
 8006224:	1a6b      	subs	r3, r5, r1
	void *cmem = &buf[c];
 8006226:	f026 0407 	bic.w	r4, r6, #7
		((uint16_t *)cmem)[f] = val;
 800622a:	1ca5      	adds	r5, r4, #2
 800622c:	b29b      	uxth	r3, r3
 800622e:	005e      	lsls	r6, r3, #1
 8006230:	5346      	strh	r6, [r0, r5]
 8006232:	f820 e004 	strh.w	lr, [r0, r4]
	void *cmem = &buf[c];
 8006236:	f022 0407 	bic.w	r4, r2, #7
		((uint16_t *)cmem)[f] = val;
 800623a:	1c95      	adds	r5, r2, #2
 800623c:	f820 c005 	strh.w	ip, [r0, r5]
 8006240:	4402      	add	r2, r0
 8006242:	5303      	strh	r3, [r0, r4]
			((uint16_t *)cmem)[SIZE_AND_USED] |= 1U;
 8006244:	8853      	ldrh	r3, [r2, #2]
 8006246:	f043 0301 	orr.w	r3, r3, #1
 800624a:	8053      	strh	r3, [r2, #2]
	/* the end marker chunk */
	set_chunk_size(h, heap_sz, 0);
	set_left_chunk_size(h, heap_sz, heap_sz - chunk0_size);
	set_chunk_used(h, heap_sz, true);

	free_list_add(h, chunk0_size);
 800624c:	f7ff ffb0 	bl	80061b0 <free_list_add>
}
 8006250:	bd70      	pop	{r4, r5, r6, pc}

08006252 <cbprintf_via_va_list>:
{
 8006252:	b510      	push	{r4, lr}
 8006254:	460c      	mov	r4, r1
 8006256:	4611      	mov	r1, r2
 8006258:	461a      	mov	r2, r3
	return formatter(out, ctx, fmt, u.ap);
 800625a:	9b02      	ldr	r3, [sp, #8]
 800625c:	47a0      	blx	r4
}
 800625e:	bd10      	pop	{r4, pc}

08006260 <is_fmt_spec>:
	return (c >= 64) && (c <= 122);
 8006260:	3840      	subs	r0, #64	@ 0x40
 8006262:	b2c0      	uxtb	r0, r0
}
 8006264:	283a      	cmp	r0, #58	@ 0x3a
 8006266:	bf8c      	ite	hi
 8006268:	2000      	movhi	r0, #0
 800626a:	2001      	movls	r0, #1
 800626c:	4770      	bx	lr

0800626e <get_package_len>:
{
 800626e:	b5f8      	push	{r3, r4, r5, r6, r7, lr}
 8006270:	4606      	mov	r6, r0
	args_size = buf[0] * sizeof(int);
 8006272:	7803      	ldrb	r3, [r0, #0]
	s_nbr     = buf[1];
 8006274:	7845      	ldrb	r5, [r0, #1]
	ros_nbr   = buf[2];
 8006276:	7884      	ldrb	r4, [r0, #2]
	buf += ros_nbr;
 8006278:	eb04 0483 	add.w	r4, r4, r3, lsl #2
 800627c:	4404      	add	r4, r0
	for (unsigned int i = 0; i < s_nbr; i++) {
 800627e:	2700      	movs	r7, #0
 8006280:	e006      	b.n	8006290 <get_package_len+0x22>
		buf++;
 8006282:	3401      	adds	r4, #1
		buf += strlen((const char *)buf) + 1;
 8006284:	4620      	mov	r0, r4
 8006286:	f7f9 ff7b 	bl	8000180 <strlen>
 800628a:	3001      	adds	r0, #1
 800628c:	4404      	add	r4, r0
	for (unsigned int i = 0; i < s_nbr; i++) {
 800628e:	3701      	adds	r7, #1
 8006290:	42af      	cmp	r7, r5
 8006292:	d3f6      	bcc.n	8006282 <get_package_len+0x14>
}
 8006294:	1ba0      	subs	r0, r4, r6
 8006296:	bdf8      	pop	{r3, r4, r5, r6, r7, pc}

08006298 <append_string>:
{
 8006298:	b570      	push	{r4, r5, r6, lr}
 800629a:	4614      	mov	r4, r2
	if (cb == NULL) {
 800629c:	b168      	cbz	r0, 80062ba <append_string+0x22>
 800629e:	460d      	mov	r5, r1
 80062a0:	4619      	mov	r1, r3
 80062a2:	4606      	mov	r6, r0
	strl = strl > 0 ? strl : strlen(str) + 1;
 80062a4:	b92b      	cbnz	r3, 80062b2 <append_string+0x1a>
 80062a6:	4610      	mov	r0, r2
 80062a8:	f7f9 ff6a 	bl	8000180 <strlen>
 80062ac:	b283      	uxth	r3, r0
 80062ae:	3301      	adds	r3, #1
 80062b0:	b299      	uxth	r1, r3
	return cb(str, strl, ctx);
 80062b2:	462a      	mov	r2, r5
 80062b4:	4620      	mov	r0, r4
 80062b6:	47b0      	blx	r6
}
 80062b8:	bd70      	pop	{r4, r5, r6, pc}
		return 1 + strlen(str);
 80062ba:	4610      	mov	r0, r2
 80062bc:	f7f9 ff60 	bl	8000180 <strlen>
 80062c0:	3001      	adds	r0, #1
 80062c2:	e7f9      	b.n	80062b8 <append_string+0x20>

080062c4 <cbpprintf_external>:
	if (buf == NULL) {
 80062c4:	b35b      	cbz	r3, 800631e <cbpprintf_external+0x5a>
{
 80062c6:	e92d 47f0 	stmdb	sp!, {r4, r5, r6, r7, r8, r9, sl, lr}
 80062ca:	b082      	sub	sp, #8
 80062cc:	4607      	mov	r7, r0
 80062ce:	4688      	mov	r8, r1
 80062d0:	4691      	mov	r9, r2
 80062d2:	461d      	mov	r5, r3
	args_size = hdr->hdr.desc.len * sizeof(int);
 80062d4:	781a      	ldrb	r2, [r3, #0]
	s_nbr     = hdr->hdr.desc.str_cnt;
 80062d6:	785e      	ldrb	r6, [r3, #1]
	ros_nbr   = hdr->hdr.desc.ro_str_cnt;
 80062d8:	789c      	ldrb	r4, [r3, #2]
	rws_nbr   = hdr->hdr.desc.rw_str_cnt;
 80062da:	78db      	ldrb	r3, [r3, #3]
	s = (char *)(buf + args_size + ros_nbr + 2 * rws_nbr);
 80062dc:	eb04 0482 	add.w	r4, r4, r2, lsl #2
 80062e0:	eb04 0443 	add.w	r4, r4, r3, lsl #1
 80062e4:	442c      	add	r4, r5
	for (i = 0; i < s_nbr; i++) {
 80062e6:	f04f 0a00 	mov.w	sl, #0
 80062ea:	e00a      	b.n	8006302 <cbpprintf_external+0x3e>
		s_idx = *(uint8_t *)s;
 80062ec:	f814 3b01 	ldrb.w	r3, [r4], #1
		*ps = s;
 80062f0:	f845 4023 	str.w	r4, [r5, r3, lsl #2]
		s += strlen(s) + 1;
 80062f4:	4620      	mov	r0, r4
 80062f6:	f7f9 ff43 	bl	8000180 <strlen>
 80062fa:	3001      	adds	r0, #1
 80062fc:	4404      	add	r4, r0
	for (i = 0; i < s_nbr; i++) {
 80062fe:	f10a 0a01 	add.w	sl, sl, #1
 8006302:	45b2      	cmp	sl, r6
 8006304:	d3f2      	bcc.n	80062ec <cbpprintf_external+0x28>
	buf += sizeof(*hdr);
 8006306:	f105 0308 	add.w	r3, r5, #8
	return cbprintf_via_va_list(out, formatter, ctx, hdr->fmt, buf);
 800630a:	9300      	str	r3, [sp, #0]
 800630c:	686b      	ldr	r3, [r5, #4]
 800630e:	464a      	mov	r2, r9
 8006310:	4641      	mov	r1, r8
 8006312:	4638      	mov	r0, r7
 8006314:	f7ff ff9d 	bl	8006252 <cbprintf_via_va_list>
}
 8006318:	b002      	add	sp, #8
 800631a:	e8bd 87f0 	ldmia.w	sp!, {r4, r5, r6, r7, r8, r9, sl, pc}
		return -EINVAL;
 800631e:	f06f 0015 	mvn.w	r0, #21
}
 8006322:	4770      	bx	lr

08006324 <is_ptr>:
{
 8006324:	e92d 41f0 	stmdb	sp!, {r4, r5, r6, r7, r8, lr}
 8006328:	4604      	mov	r4, r0
 800632a:	4688      	mov	r8, r1
	int cnt = 0;
 800632c:	2700      	movs	r7, #0
	bool mod = false;
 800632e:	463e      	mov	r6, r7
	while ((c = *fmt++) != '\0') {
 8006330:	e007      	b.n	8006342 <is_ptr+0x1e>
				if (c == 'p') {
 8006332:	2d70      	cmp	r5, #112	@ 0x70
 8006334:	d018      	beq.n	8006368 <is_ptr+0x44>
				} else if (is_fmt_spec(c)) {
 8006336:	4628      	mov	r0, r5
 8006338:	f7ff ff92 	bl	8006260 <is_fmt_spec>
 800633c:	b9b8      	cbnz	r0, 800636e <is_ptr+0x4a>
		if (c == '%') {
 800633e:	2d25      	cmp	r5, #37	@ 0x25
 8006340:	d00e      	beq.n	8006360 <is_ptr+0x3c>
	while ((c = *fmt++) != '\0') {
 8006342:	f814 5b01 	ldrb.w	r5, [r4], #1
 8006346:	b175      	cbz	r5, 8006366 <is_ptr+0x42>
		if (mod) {
 8006348:	2e00      	cmp	r6, #0
 800634a:	d0f8      	beq.n	800633e <is_ptr+0x1a>
			if (cnt == n) {
 800634c:	4547      	cmp	r7, r8
 800634e:	d0f0      	beq.n	8006332 <is_ptr+0xe>
			} else if (is_fmt_spec(c)) {
 8006350:	4628      	mov	r0, r5
 8006352:	f7ff ff85 	bl	8006260 <is_fmt_spec>
 8006356:	2800      	cmp	r0, #0
 8006358:	d0f1      	beq.n	800633e <is_ptr+0x1a>
				cnt++;
 800635a:	3701      	adds	r7, #1
				mod = false;
 800635c:	2600      	movs	r6, #0
 800635e:	e7ee      	b.n	800633e <is_ptr+0x1a>
			mod = !mod;
 8006360:	f086 0601 	eor.w	r6, r6, #1
 8006364:	e7ed      	b.n	8006342 <is_ptr+0x1e>
	return false;
 8006366:	2600      	movs	r6, #0
}
 8006368:	4630      	mov	r0, r6
 800636a:	e8bd 81f0 	ldmia.w	sp!, {r4, r5, r6, r7, r8, pc}
					return false;
 800636e:	2600      	movs	r6, #0
 8006370:	e7fa      	b.n	8006368 <is_ptr+0x44>

08006372 <arch_printk_char_out>:
}
 8006372:	2000      	movs	r0, #0
 8006374:	4770      	bx	lr

08006376 <vprintk>:
	ARG_UNUSED(ctx_p);
	return _char_out(c);
}

void vprintk(const char *fmt, va_list ap)
{
 8006376:	b508      	push	{r3, lr}
	if (IS_ENABLED(CONFIG_LOG_PRINTK)) {
		z_log_vprintk(fmt, ap);
 8006378:	f000 fc33 	bl	8006be2 <z_log_vprintk>

#ifdef CONFIG_PRINTK_SYNC
		k_spin_unlock(&lock, key);
#endif
	}
}
 800637c:	bd08      	pop	{r3, pc}

0800637e <printk>:
 *
 * @param fmt formatted string to output
 */

void printk(const char *fmt, ...)
{
 800637e:	b40f      	push	{r0, r1, r2, r3}
 8006380:	b500      	push	{lr}
 8006382:	b083      	sub	sp, #12
 8006384:	a904      	add	r1, sp, #16
 8006386:	f851 0b04 	ldr.w	r0, [r1], #4
	va_list ap;

	va_start(ap, fmt);
 800638a:	9101      	str	r1, [sp, #4]

	vprintk(fmt, ap);
 800638c:	f7ff fff3 	bl	8006376 <vprintk>

	va_end(ap);
}
 8006390:	b003      	add	sp, #12
 8006392:	f85d eb04 	ldr.w	lr, [sp], #4
 8006396:	b004      	add	sp, #16
 8006398:	4770      	bx	lr

0800639a <free_space>:
 * be more space available after wrapping.
 * @retval false When result is total free space.
 */
static inline bool free_space(struct mpsc_pbuf_buffer *buffer, uint32_t *res)
{
	if (buffer->flags & MPSC_PBUF_FULL) {
 800639a:	6903      	ldr	r3, [r0, #16]
 800639c:	f013 0f08 	tst.w	r3, #8
 80063a0:	d108      	bne.n	80063b4 <free_space+0x1a>
		*res = 0;
		return false;
	}

	if (buffer->rd_idx > buffer->tmp_wr_idx) {
 80063a2:	68c3      	ldr	r3, [r0, #12]
 80063a4:	6802      	ldr	r2, [r0, #0]
 80063a6:	4293      	cmp	r3, r2
 80063a8:	d807      	bhi.n	80063ba <free_space+0x20>
		*res =  buffer->rd_idx - buffer->tmp_wr_idx;
		return false;
	}
	*res = buffer->size - buffer->tmp_wr_idx;
 80063aa:	6a03      	ldr	r3, [r0, #32]
 80063ac:	1a9b      	subs	r3, r3, r2
 80063ae:	600b      	str	r3, [r1, #0]

	return true;
 80063b0:	2001      	movs	r0, #1
}
 80063b2:	4770      	bx	lr
		*res = 0;
 80063b4:	2000      	movs	r0, #0
 80063b6:	6008      	str	r0, [r1, #0]
		return false;
 80063b8:	4770      	bx	lr
		*res =  buffer->rd_idx - buffer->tmp_wr_idx;
 80063ba:	1a9b      	subs	r3, r3, r2
 80063bc:	600b      	str	r3, [r1, #0]
		return false;
 80063be:	2000      	movs	r0, #0
 80063c0:	4770      	bx	lr

080063c2 <available>:
 * be more space available after wrapping.
 * @retval false When result is total free space.
 */
static inline bool available(struct mpsc_pbuf_buffer *buffer, uint32_t *res)
{
	if (buffer->flags & MPSC_PBUF_FULL || buffer->tmp_rd_idx > buffer->wr_idx) {
 80063c2:	6903      	ldr	r3, [r0, #16]
 80063c4:	f013 0f08 	tst.w	r3, #8
 80063c8:	d107      	bne.n	80063da <available+0x18>
 80063ca:	6882      	ldr	r2, [r0, #8]
 80063cc:	6843      	ldr	r3, [r0, #4]
 80063ce:	429a      	cmp	r2, r3
 80063d0:	d803      	bhi.n	80063da <available+0x18>
		*res = buffer->size - buffer->tmp_rd_idx;
		return true;
	}

	*res = (buffer->wr_idx - buffer->tmp_rd_idx);
 80063d2:	1a9b      	subs	r3, r3, r2
 80063d4:	600b      	str	r3, [r1, #0]

	return false;
 80063d6:	2000      	movs	r0, #0
}
 80063d8:	4770      	bx	lr
		*res = buffer->size - buffer->tmp_rd_idx;
 80063da:	6a03      	ldr	r3, [r0, #32]
 80063dc:	6882      	ldr	r2, [r0, #8]
 80063de:	1a9b      	subs	r3, r3, r2
 80063e0:	600b      	str	r3, [r1, #0]
		return true;
 80063e2:	2001      	movs	r0, #1
 80063e4:	4770      	bx	lr

080063e6 <get_usage>:

static inline uint32_t get_usage(struct mpsc_pbuf_buffer *buffer)
{
 80063e6:	b510      	push	{r4, lr}
 80063e8:	b082      	sub	sp, #8
 80063ea:	4604      	mov	r4, r0
	uint32_t f;

	if (free_space(buffer, &f)) {
 80063ec:	a901      	add	r1, sp, #4
 80063ee:	f7ff ffd4 	bl	800639a <free_space>
 80063f2:	b120      	cbz	r0, 80063fe <get_usage+0x18>
		f += (buffer->rd_idx - 1);
 80063f4:	68e3      	ldr	r3, [r4, #12]
 80063f6:	9a01      	ldr	r2, [sp, #4]
 80063f8:	4413      	add	r3, r2
 80063fa:	3b01      	subs	r3, #1
 80063fc:	9301      	str	r3, [sp, #4]
	}

	return buffer->size - 1 - f;
 80063fe:	6a20      	ldr	r0, [r4, #32]
 8006400:	9b01      	ldr	r3, [sp, #4]
 8006402:	1ac0      	subs	r0, r0, r3
}
 8006404:	3801      	subs	r0, #1
 8006406:	b002      	add	sp, #8
 8006408:	bd10      	pop	{r4, pc}

0800640a <max_utilization_update>:

static inline void max_utilization_update(struct mpsc_pbuf_buffer *buffer)
{
 800640a:	b538      	push	{r3, r4, r5, lr}
	if (!(buffer->flags & MPSC_PBUF_MAX_UTILIZATION)) {
 800640c:	6903      	ldr	r3, [r0, #16]
 800640e:	f013 0f04 	tst.w	r3, #4
 8006412:	d100      	bne.n	8006416 <max_utilization_update+0xc>
		return;
	}

	buffer->max_usage = max(buffer->max_usage, get_usage(buffer));
}
 8006414:	bd38      	pop	{r3, r4, r5, pc}
 8006416:	4604      	mov	r4, r0
	buffer->max_usage = max(buffer->max_usage, get_usage(buffer));
 8006418:	6a45      	ldr	r5, [r0, #36]	@ 0x24
 800641a:	f7ff ffe4 	bl	80063e6 <get_usage>
 800641e:	42a8      	cmp	r0, r5
 8006420:	bf38      	it	cc
 8006422:	4628      	movcc	r0, r5
 8006424:	6260      	str	r0, [r4, #36]	@ 0x24
 8006426:	e7f5      	b.n	8006414 <max_utilization_update+0xa>

08006428 <rd_idx_inc>:
	}
}

static void rd_idx_inc(struct mpsc_pbuf_buffer *buffer, int32_t wlen)
{
	buffer->rd_idx = idx_inc(buffer, buffer->rd_idx, wlen);
 8006428:	68c3      	ldr	r3, [r0, #12]
	uint32_t i = idx + val;
 800642a:	4419      	add	r1, r3
	if (buffer->flags & MPSC_PBUF_SIZE_POW2) {
 800642c:	6903      	ldr	r3, [r0, #16]
 800642e:	f013 0f01 	tst.w	r3, #1
 8006432:	d104      	bne.n	800643e <rd_idx_inc+0x16>
	return (i >= buffer->size) ? i - buffer->size : i;
 8006434:	6a02      	ldr	r2, [r0, #32]
 8006436:	4291      	cmp	r1, r2
 8006438:	d304      	bcc.n	8006444 <rd_idx_inc+0x1c>
 800643a:	1a89      	subs	r1, r1, r2
 800643c:	e002      	b.n	8006444 <rd_idx_inc+0x1c>
		return i & (buffer->size - 1);
 800643e:	6a02      	ldr	r2, [r0, #32]
 8006440:	3a01      	subs	r2, #1
 8006442:	4011      	ands	r1, r2
	buffer->rd_idx = idx_inc(buffer, buffer->rd_idx, wlen);
 8006444:	60c1      	str	r1, [r0, #12]
	buffer->flags &= ~MPSC_PBUF_FULL;
 8006446:	f023 0308 	bic.w	r3, r3, #8
 800644a:	6103      	str	r3, [r0, #16]
}
 800644c:	4770      	bx	lr

0800644e <add_skip_item>:

static void add_skip_item(struct mpsc_pbuf_buffer *buffer, uint32_t wlen)
{
 800644e:	b410      	push	{r4}
	union mpsc_pbuf_generic skip = {
 8006450:	2300      	movs	r3, #0
 8006452:	f023 0301 	bic.w	r3, r3, #1
 8006456:	f043 0302 	orr.w	r3, r3, #2
 800645a:	f361 039f 	bfi	r3, r1, #2, #30
		.skip = { .valid = 0, .busy = 1, .len = wlen }
	};

	buffer->buf[buffer->tmp_wr_idx] = skip.raw;
 800645e:	69c2      	ldr	r2, [r0, #28]
 8006460:	6804      	ldr	r4, [r0, #0]
 8006462:	f842 3024 	str.w	r3, [r2, r4, lsl #2]
	buffer->tmp_wr_idx = idx_inc(buffer, buffer->tmp_wr_idx, wlen);
 8006466:	6803      	ldr	r3, [r0, #0]
	uint32_t i = idx + val;
 8006468:	440b      	add	r3, r1
	if (buffer->flags & MPSC_PBUF_SIZE_POW2) {
 800646a:	6902      	ldr	r2, [r0, #16]
 800646c:	f012 0f01 	tst.w	r2, #1
 8006470:	d104      	bne.n	800647c <add_skip_item+0x2e>
	return (i >= buffer->size) ? i - buffer->size : i;
 8006472:	6a04      	ldr	r4, [r0, #32]
 8006474:	42a3      	cmp	r3, r4
 8006476:	d304      	bcc.n	8006482 <add_skip_item+0x34>
 8006478:	1b1b      	subs	r3, r3, r4
 800647a:	e002      	b.n	8006482 <add_skip_item+0x34>
		return i & (buffer->size - 1);
 800647c:	6a04      	ldr	r4, [r0, #32]
 800647e:	3c01      	subs	r4, #1
 8006480:	4023      	ands	r3, r4
	buffer->tmp_wr_idx = idx_inc(buffer, buffer->tmp_wr_idx, wlen);
 8006482:	6003      	str	r3, [r0, #0]
	if (buffer->tmp_wr_idx == buffer->rd_idx) {
 8006484:	68c4      	ldr	r4, [r0, #12]
 8006486:	42a3      	cmp	r3, r4
 8006488:	d00a      	beq.n	80064a0 <add_skip_item+0x52>
	tmp_wr_idx_inc(buffer, wlen);
	buffer->wr_idx = idx_inc(buffer, buffer->wr_idx, wlen);
 800648a:	6843      	ldr	r3, [r0, #4]
	uint32_t i = idx + val;
 800648c:	4419      	add	r1, r3
	if (buffer->flags & MPSC_PBUF_SIZE_POW2) {
 800648e:	6903      	ldr	r3, [r0, #16]
 8006490:	f013 0f01 	tst.w	r3, #1
 8006494:	d108      	bne.n	80064a8 <add_skip_item+0x5a>
	return (i >= buffer->size) ? i - buffer->size : i;
 8006496:	6a03      	ldr	r3, [r0, #32]
 8006498:	4299      	cmp	r1, r3
 800649a:	d308      	bcc.n	80064ae <add_skip_item+0x60>
 800649c:	1ac9      	subs	r1, r1, r3
 800649e:	e006      	b.n	80064ae <add_skip_item+0x60>
		buffer->flags |= MPSC_PBUF_FULL;
 80064a0:	f042 0208 	orr.w	r2, r2, #8
 80064a4:	6102      	str	r2, [r0, #16]
 80064a6:	e7f0      	b.n	800648a <add_skip_item+0x3c>
		return i & (buffer->size - 1);
 80064a8:	6a03      	ldr	r3, [r0, #32]
 80064aa:	3b01      	subs	r3, #1
 80064ac:	4019      	ands	r1, r3
	buffer->wr_idx = idx_inc(buffer, buffer->wr_idx, wlen);
 80064ae:	6041      	str	r1, [r0, #4]
}
 80064b0:	bc10      	pop	{r4}
 80064b2:	4770      	bx	lr

080064b4 <drop_item_locked>:

static bool drop_item_locked(struct mpsc_pbuf_buffer *buffer,
			     uint32_t free_wlen,
			     union mpsc_pbuf_generic **item_to_drop,
			     uint32_t *tmp_wr_idx_shift)
{
 80064b4:	e92d 4ff0 	stmdb	sp!, {r4, r5, r6, r7, r8, r9, sl, fp, lr}
 80064b8:	b083      	sub	sp, #12
 80064ba:	4604      	mov	r4, r0
 80064bc:	9101      	str	r1, [sp, #4]
 80064be:	4617      	mov	r7, r2
 80064c0:	4698      	mov	r8, r3
	union mpsc_pbuf_generic *item;
	uint32_t skip_wlen;

	item = (union mpsc_pbuf_generic *)&buffer->buf[buffer->rd_idx];
 80064c2:	69c5      	ldr	r5, [r0, #28]
 80064c4:	68c6      	ldr	r6, [r0, #12]
 80064c6:	eb05 0b86 	add.w	fp, r5, r6, lsl #2
	if (item->hdr.busy && !item->hdr.valid) {
 80064ca:	f815 3026 	ldrb.w	r3, [r5, r6, lsl #2]
 80064ce:	f003 0303 	and.w	r3, r3, #3
 80064d2:	2b02      	cmp	r3, #2
 80064d4:	d024      	beq.n	8006520 <drop_item_locked+0x6c>
	return 0;
 80064d6:	2100      	movs	r1, #0
	skip_wlen = get_skip(item);
	*item_to_drop = NULL;
 80064d8:	2300      	movs	r3, #0
 80064da:	603b      	str	r3, [r7, #0]
	*tmp_wr_idx_shift = 0;
 80064dc:	f8c8 3000 	str.w	r3, [r8]

	if (skip_wlen) {
 80064e0:	bb19      	cbnz	r1, 800652a <drop_item_locked+0x76>
		buffer->tmp_rd_idx = buffer->rd_idx;
		return true;
	}

	/* Other options for dropping available only in overwrite mode. */
	if (!(buffer->flags & MPSC_PBUF_MODE_OVERWRITE)) {
 80064e2:	6923      	ldr	r3, [r4, #16]
 80064e4:	f013 0f02 	tst.w	r3, #2
 80064e8:	d075      	beq.n	80065d6 <drop_item_locked+0x122>
		return false;
	}

	uint32_t rd_wlen = buffer->get_wlen(item);
 80064ea:	69a3      	ldr	r3, [r4, #24]
 80064ec:	4658      	mov	r0, fp
 80064ee:	4798      	blx	r3
 80064f0:	4682      	mov	sl, r0
	return item->hdr.valid;
 80064f2:	f815 9026 	ldrb.w	r9, [r5, r6, lsl #2]

	/* If packet is busy need to be omitted. */
	if (!is_valid(item)) {
 80064f6:	f019 0901 	ands.w	r9, r9, #1
 80064fa:	d06e      	beq.n	80065da <drop_item_locked+0x126>
		return false;
	} else if (item->hdr.busy) {
 80064fc:	f815 3026 	ldrb.w	r3, [r5, r6, lsl #2]
 8006500:	f013 0f02 	tst.w	r3, #2
 8006504:	d03b      	beq.n	800657e <drop_item_locked+0xca>
		bool ret = true;

		MPSC_PBUF_DBG(buffer, "no space: Found busy packet %p (len:%d)", item, rd_wlen);
		/* Add skip packet before claimed packet. */
		if (free_wlen) {
 8006506:	9b01      	ldr	r3, [sp, #4]
 8006508:	b9bb      	cbnz	r3, 800653a <drop_item_locked+0x86>
			add_skip_item(buffer, free_wlen);
			MPSC_PBUF_DBG(buffer, "no space: Added skip packet (len:%d)", free_wlen);
		}
		/* Move all indexes forward, after claimed packet. */
		buffer->wr_idx = idx_inc(buffer, buffer->wr_idx, rd_wlen);
 800650a:	6862      	ldr	r2, [r4, #4]
	uint32_t i = idx + val;
 800650c:	4452      	add	r2, sl
	if (buffer->flags & MPSC_PBUF_SIZE_POW2) {
 800650e:	6923      	ldr	r3, [r4, #16]
 8006510:	f013 0001 	ands.w	r0, r3, #1
 8006514:	d116      	bne.n	8006544 <drop_item_locked+0x90>
	return (i >= buffer->size) ? i - buffer->size : i;
 8006516:	6a21      	ldr	r1, [r4, #32]
 8006518:	428a      	cmp	r2, r1
 800651a:	d316      	bcc.n	800654a <drop_item_locked+0x96>
 800651c:	1a52      	subs	r2, r2, r1
 800651e:	e014      	b.n	800654a <drop_item_locked+0x96>
		return item->skip.len;
 8006520:	f855 1026 	ldr.w	r1, [r5, r6, lsl #2]
 8006524:	f3c1 019d 	ubfx	r1, r1, #2, #30
 8006528:	e7d6      	b.n	80064d8 <drop_item_locked+0x24>
		rd_idx_inc(buffer, skip_wlen);
 800652a:	4620      	mov	r0, r4
 800652c:	f7ff ff7c 	bl	8006428 <rd_idx_inc>
		buffer->tmp_rd_idx = buffer->rd_idx;
 8006530:	68e3      	ldr	r3, [r4, #12]
 8006532:	60a3      	str	r3, [r4, #8]
		return true;
 8006534:	f04f 0901 	mov.w	r9, #1
 8006538:	e04f      	b.n	80065da <drop_item_locked+0x126>
			add_skip_item(buffer, free_wlen);
 800653a:	4619      	mov	r1, r3
 800653c:	4620      	mov	r0, r4
 800653e:	f7ff ff86 	bl	800644e <add_skip_item>
			MPSC_PBUF_DBG(buffer, "no space: Added skip packet (len:%d)", free_wlen);
 8006542:	e7e2      	b.n	800650a <drop_item_locked+0x56>
		return i & (buffer->size - 1);
 8006544:	6a21      	ldr	r1, [r4, #32]
 8006546:	3901      	subs	r1, #1
 8006548:	400a      	ands	r2, r1
		buffer->wr_idx = idx_inc(buffer, buffer->wr_idx, rd_wlen);
 800654a:	6062      	str	r2, [r4, #4]

		/* If allocation wrapped around the buffer and found busy packet
		 * that was already omitted, skip it again and indicate that no
		 * packet was dropped.
		 */
		if (buffer->rd_idx == buffer->tmp_rd_idx) {
 800654c:	68e1      	ldr	r1, [r4, #12]
 800654e:	68a2      	ldr	r2, [r4, #8]
 8006550:	4291      	cmp	r1, r2
 8006552:	d006      	beq.n	8006562 <drop_item_locked+0xae>
			buffer->tmp_rd_idx = idx_inc(buffer, buffer->tmp_rd_idx, rd_wlen);
			ret = false;
		}

		buffer->tmp_wr_idx = buffer->tmp_rd_idx;
 8006554:	68a2      	ldr	r2, [r4, #8]
 8006556:	6022      	str	r2, [r4, #0]
		buffer->rd_idx = buffer->tmp_rd_idx;
 8006558:	60e2      	str	r2, [r4, #12]
		buffer->flags |= MPSC_PBUF_FULL;
 800655a:	f043 0308 	orr.w	r3, r3, #8
 800655e:	6123      	str	r3, [r4, #16]
		return ret;
 8006560:	e03b      	b.n	80065da <drop_item_locked+0x126>
	uint32_t i = idx + val;
 8006562:	4452      	add	r2, sl
	if (buffer->flags & MPSC_PBUF_SIZE_POW2) {
 8006564:	b920      	cbnz	r0, 8006570 <drop_item_locked+0xbc>
	return (i >= buffer->size) ? i - buffer->size : i;
 8006566:	6a21      	ldr	r1, [r4, #32]
 8006568:	428a      	cmp	r2, r1
 800656a:	d304      	bcc.n	8006576 <drop_item_locked+0xc2>
 800656c:	1a52      	subs	r2, r2, r1
 800656e:	e002      	b.n	8006576 <drop_item_locked+0xc2>
		return i & (buffer->size - 1);
 8006570:	6a21      	ldr	r1, [r4, #32]
 8006572:	3901      	subs	r1, #1
 8006574:	400a      	ands	r2, r1
			buffer->tmp_rd_idx = idx_inc(buffer, buffer->tmp_rd_idx, rd_wlen);
 8006576:	60a2      	str	r2, [r4, #8]
			ret = false;
 8006578:	f04f 0900 	mov.w	r9, #0
 800657c:	e7ea      	b.n	8006554 <drop_item_locked+0xa0>
	} else {
		/* Prepare packet dropping. */
		rd_idx_inc(buffer, rd_wlen);
 800657e:	4601      	mov	r1, r0
 8006580:	4620      	mov	r0, r4
 8006582:	f7ff ff51 	bl	8006428 <rd_idx_inc>
		buffer->tmp_rd_idx = buffer->rd_idx;
 8006586:	68e3      	ldr	r3, [r4, #12]
 8006588:	60a3      	str	r3, [r4, #8]
		/* Temporary move tmp_wr idx forward to ensure that packet
		 * will not be dropped twice and content will not be
		 * overwritten.
		 */
		if (free_wlen) {
 800658a:	9b01      	ldr	r3, [sp, #4]
 800658c:	b123      	cbz	r3, 8006598 <drop_item_locked+0xe4>
					.valid = 0,
					.busy = 0
				}
			};

			buffer->buf[buffer->tmp_wr_idx] = invalid.raw;
 800658e:	69e3      	ldr	r3, [r4, #28]
 8006590:	6822      	ldr	r2, [r4, #0]
 8006592:	2100      	movs	r1, #0
 8006594:	f843 1022 	str.w	r1, [r3, r2, lsl #2]
		}

		*tmp_wr_idx_shift = rd_wlen + free_wlen;
 8006598:	9b01      	ldr	r3, [sp, #4]
 800659a:	4453      	add	r3, sl
 800659c:	f8c8 3000 	str.w	r3, [r8]
		buffer->tmp_wr_idx = idx_inc(buffer, buffer->tmp_wr_idx, *tmp_wr_idx_shift);
 80065a0:	6822      	ldr	r2, [r4, #0]
	uint32_t i = idx + val;
 80065a2:	4413      	add	r3, r2
	if (buffer->flags & MPSC_PBUF_SIZE_POW2) {
 80065a4:	6922      	ldr	r2, [r4, #16]
 80065a6:	f012 0f01 	tst.w	r2, #1
 80065aa:	d104      	bne.n	80065b6 <drop_item_locked+0x102>
	return (i >= buffer->size) ? i - buffer->size : i;
 80065ac:	6a21      	ldr	r1, [r4, #32]
 80065ae:	428b      	cmp	r3, r1
 80065b0:	d304      	bcc.n	80065bc <drop_item_locked+0x108>
 80065b2:	1a5b      	subs	r3, r3, r1
 80065b4:	e002      	b.n	80065bc <drop_item_locked+0x108>
		return i & (buffer->size - 1);
 80065b6:	6a21      	ldr	r1, [r4, #32]
 80065b8:	3901      	subs	r1, #1
 80065ba:	400b      	ands	r3, r1
		buffer->tmp_wr_idx = idx_inc(buffer, buffer->tmp_wr_idx, *tmp_wr_idx_shift);
 80065bc:	6023      	str	r3, [r4, #0]
		buffer->flags |= MPSC_PBUF_FULL;
 80065be:	f042 0208 	orr.w	r2, r2, #8
 80065c2:	6122      	str	r2, [r4, #16]
		item->hdr.valid = 0;
 80065c4:	f815 3026 	ldrb.w	r3, [r5, r6, lsl #2]
 80065c8:	f023 0301 	bic.w	r3, r3, #1
 80065cc:	f805 3026 	strb.w	r3, [r5, r6, lsl #2]
		*item_to_drop = item;
 80065d0:	f8c7 b000 	str.w	fp, [r7]
		MPSC_PBUF_DBG(buffer, "no space: dropping packet %p (len: %d)",
			       item, rd_wlen);
	}

	return true;
 80065d4:	e001      	b.n	80065da <drop_item_locked+0x126>
		return false;
 80065d6:	f04f 0900 	mov.w	r9, #0
}
 80065da:	4648      	mov	r0, r9
 80065dc:	b003      	add	sp, #12
 80065de:	e8bd 8ff0 	ldmia.w	sp!, {r4, r5, r6, r7, r8, r9, sl, fp, pc}

080065e2 <post_drop_action>:

static void post_drop_action(struct mpsc_pbuf_buffer *buffer,
			     uint32_t prev_tmp_wr_idx,
			     uint32_t tmp_wr_idx_shift)
{
 80065e2:	b430      	push	{r4, r5}
	uint32_t i = idx + val;
 80065e4:	1853      	adds	r3, r2, r1
	if (buffer->flags & MPSC_PBUF_SIZE_POW2) {
 80065e6:	6904      	ldr	r4, [r0, #16]
 80065e8:	f014 0f01 	tst.w	r4, #1
 80065ec:	d104      	bne.n	80065f8 <post_drop_action+0x16>
	return (i >= buffer->size) ? i - buffer->size : i;
 80065ee:	6a05      	ldr	r5, [r0, #32]
 80065f0:	42ab      	cmp	r3, r5
 80065f2:	d304      	bcc.n	80065fe <post_drop_action+0x1c>
 80065f4:	1b5b      	subs	r3, r3, r5
 80065f6:	e002      	b.n	80065fe <post_drop_action+0x1c>
		return i & (buffer->size - 1);
 80065f8:	6a05      	ldr	r5, [r0, #32]
 80065fa:	3d01      	subs	r5, #1
 80065fc:	402b      	ands	r3, r5
	uint32_t cmp_tmp_wr_idx = idx_inc(buffer, prev_tmp_wr_idx, tmp_wr_idx_shift);

	if (cmp_tmp_wr_idx == buffer->tmp_wr_idx) {
 80065fe:	6805      	ldr	r5, [r0, #0]
 8006600:	429d      	cmp	r5, r3
 8006602:	d014      	beq.n	800662e <post_drop_action+0x4c>
		buffer->flags &= ~MPSC_PBUF_FULL;
		return;
	}

	/* Operation interrupted, mark area as to be skipped. */
	union mpsc_pbuf_generic skip = {
 8006604:	2300      	movs	r3, #0
 8006606:	f023 0301 	bic.w	r3, r3, #1
 800660a:	f043 0302 	orr.w	r3, r3, #2
 800660e:	f362 039f 	bfi	r3, r2, #2, #30
			.busy = 1,
			.len = tmp_wr_idx_shift
		}
	};

	buffer->buf[prev_tmp_wr_idx] = skip.raw;
 8006612:	69c4      	ldr	r4, [r0, #28]
 8006614:	f844 3021 	str.w	r3, [r4, r1, lsl #2]
	buffer->wr_idx = idx_inc(buffer,
 8006618:	6843      	ldr	r3, [r0, #4]
	uint32_t i = idx + val;
 800661a:	4413      	add	r3, r2
	if (buffer->flags & MPSC_PBUF_SIZE_POW2) {
 800661c:	6902      	ldr	r2, [r0, #16]
 800661e:	f012 0f01 	tst.w	r2, #1
 8006622:	d109      	bne.n	8006638 <post_drop_action+0x56>
	return (i >= buffer->size) ? i - buffer->size : i;
 8006624:	6a02      	ldr	r2, [r0, #32]
 8006626:	4293      	cmp	r3, r2
 8006628:	d309      	bcc.n	800663e <post_drop_action+0x5c>
 800662a:	1a9b      	subs	r3, r3, r2
 800662c:	e007      	b.n	800663e <post_drop_action+0x5c>
		buffer->tmp_wr_idx = prev_tmp_wr_idx;
 800662e:	6001      	str	r1, [r0, #0]
		buffer->flags &= ~MPSC_PBUF_FULL;
 8006630:	f024 0408 	bic.w	r4, r4, #8
 8006634:	6104      	str	r4, [r0, #16]
		return;
 8006636:	e003      	b.n	8006640 <post_drop_action+0x5e>
		return i & (buffer->size - 1);
 8006638:	6a02      	ldr	r2, [r0, #32]
 800663a:	3a01      	subs	r2, #1
 800663c:	4013      	ands	r3, r2
	buffer->wr_idx = idx_inc(buffer,
 800663e:	6043      	str	r3, [r0, #4]
				 buffer->wr_idx,
				 tmp_wr_idx_shift);
	/* full flag? */
}
 8006640:	bc30      	pop	{r4, r5}
 8006642:	4770      	bx	lr

08006644 <mpsc_pbuf_init>:
{
 8006644:	b508      	push	{r3, lr}
	memset(buffer, 0, offsetof(struct mpsc_pbuf_buffer, buf));
 8006646:	2300      	movs	r3, #0
 8006648:	6003      	str	r3, [r0, #0]
 800664a:	6043      	str	r3, [r0, #4]
 800664c:	6083      	str	r3, [r0, #8]
 800664e:	60c3      	str	r3, [r0, #12]
 8006650:	6103      	str	r3, [r0, #16]
 8006652:	6143      	str	r3, [r0, #20]
 8006654:	6183      	str	r3, [r0, #24]
	buffer->get_wlen = cfg->get_wlen;
 8006656:	68ca      	ldr	r2, [r1, #12]
 8006658:	6182      	str	r2, [r0, #24]
	buffer->notify_drop = cfg->notify_drop;
 800665a:	688a      	ldr	r2, [r1, #8]
 800665c:	6142      	str	r2, [r0, #20]
	buffer->buf = cfg->buf;
 800665e:	680a      	ldr	r2, [r1, #0]
 8006660:	61c2      	str	r2, [r0, #28]
	buffer->size = cfg->size;
 8006662:	684a      	ldr	r2, [r1, #4]
 8006664:	6202      	str	r2, [r0, #32]
	buffer->max_usage = 0;
 8006666:	6243      	str	r3, [r0, #36]	@ 0x24
	buffer->flags = cfg->flags;
 8006668:	690b      	ldr	r3, [r1, #16]
 800666a:	6103      	str	r3, [r0, #16]
 * @param x value to check
 * @return true if @p x is a power of two, false otherwise
 */
static inline bool is_power_of_two(unsigned int x)
{
	return IS_POWER_OF_TWO(x);
 800666c:	b12a      	cbz	r2, 800667a <mpsc_pbuf_init+0x36>
 800666e:	1e51      	subs	r1, r2, #1
 8006670:	420a      	tst	r2, r1
 8006672:	d102      	bne.n	800667a <mpsc_pbuf_init+0x36>
		buffer->flags |= MPSC_PBUF_SIZE_POW2;
 8006674:	f043 0301 	orr.w	r3, r3, #1
 8006678:	6103      	str	r3, [r0, #16]
		err = k_sem_init(&buffer->sem, 0, 1);
 800667a:	3028      	adds	r0, #40	@ 0x28
	return z_impl_k_sem_init(sem, initial_count, limit);
 800667c:	2201      	movs	r2, #1
 800667e:	2100      	movs	r1, #0
 8006680:	f001 fac0 	bl	8007c04 <z_impl_k_sem_init>
}
 8006684:	bd08      	pop	{r3, pc}

08006686 <mpsc_pbuf_alloc>:
	} while (cont);
}

union mpsc_pbuf_generic *mpsc_pbuf_alloc(struct mpsc_pbuf_buffer *buffer,
					 size_t wlen, k_timeout_t timeout)
{
 8006686:	e92d 4ff0 	stmdb	sp!, {r4, r5, r6, r7, r8, r9, sl, fp, lr}
 800668a:	b087      	sub	sp, #28
 800668c:	469a      	mov	sl, r3
	union mpsc_pbuf_generic *item = NULL;
	union mpsc_pbuf_generic *dropped_item = NULL;
 800668e:	2300      	movs	r3, #0
 8006690:	9305      	str	r3, [sp, #20]
	bool cont = true;
	uint32_t free_wlen;
	uint32_t tmp_wr_idx_shift = 0;
 8006692:	9303      	str	r3, [sp, #12]
	uint32_t tmp_wr_idx_val = 0;

	MPSC_PBUF_DBG(buffer, "alloc %d words", (int)wlen);

	if (wlen > (buffer->size)) {
 8006694:	6a03      	ldr	r3, [r0, #32]
 8006696:	428b      	cmp	r3, r1
 8006698:	f0c0 8089 	bcc.w	80067ae <mpsc_pbuf_alloc+0x128>
 800669c:	4604      	mov	r4, r0
 800669e:	4689      	mov	r9, r1
 80066a0:	4693      	mov	fp, r2
	uint32_t tmp_wr_idx_val = 0;
 80066a2:	2300      	movs	r3, #0
 80066a4:	9301      	str	r3, [sp, #4]
	bool cont = true;
 80066a6:	2601      	movs	r6, #1
	union mpsc_pbuf_generic *item = NULL;
 80066a8:	9300      	str	r3, [sp, #0]
 80066aa:	e041      	b.n	8006730 <mpsc_pbuf_alloc+0xaa>
		k_spinlock_key_t key;
		bool wrap;

		key = k_spin_lock(&buffer->lock);
		if (tmp_wr_idx_shift) {
			post_drop_action(buffer, tmp_wr_idx_val, tmp_wr_idx_shift);
 80066ac:	9901      	ldr	r1, [sp, #4]
 80066ae:	4620      	mov	r0, r4
 80066b0:	f7ff ff97 	bl	80065e2 <post_drop_action>
			tmp_wr_idx_shift = 0;
 80066b4:	2300      	movs	r3, #0
 80066b6:	9303      	str	r3, [sp, #12]
 80066b8:	e045      	b.n	8006746 <mpsc_pbuf_alloc+0xc0>

		wrap = free_space(buffer, &free_wlen);

		if (free_wlen >= wlen) {
			item =
			    (union mpsc_pbuf_generic *)&buffer->buf[buffer->tmp_wr_idx];
 80066ba:	69e3      	ldr	r3, [r4, #28]
 80066bc:	6822      	ldr	r2, [r4, #0]
			item =
 80066be:	eb03 0182 	add.w	r1, r3, r2, lsl #2
 80066c2:	9100      	str	r1, [sp, #0]
			item->hdr.valid = 0;
 80066c4:	f813 1022 	ldrb.w	r1, [r3, r2, lsl #2]
 80066c8:	f021 0101 	bic.w	r1, r1, #1
 80066cc:	f803 1022 	strb.w	r1, [r3, r2, lsl #2]
			item->hdr.busy = 0;
 80066d0:	b2c9      	uxtb	r1, r1
 80066d2:	f021 0102 	bic.w	r1, r1, #2
 80066d6:	f803 1022 	strb.w	r1, [r3, r2, lsl #2]
	buffer->tmp_wr_idx = idx_inc(buffer, buffer->tmp_wr_idx, wlen);
 80066da:	6823      	ldr	r3, [r4, #0]
	uint32_t i = idx + val;
 80066dc:	444b      	add	r3, r9
	if (buffer->flags & MPSC_PBUF_SIZE_POW2) {
 80066de:	6922      	ldr	r2, [r4, #16]
 80066e0:	f012 0f01 	tst.w	r2, #1
 80066e4:	d104      	bne.n	80066f0 <mpsc_pbuf_alloc+0x6a>
	return (i >= buffer->size) ? i - buffer->size : i;
 80066e6:	6a21      	ldr	r1, [r4, #32]
 80066e8:	428b      	cmp	r3, r1
 80066ea:	d304      	bcc.n	80066f6 <mpsc_pbuf_alloc+0x70>
 80066ec:	1a5b      	subs	r3, r3, r1
 80066ee:	e002      	b.n	80066f6 <mpsc_pbuf_alloc+0x70>
		return i & (buffer->size - 1);
 80066f0:	6a21      	ldr	r1, [r4, #32]
 80066f2:	3901      	subs	r1, #1
 80066f4:	400b      	ands	r3, r1
	buffer->tmp_wr_idx = idx_inc(buffer, buffer->tmp_wr_idx, wlen);
 80066f6:	6023      	str	r3, [r4, #0]
	if (buffer->tmp_wr_idx == buffer->rd_idx) {
 80066f8:	68e1      	ldr	r1, [r4, #12]
 80066fa:	428b      	cmp	r3, r1
 80066fc:	d001      	beq.n	8006702 <mpsc_pbuf_alloc+0x7c>
			tmp_wr_idx_inc(buffer, wlen);
			cont = false;
 80066fe:	2600      	movs	r6, #0
 8006700:	e008      	b.n	8006714 <mpsc_pbuf_alloc+0x8e>
		buffer->flags |= MPSC_PBUF_FULL;
 8006702:	f042 0208 	orr.w	r2, r2, #8
 8006706:	6122      	str	r2, [r4, #16]
			cont = false;
 8006708:	2600      	movs	r6, #0
 800670a:	e003      	b.n	8006714 <mpsc_pbuf_alloc+0x8e>
		} else if (wrap) {
			add_skip_item(buffer, free_wlen);
 800670c:	4620      	mov	r0, r4
 800670e:	f7ff fe9e 	bl	800644e <add_skip_item>
			cont = true;
 8006712:	462e      	mov	r6, r5
 8006714:	f388 8811 	msr	BASEPRI, r8
 8006718:	f3bf 8f6f 	isb	sy
			cont = drop_item_locked(buffer, free_wlen,
						&dropped_item, &tmp_wr_idx_shift);
		}
		k_spin_unlock(&buffer->lock, key);

		if (dropped_item) {
 800671c:	9905      	ldr	r1, [sp, #20]
 800671e:	b129      	cbz	r1, 800672c <mpsc_pbuf_alloc+0xa6>
			/* Notify about item being dropped. */
			if (buffer->notify_drop) {
 8006720:	6963      	ldr	r3, [r4, #20]
 8006722:	b10b      	cbz	r3, 8006728 <mpsc_pbuf_alloc+0xa2>
				buffer->notify_drop(buffer, dropped_item);
 8006724:	4620      	mov	r0, r4
 8006726:	4798      	blx	r3
			}
			dropped_item = NULL;
 8006728:	2300      	movs	r3, #0
 800672a:	9305      	str	r3, [sp, #20]
		}
	} while (cont);
 800672c:	2e00      	cmp	r6, #0
 800672e:	d040      	beq.n	80067b2 <mpsc_pbuf_alloc+0x12c>
  __ASM volatile ("MRS %0, basepri" : "=r" (result) );
 8006730:	f3ef 8711 	mrs	r7, BASEPRI
  __ASM volatile ("MSR basepri_max, %0" : : "r" (basePri) : "memory");
 8006734:	2310      	movs	r3, #16
 8006736:	f383 8812 	msr	BASEPRI_MAX, r3
 800673a:	f3bf 8f6f 	isb	sy
 800673e:	46b8      	mov	r8, r7
		if (tmp_wr_idx_shift) {
 8006740:	9a03      	ldr	r2, [sp, #12]
 8006742:	2a00      	cmp	r2, #0
 8006744:	d1b2      	bne.n	80066ac <mpsc_pbuf_alloc+0x26>
		wrap = free_space(buffer, &free_wlen);
 8006746:	a904      	add	r1, sp, #16
 8006748:	4620      	mov	r0, r4
 800674a:	f7ff fe26 	bl	800639a <free_space>
 800674e:	4605      	mov	r5, r0
		if (free_wlen >= wlen) {
 8006750:	9904      	ldr	r1, [sp, #16]
 8006752:	4549      	cmp	r1, r9
 8006754:	d2b1      	bcs.n	80066ba <mpsc_pbuf_alloc+0x34>
		} else if (wrap) {
 8006756:	2800      	cmp	r0, #0
 8006758:	d1d8      	bne.n	800670c <mpsc_pbuf_alloc+0x86>
		} else if (IS_ENABLED(CONFIG_MULTITHREADING) && !K_TIMEOUT_EQ(timeout, K_NO_WAIT) &&
 800675a:	ea5a 030b 	orrs.w	r3, sl, fp
 800675e:	d10b      	bne.n	8006778 <mpsc_pbuf_alloc+0xf2>
		} else if (cont) {
 8006760:	2e00      	cmp	r6, #0
 8006762:	d0d7      	beq.n	8006714 <mpsc_pbuf_alloc+0x8e>
			tmp_wr_idx_val = buffer->tmp_wr_idx;
 8006764:	6823      	ldr	r3, [r4, #0]
 8006766:	9301      	str	r3, [sp, #4]
			cont = drop_item_locked(buffer, free_wlen,
 8006768:	ab03      	add	r3, sp, #12
 800676a:	aa05      	add	r2, sp, #20
 800676c:	9904      	ldr	r1, [sp, #16]
 800676e:	4620      	mov	r0, r4
 8006770:	f7ff fea0 	bl	80064b4 <drop_item_locked>
 8006774:	4606      	mov	r6, r0
 8006776:	e7cd      	b.n	8006714 <mpsc_pbuf_alloc+0x8e>
			   !k_is_in_isr() && arch_irq_unlocked(key.key)) {
 8006778:	f001 fa79 	bl	8007c6e <k_is_in_isr>
		} else if (IS_ENABLED(CONFIG_MULTITHREADING) && !K_TIMEOUT_EQ(timeout, K_NO_WAIT) &&
 800677c:	2800      	cmp	r0, #0
 800677e:	d1ef      	bne.n	8006760 <mpsc_pbuf_alloc+0xda>
			   !k_is_in_isr() && arch_irq_unlocked(key.key)) {
 8006780:	2f00      	cmp	r7, #0
 8006782:	d1ed      	bne.n	8006760 <mpsc_pbuf_alloc+0xda>
  __ASM volatile ("MSR basepri, %0" : : "r" (basePri) : "memory");
 8006784:	f387 8811 	msr	BASEPRI, r7
 8006788:	f3bf 8f6f 	isb	sy
			err = k_sem_take(&buffer->sem, timeout);
 800678c:	f104 0028 	add.w	r0, r4, #40	@ 0x28
	return z_impl_k_sem_take(sem, timeout);
 8006790:	465a      	mov	r2, fp
 8006792:	4653      	mov	r3, sl
 8006794:	f7fd ff44 	bl	8004620 <z_impl_k_sem_take>
  __ASM volatile ("MRS %0, basepri" : "=r" (result) );
 8006798:	f3ef 8811 	mrs	r8, BASEPRI
  __ASM volatile ("MSR basepri_max, %0" : : "r" (basePri) : "memory");
 800679c:	2310      	movs	r3, #16
 800679e:	f383 8812 	msr	BASEPRI_MAX, r3
 80067a2:	f3bf 8f6f 	isb	sy
			cont = (err == 0) ? true : false;
 80067a6:	fab0 f680 	clz	r6, r0
 80067aa:	0976      	lsrs	r6, r6, #5
			   !k_is_in_isr() && arch_irq_unlocked(key.key)) {
 80067ac:	e7b2      	b.n	8006714 <mpsc_pbuf_alloc+0x8e>
		return NULL;
 80067ae:	2300      	movs	r3, #0
 80067b0:	9300      	str	r3, [sp, #0]
		/* During test fill with 0's to simplify message comparison */
		memset(item, 0, sizeof(int) * wlen);
	}

	return item;
}
 80067b2:	9800      	ldr	r0, [sp, #0]
 80067b4:	b007      	add	sp, #28
 80067b6:	e8bd 8ff0 	ldmia.w	sp!, {r4, r5, r6, r7, r8, r9, sl, fp, pc}

080067ba <mpsc_pbuf_commit>:

void mpsc_pbuf_commit(struct mpsc_pbuf_buffer *buffer,
		       union mpsc_pbuf_generic *item)
{
 80067ba:	b570      	push	{r4, r5, r6, lr}
 80067bc:	4604      	mov	r4, r0
 80067be:	460d      	mov	r5, r1
	uint32_t wlen = buffer->get_wlen(item);
 80067c0:	6983      	ldr	r3, [r0, #24]
 80067c2:	4608      	mov	r0, r1
 80067c4:	4798      	blx	r3
  __ASM volatile ("MRS %0, basepri" : "=r" (result) );
 80067c6:	f3ef 8611 	mrs	r6, BASEPRI
  __ASM volatile ("MSR basepri_max, %0" : : "r" (basePri) : "memory");
 80067ca:	2310      	movs	r3, #16
 80067cc:	f383 8812 	msr	BASEPRI_MAX, r3
 80067d0:	f3bf 8f6f 	isb	sy

	k_spinlock_key_t key = k_spin_lock(&buffer->lock);

	item->hdr.valid = 1;
 80067d4:	782b      	ldrb	r3, [r5, #0]
 80067d6:	f043 0301 	orr.w	r3, r3, #1
 80067da:	702b      	strb	r3, [r5, #0]
	buffer->wr_idx = idx_inc(buffer, buffer->wr_idx, wlen);
 80067dc:	6863      	ldr	r3, [r4, #4]
	uint32_t i = idx + val;
 80067de:	4418      	add	r0, r3
	if (buffer->flags & MPSC_PBUF_SIZE_POW2) {
 80067e0:	6923      	ldr	r3, [r4, #16]
 80067e2:	f013 0f01 	tst.w	r3, #1
 80067e6:	d104      	bne.n	80067f2 <mpsc_pbuf_commit+0x38>
	return (i >= buffer->size) ? i - buffer->size : i;
 80067e8:	6a23      	ldr	r3, [r4, #32]
 80067ea:	4298      	cmp	r0, r3
 80067ec:	d304      	bcc.n	80067f8 <mpsc_pbuf_commit+0x3e>
 80067ee:	1ac0      	subs	r0, r0, r3
 80067f0:	e002      	b.n	80067f8 <mpsc_pbuf_commit+0x3e>
		return i & (buffer->size - 1);
 80067f2:	6a23      	ldr	r3, [r4, #32]
 80067f4:	3b01      	subs	r3, #1
 80067f6:	4018      	ands	r0, r3
	buffer->wr_idx = idx_inc(buffer, buffer->wr_idx, wlen);
 80067f8:	6060      	str	r0, [r4, #4]
	max_utilization_update(buffer);
 80067fa:	4620      	mov	r0, r4
 80067fc:	f7ff fe05 	bl	800640a <max_utilization_update>
  __ASM volatile ("MSR basepri, %0" : : "r" (basePri) : "memory");
 8006800:	f386 8811 	msr	BASEPRI, r6
 8006804:	f3bf 8f6f 	isb	sy
	k_spin_unlock(&buffer->lock, key);
	MPSC_PBUF_DBG(buffer, "committed %p", item);
}
 8006808:	bd70      	pop	{r4, r5, r6, pc}

0800680a <mpsc_pbuf_claim>:
		}
	} while (cont);
}

const union mpsc_pbuf_generic *mpsc_pbuf_claim(struct mpsc_pbuf_buffer *buffer)
{
 800680a:	e92d 41f0 	stmdb	sp!, {r4, r5, r6, r7, r8, lr}
 800680e:	b082      	sub	sp, #8
 8006810:	4604      	mov	r4, r0
	union mpsc_pbuf_generic *item;
	bool cont;
	bool need_post = false;
 8006812:	2700      	movs	r7, #0
 8006814:	e030      	b.n	8006878 <mpsc_pbuf_claim+0x6e>
		return item->skip.len;
 8006816:	f853 1022 	ldr.w	r1, [r3, r2, lsl #2]
			MPSC_PBUF_DBG(buffer, "invalid claim %d: %p", a, item);
			item = NULL;
		} else {
			uint32_t skip = get_skip(item);

			if (skip || !is_valid(item)) {
 800681a:	0889      	lsrs	r1, r1, #2
 800681c:	d150      	bne.n	80068c0 <mpsc_pbuf_claim+0xb6>
 800681e:	e045      	b.n	80068ac <mpsc_pbuf_claim+0xa2>
		return i & (buffer->size - 1);
 8006820:	6a22      	ldr	r2, [r4, #32]
 8006822:	3a01      	subs	r2, #1
 8006824:	4013      	ands	r3, r2
				uint32_t inc =
					skip ? skip : buffer->get_wlen(item);

				buffer->tmp_rd_idx =
 8006826:	60a3      	str	r3, [r4, #8]
				      idx_inc(buffer, buffer->tmp_rd_idx, inc);
				rd_idx_inc(buffer, inc);
 8006828:	4620      	mov	r0, r4
 800682a:	f7ff fdfd 	bl	8006428 <rd_idx_inc>
				cont = true;
				need_post = true;
 800682e:	2701      	movs	r7, #1
				cont = true;
 8006830:	463b      	mov	r3, r7
			if (skip || !is_valid(item)) {
 8006832:	e01c      	b.n	800686e <mpsc_pbuf_claim+0x64>
			} else {
				item->hdr.busy = 1;
 8006834:	f813 1022 	ldrb.w	r1, [r3, r2, lsl #2]
 8006838:	f041 0102 	orr.w	r1, r1, #2
 800683c:	f803 1022 	strb.w	r1, [r3, r2, lsl #2]
				buffer->tmp_rd_idx =
					idx_inc(buffer, buffer->tmp_rd_idx,
 8006840:	f8d4 8008 	ldr.w	r8, [r4, #8]
						buffer->get_wlen(item));
 8006844:	69a3      	ldr	r3, [r4, #24]
 8006846:	4628      	mov	r0, r5
 8006848:	4798      	blx	r3
	uint32_t i = idx + val;
 800684a:	4440      	add	r0, r8
	if (buffer->flags & MPSC_PBUF_SIZE_POW2) {
 800684c:	6923      	ldr	r3, [r4, #16]
 800684e:	f013 0f01 	tst.w	r3, #1
 8006852:	d104      	bne.n	800685e <mpsc_pbuf_claim+0x54>
	return (i >= buffer->size) ? i - buffer->size : i;
 8006854:	6a23      	ldr	r3, [r4, #32]
 8006856:	4298      	cmp	r0, r3
 8006858:	d304      	bcc.n	8006864 <mpsc_pbuf_claim+0x5a>
 800685a:	1ac0      	subs	r0, r0, r3
 800685c:	e002      	b.n	8006864 <mpsc_pbuf_claim+0x5a>
		return i & (buffer->size - 1);
 800685e:	6a23      	ldr	r3, [r4, #32]
 8006860:	3b01      	subs	r3, #1
 8006862:	4018      	ands	r0, r3
				buffer->tmp_rd_idx =
 8006864:	60a0      	str	r0, [r4, #8]
		cont = false;
 8006866:	2300      	movs	r3, #0
 8006868:	e001      	b.n	800686e <mpsc_pbuf_claim+0x64>
 800686a:	2300      	movs	r3, #0
			item = NULL;
 800686c:	461d      	mov	r5, r3
 800686e:	f386 8811 	msr	BASEPRI, r6
 8006872:	f3bf 8f6f 	isb	sy

		if (!cont) {
			MPSC_PBUF_DBG(buffer, ">>claimed %d: %p", a, item);
		}
		k_spin_unlock(&buffer->lock, key);
	} while (cont);
 8006876:	b38b      	cbz	r3, 80068dc <mpsc_pbuf_claim+0xd2>
  __ASM volatile ("MRS %0, basepri" : "=r" (result) );
 8006878:	f3ef 8611 	mrs	r6, BASEPRI
  __ASM volatile ("MSR basepri_max, %0" : : "r" (basePri) : "memory");
 800687c:	2310      	movs	r3, #16
 800687e:	f383 8812 	msr	BASEPRI_MAX, r3
 8006882:	f3bf 8f6f 	isb	sy
		(void)available(buffer, &a);
 8006886:	a901      	add	r1, sp, #4
 8006888:	4620      	mov	r0, r4
 800688a:	f7ff fd9a 	bl	80063c2 <available>
			&buffer->buf[buffer->tmp_rd_idx];
 800688e:	69e3      	ldr	r3, [r4, #28]
 8006890:	68a2      	ldr	r2, [r4, #8]
		item = (union mpsc_pbuf_generic *)
 8006892:	eb03 0582 	add.w	r5, r3, r2, lsl #2
		if (!a || is_invalid(item)) {
 8006896:	9901      	ldr	r1, [sp, #4]
 8006898:	2900      	cmp	r1, #0
 800689a:	d0e6      	beq.n	800686a <mpsc_pbuf_claim+0x60>
	return !item->hdr.valid && !item->hdr.busy;
 800689c:	f813 1022 	ldrb.w	r1, [r3, r2, lsl #2]
		if (!a || is_invalid(item)) {
 80068a0:	f011 0103 	ands.w	r1, r1, #3
 80068a4:	d017      	beq.n	80068d6 <mpsc_pbuf_claim+0xcc>
	if (item->hdr.busy && !item->hdr.valid) {
 80068a6:	2902      	cmp	r1, #2
 80068a8:	d0b5      	beq.n	8006816 <mpsc_pbuf_claim+0xc>
	return 0;
 80068aa:	2100      	movs	r1, #0
	return item->hdr.valid;
 80068ac:	f813 0022 	ldrb.w	r0, [r3, r2, lsl #2]
			if (skip || !is_valid(item)) {
 80068b0:	f010 0f01 	tst.w	r0, #1
 80068b4:	d1be      	bne.n	8006834 <mpsc_pbuf_claim+0x2a>
					skip ? skip : buffer->get_wlen(item);
 80068b6:	b919      	cbnz	r1, 80068c0 <mpsc_pbuf_claim+0xb6>
 80068b8:	69a3      	ldr	r3, [r4, #24]
 80068ba:	4628      	mov	r0, r5
 80068bc:	4798      	blx	r3
 80068be:	4601      	mov	r1, r0
				      idx_inc(buffer, buffer->tmp_rd_idx, inc);
 80068c0:	68a3      	ldr	r3, [r4, #8]
	uint32_t i = idx + val;
 80068c2:	440b      	add	r3, r1
	if (buffer->flags & MPSC_PBUF_SIZE_POW2) {
 80068c4:	6922      	ldr	r2, [r4, #16]
 80068c6:	f012 0f01 	tst.w	r2, #1
 80068ca:	d1a9      	bne.n	8006820 <mpsc_pbuf_claim+0x16>
	return (i >= buffer->size) ? i - buffer->size : i;
 80068cc:	6a22      	ldr	r2, [r4, #32]
 80068ce:	4293      	cmp	r3, r2
 80068d0:	d3a9      	bcc.n	8006826 <mpsc_pbuf_claim+0x1c>
 80068d2:	1a9b      	subs	r3, r3, r2
 80068d4:	e7a7      	b.n	8006826 <mpsc_pbuf_claim+0x1c>
		cont = false;
 80068d6:	2300      	movs	r3, #0
			item = NULL;
 80068d8:	461d      	mov	r5, r3
 80068da:	e7c8      	b.n	800686e <mpsc_pbuf_claim+0x64>

	if (IS_ENABLED(CONFIG_MULTITHREADING) && need_post && item == NULL) {
 80068dc:	b107      	cbz	r7, 80068e0 <mpsc_pbuf_claim+0xd6>
 80068de:	b11d      	cbz	r5, 80068e8 <mpsc_pbuf_claim+0xde>
		k_sem_give(&buffer->sem);
	}

	return item;
}
 80068e0:	4628      	mov	r0, r5
 80068e2:	b002      	add	sp, #8
 80068e4:	e8bd 81f0 	ldmia.w	sp!, {r4, r5, r6, r7, r8, pc}
		k_sem_give(&buffer->sem);
 80068e8:	f104 0028 	add.w	r0, r4, #40	@ 0x28
	z_impl_k_sem_give(sem);
 80068ec:	f7fd fe62 	bl	80045b4 <z_impl_k_sem_give>
	return item;
 80068f0:	e7f6      	b.n	80068e0 <mpsc_pbuf_claim+0xd6>

080068f2 <mpsc_pbuf_free>:

void mpsc_pbuf_free(struct mpsc_pbuf_buffer *buffer,
		     const union mpsc_pbuf_generic *item)
{
 80068f2:	b570      	push	{r4, r5, r6, lr}
 80068f4:	4604      	mov	r4, r0
 80068f6:	460d      	mov	r5, r1
	uint32_t wlen = buffer->get_wlen(item);
 80068f8:	6983      	ldr	r3, [r0, #24]
 80068fa:	4608      	mov	r0, r1
 80068fc:	4798      	blx	r3
 80068fe:	4601      	mov	r1, r0
  __ASM volatile ("MRS %0, basepri" : "=r" (result) );
 8006900:	f3ef 8611 	mrs	r6, BASEPRI
  __ASM volatile ("MSR basepri_max, %0" : : "r" (basePri) : "memory");
 8006904:	2310      	movs	r3, #16
 8006906:	f383 8812 	msr	BASEPRI_MAX, r3
 800690a:	f3bf 8f6f 	isb	sy
	k_spinlock_key_t key = k_spin_lock(&buffer->lock);
	union mpsc_pbuf_generic *witem = (union mpsc_pbuf_generic *)item;

	witem->hdr.valid = 0;
 800690e:	782b      	ldrb	r3, [r5, #0]
 8006910:	f023 0301 	bic.w	r3, r3, #1
 8006914:	702b      	strb	r3, [r5, #0]
	if (!(buffer->flags & MPSC_PBUF_MODE_OVERWRITE) ||
 8006916:	6923      	ldr	r3, [r4, #16]
 8006918:	f013 0f02 	tst.w	r3, #2
 800691c:	d00a      	beq.n	8006934 <mpsc_pbuf_free+0x42>
		 ((uint32_t *)item == &buffer->buf[buffer->rd_idx])) {
 800691e:	69e3      	ldr	r3, [r4, #28]
 8006920:	68e2      	ldr	r2, [r4, #12]
 8006922:	eb03 0382 	add.w	r3, r3, r2, lsl #2
	if (!(buffer->flags & MPSC_PBUF_MODE_OVERWRITE) ||
 8006926:	42ab      	cmp	r3, r5
 8006928:	d004      	beq.n	8006934 <mpsc_pbuf_free+0x42>
			buffer->tmp_rd_idx = idx_inc(buffer, buffer->tmp_rd_idx, wlen);
		}
		rd_idx_inc(buffer, wlen);
	} else {
		MPSC_PBUF_DBG(buffer, "Allocation occurred during claim");
		witem->skip.len = wlen;
 800692a:	682b      	ldr	r3, [r5, #0]
 800692c:	f360 039f 	bfi	r3, r0, #2, #30
 8006930:	602b      	str	r3, [r5, #0]
 8006932:	e00a      	b.n	800694a <mpsc_pbuf_free+0x58>
		witem->hdr.busy = 0;
 8006934:	782b      	ldrb	r3, [r5, #0]
 8006936:	f023 0302 	bic.w	r3, r3, #2
 800693a:	702b      	strb	r3, [r5, #0]
		if (buffer->rd_idx == buffer->tmp_rd_idx) {
 800693c:	68e2      	ldr	r2, [r4, #12]
 800693e:	68a3      	ldr	r3, [r4, #8]
 8006940:	429a      	cmp	r2, r3
 8006942:	d00b      	beq.n	800695c <mpsc_pbuf_free+0x6a>
		rd_idx_inc(buffer, wlen);
 8006944:	4620      	mov	r0, r4
 8006946:	f7ff fd6f 	bl	8006428 <rd_idx_inc>
  __ASM volatile ("MSR basepri, %0" : : "r" (basePri) : "memory");
 800694a:	f386 8811 	msr	BASEPRI, r6
 800694e:	f3bf 8f6f 	isb	sy
	}
	MPSC_PBUF_DBG(buffer, "<<freed: %p", item);

	k_spin_unlock(&buffer->lock, key);
	if (IS_ENABLED(CONFIG_MULTITHREADING)) {
		k_sem_give(&buffer->sem);
 8006952:	f104 0028 	add.w	r0, r4, #40	@ 0x28
 8006956:	f7fd fe2d 	bl	80045b4 <z_impl_k_sem_give>
	}
}
 800695a:	bd70      	pop	{r4, r5, r6, pc}
	uint32_t i = idx + val;
 800695c:	440b      	add	r3, r1
	if (buffer->flags & MPSC_PBUF_SIZE_POW2) {
 800695e:	6922      	ldr	r2, [r4, #16]
 8006960:	f012 0f01 	tst.w	r2, #1
 8006964:	d104      	bne.n	8006970 <mpsc_pbuf_free+0x7e>
	return (i >= buffer->size) ? i - buffer->size : i;
 8006966:	6a22      	ldr	r2, [r4, #32]
 8006968:	4293      	cmp	r3, r2
 800696a:	d304      	bcc.n	8006976 <mpsc_pbuf_free+0x84>
 800696c:	1a9b      	subs	r3, r3, r2
 800696e:	e002      	b.n	8006976 <mpsc_pbuf_free+0x84>
		return i & (buffer->size - 1);
 8006970:	6a22      	ldr	r2, [r4, #32]
 8006972:	3a01      	subs	r2, #1
 8006974:	4013      	ands	r3, r2
			buffer->tmp_rd_idx = idx_inc(buffer, buffer->tmp_rd_idx, wlen);
 8006976:	60a3      	str	r3, [r4, #8]
 8006978:	e7e4      	b.n	8006944 <mpsc_pbuf_free+0x52>

0800697a <mpsc_pbuf_is_pending>:

bool mpsc_pbuf_is_pending(struct mpsc_pbuf_buffer *buffer)
{
 800697a:	b510      	push	{r4, lr}
 800697c:	b082      	sub	sp, #8
  __ASM volatile ("MRS %0, basepri" : "=r" (result) );
 800697e:	f3ef 8411 	mrs	r4, BASEPRI
  __ASM volatile ("MSR basepri_max, %0" : : "r" (basePri) : "memory");
 8006982:	2310      	movs	r3, #16
 8006984:	f383 8812 	msr	BASEPRI_MAX, r3
 8006988:	f3bf 8f6f 	isb	sy
	uint32_t a;
	k_spinlock_key_t key = k_spin_lock(&buffer->lock);

	(void)available(buffer, &a);
 800698c:	a901      	add	r1, sp, #4
 800698e:	f7ff fd18 	bl	80063c2 <available>
  __ASM volatile ("MSR basepri, %0" : : "r" (basePri) : "memory");
 8006992:	f384 8811 	msr	BASEPRI, r4
 8006996:	f3bf 8f6f 	isb	sy
	k_spin_unlock(&buffer->lock, key);

	return a ? true : false;
 800699a:	9801      	ldr	r0, [sp, #4]
}
 800699c:	3800      	subs	r0, #0
 800699e:	bf18      	it	ne
 80069a0:	2001      	movne	r0, #1
 80069a2:	b002      	add	sp, #8
 80069a4:	bd10      	pop	{r4, pc}

080069a6 <_ConfigAbsSyms>:
GEN_ABSOLUTE_SYM_KCONFIG(CONFIG_WARN_DEPRECATED, 1);
GEN_ABSOLUTE_SYM_KCONFIG(CONFIG_TAINT, 1);
GEN_ABSOLUTE_SYM_KCONFIG(CONFIG_ENFORCE_ZEPHYR_STDINT, 1);
GEN_ABSOLUTE_SYM_KCONFIG(CONFIG_LEGACY_GENERATED_INCLUDE_PATH, 1);

GEN_ABS_SYM_END
 80069a6:	4770      	bx	lr

080069a8 <pm_device_driver_init>:
	ARG_UNUSED(dev);
	return true;
}

static inline int pm_device_driver_init(const struct device *dev, pm_device_action_cb_t action_cb)
{
 80069a8:	b538      	push	{r3, r4, r5, lr}
 80069aa:	4605      	mov	r5, r0
 80069ac:	460c      	mov	r4, r1
	int rc;

	/* When power management is not enabled, all drivers should initialise to active state */
	rc = action_cb(dev, PM_DEVICE_ACTION_TURN_ON);
 80069ae:	2103      	movs	r1, #3
 80069b0:	47a0      	blx	r4
	if ((rc < 0) && (rc != -ENOTSUP)) {
 80069b2:	2800      	cmp	r0, #0
 80069b4:	db06      	blt.n	80069c4 <pm_device_driver_init+0x1c>
		return rc;
	}

	rc = action_cb(dev, PM_DEVICE_ACTION_RESUME);
 80069b6:	2101      	movs	r1, #1
 80069b8:	4628      	mov	r0, r5
 80069ba:	47a0      	blx	r4
	if (rc < 0) {
 80069bc:	2800      	cmp	r0, #0
 80069be:	db00      	blt.n	80069c2 <pm_device_driver_init+0x1a>
		return rc;
	}

	return 0;
 80069c0:	2000      	movs	r0, #0
}
 80069c2:	bd38      	pop	{r3, r4, r5, pc}
	if ((rc < 0) && (rc != -ENOTSUP)) {
 80069c4:	f110 0f86 	cmn.w	r0, #134	@ 0x86
 80069c8:	d1fb      	bne.n	80069c2 <pm_device_driver_init+0x1a>
 80069ca:	e7f4      	b.n	80069b6 <pm_device_driver_init+0xe>

080069cc <LL_GPIO_SetPinSpeed>:
  *         @arg @ref LL_GPIO_SPEED_FREQ_HIGH
  *         @arg @ref LL_GPIO_SPEED_FREQ_VERY_HIGH
  * @retval None
  */
__STATIC_INLINE void LL_GPIO_SetPinSpeed(GPIO_TypeDef *GPIOx, uint32_t Pin, uint32_t  Speed)
{
 80069cc:	b410      	push	{r4}
  MODIFY_REG(GPIOx->OSPEEDR, (GPIO_OSPEEDER_OSPEEDR0 << (POSITION_VAL(Pin) * 2U)),
 80069ce:	6884      	ldr	r4, [r0, #8]
   __ASM ("rbit %0, %1" : "=r" (result) : "r" (value) );
 80069d0:	fa91 f3a1 	rbit	r3, r1
  if (value == 0U)
 80069d4:	b19b      	cbz	r3, 80069fe <LL_GPIO_SetPinSpeed+0x32>
  return __builtin_clz(value);
 80069d6:	fab3 f383 	clz	r3, r3
 80069da:	005b      	lsls	r3, r3, #1
 80069dc:	f04f 0c03 	mov.w	ip, #3
 80069e0:	fa0c f303 	lsl.w	r3, ip, r3
 80069e4:	ea24 0303 	bic.w	r3, r4, r3
   __ASM ("rbit %0, %1" : "=r" (result) : "r" (value) );
 80069e8:	fa91 f1a1 	rbit	r1, r1
  if (value == 0U)
 80069ec:	b149      	cbz	r1, 8006a02 <LL_GPIO_SetPinSpeed+0x36>
  return __builtin_clz(value);
 80069ee:	fab1 f181 	clz	r1, r1
 80069f2:	0049      	lsls	r1, r1, #1
 80069f4:	408a      	lsls	r2, r1
 80069f6:	4313      	orrs	r3, r2
 80069f8:	6083      	str	r3, [r0, #8]
             (Speed << (POSITION_VAL(Pin) * 2U)));
}
 80069fa:	bc10      	pop	{r4}
 80069fc:	4770      	bx	lr
    return 32U;
 80069fe:	2320      	movs	r3, #32
 8006a00:	e7eb      	b.n	80069da <LL_GPIO_SetPinSpeed+0xe>
 8006a02:	2120      	movs	r1, #32
 8006a04:	e7f5      	b.n	80069f2 <LL_GPIO_SetPinSpeed+0x26>

08006a06 <LL_GPIO_SetPinPull>:
  *         @arg @ref LL_GPIO_PULL_UP
  *         @arg @ref LL_GPIO_PULL_DOWN
  * @retval None
  */
__STATIC_INLINE void LL_GPIO_SetPinPull(GPIO_TypeDef *GPIOx, uint32_t Pin, uint32_t Pull)
{
 8006a06:	b410      	push	{r4}
  MODIFY_REG(GPIOx->PUPDR, (GPIO_PUPDR_PUPDR0 << (POSITION_VAL(Pin) * 2U)), (Pull << (POSITION_VAL(Pin) * 2U)));
 8006a08:	68c4      	ldr	r4, [r0, #12]
   __ASM ("rbit %0, %1" : "=r" (result) : "r" (value) );
 8006a0a:	fa91 f3a1 	rbit	r3, r1
  if (value == 0U)
 8006a0e:	b19b      	cbz	r3, 8006a38 <LL_GPIO_SetPinPull+0x32>
  return __builtin_clz(value);
 8006a10:	fab3 f383 	clz	r3, r3
 8006a14:	005b      	lsls	r3, r3, #1
 8006a16:	f04f 0c03 	mov.w	ip, #3
 8006a1a:	fa0c f303 	lsl.w	r3, ip, r3
 8006a1e:	ea24 0303 	bic.w	r3, r4, r3
   __ASM ("rbit %0, %1" : "=r" (result) : "r" (value) );
 8006a22:	fa91 f1a1 	rbit	r1, r1
  if (value == 0U)
 8006a26:	b149      	cbz	r1, 8006a3c <LL_GPIO_SetPinPull+0x36>
  return __builtin_clz(value);
 8006a28:	fab1 f181 	clz	r1, r1
 8006a2c:	0049      	lsls	r1, r1, #1
 8006a2e:	408a      	lsls	r2, r1
 8006a30:	4313      	orrs	r3, r2
 8006a32:	60c3      	str	r3, [r0, #12]
}
 8006a34:	bc10      	pop	{r4}
 8006a36:	4770      	bx	lr
    return 32U;
 8006a38:	2320      	movs	r3, #32
 8006a3a:	e7eb      	b.n	8006a14 <LL_GPIO_SetPinPull+0xe>
 8006a3c:	2120      	movs	r1, #32
 8006a3e:	e7f5      	b.n	8006a2c <LL_GPIO_SetPinPull+0x26>

08006a40 <ll_gpio_set_pin_pull>:
{
 8006a40:	b508      	push	{r3, lr}
	LL_GPIO_SetPinPull(GPIOx, Pin, Pull);
 8006a42:	f7ff ffe0 	bl	8006a06 <LL_GPIO_SetPinPull>
}
 8006a46:	bd08      	pop	{r3, pc}

08006a48 <LL_GPIO_SetAFPin_0_7>:
  *         @arg @ref LL_GPIO_AF_14
  *         @arg @ref LL_GPIO_AF_15
  * @retval None
  */
__STATIC_INLINE void LL_GPIO_SetAFPin_0_7(GPIO_TypeDef *GPIOx, uint32_t Pin, uint32_t Alternate)
{
 8006a48:	b410      	push	{r4}
  MODIFY_REG(GPIOx->AFR[0], (GPIO_AFRL_AFSEL0 << (POSITION_VAL(Pin) * 4U)),
 8006a4a:	6a04      	ldr	r4, [r0, #32]
   __ASM ("rbit %0, %1" : "=r" (result) : "r" (value) );
 8006a4c:	fa91 f3a1 	rbit	r3, r1
  if (value == 0U)
 8006a50:	b19b      	cbz	r3, 8006a7a <LL_GPIO_SetAFPin_0_7+0x32>
  return __builtin_clz(value);
 8006a52:	fab3 f383 	clz	r3, r3
 8006a56:	009b      	lsls	r3, r3, #2
 8006a58:	f04f 0c0f 	mov.w	ip, #15
 8006a5c:	fa0c f303 	lsl.w	r3, ip, r3
 8006a60:	ea24 0303 	bic.w	r3, r4, r3
   __ASM ("rbit %0, %1" : "=r" (result) : "r" (value) );
 8006a64:	fa91 f1a1 	rbit	r1, r1
  if (value == 0U)
 8006a68:	b149      	cbz	r1, 8006a7e <LL_GPIO_SetAFPin_0_7+0x36>
  return __builtin_clz(value);
 8006a6a:	fab1 f181 	clz	r1, r1
 8006a6e:	0089      	lsls	r1, r1, #2
 8006a70:	408a      	lsls	r2, r1
 8006a72:	4313      	orrs	r3, r2
 8006a74:	6203      	str	r3, [r0, #32]
             (Alternate << (POSITION_VAL(Pin) * 4U)));
}
 8006a76:	bc10      	pop	{r4}
 8006a78:	4770      	bx	lr
    return 32U;
 8006a7a:	2320      	movs	r3, #32
 8006a7c:	e7eb      	b.n	8006a56 <LL_GPIO_SetAFPin_0_7+0xe>
 8006a7e:	2120      	movs	r1, #32
 8006a80:	e7f5      	b.n	8006a6e <LL_GPIO_SetAFPin_0_7+0x26>

08006a82 <LL_GPIO_SetAFPin_8_15>:
  *         @arg @ref LL_GPIO_AF_14
  *         @arg @ref LL_GPIO_AF_15
  * @retval None
  */
__STATIC_INLINE void LL_GPIO_SetAFPin_8_15(GPIO_TypeDef *GPIOx, uint32_t Pin, uint32_t Alternate)
{
 8006a82:	b410      	push	{r4}
  MODIFY_REG(GPIOx->AFR[1], (GPIO_AFRH_AFSEL8 << (POSITION_VAL(Pin >> 8U) * 4U)),
 8006a84:	6a44      	ldr	r4, [r0, #36]	@ 0x24
 8006a86:	0a09      	lsrs	r1, r1, #8
   __ASM ("rbit %0, %1" : "=r" (result) : "r" (value) );
 8006a88:	fa91 f3a1 	rbit	r3, r1
  if (value == 0U)
 8006a8c:	b19b      	cbz	r3, 8006ab6 <LL_GPIO_SetAFPin_8_15+0x34>
  return __builtin_clz(value);
 8006a8e:	fab3 f383 	clz	r3, r3
 8006a92:	009b      	lsls	r3, r3, #2
 8006a94:	f04f 0c0f 	mov.w	ip, #15
 8006a98:	fa0c f303 	lsl.w	r3, ip, r3
 8006a9c:	ea24 0403 	bic.w	r4, r4, r3
   __ASM ("rbit %0, %1" : "=r" (result) : "r" (value) );
 8006aa0:	fa91 f1a1 	rbit	r1, r1
  if (value == 0U)
 8006aa4:	b149      	cbz	r1, 8006aba <LL_GPIO_SetAFPin_8_15+0x38>
  return __builtin_clz(value);
 8006aa6:	fab1 f181 	clz	r1, r1
 8006aaa:	0089      	lsls	r1, r1, #2
 8006aac:	408a      	lsls	r2, r1
 8006aae:	4314      	orrs	r4, r2
 8006ab0:	6244      	str	r4, [r0, #36]	@ 0x24
             (Alternate << (POSITION_VAL(Pin >> 8U) * 4U)));
}
 8006ab2:	bc10      	pop	{r4}
 8006ab4:	4770      	bx	lr
    return 32U;
 8006ab6:	2320      	movs	r3, #32
 8006ab8:	e7eb      	b.n	8006a92 <LL_GPIO_SetAFPin_8_15+0x10>
 8006aba:	2120      	movs	r1, #32
 8006abc:	e7f5      	b.n	8006aaa <LL_GPIO_SetAFPin_8_15+0x28>

08006abe <LL_GPIO_SetPinMode>:
{
 8006abe:	b410      	push	{r4}
  MODIFY_REG(GPIOx->MODER, (GPIO_MODER_MODER0 << (POSITION_VAL(Pin) * 2U)), (Mode << (POSITION_VAL(Pin) * 2U)));
 8006ac0:	6804      	ldr	r4, [r0, #0]
   __ASM ("rbit %0, %1" : "=r" (result) : "r" (value) );
 8006ac2:	fa91 f3a1 	rbit	r3, r1
  if (value == 0U)
 8006ac6:	b19b      	cbz	r3, 8006af0 <LL_GPIO_SetPinMode+0x32>
  return __builtin_clz(value);
 8006ac8:	fab3 f383 	clz	r3, r3
 8006acc:	005b      	lsls	r3, r3, #1
 8006ace:	f04f 0c03 	mov.w	ip, #3
 8006ad2:	fa0c f303 	lsl.w	r3, ip, r3
 8006ad6:	ea24 0303 	bic.w	r3, r4, r3
   __ASM ("rbit %0, %1" : "=r" (result) : "r" (value) );
 8006ada:	fa91 f1a1 	rbit	r1, r1
  if (value == 0U)
 8006ade:	b149      	cbz	r1, 8006af4 <LL_GPIO_SetPinMode+0x36>
  return __builtin_clz(value);
 8006ae0:	fab1 f181 	clz	r1, r1
 8006ae4:	0049      	lsls	r1, r1, #1
 8006ae6:	408a      	lsls	r2, r1
 8006ae8:	4313      	orrs	r3, r2
 8006aea:	6003      	str	r3, [r0, #0]
}
 8006aec:	bc10      	pop	{r4}
 8006aee:	4770      	bx	lr
    return 32U;
 8006af0:	2320      	movs	r3, #32
 8006af2:	e7eb      	b.n	8006acc <LL_GPIO_SetPinMode+0xe>
 8006af4:	2120      	movs	r1, #32
 8006af6:	e7f5      	b.n	8006ae4 <LL_GPIO_SetPinMode+0x26>

08006af8 <stm32_gpioport_configure_pin>:
{
 8006af8:	e92d 43f8 	stmdb	sp!, {r3, r4, r5, r6, r7, r8, r9, lr}
 8006afc:	460f      	mov	r7, r1
 8006afe:	4615      	mov	r5, r2
 8006b00:	4698      	mov	r8, r3
	const struct gpio_stm32_config *dev_cfg = port->config;
 8006b02:	6843      	ldr	r3, [r0, #4]
	GPIO_TypeDef *gpio = (GPIO_TypeDef *)dev_cfg->base;
 8006b04:	685e      	ldr	r6, [r3, #4]
		pinval |= 1u << pinnum;
	} else {
		pinval |= (1u << (pinnum % 8)) | 0x04000000u;
	}
#else
	pinval = 1u << pinnum;
 8006b06:	2401      	movs	r4, #1
 8006b08:	408c      	lsls	r4, r1
	mode = config & (STM32_MODER_MASK << STM32_MODER_SHIFT);
 8006b0a:	f002 0930 	and.w	r9, r2, #48	@ 0x30
	LL_GPIO_SetPinOutputType(gpio, pin_ll, otype >> STM32_OTYPER_SHIFT);
 8006b0e:	f3c2 1380 	ubfx	r3, r2, #6, #1
  MODIFY_REG(GPIOx->OTYPER, PinMask, (PinMask * OutputType));
 8006b12:	6870      	ldr	r0, [r6, #4]
 8006b14:	ea20 0004 	bic.w	r0, r0, r4
 8006b18:	408b      	lsls	r3, r1
 8006b1a:	4318      	orrs	r0, r3
 8006b1c:	6070      	str	r0, [r6, #4]
	LL_GPIO_SetPinSpeed(gpio, pin_ll, ospeed >> STM32_OSPEEDR_SHIFT);
 8006b1e:	f3c2 12c1 	ubfx	r2, r2, #7, #2
 8006b22:	4621      	mov	r1, r4
 8006b24:	4630      	mov	r0, r6
 8006b26:	f7ff ff51 	bl	80069cc <LL_GPIO_SetPinSpeed>
	ll_gpio_set_pin_pull(gpio, pin_ll, pupd >> STM32_PUPDR_SHIFT);
 8006b2a:	f3c5 2241 	ubfx	r2, r5, #9, #2
 8006b2e:	4621      	mov	r1, r4
 8006b30:	4630      	mov	r0, r6
 8006b32:	f7ff ff85 	bl	8006a40 <ll_gpio_set_pin_pull>
	if (mode == STM32_MODER_ALT_MODE) {
 8006b36:	f1b9 0f20 	cmp.w	r9, #32
 8006b3a:	d008      	beq.n	8006b4e <stm32_gpioport_configure_pin+0x56>
	LL_GPIO_SetPinMode(gpio, pin_ll, mode >> STM32_MODER_SHIFT);
 8006b3c:	ea4f 1219 	mov.w	r2, r9, lsr #4
 8006b40:	4621      	mov	r1, r4
 8006b42:	4630      	mov	r0, r6
 8006b44:	f7ff ffbb 	bl	8006abe <LL_GPIO_SetPinMode>
}
 8006b48:	2000      	movs	r0, #0
 8006b4a:	e8bd 83f8 	ldmia.w	sp!, {r3, r4, r5, r6, r7, r8, r9, pc}
		if (pin < 8) {
 8006b4e:	2f07      	cmp	r7, #7
 8006b50:	d805      	bhi.n	8006b5e <stm32_gpioport_configure_pin+0x66>
			LL_GPIO_SetAFPin_0_7(gpio, pin_ll, func);
 8006b52:	4642      	mov	r2, r8
 8006b54:	4621      	mov	r1, r4
 8006b56:	4630      	mov	r0, r6
 8006b58:	f7ff ff76 	bl	8006a48 <LL_GPIO_SetAFPin_0_7>
 8006b5c:	e7ee      	b.n	8006b3c <stm32_gpioport_configure_pin+0x44>
			LL_GPIO_SetAFPin_8_15(gpio, pin_ll, func);
 8006b5e:	4642      	mov	r2, r8
 8006b60:	4621      	mov	r1, r4
 8006b62:	4630      	mov	r0, r6
 8006b64:	f7ff ff8d 	bl	8006a82 <LL_GPIO_SetAFPin_8_15>
 8006b68:	e7e8      	b.n	8006b3c <stm32_gpioport_configure_pin+0x44>

08006b6a <log_msg_generic_get_wlen>:
	return msg->generic.type == Z_LOG_MSG_LOG;
 8006b6a:	7803      	ldrb	r3, [r0, #0]
	if (z_log_item_is_msg(generic_msg)) {
 8006b6c:	f013 0f04 	tst.w	r3, #4
 8006b70:	d001      	beq.n	8006b76 <log_msg_generic_get_wlen+0xc>
	return 0;
 8006b72:	2000      	movs	r0, #0
}
 8006b74:	4770      	bx	lr
		return log_msg_get_total_wlen(msg->hdr.desc);
 8006b76:	6803      	ldr	r3, [r0, #0]
	return Z_LOG_MSG_ALIGNED_WLEN(desc.package_len, desc.data_len);
 8006b78:	f3c3 204a 	ubfx	r0, r3, #9, #11
 8006b7c:	eb00 5013 	add.w	r0, r0, r3, lsr #20
 8006b80:	3017      	adds	r0, #23
 8006b82:	f020 0007 	bic.w	r0, r0, #7
 8006b86:	0880      	lsrs	r0, r0, #2
		return log_msg_get_total_wlen(msg->hdr.desc);
 8006b88:	4770      	bx	lr

08006b8a <log_backend_init>:
{
 8006b8a:	b510      	push	{r4, lr}
 8006b8c:	4604      	mov	r4, r0
	if (backend->api->init) {
 8006b8e:	6803      	ldr	r3, [r0, #0]
 8006b90:	68db      	ldr	r3, [r3, #12]
 8006b92:	b103      	cbz	r3, 8006b96 <log_backend_init+0xc>
		backend->api->init(backend);
 8006b94:	4798      	blx	r3
	backend->cb->initialized = true;
 8006b96:	6863      	ldr	r3, [r4, #4]
 8006b98:	2201      	movs	r2, #1
 8006b9a:	719a      	strb	r2, [r3, #6]
}
 8006b9c:	bd10      	pop	{r4, pc}

08006b9e <dummy_timestamp>:
}
 8006b9e:	2000      	movs	r0, #0
 8006ba0:	4770      	bx	lr

08006ba2 <msg_filter_check>:
}
 8006ba2:	2001      	movs	r0, #1
 8006ba4:	4770      	bx	lr

08006ba6 <k_msleep>:
{
 8006ba6:	b508      	push	{r3, lr}
	return k_sleep(Z_TIMEOUT_MS(ms));
 8006ba8:	ea20 73e0 	bic.w	r3, r0, r0, asr #31
 8006bac:	17d9      	asrs	r1, r3, #31
 8006bae:	008a      	lsls	r2, r1, #2
 8006bb0:	ea42 7293 	orr.w	r2, r2, r3, lsr #30
 8006bb4:	0098      	lsls	r0, r3, #2
 8006bb6:	18c0      	adds	r0, r0, r3
 8006bb8:	eb41 0102 	adc.w	r1, r1, r2
 8006bbc:	1800      	adds	r0, r0, r0
 8006bbe:	4149      	adcs	r1, r1
	return z_impl_k_sleep(timeout);
 8006bc0:	f7fe f884 	bl	8004ccc <z_impl_k_sleep>
}
 8006bc4:	bd08      	pop	{r3, pc}

08006bc6 <msg_alloc>:
{
 8006bc6:	b508      	push	{r3, lr}
	return (struct log_msg *)mpsc_pbuf_alloc(
 8006bc8:	2200      	movs	r2, #0
 8006bca:	2300      	movs	r3, #0
 8006bcc:	f7ff fd5b 	bl	8006686 <mpsc_pbuf_alloc>
}
 8006bd0:	bd08      	pop	{r3, pc}

08006bd2 <msg_free>:
{
 8006bd2:	b508      	push	{r3, lr}
	mpsc_pbuf_free(buffer, &msg->buf);
 8006bd4:	f7ff fe8d 	bl	80068f2 <mpsc_pbuf_free>
}
 8006bd8:	bd08      	pop	{r3, pc}

08006bda <msg_pending>:
{
 8006bda:	b508      	push	{r3, lr}
	return mpsc_pbuf_is_pending(buffer);
 8006bdc:	f7ff fecd 	bl	800697a <mpsc_pbuf_is_pending>
}
 8006be0:	bd08      	pop	{r3, pc}

08006be2 <z_log_vprintk>:
{
 8006be2:	b500      	push	{lr}
 8006be4:	b085      	sub	sp, #20
	z_log_msg_runtime_vcreate(Z_LOG_LOCAL_DOMAIN_ID, NULL,
 8006be6:	9103      	str	r1, [sp, #12]
 8006be8:	9002      	str	r0, [sp, #8]
 8006bea:	2000      	movs	r0, #0
 8006bec:	9001      	str	r0, [sp, #4]
 8006bee:	9000      	str	r0, [sp, #0]
 8006bf0:	4603      	mov	r3, r0
 8006bf2:	4602      	mov	r2, r0
 8006bf4:	4601      	mov	r1, r0
 8006bf6:	f7fa fe79 	bl	80018ec <z_log_msg_runtime_vcreate>
}
 8006bfa:	b005      	add	sp, #20
 8006bfc:	f85d fb04 	ldr.w	pc, [sp], #4

08006c00 <z_log_notify_drop>:
 */
bool z_log_msg_pending(void);

static inline void z_log_notify_drop(const struct mpsc_pbuf_buffer *buffer,
				     const union mpsc_pbuf_generic *item)
{
 8006c00:	b508      	push	{r3, lr}
	ARG_UNUSED(buffer);
	ARG_UNUSED(item);

	z_log_dropped(true);
 8006c02:	2001      	movs	r0, #1
 8006c04:	f7fa fbb8 	bl	8001378 <z_log_dropped>
}
 8006c08:	bd08      	pop	{r3, pc}

08006c0a <z_log_msg_claim>:
{
 8006c0a:	b508      	push	{r3, lr}
	return z_log_msg_local_claim();
 8006c0c:	f7fa fc54 	bl	80014b8 <z_log_msg_local_claim>
}
 8006c10:	bd08      	pop	{r3, pc}

08006c12 <msg_commit>:
{
 8006c12:	b508      	push	{r3, lr}
	mpsc_pbuf_commit(buffer, &m->buf);
 8006c14:	f7ff fdd1 	bl	80067ba <mpsc_pbuf_commit>
	z_log_msg_post_finalize();
 8006c18:	f7fa fcfe 	bl	8001618 <z_log_msg_post_finalize>
}
 8006c1c:	bd08      	pop	{r3, pc}

08006c1e <z_log_get_tag>:
}
 8006c1e:	2000      	movs	r0, #0
 8006c20:	4770      	bx	lr

08006c22 <log_backend_enable>:
}

void log_backend_enable(struct log_backend const *const backend,
			void *ctx,
			uint32_t level)
{
 8006c22:	b508      	push	{r3, lr}
	backend->cb->level = level;
 8006c24:	6843      	ldr	r3, [r0, #4]
 8006c26:	71da      	strb	r2, [r3, #7]
	backend->cb->ctx = ctx;
 8006c28:	6843      	ldr	r3, [r0, #4]
 8006c2a:	6019      	str	r1, [r3, #0]
	backend->cb->active = true;
 8006c2c:	6843      	ldr	r3, [r0, #4]
 8006c2e:	2201      	movs	r2, #1
 8006c30:	715a      	strb	r2, [r3, #5]
	backend_filter_set(backend, level);
	log_backend_activate(backend, ctx);

	z_log_notify_backend_enabled();
 8006c32:	f7fa fb91 	bl	8001358 <z_log_notify_backend_enabled>
}
 8006c36:	bd08      	pop	{r3, pc}

08006c38 <z_cbprintf_cpy>:
	if (len == 0) {
 8006c38:	b191      	cbz	r1, 8006c60 <z_cbprintf_cpy+0x28>
{
 8006c3a:	b570      	push	{r4, r5, r6, lr}
 8006c3c:	4614      	mov	r4, r2
 8006c3e:	460d      	mov	r5, r1
	if ((desc->size - desc->off) < len) {
 8006c40:	6853      	ldr	r3, [r2, #4]
 8006c42:	6896      	ldr	r6, [r2, #8]
 8006c44:	1b9b      	subs	r3, r3, r6
 8006c46:	428b      	cmp	r3, r1
 8006c48:	d30c      	bcc.n	8006c64 <z_cbprintf_cpy+0x2c>
	memcpy(&((uint8_t *)desc->buf)[desc->off], buf, len);
 8006c4a:	6813      	ldr	r3, [r2, #0]
 8006c4c:	460a      	mov	r2, r1
 8006c4e:	4601      	mov	r1, r0
 8006c50:	1998      	adds	r0, r3, r6
 8006c52:	f7f9 fb01 	bl	8000258 <__aeabi_memcpy>
	desc->off += len;
 8006c56:	68a3      	ldr	r3, [r4, #8]
 8006c58:	442b      	add	r3, r5
 8006c5a:	60a3      	str	r3, [r4, #8]
	return len;
 8006c5c:	4628      	mov	r0, r5
}
 8006c5e:	bd70      	pop	{r4, r5, r6, pc}
		return 0;
 8006c60:	2000      	movs	r0, #0
}
 8006c62:	4770      	bx	lr
		return -ENOSPC;
 8006c64:	f06f 001b 	mvn.w	r0, #27
 8006c68:	e7f9      	b.n	8006c5e <z_cbprintf_cpy+0x26>

08006c6a <z_log_msg_finalize>:
{
 8006c6a:	b570      	push	{r4, r5, r6, lr}
	if (!msg) {
 8006c6c:	b188      	cbz	r0, 8006c92 <z_log_msg_finalize+0x28>
 8006c6e:	460e      	mov	r6, r1
 8006c70:	4614      	mov	r4, r2
 8006c72:	4619      	mov	r1, r3
 8006c74:	4605      	mov	r5, r0
	if (data) {
 8006c76:	b133      	cbz	r3, 8006c86 <z_log_msg_finalize+0x1c>
		uint8_t *d = msg->data + desc.package_len;
 8006c78:	3010      	adds	r0, #16
 8006c7a:	f3c2 234a 	ubfx	r3, r2, #9, #11
		memcpy(d, data, desc.data_len);
 8006c7e:	0d12      	lsrs	r2, r2, #20
 8006c80:	4418      	add	r0, r3
 8006c82:	f7f9 fae9 	bl	8000258 <__aeabi_memcpy>
	msg->hdr.desc = desc;
 8006c86:	602c      	str	r4, [r5, #0]
	msg->hdr.source = source;
 8006c88:	606e      	str	r6, [r5, #4]
	z_log_msg_commit(msg);
 8006c8a:	4628      	mov	r0, r5
 8006c8c:	f7fa fd06 	bl	800169c <z_log_msg_commit>
}
 8006c90:	bd70      	pop	{r4, r5, r6, pc}
		z_log_dropped(false);
 8006c92:	f7fa fb71 	bl	8001378 <z_log_dropped>
		return;
 8006c96:	e7fb      	b.n	8006c90 <z_log_msg_finalize+0x26>

08006c98 <z_log_msg_simple_create>:
{
 8006c98:	e92d 43f0 	stmdb	sp!, {r4, r5, r6, r7, r8, r9, lr}
 8006c9c:	b083      	sub	sp, #12
 8006c9e:	4606      	mov	r6, r0
 8006ca0:	460f      	mov	r7, r1
 8006ca2:	4615      	mov	r5, r2
 8006ca4:	461c      	mov	r4, r3
	size_t plen32 = len + CBPRINTF_DESC_SIZE32;
 8006ca6:	f103 0901 	add.w	r9, r3, #1
	size_t plen8 = sizeof(uint32_t) * plen32 +
 8006caa:	ea4f 0889 	mov.w	r8, r9, lsl #2
	struct log_msg *msg = z_log_msg_alloc(Z_LOG_MSG_ALIGNED_WLEN(plen8, 0));
 8006cae:	f108 0017 	add.w	r0, r8, #23
 8006cb2:	f020 0007 	bic.w	r0, r0, #7
 8006cb6:	0880      	lsrs	r0, r0, #2
 8006cb8:	f7fa fbf6 	bl	80014a8 <z_log_msg_alloc>
	union cbprintf_package_hdr package_hdr = {
 8006cbc:	2200      	movs	r2, #0
 8006cbe:	9201      	str	r2, [sp, #4]
 8006cc0:	f88d 9004 	strb.w	r9, [sp, #4]
	if (msg) {
 8006cc4:	b168      	cbz	r0, 8006ce2 <z_log_msg_simple_create+0x4a>
		*package++ = (uint32_t)(uintptr_t)package_hdr.raw;
 8006cc6:	f100 0c14 	add.w	ip, r0, #20
 8006cca:	9b01      	ldr	r3, [sp, #4]
 8006ccc:	6103      	str	r3, [r0, #16]
		for (size_t i = 0; i < len; i++) {
 8006cce:	4696      	mov	lr, r2
 8006cd0:	e005      	b.n	8006cde <z_log_msg_simple_create+0x46>
			*package++ = data[i];
 8006cd2:	f855 302e 	ldr.w	r3, [r5, lr, lsl #2]
 8006cd6:	f84c 3b04 	str.w	r3, [ip], #4
		for (size_t i = 0; i < len; i++) {
 8006cda:	f10e 0e01 	add.w	lr, lr, #1
 8006cde:	45a6      	cmp	lr, r4
 8006ce0:	d3f7      	bcc.n	8006cd2 <z_log_msg_simple_create+0x3a>
	struct log_msg_desc desc = {
 8006ce2:	2200      	movs	r2, #0
 8006ce4:	f367 1288 	bfi	r2, r7, #6, #3
 8006ce8:	f368 2253 	bfi	r2, r8, #9, #11
	z_log_msg_finalize(msg, source, desc, NULL);
 8006cec:	2300      	movs	r3, #0
 8006cee:	4631      	mov	r1, r6
 8006cf0:	f7ff ffbb 	bl	8006c6a <z_log_msg_finalize>
}
 8006cf4:	b003      	add	sp, #12
 8006cf6:	e8bd 83f0 	ldmia.w	sp!, {r4, r5, r6, r7, r8, r9, pc}

08006cfa <z_impl_z_log_msg_simple_create_0>:
{
 8006cfa:	b500      	push	{lr}
 8006cfc:	b083      	sub	sp, #12
	uint32_t data[] = {(uint32_t)(uintptr_t)fmt};
 8006cfe:	9201      	str	r2, [sp, #4]
	z_log_msg_simple_create(source, level, data, ARRAY_SIZE(data));
 8006d00:	2301      	movs	r3, #1
 8006d02:	aa01      	add	r2, sp, #4
 8006d04:	f7ff ffc8 	bl	8006c98 <z_log_msg_simple_create>
}
 8006d08:	b003      	add	sp, #12
 8006d0a:	f85d fb04 	ldr.w	pc, [sp], #4

08006d0e <z_impl_z_log_msg_simple_create_1>:
{
 8006d0e:	b500      	push	{lr}
 8006d10:	b083      	sub	sp, #12
	uint32_t data[] = {(uint32_t)(uintptr_t)fmt, arg};
 8006d12:	9200      	str	r2, [sp, #0]
 8006d14:	9301      	str	r3, [sp, #4]
	z_log_msg_simple_create(source, level, data, ARRAY_SIZE(data));
 8006d16:	2302      	movs	r3, #2
 8006d18:	466a      	mov	r2, sp
 8006d1a:	f7ff ffbd 	bl	8006c98 <z_log_msg_simple_create>
}
 8006d1e:	b003      	add	sp, #12
 8006d20:	f85d fb04 	ldr.w	pc, [sp], #4

08006d24 <z_log_msg_static_create>:
{
 8006d24:	b508      	push	{r3, lr}
	z_impl_z_log_msg_static_create(source, desc, package, data);
 8006d26:	f7fa fd35 	bl	8001794 <z_impl_z_log_msg_static_create>
}
 8006d2a:	bd08      	pop	{r3, pc}

08006d2c <log_output_flush>:
/** @brief Flush output buffer.
 *
 * @param output Pointer to the log output instance.
 */
static inline void log_output_flush(const struct log_output *output)
{
 8006d2c:	e92d 41f0 	stmdb	sp!, {r4, r5, r6, r7, r8, lr}
 8006d30:	4680      	mov	r8, r0
	log_output_write(output->func, output->buf, output->control_block->offset,
 8006d32:	6807      	ldr	r7, [r0, #0]
 8006d34:	6885      	ldr	r5, [r0, #8]
 8006d36:	6843      	ldr	r3, [r0, #4]
 8006d38:	681c      	ldr	r4, [r3, #0]
 8006d3a:	685e      	ldr	r6, [r3, #4]
	while (len != 0) {
 8006d3c:	e005      	b.n	8006d4a <log_output_flush+0x1e>
		processed = outf(buf, len, ctx);
 8006d3e:	4632      	mov	r2, r6
 8006d40:	4621      	mov	r1, r4
 8006d42:	4628      	mov	r0, r5
 8006d44:	47b8      	blx	r7
		len -= processed;
 8006d46:	1a24      	subs	r4, r4, r0
		buf += processed;
 8006d48:	4405      	add	r5, r0
	while (len != 0) {
 8006d4a:	2c00      	cmp	r4, #0
 8006d4c:	d1f7      	bne.n	8006d3e <log_output_flush+0x12>
			 output->control_block->ctx);
	output->control_block->offset = 0;
 8006d4e:	f8d8 3004 	ldr.w	r3, [r8, #4]
 8006d52:	2200      	movs	r2, #0
 8006d54:	601a      	str	r2, [r3, #0]
}
 8006d56:	e8bd 81f0 	ldmia.w	sp!, {r4, r5, r6, r7, r8, pc}

08006d5a <out_func>:
{
 8006d5a:	b538      	push	{r3, r4, r5, lr}
 8006d5c:	4605      	mov	r5, r0
 8006d5e:	460c      	mov	r4, r1
	if (out_ctx->control_block->offset == out_ctx->size) {
 8006d60:	684b      	ldr	r3, [r1, #4]
 8006d62:	681a      	ldr	r2, [r3, #0]
 8006d64:	68cb      	ldr	r3, [r1, #12]
 8006d66:	429a      	cmp	r2, r3
 8006d68:	d00f      	beq.n	8006d8a <out_func+0x30>
	idx = atomic_inc(&out_ctx->control_block->offset);
 8006d6a:	6863      	ldr	r3, [r4, #4]
 8006d6c:	f3bf 8f5b 	dmb	ish
 8006d70:	e853 2f00 	ldrex	r2, [r3]
 8006d74:	1c51      	adds	r1, r2, #1
 8006d76:	e843 1000 	strex	r0, r1, [r3]
 8006d7a:	2800      	cmp	r0, #0
 8006d7c:	d1f8      	bne.n	8006d70 <out_func+0x16>
 8006d7e:	f3bf 8f5b 	dmb	ish
	out_ctx->buf[idx] = (uint8_t)c;
 8006d82:	68a3      	ldr	r3, [r4, #8]
 8006d84:	549d      	strb	r5, [r3, r2]
}
 8006d86:	2000      	movs	r0, #0
 8006d88:	bd38      	pop	{r3, r4, r5, pc}
		log_output_flush(out_ctx);
 8006d8a:	4608      	mov	r0, r1
 8006d8c:	f7ff ffce 	bl	8006d2c <log_output_flush>
 8006d90:	e7eb      	b.n	8006d6a <out_func+0x10>

08006d92 <cr_out_func>:
{
 8006d92:	b538      	push	{r3, r4, r5, lr}
 8006d94:	4604      	mov	r4, r0
 8006d96:	460d      	mov	r5, r1
	if (c == '\n') {
 8006d98:	280a      	cmp	r0, #10
 8006d9a:	d005      	beq.n	8006da8 <cr_out_func+0x16>
	out_func(c, ctx);
 8006d9c:	4629      	mov	r1, r5
 8006d9e:	4620      	mov	r0, r4
 8006da0:	f7ff ffdb 	bl	8006d5a <out_func>
}
 8006da4:	2000      	movs	r0, #0
 8006da6:	bd38      	pop	{r3, r4, r5, pc}
		out_func((int)'\r', ctx);
 8006da8:	200d      	movs	r0, #13
 8006daa:	f7ff ffd6 	bl	8006d5a <out_func>
 8006dae:	e7f5      	b.n	8006d9c <cr_out_func+0xa>

08006db0 <color_prefix>:
{
 8006db0:	b508      	push	{r3, lr}
 8006db2:	4613      	mov	r3, r2
	color_print(output, color, true, level);
 8006db4:	2201      	movs	r2, #1
 8006db6:	f7fa fe53 	bl	8001a60 <color_print>
}
 8006dba:	bd08      	pop	{r3, pc}

08006dbc <color_postfix>:
{
 8006dbc:	b508      	push	{r3, lr}
 8006dbe:	4613      	mov	r3, r2
	color_print(output, color, false, level);
 8006dc0:	2200      	movs	r2, #0
 8006dc2:	f7fa fe4d 	bl	8001a60 <color_print>
}
 8006dc6:	bd08      	pop	{r3, pc}

08006dc8 <postfix_print>:
{
 8006dc8:	b538      	push	{r3, r4, r5, lr}
 8006dca:	4605      	mov	r5, r0
 8006dcc:	460c      	mov	r4, r1
	color_postfix(output, (flags & LOG_OUTPUT_FLAG_COLORS),
 8006dce:	f001 0101 	and.w	r1, r1, #1
 8006dd2:	f7ff fff3 	bl	8006dbc <color_postfix>
	newline_print(output, flags);
 8006dd6:	4621      	mov	r1, r4
 8006dd8:	4628      	mov	r0, r5
 8006dda:	f7fa fed7 	bl	8001b8c <newline_print>
}
 8006dde:	bd38      	pop	{r3, r4, r5, pc}

08006de0 <log_msg_hexdump>:
{
 8006de0:	e92d 43f0 	stmdb	sp!, {r4, r5, r6, r7, r8, r9, lr}
 8006de4:	b083      	sub	sp, #12
 8006de6:	4680      	mov	r8, r0
 8006de8:	460e      	mov	r6, r1
 8006dea:	4615      	mov	r5, r2
 8006dec:	461f      	mov	r7, r3
 8006dee:	f8dd 9028 	ldr.w	r9, [sp, #40]	@ 0x28
		length = MIN(len, HEXDUMP_BYTES_IN_LINE);
 8006df2:	462c      	mov	r4, r5
 8006df4:	2d10      	cmp	r5, #16
 8006df6:	bf28      	it	cs
 8006df8:	2410      	movcs	r4, #16
		hexdump_line_print(output, data, length,
 8006dfa:	f8cd 9000 	str.w	r9, [sp]
 8006dfe:	463b      	mov	r3, r7
 8006e00:	4622      	mov	r2, r4
 8006e02:	4631      	mov	r1, r6
 8006e04:	4640      	mov	r0, r8
 8006e06:	f7fa fed5 	bl	8001bb4 <hexdump_line_print>
		data += length;
 8006e0a:	4426      	add	r6, r4
	} while (len);
 8006e0c:	1b2d      	subs	r5, r5, r4
 8006e0e:	d1f0      	bne.n	8006df2 <log_msg_hexdump+0x12>
}
 8006e10:	b003      	add	sp, #12
 8006e12:	e8bd 83f0 	ldmia.w	sp!, {r4, r5, r6, r7, r8, r9, pc}

08006e16 <log_output_msg_process>:
{
 8006e16:	e92d 43f0 	stmdb	sp!, {r4, r5, r6, r7, r8, r9, lr}
 8006e1a:	b089      	sub	sp, #36	@ 0x24
 8006e1c:	4606      	mov	r6, r0
 8006e1e:	460c      	mov	r4, r1
 8006e20:	4690      	mov	r8, r2
 *
 * @return Timestamp.
 */
static inline log_timestamp_t log_msg_get_timestamp(struct log_msg *msg)
{
	return msg->hdr.timestamp;
 8006e22:	f8d1 9008 	ldr.w	r9, [r1, #8]
	return msg->hdr.desc.level;
 8006e26:	880f      	ldrh	r7, [r1, #0]
 8006e28:	f3c7 1782 	ubfx	r7, r7, #6, #3
	return msg->hdr.desc.domain;
 8006e2c:	7808      	ldrb	r0, [r1, #0]
 8006e2e:	f3c0 05c2 	ubfx	r5, r0, #3, #3
	int16_t source_id = log_msg_get_source_id(msg);
 8006e32:	4608      	mov	r0, r1
 8006e34:	f7fa fdb0 	bl	8001998 <log_msg_get_source_id>
	const char *sname = source_id >= 0 ? log_source_name_get(domain_id, source_id) : NULL;
 8006e38:	1e01      	subs	r1, r0, #0
 8006e3a:	da1b      	bge.n	8006e74 <log_output_msg_process+0x5e>
 8006e3c:	2300      	movs	r3, #0
 *
 * @return pointer to the package.
 */
static inline uint8_t *log_msg_get_package(struct log_msg *msg, size_t *len)
{
	*len = msg->hdr.desc.package_len;
 8006e3e:	4621      	mov	r1, r4
 8006e40:	f851 5b10 	ldr.w	r5, [r1], #16
 8006e44:	f3c5 254a 	ubfx	r5, r5, #9, #11
	*len = msg->hdr.desc.data_len;
 8006e48:	8862      	ldrh	r2, [r4, #2]
 8006e4a:	f3c2 120b 	ubfx	r2, r2, #4, #12
	return msg->data + msg->hdr.desc.package_len;
 8006e4e:	1948      	adds	r0, r1, r5
	log_output_process(output, timestamp, dname, sname, (k_tid_t)log_msg_get_tid(msg),
 8006e50:	b905      	cbnz	r5, 8006e54 <log_output_msg_process+0x3e>
 8006e52:	2100      	movs	r1, #0
 8006e54:	f8cd 8018 	str.w	r8, [sp, #24]
 8006e58:	9205      	str	r2, [sp, #20]
 8006e5a:	9004      	str	r0, [sp, #16]
 8006e5c:	9103      	str	r1, [sp, #12]
 8006e5e:	9702      	str	r7, [sp, #8]
 8006e60:	2200      	movs	r2, #0
 8006e62:	9201      	str	r2, [sp, #4]
 8006e64:	9200      	str	r2, [sp, #0]
 8006e66:	4649      	mov	r1, r9
 8006e68:	4630      	mov	r0, r6
 8006e6a:	f7fa ff05 	bl	8001c78 <log_output_process>
}
 8006e6e:	b009      	add	sp, #36	@ 0x24
 8006e70:	e8bd 83f0 	ldmia.w	sp!, {r4, r5, r6, r7, r8, r9, pc}
	const char *sname = source_id >= 0 ? log_source_name_get(domain_id, source_id) : NULL;
 8006e74:	4628      	mov	r0, r5
 8006e76:	f7fa fc67 	bl	8001748 <log_source_name_get>
 8006e7a:	4603      	mov	r3, r0
 8006e7c:	e7df      	b.n	8006e3e <log_output_msg_process+0x28>

08006e7e <log_output_flush>:
{
 8006e7e:	e92d 41f0 	stmdb	sp!, {r4, r5, r6, r7, r8, lr}
 8006e82:	4680      	mov	r8, r0
	log_output_write(output->func, output->buf, output->control_block->offset,
 8006e84:	6807      	ldr	r7, [r0, #0]
 8006e86:	6885      	ldr	r5, [r0, #8]
 8006e88:	6843      	ldr	r3, [r0, #4]
 8006e8a:	681c      	ldr	r4, [r3, #0]
 8006e8c:	685e      	ldr	r6, [r3, #4]
	while (len != 0) {
 8006e8e:	e005      	b.n	8006e9c <log_output_flush+0x1e>
		processed = outf(buf, len, ctx);
 8006e90:	4632      	mov	r2, r6
 8006e92:	4621      	mov	r1, r4
 8006e94:	4628      	mov	r0, r5
 8006e96:	47b8      	blx	r7
		len -= processed;
 8006e98:	1a24      	subs	r4, r4, r0
		buf += processed;
 8006e9a:	4405      	add	r5, r0
	while (len != 0) {
 8006e9c:	2c00      	cmp	r4, #0
 8006e9e:	d1f7      	bne.n	8006e90 <log_output_flush+0x12>
	output->control_block->offset = 0;
 8006ea0:	f8d8 3004 	ldr.w	r3, [r8, #4]
 8006ea4:	2200      	movs	r2, #0
 8006ea6:	601a      	str	r2, [r3, #0]
}
 8006ea8:	e8bd 81f0 	ldmia.w	sp!, {r4, r5, r6, r7, r8, pc}

08006eac <format_set>:
	log_output_func(ctx->output, &msg->log, flags);
}

static int format_set(const struct log_backend *const backend, uint32_t log_type)
{
	const struct lbu_cb_ctx *ctx = backend->cb->ctx;
 8006eac:	6843      	ldr	r3, [r0, #4]
 8006eae:	681b      	ldr	r3, [r3, #0]
	struct lbu_data *data = ctx->data;
 8006eb0:	685b      	ldr	r3, [r3, #4]

	data->log_format_current = log_type;
 8006eb2:	6119      	str	r1, [r3, #16]

	return 0;
}
 8006eb4:	2000      	movs	r0, #0
 8006eb6:	4770      	bx	lr

08006eb8 <log_backend_uart_init>:

static void log_backend_uart_init(struct log_backend const *const backend)
{
	const struct lbu_cb_ctx *ctx = backend->cb->ctx;
 8006eb8:	6843      	ldr	r3, [r0, #4]
 8006eba:	681b      	ldr	r3, [r3, #0]
	const struct device *uart_dev = LBU_UART_DEV(ctx);
	struct lbu_data *data = ctx->data;

	__ASSERT_NO_MSG(device_is_ready(uart_dev));

	log_output_ctx_set(ctx->output, (void *)ctx);
 8006ebc:	681a      	ldr	r2, [r3, #0]
 * @param ctx		User context.
 */
static inline void log_output_ctx_set(const struct log_output *output,
				      void *ctx)
{
	output->control_block->ctx = ctx;
 8006ebe:	6852      	ldr	r2, [r2, #4]
 8006ec0:	6053      	str	r3, [r2, #4]
			LOG_WRN("Failed to initialize asynchronous mode (err:%d). "
				"Fallback to polling.",
				err);
		}
	}
}
 8006ec2:	4770      	bx	lr

08006ec4 <panic>:

static void panic(struct log_backend const *const backend)
{
 8006ec4:	b508      	push	{r3, lr}
	const struct lbu_cb_ctx *ctx = backend->cb->ctx;
 8006ec6:	6843      	ldr	r3, [r0, #4]
 8006ec8:	681b      	ldr	r3, [r3, #0]
	struct lbu_data *data = ctx->data;
 8006eca:	685a      	ldr	r2, [r3, #4]
	}
#else
	ARG_UNUSED(uart_dev);
#endif /* CONFIG_PM_DEVICE */

	data->in_panic = true;
 8006ecc:	2101      	movs	r1, #1
 8006ece:	7511      	strb	r1, [r2, #20]
 * @param output	Log output instance.
 */
static inline void
log_backend_std_panic(const struct log_output *const output)
{
	log_output_flush(output);
 8006ed0:	6818      	ldr	r0, [r3, #0]
 8006ed2:	f7ff ffd4 	bl	8006e7e <log_output_flush>
	log_backend_std_panic(ctx->output);
}
 8006ed6:	bd08      	pop	{r3, pc}

08006ed8 <dropped>:

static void dropped(const struct log_backend *const backend, uint32_t cnt)
{
 8006ed8:	b508      	push	{r3, lr}
	const struct lbu_cb_ctx *ctx = backend->cb->ctx;
 8006eda:	6843      	ldr	r3, [r0, #4]
 8006edc:	681b      	ldr	r3, [r3, #0]
 * @param cnt		Number of dropped messages.
 */
static inline void
log_backend_std_dropped(const struct log_output *const output, uint32_t cnt)
{
	log_output_dropped_process(output, cnt);
 8006ede:	6818      	ldr	r0, [r3, #0]
 8006ee0:	f7fa ff10 	bl	8001d04 <log_output_dropped_process>
	if (IS_ENABLED(CONFIG_LOG_BACKEND_UART_OUTPUT_DICTIONARY)) {
		log_dict_output_dropped_process(ctx->output, cnt);
	} else {
		log_backend_std_dropped(ctx->output, cnt);
	}
}
 8006ee4:	bd08      	pop	{r3, pc}

08006ee6 <process>:
{
 8006ee6:	b538      	push	{r3, r4, r5, lr}
 8006ee8:	460c      	mov	r4, r1
	const struct lbu_cb_ctx *ctx = backend->cb->ctx;
 8006eea:	6843      	ldr	r3, [r0, #4]
 8006eec:	681d      	ldr	r5, [r3, #0]
	struct lbu_data *data = ctx->data;
 8006eee:	686b      	ldr	r3, [r5, #4]
	log_format_func_t log_output_func = log_format_func_t_get(data->log_format_current);
 8006ef0:	6918      	ldr	r0, [r3, #16]
 8006ef2:	f7fa fa19 	bl	8001328 <log_format_func_t_get>
 8006ef6:	4603      	mov	r3, r0
	log_output_func(ctx->output, &msg->log, flags);
 8006ef8:	220f      	movs	r2, #15
 8006efa:	4621      	mov	r1, r4
 8006efc:	6828      	ldr	r0, [r5, #0]
 8006efe:	4798      	blx	r3
}
 8006f00:	bd38      	pop	{r3, r4, r5, pc}

08006f02 <arch_early_memset>:
{
 8006f02:	b508      	push	{r3, lr}
	(void) memset(dst, c, n);
 8006f04:	f7fe faf0 	bl	80054e8 <memset>
}
 8006f08:	bd08      	pop	{r3, pc}

08006f0a <arch_early_memcpy>:
{
 8006f0a:	b508      	push	{r3, lr}
	(void) memcpy(dst, src, n);
 8006f0c:	f7f9 f9a4 	bl	8000258 <__aeabi_memcpy>
}
 8006f10:	bd08      	pop	{r3, pc}

08006f12 <z_do_kernel_oops>:
 * @param esf exception frame
 * @param callee_regs Callee-saved registers (R4-R11)
 * @param exc_return EXC_RETURN value present in LR after exception entry.
 */
void z_do_kernel_oops(const struct arch_esf *esf, _callee_saved_t *callee_regs, uint32_t exc_return)
{
 8006f12:	b508      	push	{r3, lr}
 8006f14:	4601      	mov	r1, r0
	}

#endif /* CONFIG_USERSPACE */

#if !defined(CONFIG_EXTRA_EXCEPTION_INFO)
	z_arm_fatal_error(reason, esf);
 8006f16:	6800      	ldr	r0, [r0, #0]
 8006f18:	f7fb f83a 	bl	8001f90 <z_arm_fatal_error>
		.exc_return = exc_return,
	};

	z_arm_fatal_error(reason, &esf_copy);
#endif /* CONFIG_EXTRA_EXCEPTION_INFO */
}
 8006f1c:	bd08      	pop	{r3, pc}

08006f1e <z_arm_nmi>:
 * Simply call what is installed in 'static void(*handler)(void)'.
 *
 */

void z_arm_nmi(void)
{
 8006f1e:	b508      	push	{r3, lr}
	handler();
 8006f20:	f7fb f852 	bl	8001fc8 <z_SysNmiOnReset>
	z_arm_int_exit();
 8006f24:	f7fb fc7e 	bl	8002824 <z_arm_exc_exit>
}
 8006f28:	bd08      	pop	{r3, pc}

08006f2a <memory_fault_recoverable>:
}
 8006f2a:	2000      	movs	r0, #0
 8006f2c:	4770      	bx	lr

08006f2e <fault_handle>:
{
 8006f2e:	b508      	push	{r3, lr}
	*recoverable = false;
 8006f30:	2300      	movs	r3, #0
 8006f32:	7013      	strb	r3, [r2, #0]
	switch (fault) {
 8006f34:	1ecb      	subs	r3, r1, #3
 8006f36:	2b09      	cmp	r3, #9
 8006f38:	d81a      	bhi.n	8006f70 <fault_handle+0x42>
 8006f3a:	e8df f003 	tbb	[pc, r3]
 8006f3e:	0905      	.short	0x0905
 8006f40:	1919110d 	.word	0x1919110d
 8006f44:	14191919 	.word	0x14191919
		reason = hard_fault(esf, recoverable);
 8006f48:	4611      	mov	r1, r2
 8006f4a:	f7fb fac1 	bl	80024d0 <hard_fault>
		break;
 8006f4e:	e012      	b.n	8006f76 <fault_handle+0x48>
		reason = mem_manage_fault(esf, 0, recoverable);
 8006f50:	2100      	movs	r1, #0
 8006f52:	f7fb fa19 	bl	8002388 <mem_manage_fault>
		break;
 8006f56:	e00e      	b.n	8006f76 <fault_handle+0x48>
		reason = bus_fault(esf, 0, recoverable);
 8006f58:	2100      	movs	r1, #0
 8006f5a:	f7fb f98d 	bl	8002278 <bus_fault>
		break;
 8006f5e:	e00a      	b.n	8006f76 <fault_handle+0x48>
		reason = usage_fault(esf);
 8006f60:	f7fb f8a6 	bl	80020b0 <usage_fault>
		break;
 8006f64:	e007      	b.n	8006f76 <fault_handle+0x48>
		debug_monitor(esf, recoverable);
 8006f66:	4611      	mov	r1, r2
 8006f68:	f7fb f90c 	bl	8002184 <debug_monitor>
	uint32_t reason = K_ERR_CPU_EXCEPTION;
 8006f6c:	2000      	movs	r0, #0
		break;
 8006f6e:	e002      	b.n	8006f76 <fault_handle+0x48>
		reserved_exception(esf, fault);
 8006f70:	f7fb f916 	bl	80021a0 <reserved_exception>
	uint32_t reason = K_ERR_CPU_EXCEPTION;
 8006f74:	2000      	movs	r0, #0
}
 8006f76:	bd08      	pop	{r3, pc}

08006f78 <arm_irq_enable>:
 */

#if !defined(CONFIG_ARM_CUSTOM_INTERRUPT_CONTROLLER)

void arm_irq_enable(unsigned int irq)
{
 8006f78:	b508      	push	{r3, lr}
	NVIC_EnableIRQ((IRQn_Type)irq);
 8006f7a:	b240      	sxtb	r0, r0
 8006f7c:	f7fb fb9a 	bl	80026b4 <__NVIC_EnableIRQ>
}
 8006f80:	bd08      	pop	{r3, pc}

08006f82 <arm_irq_priority_set>:
 * The priority is verified if ASSERT_ON is enabled. The maximum number
 * of priority levels is a little complex, as there are some hardware
 * priority levels which are reserved.
 */
void arm_irq_priority_set(unsigned int irq, unsigned int prio, uint32_t flags)
{
 8006f82:	b508      	push	{r3, lr}
	 * reduced set of priorities, like Cortex-M0/M0+).
	 */
	__ASSERT(prio <= (BIT(NUM_IRQ_PRIO_BITS) - 1),
		 "invalid priority %d for %d irq! values must be less than %lu\n",
		 prio - _IRQ_PRIO_OFFSET, irq, BIT(NUM_IRQ_PRIO_BITS) - (_IRQ_PRIO_OFFSET));
	NVIC_SetPriority((IRQn_Type)irq, prio);
 8006f84:	3101      	adds	r1, #1
 8006f86:	b240      	sxtb	r0, r0
 8006f88:	f7fb fba2 	bl	80026d0 <__NVIC_SetPriority>
}
 8006f8c:	bd08      	pop	{r3, pc}

08006f8e <z_irq_spurious>:
 * Installed in all _sw_isr_table slots at boot time. Throws an error if
 * called.
 *
 */
void z_irq_spurious(const void *unused)
{
 8006f8e:	b508      	push	{r3, lr}
	ARG_UNUSED(unused);

	z_arm_fatal_error(K_ERR_SPURIOUS_IRQ, NULL);
 8006f90:	2100      	movs	r1, #0
 8006f92:	2001      	movs	r0, #1
 8006f94:	f7fa fffc 	bl	8001f90 <z_arm_fatal_error>
}
 8006f98:	bd08      	pop	{r3, pc}

08006f9a <z_check_thread_stack_fail>:
{
 8006f9a:	b508      	push	{r3, lr}
	uint32_t sp = min_stack(fault_addr, psp);
 8006f9c:	f7fb fbd6 	bl	800274c <min_stack>
}
 8006fa0:	bd08      	pop	{r3, pc}

08006fa2 <arch_coprocessors_disable>:
}
 8006fa2:	f06f 0085 	mvn.w	r0, #133	@ 0x85
 8006fa6:	4770      	bx	lr

08006fa8 <arch_irq_unlock_outlined>:
  \details Enables FIQ interrupts by clearing special-purpose register FAULTMASK.
             Can only be executed in Privileged modes.
   */
  __STATIC_FORCEINLINE void __enable_fault_irq(void)
  {
    __ASM volatile ("cpsie f" : : : "memory");
 8006fa8:	b661      	cpsie	f
  __ASM volatile ("cpsie i" : : : "memory");
 8006faa:	b662      	cpsie	i
 8006fac:	f380 8811 	msr	BASEPRI, r0
  __ASM volatile ("isb 0xF":::"memory");
 8006fb0:	f3bf 8f6f 	isb	sy
#if defined(CONFIG_ARMV7_M_ARMV8_M_MAINLINE)
	__enable_fault_irq(); /* alters FAULTMASK */
	__enable_irq();       /* alters PRIMASK */
#endif
	arch_irq_unlock(key);
}
 8006fb4:	4770      	bx	lr

08006fb6 <arch_cpu_idle>:
  __ASM volatile ("cpsid i" : : : "memory");
 8006fb6:	b672      	cpsid	i
 8006fb8:	2300      	movs	r3, #0
 8006fba:	f383 8811 	msr	BASEPRI, r3
  __ASM volatile ("isb 0xF":::"memory");
 8006fbe:	f3bf 8f6f 	isb	sy
  __ASM volatile ("dsb 0xF":::"memory");
 8006fc2:	f3bf 8f4f 	dsb	sy
	 * set by the caller as part of interrupt locking if necessary
	 * (i.e. if the caller sets _kernel.idle).
	 */
#endif

	SLEEP_IF_ALLOWED(__WFI);
 8006fc6:	bf30      	wfi
  __ASM volatile ("cpsie i" : : : "memory");
 8006fc8:	b662      	cpsie	i
  __ASM volatile ("isb 0xF":::"memory");
 8006fca:	f3bf 8f6f 	isb	sy
#if defined(CONFIG_TRACING)
	sys_trace_idle_exit();
#endif
	__enable_irq();
	__ISB();
}
 8006fce:	4770      	bx	lr

08006fd0 <mpu_partition_is_valid>:
		((part->size & (part->size - 1U)) == 0U)
 8006fd0:	6843      	ldr	r3, [r0, #4]
 8006fd2:	1e5a      	subs	r2, r3, #1
		&&
 8006fd4:	4213      	tst	r3, r2
 8006fd6:	d106      	bne.n	8006fe6 <mpu_partition_is_valid+0x16>
		&&
 8006fd8:	2b1f      	cmp	r3, #31
 8006fda:	d906      	bls.n	8006fea <mpu_partition_is_valid+0x1a>
		((part->start & (part->size - 1U)) == 0U);
 8006fdc:	6803      	ldr	r3, [r0, #0]
		&&
 8006fde:	421a      	tst	r2, r3
 8006fe0:	d005      	beq.n	8006fee <mpu_partition_is_valid+0x1e>
 8006fe2:	2000      	movs	r0, #0
 8006fe4:	4770      	bx	lr
 8006fe6:	2000      	movs	r0, #0
 8006fe8:	4770      	bx	lr
 8006fea:	2000      	movs	r0, #0
 8006fec:	4770      	bx	lr
 8006fee:	2001      	movs	r0, #1
}
 8006ff0:	4770      	bx	lr

08006ff2 <mpu_configure_region>:
{
 8006ff2:	b500      	push	{lr}
 8006ff4:	b085      	sub	sp, #20
	region_conf.base = new_region->start;
 8006ff6:	680b      	ldr	r3, [r1, #0]
 8006ff8:	9301      	str	r3, [sp, #4]
		&new_region->attr, new_region->start, new_region->size);
 8006ffa:	684b      	ldr	r3, [r1, #4]
	p_attr->rasr = attr->rasr_attr | size_to_mpu_rasr_size(size);
 8006ffc:	688a      	ldr	r2, [r1, #8]
	if (size <= 32U) {
 8006ffe:	2b20      	cmp	r3, #32
 8007000:	d912      	bls.n	8007028 <mpu_configure_region+0x36>
	if (size > (1UL << 31)) {
 8007002:	f1b3 4f00 	cmp.w	r3, #2147483648	@ 0x80000000
 8007006:	d811      	bhi.n	800702c <mpu_configure_region+0x3a>
	return ((32 - __builtin_clz(size - 1U) - 2 + 1) << MPU_RASR_SIZE_Pos) &
 8007008:	3b01      	subs	r3, #1
 800700a:	fab3 f383 	clz	r3, r3
 800700e:	f1c3 031f 	rsb	r3, r3, #31
 8007012:	005b      	lsls	r3, r3, #1
 8007014:	f003 033e 	and.w	r3, r3, #62	@ 0x3e
	p_attr->rasr = attr->rasr_attr | size_to_mpu_rasr_size(size);
 8007018:	4313      	orrs	r3, r2
 800701a:	9303      	str	r3, [sp, #12]
	return region_allocate_and_init(index,
 800701c:	a901      	add	r1, sp, #4
 800701e:	f7fb fcc1 	bl	80029a4 <region_allocate_and_init>
}
 8007022:	b005      	add	sp, #20
 8007024:	f85d fb04 	ldr.w	pc, [sp], #4
		return REGION_32B;
 8007028:	2308      	movs	r3, #8
 800702a:	e7f5      	b.n	8007018 <mpu_configure_region+0x26>
		return REGION_4G;
 800702c:	233e      	movs	r3, #62	@ 0x3e
 800702e:	e7f3      	b.n	8007018 <mpu_configure_region+0x26>

08007030 <mpu_configure_regions_from_dt>:
{
 8007030:	b5f0      	push	{r4, r5, r6, r7, lr}
 8007032:	b085      	sub	sp, #20
 8007034:	4605      	mov	r5, r0
	num_regions = mem_attr_get_regions(&region);
 8007036:	a803      	add	r0, sp, #12
 8007038:	f7fa fece 	bl	8001dd8 <mem_attr_get_regions>
 800703c:	4606      	mov	r6, r0
	for (size_t idx = 0; idx < num_regions; idx++) {
 800703e:	2400      	movs	r4, #0
 8007040:	e035      	b.n	80070ae <mpu_configure_regions_from_dt+0x7e>
		switch (DT_MEM_ARM_GET(region[idx].dt_attr)) {
 8007042:	f1b3 7f00 	cmp.w	r3, #33554432	@ 0x2000000
 8007046:	f000 80b2 	beq.w	80071ae <mpu_configure_regions_from_dt+0x17e>
 800704a:	f1b3 5f80 	cmp.w	r3, #268435456	@ 0x10000000
 800704e:	f000 80c8 	beq.w	80071e2 <mpu_configure_regions_from_dt+0x1b2>
 8007052:	f1b3 7f80 	cmp.w	r3, #16777216	@ 0x1000000
 8007056:	d129      	bne.n	80070ac <mpu_configure_regions_from_dt+0x7c>
			region_conf = _BUILD_REGION_CONF(region[idx], REGION_IO_ATTR);
 8007058:	6857      	ldr	r7, [r2, #4]
 800705a:	5809      	ldr	r1, [r1, r0]
 800705c:	6893      	ldr	r3, [r2, #8]
	if (size <= 32U) {
 800705e:	2b20      	cmp	r3, #32
 8007060:	f240 80a1 	bls.w	80071a6 <mpu_configure_regions_from_dt+0x176>
	if (size > (1UL << 31)) {
 8007064:	f1b3 4f00 	cmp.w	r3, #2147483648	@ 0x80000000
 8007068:	f200 809f 	bhi.w	80071aa <mpu_configure_regions_from_dt+0x17a>
	return ((32 - __builtin_clz(size - 1U) - 2 + 1) << MPU_RASR_SIZE_Pos) &
 800706c:	3b01      	subs	r3, #1
 800706e:	fab3 f383 	clz	r3, r3
 8007072:	f1c3 031f 	rsb	r3, r3, #31
 8007076:	005b      	lsls	r3, r3, #1
 8007078:	f003 033e 	and.w	r3, r3, #62	@ 0x3e
 800707c:	f043 7388 	orr.w	r3, r3, #17825792	@ 0x1100000
 8007080:	9700      	str	r7, [sp, #0]
 8007082:	9101      	str	r1, [sp, #4]
 8007084:	9302      	str	r3, [sp, #8]
			break;
 8007086:	e007      	b.n	8007098 <mpu_configure_regions_from_dt+0x68>
		return REGION_32B;
 8007088:	2308      	movs	r3, #8
			region_conf = _BUILD_REGION_CONF(region[idx], REGION_RAM_ATTR);
 800708a:	f043 5388 	orr.w	r3, r3, #285212672	@ 0x11000000
 800708e:	f443 2330 	orr.w	r3, r3, #720896	@ 0xb0000
 8007092:	9700      	str	r7, [sp, #0]
 8007094:	9101      	str	r1, [sp, #4]
 8007096:	9302      	str	r3, [sp, #8]
		if (region_allocate_and_init((*reg_index),
 8007098:	4669      	mov	r1, sp
 800709a:	7828      	ldrb	r0, [r5, #0]
 800709c:	f7fb fc82 	bl	80029a4 <region_allocate_and_init>
 80070a0:	2800      	cmp	r0, #0
 80070a2:	f2c0 80ba 	blt.w	800721a <mpu_configure_regions_from_dt+0x1ea>
		(*reg_index)++;
 80070a6:	782b      	ldrb	r3, [r5, #0]
 80070a8:	3301      	adds	r3, #1
 80070aa:	702b      	strb	r3, [r5, #0]
	for (size_t idx = 0; idx < num_regions; idx++) {
 80070ac:	3401      	adds	r4, #1
 80070ae:	42b4      	cmp	r4, r6
 80070b0:	f080 80b6 	bcs.w	8007220 <mpu_configure_regions_from_dt+0x1f0>
		switch (DT_MEM_ARM_GET(region[idx].dt_attr)) {
 80070b4:	0120      	lsls	r0, r4, #4
 80070b6:	9903      	ldr	r1, [sp, #12]
 80070b8:	eb01 1204 	add.w	r2, r1, r4, lsl #4
 80070bc:	68d3      	ldr	r3, [r2, #12]
 80070be:	f36f 0313 	bfc	r3, #0, #20
 80070c2:	f5b3 0f00 	cmp.w	r3, #8388608	@ 0x800000
 80070c6:	d054      	beq.n	8007172 <mpu_configure_regions_from_dt+0x142>
 80070c8:	d8bb      	bhi.n	8007042 <mpu_configure_regions_from_dt+0x12>
 80070ca:	f5b3 1f00 	cmp.w	r3, #2097152	@ 0x200000
 80070ce:	d018      	beq.n	8007102 <mpu_configure_regions_from_dt+0xd2>
 80070d0:	f5b3 0f80 	cmp.w	r3, #4194304	@ 0x400000
 80070d4:	d031      	beq.n	800713a <mpu_configure_regions_from_dt+0x10a>
 80070d6:	f5b3 1f80 	cmp.w	r3, #1048576	@ 0x100000
 80070da:	d1e7      	bne.n	80070ac <mpu_configure_regions_from_dt+0x7c>
			region_conf = _BUILD_REGION_CONF(region[idx], REGION_RAM_ATTR);
 80070dc:	6857      	ldr	r7, [r2, #4]
 80070de:	5809      	ldr	r1, [r1, r0]
 80070e0:	6893      	ldr	r3, [r2, #8]
	if (size <= 32U) {
 80070e2:	2b20      	cmp	r3, #32
 80070e4:	d9d0      	bls.n	8007088 <mpu_configure_regions_from_dt+0x58>
	if (size > (1UL << 31)) {
 80070e6:	f1b3 4f00 	cmp.w	r3, #2147483648	@ 0x80000000
 80070ea:	d808      	bhi.n	80070fe <mpu_configure_regions_from_dt+0xce>
	return ((32 - __builtin_clz(size - 1U) - 2 + 1) << MPU_RASR_SIZE_Pos) &
 80070ec:	3b01      	subs	r3, #1
 80070ee:	fab3 f383 	clz	r3, r3
 80070f2:	f1c3 031f 	rsb	r3, r3, #31
 80070f6:	005b      	lsls	r3, r3, #1
 80070f8:	f003 033e 	and.w	r3, r3, #62	@ 0x3e
 80070fc:	e7c5      	b.n	800708a <mpu_configure_regions_from_dt+0x5a>
		return REGION_4G;
 80070fe:	233e      	movs	r3, #62	@ 0x3e
 8007100:	e7c3      	b.n	800708a <mpu_configure_regions_from_dt+0x5a>
			region_conf = _BUILD_REGION_CONF(region[idx], REGION_RAM_NOCACHE_ATTR);
 8007102:	6857      	ldr	r7, [r2, #4]
 8007104:	5809      	ldr	r1, [r1, r0]
 8007106:	6893      	ldr	r3, [r2, #8]
	if (size <= 32U) {
 8007108:	2b20      	cmp	r3, #32
 800710a:	d912      	bls.n	8007132 <mpu_configure_regions_from_dt+0x102>
	if (size > (1UL << 31)) {
 800710c:	f1b3 4f00 	cmp.w	r3, #2147483648	@ 0x80000000
 8007110:	d811      	bhi.n	8007136 <mpu_configure_regions_from_dt+0x106>
	return ((32 - __builtin_clz(size - 1U) - 2 + 1) << MPU_RASR_SIZE_Pos) &
 8007112:	3b01      	subs	r3, #1
 8007114:	fab3 f383 	clz	r3, r3
 8007118:	f1c3 031f 	rsb	r3, r3, #31
 800711c:	005b      	lsls	r3, r3, #1
 800711e:	f003 033e 	and.w	r3, r3, #62	@ 0x3e
 8007122:	f043 5388 	orr.w	r3, r3, #285212672	@ 0x11000000
 8007126:	f443 2300 	orr.w	r3, r3, #524288	@ 0x80000
 800712a:	9700      	str	r7, [sp, #0]
 800712c:	9101      	str	r1, [sp, #4]
 800712e:	9302      	str	r3, [sp, #8]
			break;
 8007130:	e7b2      	b.n	8007098 <mpu_configure_regions_from_dt+0x68>
		return REGION_32B;
 8007132:	2308      	movs	r3, #8
 8007134:	e7f5      	b.n	8007122 <mpu_configure_regions_from_dt+0xf2>
		return REGION_4G;
 8007136:	233e      	movs	r3, #62	@ 0x3e
 8007138:	e7f3      	b.n	8007122 <mpu_configure_regions_from_dt+0xf2>
			region_conf = _BUILD_REGION_CONF(region[idx], REGION_FLASH_ATTR);
 800713a:	6857      	ldr	r7, [r2, #4]
 800713c:	5809      	ldr	r1, [r1, r0]
 800713e:	6893      	ldr	r3, [r2, #8]
	if (size <= 32U) {
 8007140:	2b20      	cmp	r3, #32
 8007142:	d912      	bls.n	800716a <mpu_configure_regions_from_dt+0x13a>
	if (size > (1UL << 31)) {
 8007144:	f1b3 4f00 	cmp.w	r3, #2147483648	@ 0x80000000
 8007148:	d811      	bhi.n	800716e <mpu_configure_regions_from_dt+0x13e>
	return ((32 - __builtin_clz(size - 1U) - 2 + 1) << MPU_RASR_SIZE_Pos) &
 800714a:	3b01      	subs	r3, #1
 800714c:	fab3 f383 	clz	r3, r3
 8007150:	f1c3 031f 	rsb	r3, r3, #31
 8007154:	005b      	lsls	r3, r3, #1
 8007156:	f003 033e 	and.w	r3, r3, #62	@ 0x3e
 800715a:	f043 63c0 	orr.w	r3, r3, #100663296	@ 0x6000000
 800715e:	f443 3300 	orr.w	r3, r3, #131072	@ 0x20000
 8007162:	9700      	str	r7, [sp, #0]
 8007164:	9101      	str	r1, [sp, #4]
 8007166:	9302      	str	r3, [sp, #8]
			break;
 8007168:	e796      	b.n	8007098 <mpu_configure_regions_from_dt+0x68>
		return REGION_32B;
 800716a:	2308      	movs	r3, #8
 800716c:	e7f5      	b.n	800715a <mpu_configure_regions_from_dt+0x12a>
		return REGION_4G;
 800716e:	233e      	movs	r3, #62	@ 0x3e
 8007170:	e7f3      	b.n	800715a <mpu_configure_regions_from_dt+0x12a>
			region_conf = _BUILD_REGION_CONF(region[idx], REGION_PPB_ATTR);
 8007172:	6857      	ldr	r7, [r2, #4]
 8007174:	5809      	ldr	r1, [r1, r0]
 8007176:	6893      	ldr	r3, [r2, #8]
	if (size <= 32U) {
 8007178:	2b20      	cmp	r3, #32
 800717a:	d910      	bls.n	800719e <mpu_configure_regions_from_dt+0x16e>
	if (size > (1UL << 31)) {
 800717c:	f1b3 4f00 	cmp.w	r3, #2147483648	@ 0x80000000
 8007180:	d80f      	bhi.n	80071a2 <mpu_configure_regions_from_dt+0x172>
	return ((32 - __builtin_clz(size - 1U) - 2 + 1) << MPU_RASR_SIZE_Pos) &
 8007182:	3b01      	subs	r3, #1
 8007184:	fab3 f383 	clz	r3, r3
 8007188:	f1c3 031f 	rsb	r3, r3, #31
 800718c:	005b      	lsls	r3, r3, #1
 800718e:	f003 033e 	and.w	r3, r3, #62	@ 0x3e
 8007192:	f043 7382 	orr.w	r3, r3, #17039360	@ 0x1040000
 8007196:	9700      	str	r7, [sp, #0]
 8007198:	9101      	str	r1, [sp, #4]
 800719a:	9302      	str	r3, [sp, #8]
			break;
 800719c:	e77c      	b.n	8007098 <mpu_configure_regions_from_dt+0x68>
		return REGION_32B;
 800719e:	2308      	movs	r3, #8
 80071a0:	e7f7      	b.n	8007192 <mpu_configure_regions_from_dt+0x162>
		return REGION_4G;
 80071a2:	233e      	movs	r3, #62	@ 0x3e
 80071a4:	e7f5      	b.n	8007192 <mpu_configure_regions_from_dt+0x162>
		return REGION_32B;
 80071a6:	2308      	movs	r3, #8
 80071a8:	e768      	b.n	800707c <mpu_configure_regions_from_dt+0x4c>
		return REGION_4G;
 80071aa:	233e      	movs	r3, #62	@ 0x3e
 80071ac:	e766      	b.n	800707c <mpu_configure_regions_from_dt+0x4c>
			region_conf = _BUILD_REGION_CONF(region[idx], REGION_EXTMEM_ATTR);
 80071ae:	6857      	ldr	r7, [r2, #4]
 80071b0:	5809      	ldr	r1, [r1, r0]
 80071b2:	6893      	ldr	r3, [r2, #8]
	if (size <= 32U) {
 80071b4:	2b20      	cmp	r3, #32
 80071b6:	d910      	bls.n	80071da <mpu_configure_regions_from_dt+0x1aa>
	if (size > (1UL << 31)) {
 80071b8:	f1b3 4f00 	cmp.w	r3, #2147483648	@ 0x80000000
 80071bc:	d80f      	bhi.n	80071de <mpu_configure_regions_from_dt+0x1ae>
	return ((32 - __builtin_clz(size - 1U) - 2 + 1) << MPU_RASR_SIZE_Pos) &
 80071be:	3b01      	subs	r3, #1
 80071c0:	fab3 f383 	clz	r3, r3
 80071c4:	f1c3 031f 	rsb	r3, r3, #31
 80071c8:	005b      	lsls	r3, r3, #1
 80071ca:	f003 033e 	and.w	r3, r3, #62	@ 0x3e
 80071ce:	f443 2380 	orr.w	r3, r3, #262144	@ 0x40000
 80071d2:	9700      	str	r7, [sp, #0]
 80071d4:	9101      	str	r1, [sp, #4]
 80071d6:	9302      	str	r3, [sp, #8]
			break;
 80071d8:	e75e      	b.n	8007098 <mpu_configure_regions_from_dt+0x68>
		return REGION_32B;
 80071da:	2308      	movs	r3, #8
 80071dc:	e7f7      	b.n	80071ce <mpu_configure_regions_from_dt+0x19e>
		return REGION_4G;
 80071de:	233e      	movs	r3, #62	@ 0x3e
 80071e0:	e7f5      	b.n	80071ce <mpu_configure_regions_from_dt+0x19e>
			region_conf = _BUILD_REGION_CONF(region[idx], REGION_RAM_WT_ATTR);
 80071e2:	6857      	ldr	r7, [r2, #4]
 80071e4:	5809      	ldr	r1, [r1, r0]
 80071e6:	6893      	ldr	r3, [r2, #8]
	if (size <= 32U) {
 80071e8:	2b20      	cmp	r3, #32
 80071ea:	d912      	bls.n	8007212 <mpu_configure_regions_from_dt+0x1e2>
	if (size > (1UL << 31)) {
 80071ec:	f1b3 4f00 	cmp.w	r3, #2147483648	@ 0x80000000
 80071f0:	d811      	bhi.n	8007216 <mpu_configure_regions_from_dt+0x1e6>
	return ((32 - __builtin_clz(size - 1U) - 2 + 1) << MPU_RASR_SIZE_Pos) &
 80071f2:	3b01      	subs	r3, #1
 80071f4:	fab3 f383 	clz	r3, r3
 80071f8:	f1c3 031f 	rsb	r3, r3, #31
 80071fc:	005b      	lsls	r3, r3, #1
 80071fe:	f003 033e 	and.w	r3, r3, #62	@ 0x3e
 8007202:	f043 5388 	orr.w	r3, r3, #285212672	@ 0x11000000
 8007206:	f443 3300 	orr.w	r3, r3, #131072	@ 0x20000
 800720a:	9700      	str	r7, [sp, #0]
 800720c:	9101      	str	r1, [sp, #4]
 800720e:	9302      	str	r3, [sp, #8]
			break;
 8007210:	e742      	b.n	8007098 <mpu_configure_regions_from_dt+0x68>
		return REGION_32B;
 8007212:	2308      	movs	r3, #8
 8007214:	e7f5      	b.n	8007202 <mpu_configure_regions_from_dt+0x1d2>
		return REGION_4G;
 8007216:	233e      	movs	r3, #62	@ 0x3e
 8007218:	e7f3      	b.n	8007202 <mpu_configure_regions_from_dt+0x1d2>
			return -EINVAL;
 800721a:	f06f 0015 	mvn.w	r0, #21
 800721e:	e000      	b.n	8007222 <mpu_configure_regions_from_dt+0x1f2>
	return 0;
 8007220:	2000      	movs	r0, #0
}
 8007222:	b005      	add	sp, #20
 8007224:	bdf0      	pop	{r4, r5, r6, r7, pc}

08007226 <arm_core_mpu_configure_static_mpu_regions>:
{
 8007226:	b508      	push	{r3, lr}
	if (mpu_configure_static_mpu_regions(static_regions, regions_num,
 8007228:	f7fb fc0c 	bl	8002a44 <mpu_configure_static_mpu_regions>
}
 800722c:	bd08      	pop	{r3, pc}

0800722e <arm_core_mpu_configure_dynamic_mpu_regions>:
{
 800722e:	b508      	push	{r3, lr}
	if (mpu_configure_dynamic_mpu_regions(dynamic_regions, regions_num)
 8007230:	f7fb fc12 	bl	8002a58 <mpu_configure_dynamic_mpu_regions>
}
 8007234:	bd08      	pop	{r3, pc}

08007236 <cbputc>:
{
 8007236:	b508      	push	{r3, lr}
	(*s->out) (c, s->ctx);
 8007238:	690b      	ldr	r3, [r1, #16]
 800723a:	6949      	ldr	r1, [r1, #20]
 800723c:	4798      	blx	r3
}
 800723e:	2000      	movs	r0, #0
 8007240:	bd08      	pop	{r3, pc}

08007242 <picolibc_put>:
{
 8007242:	b508      	push	{r3, lr}
		union { uintptr_t x; FILE * val; } parm1 = { .val = stream };
		return (int) arch_syscall_invoke2(parm0.x, parm1.x, K_SYSCALL_ZEPHYR_FPUTC);
	}
#endif
	compiler_barrier();
	return z_impl_zephyr_fputc(c, stream);
 8007244:	f7fb fc98 	bl	8002b78 <z_impl_zephyr_fputc>
}
 8007248:	2000      	movs	r0, #0
 800724a:	bd08      	pop	{r3, pc}

0800724c <stm32_exti_init>:

/**
 * @brief Initializes the EXTI interrupt controller driver
 */
static int stm32_exti_init(const struct device *dev)
{
 800724c:	b508      	push	{r3, lr}
	ARG_UNUSED(dev);

	return stm32_exti_enable_clocks();
 800724e:	f7fb fcb9 	bl	8002bc4 <stm32_exti_enable_clocks>
}
 8007252:	bd08      	pop	{r3, pc}

08007254 <stm32_exti_gpio_intc_init>:
{
 8007254:	b508      	push	{r3, lr}
	DT_FOREACH_PROP_ELEM(EXTI_NODE,
 8007256:	2206      	movs	r2, #6
 8007258:	2101      	movs	r1, #1
 800725a:	2000      	movs	r0, #0
 800725c:	f7fb fd02 	bl	8002c64 <stm32_fill_irq_table>
 8007260:	2200      	movs	r2, #0
 8007262:	4611      	mov	r1, r2
 8007264:	2006      	movs	r0, #6
 8007266:	f7ff fe8c 	bl	8006f82 <arm_irq_priority_set>
 800726a:	2207      	movs	r2, #7
 800726c:	2101      	movs	r1, #1
 800726e:	4608      	mov	r0, r1
 8007270:	f7fb fcf8 	bl	8002c64 <stm32_fill_irq_table>
 8007274:	2200      	movs	r2, #0
 8007276:	4611      	mov	r1, r2
 8007278:	2007      	movs	r0, #7
 800727a:	f7ff fe82 	bl	8006f82 <arm_irq_priority_set>
 800727e:	2208      	movs	r2, #8
 8007280:	2101      	movs	r1, #1
 8007282:	2002      	movs	r0, #2
 8007284:	f7fb fcee 	bl	8002c64 <stm32_fill_irq_table>
 8007288:	2200      	movs	r2, #0
 800728a:	4611      	mov	r1, r2
 800728c:	2008      	movs	r0, #8
 800728e:	f7ff fe78 	bl	8006f82 <arm_irq_priority_set>
 8007292:	2209      	movs	r2, #9
 8007294:	2101      	movs	r1, #1
 8007296:	2003      	movs	r0, #3
 8007298:	f7fb fce4 	bl	8002c64 <stm32_fill_irq_table>
 800729c:	2200      	movs	r2, #0
 800729e:	4611      	mov	r1, r2
 80072a0:	2009      	movs	r0, #9
 80072a2:	f7ff fe6e 	bl	8006f82 <arm_irq_priority_set>
 80072a6:	220a      	movs	r2, #10
 80072a8:	2101      	movs	r1, #1
 80072aa:	2004      	movs	r0, #4
 80072ac:	f7fb fcda 	bl	8002c64 <stm32_fill_irq_table>
 80072b0:	2200      	movs	r2, #0
 80072b2:	4611      	mov	r1, r2
 80072b4:	200a      	movs	r0, #10
 80072b6:	f7ff fe64 	bl	8006f82 <arm_irq_priority_set>
 80072ba:	2217      	movs	r2, #23
 80072bc:	2105      	movs	r1, #5
 80072be:	4608      	mov	r0, r1
 80072c0:	f7fb fcd0 	bl	8002c64 <stm32_fill_irq_table>
 80072c4:	2200      	movs	r2, #0
 80072c6:	4611      	mov	r1, r2
 80072c8:	2017      	movs	r0, #23
 80072ca:	f7ff fe5a 	bl	8006f82 <arm_irq_priority_set>
 80072ce:	2228      	movs	r2, #40	@ 0x28
 80072d0:	2106      	movs	r1, #6
 80072d2:	200a      	movs	r0, #10
 80072d4:	f7fb fcc6 	bl	8002c64 <stm32_fill_irq_table>
 80072d8:	2200      	movs	r2, #0
 80072da:	4611      	mov	r1, r2
 80072dc:	2028      	movs	r0, #40	@ 0x28
 80072de:	f7ff fe50 	bl	8006f82 <arm_irq_priority_set>
}
 80072e2:	2000      	movs	r0, #0
 80072e4:	bd08      	pop	{r3, pc}

080072e6 <stm32_gpio_intc_get_pin_irq_line>:
 80072e6:	f001 011f 	and.w	r1, r1, #31
}
 80072ea:	2001      	movs	r0, #1
 80072ec:	4088      	lsls	r0, r1
 80072ee:	4770      	bx	lr

080072f0 <stm32_exti_set_line_src_port>:

void stm32_exti_set_line_src_port(gpio_pin_t line, uint32_t port)
{
 80072f0:	b508      	push	{r3, lr}
 80072f2:	4602      	mov	r2, r0
 80072f4:	4608      	mov	r0, r1
	return (0xF << ((linenum % 4 * 4) + 16)) | (linenum / 4);
 80072f6:	f002 0303 	and.w	r3, r2, #3
 80072fa:	3304      	adds	r3, #4
 80072fc:	009b      	lsls	r3, r3, #2
 80072fe:	210f      	movs	r1, #15
 8007300:	4099      	lsls	r1, r3
#elif DT_HAS_COMPAT_STATUS_OKAY(st_stm32h7rs_exti)
	LL_SBS_SetEXTISource(port, ll_line);
#elif defined(CONFIG_SOC_SERIES_STM32MP2X)
	LL_EXTI_SetEXTISource(EXTI2, port, ll_line);
#else
	LL_SYSCFG_SetEXTISource(port, ll_line);
 8007302:	ea41 0192 	orr.w	r1, r1, r2, lsr #2
 8007306:	f7fb fce3 	bl	8002cd0 <LL_SYSCFG_SetEXTISource>
#endif
	z_stm32_hsem_unlock(CFG_HW_EXTI_SEMID);
}
 800730a:	bd08      	pop	{r3, pc}

0800730c <stm32_exti_get_line_src_port>:

uint32_t stm32_exti_get_line_src_port(gpio_pin_t line)
{
 800730c:	b508      	push	{r3, lr}
	return (0xF << ((linenum % 4 * 4) + 16)) | (linenum / 4);
 800730e:	f000 0303 	and.w	r3, r0, #3
 8007312:	3304      	adds	r3, #4
 8007314:	009b      	lsls	r3, r3, #2
 8007316:	220f      	movs	r2, #15
 8007318:	fa02 f303 	lsl.w	r3, r2, r3
#elif DT_HAS_COMPAT_STATUS_OKAY(st_stm32h7rs_exti)
	port = LL_SBS_GetEXTISource(ll_line);
#elif defined(CONFIG_SOC_SERIES_STM32MP2X)
	port = LL_EXTI_GetEXTISource(EXTI2, ll_line);
#else
	port = LL_SYSCFG_GetEXTISource(ll_line);
 800731c:	ea43 0090 	orr.w	r0, r3, r0, lsr #2
 8007320:	f7fb fcf2 	bl	8002d08 <LL_SYSCFG_GetEXTISource>
		port = port + STM32_PORT_GAP;
	}
#endif

	return port;
}
 8007324:	bd08      	pop	{r3, pc}

08007326 <get_pll_div_frequency>:
	return pllsrc_freq / pllm_div * plln_mul / pllout_div;
 8007326:	fbb0 f0f1 	udiv	r0, r0, r1
 800732a:	fb02 f000 	mul.w	r0, r2, r0
}
 800732e:	fbb0 f0f3 	udiv	r0, r0, r3
 8007332:	4770      	bx	lr

08007334 <get_bus_clock>:
}
 8007334:	fbb0 f0f1 	udiv	r0, r0, r1
 8007338:	4770      	bx	lr

0800733a <stm32_clock_control_on>:
	if (!IN_RANGE(pclken->bus, STM32_PERIPH_BUS_MIN, STM32_PERIPH_BUS_MAX)) {
 800733a:	880b      	ldrh	r3, [r1, #0]
 800733c:	f3c3 030b 	ubfx	r3, r3, #0, #12
 8007340:	f503 627d 	add.w	r2, r3, #4048	@ 0xfd0
 8007344:	f3c2 020b 	ubfx	r2, r2, #0, #12
 8007348:	2a78      	cmp	r2, #120	@ 0x78
 800734a:	d815      	bhi.n	8007378 <stm32_clock_control_on+0x3e>
{
 800734c:	b082      	sub	sp, #8
	sys_set_bits(DT_REG_ADDR(DT_NODELABEL(rcc)) + pclken->bus,
 800734e:	f103 4380 	add.w	r3, r3, #1073741824	@ 0x40000000
 8007352:	f503 330e 	add.w	r3, r3, #145408	@ 0x23800
 8007356:	684a      	ldr	r2, [r1, #4]
	return temp & (1U << bit);
}

static ALWAYS_INLINE void sys_set_bits(mem_addr_t addr, unsigned int mask)
{
	uint32_t temp = *(volatile uint32_t *)addr;
 8007358:	6818      	ldr	r0, [r3, #0]

	*(volatile uint32_t *)addr = temp | mask;
 800735a:	4302      	orrs	r2, r0
 800735c:	601a      	str	r2, [r3, #0]
	temp = sys_read32(DT_REG_ADDR(DT_NODELABEL(rcc)) + pclken->bus);
 800735e:	880b      	ldrh	r3, [r1, #0]
 8007360:	f3c3 030b 	ubfx	r3, r3, #0, #12
 8007364:	f103 4380 	add.w	r3, r3, #1073741824	@ 0x40000000
 8007368:	f503 330e 	add.w	r3, r3, #145408	@ 0x23800
	return *(volatile uint32_t *)addr;
 800736c:	681b      	ldr	r3, [r3, #0]
 800736e:	9301      	str	r3, [sp, #4]
	UNUSED(temp);
 8007370:	9b01      	ldr	r3, [sp, #4]
	return 0;
 8007372:	2000      	movs	r0, #0
}
 8007374:	b002      	add	sp, #8
 8007376:	4770      	bx	lr
		return -ENOTSUP;
 8007378:	f06f 0085 	mvn.w	r0, #133	@ 0x85
}
 800737c:	4770      	bx	lr

0800737e <stm32_clock_control_off>:
	if (!IN_RANGE(pclken->bus, STM32_PERIPH_BUS_MIN, STM32_PERIPH_BUS_MAX)) {
 800737e:	880b      	ldrh	r3, [r1, #0]
 8007380:	f3c3 030b 	ubfx	r3, r3, #0, #12
 8007384:	f503 627d 	add.w	r2, r3, #4048	@ 0xfd0
 8007388:	f3c2 020b 	ubfx	r2, r2, #0, #12
 800738c:	2a78      	cmp	r2, #120	@ 0x78
 800738e:	d80a      	bhi.n	80073a6 <stm32_clock_control_off+0x28>
	sys_clear_bits(DT_REG_ADDR(DT_NODELABEL(rcc)) + pclken->bus,
 8007390:	f103 4380 	add.w	r3, r3, #1073741824	@ 0x40000000
 8007394:	f503 330e 	add.w	r3, r3, #145408	@ 0x23800
 8007398:	6849      	ldr	r1, [r1, #4]
}

static ALWAYS_INLINE void sys_clear_bits(mem_addr_t addr, unsigned int mask)
{
	uint32_t temp = *(volatile uint32_t *)addr;
 800739a:	681a      	ldr	r2, [r3, #0]

	*(volatile uint32_t *)addr = temp & ~mask;
 800739c:	ea22 0201 	bic.w	r2, r2, r1
 80073a0:	601a      	str	r2, [r3, #0]
	return 0;
 80073a2:	2000      	movs	r0, #0
 80073a4:	4770      	bx	lr
		return -ENOTSUP;
 80073a6:	f06f 0085 	mvn.w	r0, #133	@ 0x85
}
 80073aa:	4770      	bx	lr

080073ac <stm32_clock_control_configure>:
{
 80073ac:	b570      	push	{r4, r5, r6, lr}
	uint32_t enr = pclken->enr;
 80073ae:	684c      	ldr	r4, [r1, #4]
	uint32_t shift = STM32_DT_CLKSEL_SHIFT_GET(enr);
 80073b0:	f3c4 4504 	ubfx	r5, r4, #16, #5
	err = enabled_clock(pclken->bus);
 80073b4:	8808      	ldrh	r0, [r1, #0]
 80073b6:	f3c0 000b 	ubfx	r0, r0, #0, #12
 80073ba:	f7fb fe3d 	bl	8003038 <enabled_clock>
	if (err < 0) {
 80073be:	2800      	cmp	r0, #0
 80073c0:	db15      	blt.n	80073ee <stm32_clock_control_configure+0x42>
 80073c2:	b2a6      	uxth	r6, r4
	if (pclken->enr == NO_SEL) {
 80073c4:	2cff      	cmp	r4, #255	@ 0xff
 80073c6:	d013      	beq.n	80073f0 <stm32_clock_control_configure+0x44>
	stm32_reg_modify_bits((uint32_t *)(DT_REG_ADDR(DT_NODELABEL(rcc)) + reg),
 80073c8:	f106 4280 	add.w	r2, r6, #1073741824	@ 0x40000000
 80073cc:	f502 320e 	add.w	r2, r2, #145408	@ 0x23800
			      STM32_DT_CLKSEL_MASK_GET(enr) << shift,
 80073d0:	f3c4 5141 	ubfx	r1, r4, #21, #2
 80073d4:	3101      	adds	r1, #1
 80073d6:	2301      	movs	r3, #1
 80073d8:	408b      	lsls	r3, r1
 80073da:	3b01      	subs	r3, #1
 80073dc:	40ab      	lsls	r3, r5
			      STM32_DT_CLKSEL_VAL_GET(enr) << shift);
 80073de:	0e24      	lsrs	r4, r4, #24
	stm32_reg_modify_bits((uint32_t *)(DT_REG_ADDR(DT_NODELABEL(rcc)) + reg),
 80073e0:	40ac      	lsls	r4, r5
 80073e2:	6811      	ldr	r1, [r2, #0]
 80073e4:	ea21 0303 	bic.w	r3, r1, r3
 80073e8:	431c      	orrs	r4, r3
	*(volatile uint32_t *)addr = data;
 80073ea:	6014      	str	r4, [r2, #0]
	return 0;
 80073ec:	2000      	movs	r0, #0
}
 80073ee:	bd70      	pop	{r4, r5, r6, pc}
		return 0;
 80073f0:	2000      	movs	r0, #0
 80073f2:	e7fc      	b.n	80073ee <stm32_clock_control_configure+0x42>

080073f4 <stm32_clock_control_get_status>:
{
 80073f4:	b508      	push	{r3, lr}
	if (IN_RANGE(pclken->bus, STM32_PERIPH_BUS_MIN, STM32_PERIPH_BUS_MAX)) {
 80073f6:	8808      	ldrh	r0, [r1, #0]
 80073f8:	f3c0 000b 	ubfx	r0, r0, #0, #12
 80073fc:	f500 637d 	add.w	r3, r0, #4048	@ 0xfd0
 8007400:	f3c3 030b 	ubfx	r3, r3, #0, #12
 8007404:	2b78      	cmp	r3, #120	@ 0x78
 8007406:	d80b      	bhi.n	8007420 <stm32_clock_control_get_status+0x2c>
		if ((sys_read32(DT_REG_ADDR(DT_NODELABEL(rcc)) + pclken->bus) & pclken->enr)
 8007408:	f100 4080 	add.w	r0, r0, #1073741824	@ 0x40000000
 800740c:	f500 300e 	add.w	r0, r0, #145408	@ 0x23800
	return *(volatile uint32_t *)addr;
 8007410:	6802      	ldr	r2, [r0, #0]
 8007412:	684b      	ldr	r3, [r1, #4]
 8007414:	4393      	bics	r3, r2
 8007416:	d001      	beq.n	800741c <stm32_clock_control_get_status+0x28>
			return CLOCK_CONTROL_STATUS_OFF;
 8007418:	2001      	movs	r0, #1
}
 800741a:	bd08      	pop	{r3, pc}
			return CLOCK_CONTROL_STATUS_ON;
 800741c:	2002      	movs	r0, #2
 800741e:	e7fc      	b.n	800741a <stm32_clock_control_get_status+0x26>
		if (enabled_clock(pclken->bus) == 0) {
 8007420:	f7fb fe0a 	bl	8003038 <enabled_clock>
 8007424:	b108      	cbz	r0, 800742a <stm32_clock_control_get_status+0x36>
			return CLOCK_CONTROL_STATUS_OFF;
 8007426:	2001      	movs	r0, #1
 8007428:	e7f7      	b.n	800741a <stm32_clock_control_get_status+0x26>
			return CLOCK_CONTROL_STATUS_ON;
 800742a:	2002      	movs	r0, #2
 800742c:	e7f5      	b.n	800741a <stm32_clock_control_get_status+0x26>

0800742e <config_regulator_voltage>:
{
	stm32_hse_css_callback();
}
#endif /* STM32_HSE_CSS */

void __weak config_regulator_voltage(uint32_t hclk_freq) {}
 800742e:	4770      	bx	lr

08007430 <get_pll_source>:
}
 8007430:	f44f 0080 	mov.w	r0, #4194304	@ 0x400000
 8007434:	4770      	bx	lr

08007436 <sys_slist_remove>:
 */
static inline void sys_slist_remove(sys_slist_t *list,
				    sys_snode_t *prev_node,
				    sys_snode_t *node);

Z_GENLIST_REMOVE(slist, snode)
 8007436:	460b      	mov	r3, r1
 8007438:	b139      	cbz	r1, 800744a <sys_slist_remove+0x14>
	return node->next;
 800743a:	6811      	ldr	r1, [r2, #0]
	parent->next = child;
 800743c:	6019      	str	r1, [r3, #0]
	return list->tail;
 800743e:	6841      	ldr	r1, [r0, #4]
Z_GENLIST_REMOVE(slist, snode)
 8007440:	428a      	cmp	r2, r1
 8007442:	d009      	beq.n	8007458 <sys_slist_remove+0x22>
	parent->next = child;
 8007444:	2300      	movs	r3, #0
 8007446:	6013      	str	r3, [r2, #0]
Z_GENLIST_REMOVE(slist, snode)
 8007448:	4770      	bx	lr
	return node->next;
 800744a:	6813      	ldr	r3, [r2, #0]
	list->head = node;
 800744c:	6003      	str	r3, [r0, #0]
	return list->tail;
 800744e:	6841      	ldr	r1, [r0, #4]
Z_GENLIST_REMOVE(slist, snode)
 8007450:	428a      	cmp	r2, r1
 8007452:	d1f7      	bne.n	8007444 <sys_slist_remove+0xe>
	list->tail = node;
 8007454:	6043      	str	r3, [r0, #4]
}
 8007456:	e7f5      	b.n	8007444 <sys_slist_remove+0xe>
	list->tail = node;
 8007458:	6043      	str	r3, [r0, #4]
}
 800745a:	e7f3      	b.n	8007444 <sys_slist_remove+0xe>

0800745c <sys_slist_find_and_remove>:
static inline size_t sys_slist_len(const sys_slist_t *list);

Z_GENLIST_LEN(slist, snode)

/** @} */
Z_GENLIST_FIND_AND_REMOVE(slist, snode)
 800745c:	b508      	push	{r3, lr}
 800745e:	460a      	mov	r2, r1
	return list->head;
 8007460:	6803      	ldr	r3, [r0, #0]
Z_GENLIST_FIND_AND_REMOVE(slist, snode)
 8007462:	2100      	movs	r1, #0
 8007464:	e001      	b.n	800746a <sys_slist_find_and_remove+0xe>
 8007466:	4619      	mov	r1, r3
 8007468:	681b      	ldr	r3, [r3, #0]
 800746a:	b12b      	cbz	r3, 8007478 <sys_slist_find_and_remove+0x1c>
 800746c:	4293      	cmp	r3, r2
 800746e:	d1fa      	bne.n	8007466 <sys_slist_find_and_remove+0xa>
 8007470:	f7ff ffe1 	bl	8007436 <sys_slist_remove>
 8007474:	2001      	movs	r0, #1
 8007476:	e000      	b.n	800747a <sys_slist_find_and_remove+0x1e>
 8007478:	2000      	movs	r0, #0
 800747a:	bd08      	pop	{r3, pc}

0800747c <gpio_manage_callback>:
 * @return 0 on success, negative errno otherwise.
 */
static inline int gpio_manage_callback(sys_slist_t *callbacks,
					struct gpio_callback *callback,
					bool set)
{
 800747c:	b570      	push	{r4, r5, r6, lr}
 800747e:	4604      	mov	r4, r0
 8007480:	460d      	mov	r5, r1
 8007482:	4616      	mov	r6, r2
	return list->head;
 8007484:	6803      	ldr	r3, [r0, #0]
	__ASSERT(callback, "No callback!");
	__ASSERT(callback->handler, "No callback handler!");

	if (!sys_slist_is_empty(callbacks)) {
 8007486:	b133      	cbz	r3, 8007496 <gpio_manage_callback+0x1a>
		if (!sys_slist_find_and_remove(callbacks, &callback->node)) {
 8007488:	f7ff ffe8 	bl	800745c <sys_slist_find_and_remove>
 800748c:	b970      	cbnz	r0, 80074ac <gpio_manage_callback+0x30>
			if (!set) {
 800748e:	b91e      	cbnz	r6, 8007498 <gpio_manage_callback+0x1c>
				return -EINVAL;
 8007490:	f06f 0015 	mvn.w	r0, #21
 8007494:	e006      	b.n	80074a4 <gpio_manage_callback+0x28>
			}
		}
	} else if (!set) {
 8007496:	b132      	cbz	r2, 80074a6 <gpio_manage_callback+0x2a>
 8007498:	6823      	ldr	r3, [r4, #0]
	parent->next = child;
 800749a:	602b      	str	r3, [r5, #0]
	list->head = node;
 800749c:	6025      	str	r5, [r4, #0]
	return list->tail;
 800749e:	6863      	ldr	r3, [r4, #4]
Z_GENLIST_PREPEND(slist, snode)
 80074a0:	b143      	cbz	r3, 80074b4 <gpio_manage_callback+0x38>

	if (set) {
		sys_slist_prepend(callbacks, &callback->node);
	}

	return 0;
 80074a2:	2000      	movs	r0, #0
}
 80074a4:	bd70      	pop	{r4, r5, r6, pc}
		return -EINVAL;
 80074a6:	f06f 0015 	mvn.w	r0, #21
 80074aa:	e7fb      	b.n	80074a4 <gpio_manage_callback+0x28>
	if (set) {
 80074ac:	2e00      	cmp	r6, #0
 80074ae:	d1f3      	bne.n	8007498 <gpio_manage_callback+0x1c>
	return 0;
 80074b0:	2000      	movs	r0, #0
 80074b2:	e7f7      	b.n	80074a4 <gpio_manage_callback+0x28>
	list->tail = node;
 80074b4:	6065      	str	r5, [r4, #4]
 80074b6:	2000      	movs	r0, #0
}
 80074b8:	e7f4      	b.n	80074a4 <gpio_manage_callback+0x28>

080074ba <gpio_fire_callbacks>:
 * @param pins The actual pin mask that triggered the interrupt
 */
static inline void gpio_fire_callbacks(sys_slist_t *list,
					const struct device *port,
					uint32_t pins)
{
 80074ba:	b570      	push	{r4, r5, r6, lr}
 80074bc:	460e      	mov	r6, r1
 80074be:	4615      	mov	r5, r2
	return list->head;
 80074c0:	6801      	ldr	r1, [r0, #0]
	struct gpio_callback *cb, *tmp;

	sys_port_trace_gpio_fire_callbacks_enter(list, port, pins);

	SYS_SLIST_FOR_EACH_CONTAINER_SAFE(list, cb, tmp, node) {
 80074c2:	b121      	cbz	r1, 80074ce <gpio_fire_callbacks+0x14>
	return node->next;
 80074c4:	680c      	ldr	r4, [r1, #0]
 80074c6:	b13c      	cbz	r4, 80074d8 <gpio_fire_callbacks+0x1e>
Z_GENLIST_PEEK_NEXT(slist, snode)
 80074c8:	b931      	cbnz	r1, 80074d8 <gpio_fire_callbacks+0x1e>
 80074ca:	460c      	mov	r4, r1
 80074cc:	e004      	b.n	80074d8 <gpio_fire_callbacks+0x1e>
 80074ce:	460c      	mov	r4, r1
 80074d0:	e002      	b.n	80074d8 <gpio_fire_callbacks+0x1e>
 80074d2:	4623      	mov	r3, r4
 80074d4:	4621      	mov	r1, r4
 80074d6:	461c      	mov	r4, r3
 80074d8:	b171      	cbz	r1, 80074f8 <gpio_fire_callbacks+0x3e>
		if (cb->pin_mask & pins) {
 80074da:	688a      	ldr	r2, [r1, #8]
 80074dc:	402a      	ands	r2, r5
 80074de:	d002      	beq.n	80074e6 <gpio_fire_callbacks+0x2c>
			__ASSERT(cb->handler, "No callback handler!");

			cb->handler(port, cb, cb->pin_mask & pins);
 80074e0:	684b      	ldr	r3, [r1, #4]
 80074e2:	4630      	mov	r0, r6
 80074e4:	4798      	blx	r3
	SYS_SLIST_FOR_EACH_CONTAINER_SAFE(list, cb, tmp, node) {
 80074e6:	2c00      	cmp	r4, #0
 80074e8:	d0f3      	beq.n	80074d2 <gpio_fire_callbacks+0x18>
	return node->next;
 80074ea:	6823      	ldr	r3, [r4, #0]
 80074ec:	2b00      	cmp	r3, #0
 80074ee:	d0f1      	beq.n	80074d4 <gpio_fire_callbacks+0x1a>
Z_GENLIST_PEEK_NEXT(slist, snode)
 80074f0:	2c00      	cmp	r4, #0
 80074f2:	d1ef      	bne.n	80074d4 <gpio_fire_callbacks+0x1a>
 80074f4:	4623      	mov	r3, r4
 80074f6:	e7ed      	b.n	80074d4 <gpio_fire_callbacks+0x1a>
			sys_port_trace_gpio_fire_callback(port, cb);
		}
	}
}
 80074f8:	bd70      	pop	{r4, r5, r6, pc}

080074fa <gpio_stm32_isr>:
{
 80074fa:	b508      	push	{r3, lr}
 80074fc:	4602      	mov	r2, r0
	struct gpio_stm32_data *data = dev->data;
 80074fe:	6908      	ldr	r0, [r1, #16]
	gpio_fire_callbacks(&data->cb, dev, pin);
 8007500:	3008      	adds	r0, #8
 8007502:	f7ff ffda 	bl	80074ba <gpio_fire_callbacks>
}
 8007506:	bd08      	pop	{r3, pc}

08007508 <gpio_stm32_flags_to_conf>:
	if ((flags & GPIO_OUTPUT) != 0) {
 8007508:	f410 3f00 	tst.w	r0, #131072	@ 0x20000
 800750c:	d014      	beq.n	8007538 <gpio_stm32_flags_to_conf+0x30>
		if ((flags & GPIO_SINGLE_ENDED) != 0) {
 800750e:	f010 0f02 	tst.w	r0, #2
 8007512:	d004      	beq.n	800751e <gpio_stm32_flags_to_conf+0x16>
			if (flags & GPIO_LINE_OPEN_DRAIN) {
 8007514:	f010 0f04 	tst.w	r0, #4
 8007518:	d034      	beq.n	8007584 <gpio_stm32_flags_to_conf+0x7c>
				cfg |= STM32_PINCFG_OPEN_DRAIN;
 800751a:	2350      	movs	r3, #80	@ 0x50
 800751c:	e000      	b.n	8007520 <gpio_stm32_flags_to_conf+0x18>
			cfg |= STM32_PINCFG_PUSH_PULL;
 800751e:	2310      	movs	r3, #16
		if ((flags & GPIO_PULL_UP) != 0) {
 8007520:	f010 0f10 	tst.w	r0, #16
 8007524:	d002      	beq.n	800752c <gpio_stm32_flags_to_conf+0x24>
			cfg |= STM32_PINCFG_PULL_UP;
 8007526:	f443 7300 	orr.w	r3, r3, #512	@ 0x200
 800752a:	e012      	b.n	8007552 <gpio_stm32_flags_to_conf+0x4a>
		} else if ((flags & GPIO_PULL_DOWN) != 0) {
 800752c:	f010 0f20 	tst.w	r0, #32
 8007530:	d00f      	beq.n	8007552 <gpio_stm32_flags_to_conf+0x4a>
			cfg |= STM32_PINCFG_PULL_DOWN;
 8007532:	f443 6380 	orr.w	r3, r3, #1024	@ 0x400
 8007536:	e00c      	b.n	8007552 <gpio_stm32_flags_to_conf+0x4a>
	} else if  ((flags & GPIO_INPUT) != 0) {
 8007538:	f410 3f80 	tst.w	r0, #65536	@ 0x10000
 800753c:	d008      	beq.n	8007550 <gpio_stm32_flags_to_conf+0x48>
		if ((flags & GPIO_PULL_UP) != 0) {
 800753e:	f010 0f10 	tst.w	r0, #16
 8007542:	d114      	bne.n	800756e <gpio_stm32_flags_to_conf+0x66>
		} else if ((flags & GPIO_PULL_DOWN) != 0) {
 8007544:	f010 0320 	ands.w	r3, r0, #32
 8007548:	d003      	beq.n	8007552 <gpio_stm32_flags_to_conf+0x4a>
			cfg |= STM32_PINCFG_PULL_DOWN;
 800754a:	f44f 6380 	mov.w	r3, #1024	@ 0x400
 800754e:	e000      	b.n	8007552 <gpio_stm32_flags_to_conf+0x4a>
		cfg = STM32_PINCFG_MODE_ANALOG;
 8007550:	2330      	movs	r3, #48	@ 0x30
	switch (flags & (STM32_GPIO_SPEED_MASK << STM32_GPIO_SPEED_SHIFT)) {
 8007552:	f400 60c0 	and.w	r0, r0, #1536	@ 0x600
 8007556:	f5b0 6f80 	cmp.w	r0, #1024	@ 0x400
 800755a:	d010      	beq.n	800757e <gpio_stm32_flags_to_conf+0x76>
 800755c:	f5b0 6fc0 	cmp.w	r0, #1536	@ 0x600
 8007560:	d008      	beq.n	8007574 <gpio_stm32_flags_to_conf+0x6c>
 8007562:	f5b0 7f00 	cmp.w	r0, #512	@ 0x200
 8007566:	d107      	bne.n	8007578 <gpio_stm32_flags_to_conf+0x70>
		cfg |= STM32_OSPEEDR_MEDIUM_SPEED;
 8007568:	f043 0380 	orr.w	r3, r3, #128	@ 0x80
		break;
 800756c:	e004      	b.n	8007578 <gpio_stm32_flags_to_conf+0x70>
			cfg |= STM32_PINCFG_PULL_UP;
 800756e:	f44f 7300 	mov.w	r3, #512	@ 0x200
 8007572:	e7ee      	b.n	8007552 <gpio_stm32_flags_to_conf+0x4a>
		cfg |= STM32_OSPEEDR_VERY_HIGH_SPEED;
 8007574:	f443 73c0 	orr.w	r3, r3, #384	@ 0x180
	*pincfg = cfg;
 8007578:	600b      	str	r3, [r1, #0]
	return 0;
 800757a:	2000      	movs	r0, #0
 800757c:	4770      	bx	lr
		cfg |= STM32_OSPEEDR_HIGH_SPEED;
 800757e:	f443 7380 	orr.w	r3, r3, #256	@ 0x100
		break;
 8007582:	e7f9      	b.n	8007578 <gpio_stm32_flags_to_conf+0x70>
				return -ENOTSUP;
 8007584:	f06f 0085 	mvn.w	r0, #133	@ 0x85
}
 8007588:	4770      	bx	lr

0800758a <gpio_stm32_port_get_raw>:
	const struct gpio_stm32_config *cfg = dev->config;
 800758a:	6843      	ldr	r3, [r0, #4]
	GPIO_TypeDef *gpio = (GPIO_TypeDef *)cfg->base;
 800758c:	685b      	ldr	r3, [r3, #4]
  * @param  GPIOx GPIO Port
  * @retval Input data register value of port
  */
__STATIC_INLINE uint32_t LL_GPIO_ReadInputPort(GPIO_TypeDef *GPIOx)
{
  return (uint32_t)(READ_REG(GPIOx->IDR));
 800758e:	691b      	ldr	r3, [r3, #16]
	*value = LL_GPIO_ReadInputPort(gpio);
 8007590:	600b      	str	r3, [r1, #0]
}
 8007592:	2000      	movs	r0, #0
 8007594:	4770      	bx	lr

08007596 <gpio_stm32_port_set_masked_raw>:
	const struct gpio_stm32_config *cfg = dev->config;
 8007596:	6843      	ldr	r3, [r0, #4]
	GPIO_TypeDef *gpio = (GPIO_TypeDef *)cfg->base;
 8007598:	685b      	ldr	r3, [r3, #4]
  * @param  GPIOx GPIO Port
  * @retval Output data register value of port
  */
__STATIC_INLINE uint32_t LL_GPIO_ReadOutputPort(GPIO_TypeDef *GPIOx)
{
  return (uint32_t)(READ_REG(GPIOx->ODR));
 800759a:	6958      	ldr	r0, [r3, #20]
	LL_GPIO_WriteOutputPort(gpio, (port_value & ~mask) | (mask & value));
 800759c:	4042      	eors	r2, r0
 800759e:	400a      	ands	r2, r1
 80075a0:	4042      	eors	r2, r0
  WRITE_REG(GPIOx->ODR, PortValue);
 80075a2:	615a      	str	r2, [r3, #20]
}
 80075a4:	2000      	movs	r0, #0
 80075a6:	4770      	bx	lr

080075a8 <gpio_stm32_port_set_bits_raw>:
	const struct gpio_stm32_config *cfg = dev->config;
 80075a8:	6843      	ldr	r3, [r0, #4]
	GPIO_TypeDef *gpio = (GPIO_TypeDef *)cfg->base;
 80075aa:	685b      	ldr	r3, [r3, #4]
	*(volatile uint32_t *)addr = data;
 80075ac:	6199      	str	r1, [r3, #24]
}
 80075ae:	2000      	movs	r0, #0
 80075b0:	4770      	bx	lr

080075b2 <gpio_stm32_port_clear_bits_raw>:
	const struct gpio_stm32_config *cfg = dev->config;
 80075b2:	6843      	ldr	r3, [r0, #4]
	GPIO_TypeDef *gpio = (GPIO_TypeDef *)cfg->base;
 80075b4:	685b      	ldr	r3, [r3, #4]
  *         @arg @ref LL_GPIO_PIN_ALL
  * @retval None
  */
__STATIC_INLINE void LL_GPIO_ResetOutputPin(GPIO_TypeDef *GPIOx, uint32_t PinMask)
{
  WRITE_REG(GPIOx->BSRR, (PinMask << 16));
 80075b6:	0409      	lsls	r1, r1, #16
 80075b8:	6199      	str	r1, [r3, #24]
}
 80075ba:	2000      	movs	r0, #0
 80075bc:	4770      	bx	lr

080075be <gpio_stm32_port_toggle_bits>:
	const struct gpio_stm32_config *cfg = dev->config;
 80075be:	6843      	ldr	r3, [r0, #4]
	GPIO_TypeDef *gpio = (GPIO_TypeDef *)cfg->base;
 80075c0:	685b      	ldr	r3, [r3, #4]
	return *(volatile uint32_t *)addr;
 80075c2:	695a      	ldr	r2, [r3, #20]
	stm32_reg_write(&gpio->ODR, stm32_reg_read(&gpio->ODR) ^ pins);
 80075c4:	4051      	eors	r1, r2
	*(volatile uint32_t *)addr = data;
 80075c6:	6159      	str	r1, [r3, #20]
}
 80075c8:	2000      	movs	r0, #0
 80075ca:	4770      	bx	lr

080075cc <gpio_stm32_manage_callback>:

static int gpio_stm32_manage_callback(const struct device *dev,
				      struct gpio_callback *callback,
				      bool set)
{
 80075cc:	b508      	push	{r3, lr}
	struct gpio_stm32_data *data = dev->data;
 80075ce:	6900      	ldr	r0, [r0, #16]

	return gpio_manage_callback(&data->cb, callback, set);
 80075d0:	3008      	adds	r0, #8
 80075d2:	f7ff ff53 	bl	800747c <gpio_manage_callback>
}
 80075d6:	bd08      	pop	{r3, pc}

080075d8 <gpio_stm32_disable_pin_irqs>:
{
 80075d8:	b538      	push	{r3, r4, r5, lr}
 80075da:	4604      	mov	r4, r0
 80075dc:	460d      	mov	r5, r1
	if (port != stm32_exti_get_line_src_port(pin)) {
 80075de:	4608      	mov	r0, r1
 80075e0:	f7ff fe94 	bl	800730c <stm32_exti_get_line_src_port>
 80075e4:	42a0      	cmp	r0, r4
 80075e6:	d000      	beq.n	80075ea <gpio_stm32_disable_pin_irqs+0x12>
}
 80075e8:	bd38      	pop	{r3, r4, r5, pc}
	stm32_gpio_irq_line_t irq_line = stm32_gpio_intc_get_pin_irq_line(port, pin);
 80075ea:	4629      	mov	r1, r5
 80075ec:	4620      	mov	r0, r4
 80075ee:	f7ff fe7a 	bl	80072e6 <stm32_gpio_intc_get_pin_irq_line>
 80075f2:	4604      	mov	r4, r0
	stm32_gpio_intc_disable_line(irq_line);
 80075f4:	f7fb fbb4 	bl	8002d60 <stm32_gpio_intc_disable_line>
	stm32_gpio_intc_remove_irq_callback(irq_line);
 80075f8:	4620      	mov	r0, r4
 80075fa:	f7fb fc0b 	bl	8002e14 <stm32_gpio_intc_remove_irq_callback>
	stm32_gpio_intc_select_line_trigger(irq_line, STM32_GPIO_IRQ_TRIG_NONE);
 80075fe:	2100      	movs	r1, #0
 8007600:	4620      	mov	r0, r4
 8007602:	f7fb fbb5 	bl	8002d70 <stm32_gpio_intc_select_line_trigger>
 8007606:	e7ef      	b.n	80075e8 <gpio_stm32_disable_pin_irqs+0x10>

08007608 <gpio_stm32_config>:
{
 8007608:	e92d 43f0 	stmdb	sp!, {r4, r5, r6, r7, r8, r9, lr}
 800760c:	b083      	sub	sp, #12
 800760e:	4605      	mov	r5, r0
 8007610:	460e      	mov	r6, r1
 8007612:	4614      	mov	r4, r2
	struct gpio_stm32_data *data = dev->data;
 8007614:	f8d0 8010 	ldr.w	r8, [r0, #16]
	err = gpio_stm32_flags_to_conf(flags, &pincfg);
 8007618:	a901      	add	r1, sp, #4
 800761a:	4610      	mov	r0, r2
 800761c:	f7ff ff74 	bl	8007508 <gpio_stm32_flags_to_conf>
	if (err != 0) {
 8007620:	4607      	mov	r7, r0
 8007622:	bb68      	cbnz	r0, 8007680 <gpio_stm32_config+0x78>
	if ((((flags & GPIO_OUTPUT) != 0) || ((flags & GPIO_INPUT) != 0)) &&
 8007624:	f414 3940 	ands.w	r9, r4, #196608	@ 0x30000
 8007628:	d014      	beq.n	8007654 <gpio_stm32_config+0x4c>
	    !(data->pin_has_clock_enabled & BIT(pin))) {
 800762a:	f8d8 3004 	ldr.w	r3, [r8, #4]
 800762e:	fa23 f206 	lsr.w	r2, r3, r6
	if ((((flags & GPIO_OUTPUT) != 0) || ((flags & GPIO_INPUT) != 0)) &&
 8007632:	f012 0f01 	tst.w	r2, #1
 8007636:	d104      	bne.n	8007642 <gpio_stm32_config+0x3a>
		data->pin_has_clock_enabled |= BIT(pin);
 8007638:	2201      	movs	r2, #1
 800763a:	40b2      	lsls	r2, r6
 800763c:	4313      	orrs	r3, r2
 800763e:	f8c8 3004 	str.w	r3, [r8, #4]
	if ((flags & GPIO_OUTPUT) != 0) {
 8007642:	f414 3f00 	tst.w	r4, #131072	@ 0x20000
 8007646:	d005      	beq.n	8007654 <gpio_stm32_config+0x4c>
		if ((flags & GPIO_OUTPUT_INIT_HIGH) != 0) {
 8007648:	f414 2f00 	tst.w	r4, #524288	@ 0x80000
 800764c:	d11c      	bne.n	8007688 <gpio_stm32_config+0x80>
		} else if ((flags & GPIO_OUTPUT_INIT_LOW) != 0) {
 800764e:	f414 2f80 	tst.w	r4, #262144	@ 0x40000
 8007652:	d11f      	bne.n	8007694 <gpio_stm32_config+0x8c>
	stm32_gpioport_configure_pin(dev, pin, pincfg, 0);
 8007654:	2300      	movs	r3, #0
 8007656:	9a01      	ldr	r2, [sp, #4]
 8007658:	4631      	mov	r1, r6
 800765a:	4628      	mov	r0, r5
 800765c:	f7ff fa4c 	bl	8006af8 <stm32_gpioport_configure_pin>
	if (((flags & GPIO_OUTPUT) == 0) && ((flags & GPIO_INPUT) == 0) &&
 8007660:	f1b9 0f00 	cmp.w	r9, #0
 8007664:	d10c      	bne.n	8007680 <gpio_stm32_config+0x78>
	    (data->pin_has_clock_enabled & BIT(pin))) {
 8007666:	f8d8 3004 	ldr.w	r3, [r8, #4]
	if (((flags & GPIO_OUTPUT) == 0) && ((flags & GPIO_INPUT) == 0) &&
 800766a:	fa23 f206 	lsr.w	r2, r3, r6
 800766e:	f012 0f01 	tst.w	r2, #1
 8007672:	d005      	beq.n	8007680 <gpio_stm32_config+0x78>
		data->pin_has_clock_enabled &= ~BIT(pin);
 8007674:	2201      	movs	r2, #1
 8007676:	40b2      	lsls	r2, r6
 8007678:	ea23 0302 	bic.w	r3, r3, r2
 800767c:	f8c8 3004 	str.w	r3, [r8, #4]
}
 8007680:	4638      	mov	r0, r7
 8007682:	b003      	add	sp, #12
 8007684:	e8bd 83f0 	ldmia.w	sp!, {r4, r5, r6, r7, r8, r9, pc}
			gpio_stm32_port_set_bits_raw(dev, BIT(pin));
 8007688:	2101      	movs	r1, #1
 800768a:	40b1      	lsls	r1, r6
 800768c:	4628      	mov	r0, r5
 800768e:	f7ff ff8b 	bl	80075a8 <gpio_stm32_port_set_bits_raw>
 8007692:	e7df      	b.n	8007654 <gpio_stm32_config+0x4c>
			gpio_stm32_port_clear_bits_raw(dev, BIT(pin));
 8007694:	2101      	movs	r1, #1
 8007696:	40b1      	lsls	r1, r6
 8007698:	4628      	mov	r0, r5
 800769a:	f7ff ff8a 	bl	80075b2 <gpio_stm32_port_clear_bits_raw>
 800769e:	e7d9      	b.n	8007654 <gpio_stm32_config+0x4c>

080076a0 <pinctrl_lookup_state>:

#include <zephyr/drivers/pinctrl.h>

int pinctrl_lookup_state(const struct pinctrl_dev_config *config, uint8_t id,
			 const struct pinctrl_state **state)
{
 80076a0:	b500      	push	{lr}
	*state = &config->states[0];
 80076a2:	6803      	ldr	r3, [r0, #0]
 80076a4:	6013      	str	r3, [r2, #0]
	while (*state < &config->states[config->state_cnt]) {
 80076a6:	e001      	b.n	80076ac <pinctrl_lookup_state+0xc>
		if (id == (*state)->id) {
			return 0;
		}

		(*state)++;
 80076a8:	3308      	adds	r3, #8
 80076aa:	6013      	str	r3, [r2, #0]
	while (*state < &config->states[config->state_cnt]) {
 80076ac:	6813      	ldr	r3, [r2, #0]
 80076ae:	f890 c004 	ldrb.w	ip, [r0, #4]
 80076b2:	f8d0 e000 	ldr.w	lr, [r0]
 80076b6:	eb0e 0ccc 	add.w	ip, lr, ip, lsl #3
 80076ba:	4563      	cmp	r3, ip
 80076bc:	d205      	bcs.n	80076ca <pinctrl_lookup_state+0x2a>
		if (id == (*state)->id) {
 80076be:	f893 c005 	ldrb.w	ip, [r3, #5]
 80076c2:	458c      	cmp	ip, r1
 80076c4:	d1f0      	bne.n	80076a8 <pinctrl_lookup_state+0x8>
			return 0;
 80076c6:	2000      	movs	r0, #0
 80076c8:	e001      	b.n	80076ce <pinctrl_lookup_state+0x2e>
	}

	return -ENOENT;
 80076ca:	f06f 0001 	mvn.w	r0, #1
}
 80076ce:	f85d fb04 	ldr.w	pc, [sp], #4

080076d2 <pinctrl_configure_pins>:
#define IS_GPIO_OUT STM32_GPIO
#endif

int pinctrl_configure_pins(const pinctrl_soc_pin_t *pins, uint8_t pin_cnt,
			   uintptr_t reg)
{
 80076d2:	e92d 4ff8 	stmdb	sp!, {r3, r4, r5, r6, r7, r8, r9, sl, fp, lr}
 80076d6:	4680      	mov	r8, r0
 80076d8:	468a      	mov	sl, r1
	if (ret < 0) {
		return ret;
	}
#endif /* DT_HAS_COMPAT_STATUS_OKAY(st_stm32f1_pinctrl) */

	for (uint8_t i = 0U; i < pin_cnt; i++) {
 80076da:	2400      	movs	r4, #0
	uint32_t pin_cfg = 0;
 80076dc:	4626      	mov	r6, r4
	for (uint8_t i = 0U; i < pin_cnt; i++) {
 80076de:	e01a      	b.n	8007716 <pinctrl_configure_pins+0x44>
			__ASSERT_NO_MSG(STM32_DT_PINMUX_FUNC(mux));
		}
#else
		if (STM32_DT_PINMUX_FUNC(mux) < STM32_ANALOG) {
			pin_cfg = pins[i].pincfg | STM32_MODER_ALT_MODE;
		} else if (STM32_DT_PINMUX_FUNC(mux) == STM32_ANALOG) {
 80076e0:	f005 021f 	and.w	r2, r5, #31
 80076e4:	2a10      	cmp	r2, #16
 80076e6:	d025      	beq.n	8007734 <pinctrl_configure_pins+0x62>
			pin_cfg = STM32_MODER_ANALOG_MODE;
		} else if (STM32_DT_PINMUX_FUNC(mux) == STM32_GPIO) {
 80076e8:	2a11      	cmp	r2, #17
 80076ea:	d021      	beq.n	8007730 <pinctrl_configure_pins+0x5e>
		} else {
			/* Not supported */
			__ASSERT_NO_MSG(STM32_DT_PINMUX_FUNC(mux));
		}
#endif /* DT_HAS_COMPAT_STATUS_OKAY(st_stm32f1_pinctrl) */
		port = stm32_gpioport_get(STM32_DT_PINMUX_PORT(mux));
 80076ec:	f3c5 2044 	ubfx	r0, r5, #9, #5
 80076f0:	f7f9 fcd0 	bl	8001094 <stm32_gpioport_get>
		if (port == NULL) {
 80076f4:	4681      	mov	r9, r0
 80076f6:	b398      	cbz	r0, 8007760 <pinctrl_configure_pins+0x8e>
		ret = pm_device_runtime_get(port);
		if (ret < 0) {
			return ret;
		}

		line = STM32_DT_PINMUX_LINE(mux);
 80076f8:	f3c5 1b43 	ubfx	fp, r5, #5, #4
		func = STM32_DT_PINMUX_FUNC(mux);
 80076fc:	f005 071f 	and.w	r7, r5, #31

		cfg_ret = stm32_gpioport_configure_pin(port, line, pin_cfg, func);
 8007700:	463b      	mov	r3, r7
 8007702:	4632      	mov	r2, r6
 8007704:	4659      	mov	r1, fp
 8007706:	f7ff f9f7 	bl	8006af8 <stm32_gpioport_configure_pin>

		if (cfg_ret >= 0 && func == IS_GPIO_OUT) {
 800770a:	2800      	cmp	r0, #0
 800770c:	db26      	blt.n	800775c <pinctrl_configure_pins+0x8a>
 800770e:	2f11      	cmp	r7, #17
 8007710:	d012      	beq.n	8007738 <pinctrl_configure_pins+0x66>
	for (uint8_t i = 0U; i < pin_cnt; i++) {
 8007712:	3401      	adds	r4, #1
 8007714:	b2e4      	uxtb	r4, r4
 8007716:	4554      	cmp	r4, sl
 8007718:	d21f      	bcs.n	800775a <pinctrl_configure_pins+0x88>
		mux = pins[i].pinmux;
 800771a:	eb08 03c4 	add.w	r3, r8, r4, lsl #3
 800771e:	f858 5034 	ldr.w	r5, [r8, r4, lsl #3]
		if (STM32_DT_PINMUX_FUNC(mux) < STM32_ANALOG) {
 8007722:	f015 0f10 	tst.w	r5, #16
 8007726:	d1db      	bne.n	80076e0 <pinctrl_configure_pins+0xe>
			pin_cfg = pins[i].pincfg | STM32_MODER_ALT_MODE;
 8007728:	685e      	ldr	r6, [r3, #4]
 800772a:	f046 0620 	orr.w	r6, r6, #32
 800772e:	e7dd      	b.n	80076ec <pinctrl_configure_pins+0x1a>
			pin_cfg = pins[i].pincfg;
 8007730:	685e      	ldr	r6, [r3, #4]
 8007732:	e7db      	b.n	80076ec <pinctrl_configure_pins+0x1a>
			pin_cfg = STM32_MODER_ANALOG_MODE;
 8007734:	2630      	movs	r6, #48	@ 0x30
 8007736:	e7d9      	b.n	80076ec <pinctrl_configure_pins+0x1a>
			/* Apply output level configuration */
			const struct gpio_stm32_config *cfg = port->config;
 8007738:	f8d9 3004 	ldr.w	r3, [r9, #4]
			GPIO_TypeDef *gpio = cfg->base;
 800773c:	685a      	ldr	r2, [r3, #4]
			uint32_t gpio_out = pin_cfg & (STM32_ODR_MASK << STM32_ODR_SHIFT);

			if (gpio_out == STM32_ODR_1) {
 800773e:	f416 6f00 	tst.w	r6, #2048	@ 0x800
 8007742:	d004      	beq.n	800774e <pinctrl_configure_pins+0x7c>
				stm32_reg_write(&gpio->BSRR, BIT(line));
 8007744:	2301      	movs	r3, #1
 8007746:	fa03 f30b 	lsl.w	r3, r3, fp
 800774a:	6193      	str	r3, [r2, #24]
}
 800774c:	e7e1      	b.n	8007712 <pinctrl_configure_pins+0x40>
			} else {
				/* c.f. gpio_stm32_port_clear_bits_raw() for rationale */
#ifdef CONFIG_SOC_SERIES_STM32F1X
				stm32_reg_write(&gpio->BRR, BIT(line));
#else /* CONFIG_SOC_SERIES_STM32F1X */
				LL_GPIO_ResetOutputPin(gpio, BIT(line));
 800774e:	2301      	movs	r3, #1
 8007750:	fa03 f30b 	lsl.w	r3, r3, fp
 8007754:	041b      	lsls	r3, r3, #16
 8007756:	6193      	str	r3, [r2, #24]
}
 8007758:	e7db      	b.n	8007712 <pinctrl_configure_pins+0x40>
		if (cfg_ret < 0) {
			return cfg_ret;
		}
	}

	return 0;
 800775a:	2000      	movs	r0, #0
}
 800775c:	e8bd 8ff8 	ldmia.w	sp!, {r3, r4, r5, r6, r7, r8, r9, sl, fp, pc}
			return -ENODEV;
 8007760:	f06f 0012 	mvn.w	r0, #18
 8007764:	e7fa      	b.n	800775c <pinctrl_configure_pins+0x8a>

08007766 <LL_TIM_OC_SetCompareCH1>:
  WRITE_REG(TIMx->CCR1, CompareValue);
 8007766:	6341      	str	r1, [r0, #52]	@ 0x34
}
 8007768:	4770      	bx	lr

0800776a <LL_TIM_OC_SetCompareCH2>:
  WRITE_REG(TIMx->CCR2, CompareValue);
 800776a:	6381      	str	r1, [r0, #56]	@ 0x38
}
 800776c:	4770      	bx	lr

0800776e <LL_TIM_OC_SetCompareCH3>:
  WRITE_REG(TIMx->CCR3, CompareValue);
 800776e:	63c1      	str	r1, [r0, #60]	@ 0x3c
}
 8007770:	4770      	bx	lr

08007772 <LL_TIM_OC_SetCompareCH4>:
  WRITE_REG(TIMx->CCR4, CompareValue);
 8007772:	6401      	str	r1, [r0, #64]	@ 0x40
}
 8007774:	4770      	bx	lr

08007776 <reset_line_toggle>:

extern int z_impl_reset_line_toggle(const struct device * dev, uint32_t id);

__pinned_func
static inline int reset_line_toggle(const struct device * dev, uint32_t id)
{
 8007776:	b508      	push	{r3, lr}
	const struct reset_driver_api *api = (const struct reset_driver_api *)dev->api;
 8007778:	6883      	ldr	r3, [r0, #8]
	if (api->line_toggle == NULL) {
 800777a:	68db      	ldr	r3, [r3, #12]
 800777c:	b10b      	cbz	r3, 8007782 <reset_line_toggle+0xc>
	return api->line_toggle(dev, id);
 800777e:	4798      	blx	r3
		return (int) arch_syscall_invoke2(parm0.x, parm1.x, K_SYSCALL_RESET_LINE_TOGGLE);
	}
#endif
	compiler_barrier();
	return z_impl_reset_line_toggle(dev, id);
}
 8007780:	bd08      	pop	{r3, pc}
		return -ENOSYS;
 8007782:	f06f 0057 	mvn.w	r0, #87	@ 0x57
	return z_impl_reset_line_toggle(dev, id);
 8007786:	e7fb      	b.n	8007780 <reset_line_toggle+0xa>

08007788 <get_polarity>:
	if ((flags & PWM_POLARITY_MASK) == PWM_POLARITY_NORMAL) {
 8007788:	f010 0f01 	tst.w	r0, #1
 800778c:	d001      	beq.n	8007792 <get_polarity+0xa>
	return LL_TIM_OCPOLARITY_LOW;
 800778e:	2002      	movs	r0, #2
 8007790:	4770      	bx	lr
		return LL_TIM_OCPOLARITY_HIGH;
 8007792:	2000      	movs	r0, #0
}
 8007794:	4770      	bx	lr

08007796 <ll_tim_set_trigger_output>:
  MODIFY_REG(TIMx->CR2, TIM_CR2_MMS, TimerSynchronization);
 8007796:	6843      	ldr	r3, [r0, #4]
 8007798:	f023 0370 	bic.w	r3, r3, #112	@ 0x70
 800779c:	4319      	orrs	r1, r3
 800779e:	6041      	str	r1, [r0, #4]
}
 80077a0:	4770      	bx	lr

080077a2 <pwm_stm32_get_cycles_per_sec>:
	struct pwm_stm32_data *data = dev->data;
 80077a2:	6903      	ldr	r3, [r0, #16]
	const struct pwm_stm32_config *cfg = dev->config;
 80077a4:	6841      	ldr	r1, [r0, #4]
	*cycles = (uint64_t)(data->tim_clk / (cfg->prescaler + 1));
 80077a6:	681b      	ldr	r3, [r3, #0]
 80077a8:	6849      	ldr	r1, [r1, #4]
 80077aa:	3101      	adds	r1, #1
 80077ac:	fbb3 f3f1 	udiv	r3, r3, r1
 80077b0:	2000      	movs	r0, #0
 80077b2:	6013      	str	r3, [r2, #0]
 80077b4:	6050      	str	r0, [r2, #4]
}
 80077b6:	4770      	bx	lr

080077b8 <pinctrl_apply_state>:
 * @retval -ENOENT If given state id does not exist.
 * @retval -errno Negative errno for other failures.
 */
static inline int pinctrl_apply_state(const struct pinctrl_dev_config *config,
				      uint8_t id)
{
 80077b8:	b500      	push	{lr}
 80077ba:	b083      	sub	sp, #12
	int ret;
	const struct pinctrl_state *state;

	ret = pinctrl_lookup_state(config, id, &state);
 80077bc:	aa01      	add	r2, sp, #4
 80077be:	f7ff ff6f 	bl	80076a0 <pinctrl_lookup_state>
	if (ret < 0) {
 80077c2:	2800      	cmp	r0, #0
 80077c4:	db05      	blt.n	80077d2 <pinctrl_apply_state+0x1a>
		return ret;
	}

	return pinctrl_apply_state_direct(config, state);
 80077c6:	9b01      	ldr	r3, [sp, #4]
	return pinctrl_configure_pins(state->pins, state->pin_cnt, reg);
 80077c8:	2200      	movs	r2, #0
 80077ca:	7919      	ldrb	r1, [r3, #4]
 80077cc:	6818      	ldr	r0, [r3, #0]
 80077ce:	f7ff ff80 	bl	80076d2 <pinctrl_configure_pins>
}
 80077d2:	b003      	add	sp, #12
 80077d4:	f85d fb04 	ldr.w	pc, [sp], #4

080077d8 <reset_stm32_status>:
};

static int reset_stm32_status(const struct device *dev, uint32_t id,
			      uint8_t *status)
{
	const struct reset_stm32_config *config = dev->config;
 80077d8:	6843      	ldr	r3, [r0, #4]

	*status = !!sys_test_bit(config->base + STM32_RESET_SET_OFFSET(id),
 80077da:	6818      	ldr	r0, [r3, #0]
 80077dc:	f3c1 134b 	ubfx	r3, r1, #5, #12
 80077e0:	f001 011f 	and.w	r1, r1, #31
	uint32_t temp = *(volatile uint32_t *)addr;
 80077e4:	58c3      	ldr	r3, [r0, r3]
	return temp & (1U << bit);
 80077e6:	2001      	movs	r0, #1
 80077e8:	fa00 f101 	lsl.w	r1, r0, r1
 80077ec:	400b      	ands	r3, r1
 80077ee:	3b00      	subs	r3, #0
 80077f0:	bf18      	it	ne
 80077f2:	2301      	movne	r3, #1
 80077f4:	7013      	strb	r3, [r2, #0]
				 STM32_RESET_REG_BIT(id));

	return 0;
}
 80077f6:	2000      	movs	r0, #0
 80077f8:	4770      	bx	lr

080077fa <reset_stm32_line_assert>:

static int reset_stm32_line_assert(const struct device *dev, uint32_t id)
{
 80077fa:	b410      	push	{r4}
	const struct reset_stm32_config *config = dev->config;
 80077fc:	6843      	ldr	r3, [r0, #4]

	sys_set_bit(config->base + STM32_RESET_SET_OFFSET(id),
 80077fe:	681c      	ldr	r4, [r3, #0]
 8007800:	f3c1 104b 	ubfx	r0, r1, #5, #12
 8007804:	f001 011f 	and.w	r1, r1, #31
	uint32_t temp = *(volatile uint32_t *)addr;
 8007808:	5823      	ldr	r3, [r4, r0]
	*(volatile uint32_t *)addr = temp | (1U << bit);
 800780a:	2201      	movs	r2, #1
 800780c:	408a      	lsls	r2, r1
 800780e:	4313      	orrs	r3, r2
 8007810:	5023      	str	r3, [r4, r0]
		    STM32_RESET_REG_BIT(id));

	return 0;
}
 8007812:	2000      	movs	r0, #0
 8007814:	bc10      	pop	{r4}
 8007816:	4770      	bx	lr

08007818 <reset_stm32_line_deassert>:

static int reset_stm32_line_deassert(const struct device *dev, uint32_t id)
{
 8007818:	b410      	push	{r4}
	const struct reset_stm32_config *config = dev->config;
 800781a:	6843      	ldr	r3, [r0, #4]

#if DT_INST_PROP(0, set_bit_to_deassert)
	sys_set_bit(config->base + STM32_RESET_CLR_OFFSET(id),
		    STM32_RESET_REG_BIT(id));
#else
	sys_clear_bit(config->base + STM32_RESET_SET_OFFSET(id),
 800781c:	681c      	ldr	r4, [r3, #0]
 800781e:	f3c1 104b 	ubfx	r0, r1, #5, #12
 8007822:	f001 011f 	and.w	r1, r1, #31
	uint32_t temp = *(volatile uint32_t *)addr;
 8007826:	5823      	ldr	r3, [r4, r0]
	*(volatile uint32_t *)addr = temp & ~(1U << bit);
 8007828:	2201      	movs	r2, #1
 800782a:	408a      	lsls	r2, r1
 800782c:	ea23 0302 	bic.w	r3, r3, r2
 8007830:	5023      	str	r3, [r4, r0]
		      STM32_RESET_REG_BIT(id));
#endif

	return 0;
}
 8007832:	2000      	movs	r0, #0
 8007834:	bc10      	pop	{r4}
 8007836:	4770      	bx	lr

08007838 <reset_stm32_line_toggle>:

static int reset_stm32_line_toggle(const struct device *dev, uint32_t id)
{
 8007838:	b538      	push	{r3, r4, r5, lr}
 800783a:	4604      	mov	r4, r0
 800783c:	460d      	mov	r5, r1
	reset_stm32_line_assert(dev, id);
 800783e:	f7ff ffdc 	bl	80077fa <reset_stm32_line_assert>
	reset_stm32_line_deassert(dev, id);
 8007842:	4629      	mov	r1, r5
 8007844:	4620      	mov	r0, r4
 8007846:	f7ff ffe7 	bl	8007818 <reset_stm32_line_deassert>

	return 0;
}
 800784a:	2000      	movs	r0, #0
 800784c:	bd38      	pop	{r3, r4, r5, pc}

0800784e <reset_line_toggle>:
{
 800784e:	b508      	push	{r3, lr}
	const struct reset_driver_api *api = (const struct reset_driver_api *)dev->api;
 8007850:	6883      	ldr	r3, [r0, #8]
	if (api->line_toggle == NULL) {
 8007852:	68db      	ldr	r3, [r3, #12]
 8007854:	b10b      	cbz	r3, 800785a <reset_line_toggle+0xc>
	return api->line_toggle(dev, id);
 8007856:	4798      	blx	r3
}
 8007858:	bd08      	pop	{r3, pc}
		return -ENOSYS;
 800785a:	f06f 0057 	mvn.w	r0, #87	@ 0x57
	return z_impl_reset_line_toggle(dev, id);
 800785e:	e7fb      	b.n	8007858 <reset_line_toggle+0xa>

08007860 <uart_stm32_config_get>:
	struct uart_stm32_data *data = dev->data;
 8007860:	6903      	ldr	r3, [r0, #16]
	struct uart_config *uart_cfg = data->uart_cfg;
 8007862:	681b      	ldr	r3, [r3, #0]
	cfg->baudrate = uart_cfg->baudrate;
 8007864:	681b      	ldr	r3, [r3, #0]
 8007866:	600b      	str	r3, [r1, #0]
	const struct uart_stm32_config *config = dev->config;
 8007868:	6843      	ldr	r3, [r0, #4]
	return LL_USART_GetParity(config->usart);
 800786a:	681b      	ldr	r3, [r3, #0]
  return (uint32_t)(READ_BIT(USARTx->CR1, USART_CR1_PS | USART_CR1_PCE));
 800786c:	68db      	ldr	r3, [r3, #12]
 800786e:	f403 63c0 	and.w	r3, r3, #1536	@ 0x600
	switch (parity) {
 8007872:	f5b3 6f80 	cmp.w	r3, #1024	@ 0x400
 8007876:	d004      	beq.n	8007882 <uart_stm32_config_get+0x22>
 8007878:	f5b3 6fc0 	cmp.w	r3, #1536	@ 0x600
 800787c:	d111      	bne.n	80078a2 <uart_stm32_config_get+0x42>
 800787e:	2301      	movs	r3, #1
 8007880:	e000      	b.n	8007884 <uart_stm32_config_get+0x24>
		return UART_CFG_PARITY_EVEN;
 8007882:	2302      	movs	r3, #2
	cfg->parity = uart_stm32_ll2cfg_parity(uart_stm32_get_parity(dev));
 8007884:	710b      	strb	r3, [r1, #4]
	const struct uart_stm32_config *config = dev->config;
 8007886:	6843      	ldr	r3, [r0, #4]
	return LL_USART_GetStopBitsLength(config->usart);
 8007888:	681b      	ldr	r3, [r3, #0]
  return (uint32_t)(READ_BIT(USARTx->CR2, USART_CR2_STOP));
 800788a:	691b      	ldr	r3, [r3, #16]
 800788c:	f403 5340 	and.w	r3, r3, #12288	@ 0x3000
	switch (sb) {
 8007890:	f5b3 5f80 	cmp.w	r3, #4096	@ 0x1000
 8007894:	d007      	beq.n	80078a6 <uart_stm32_config_get+0x46>
 8007896:	f5b3 5f40 	cmp.w	r3, #12288	@ 0x3000
 800789a:	d006      	beq.n	80078aa <uart_stm32_config_get+0x4a>
 800789c:	b9fb      	cbnz	r3, 80078de <uart_stm32_config_get+0x7e>
		return UART_CFG_STOP_BITS_1;
 800789e:	2301      	movs	r3, #1
 80078a0:	e004      	b.n	80078ac <uart_stm32_config_get+0x4c>
		return UART_CFG_PARITY_NONE;
 80078a2:	2300      	movs	r3, #0
 80078a4:	e7ee      	b.n	8007884 <uart_stm32_config_get+0x24>
	switch (sb) {
 80078a6:	2300      	movs	r3, #0
 80078a8:	e000      	b.n	80078ac <uart_stm32_config_get+0x4c>
		return UART_CFG_STOP_BITS_1_5;
 80078aa:	2302      	movs	r3, #2
	cfg->stop_bits = uart_stm32_ll2cfg_stopbits(
 80078ac:	714b      	strb	r3, [r1, #5]
	const struct uart_stm32_config *config = dev->config;
 80078ae:	6843      	ldr	r3, [r0, #4]
	return LL_USART_GetDataWidth(config->usart);
 80078b0:	681b      	ldr	r3, [r3, #0]
  return (uint32_t)(READ_BIT(USARTx->CR1, USART_CR1_M));
 80078b2:	68da      	ldr	r2, [r3, #12]
  return (uint32_t)(READ_BIT(USARTx->CR1, USART_CR1_PS | USART_CR1_PCE));
 80078b4:	68db      	ldr	r3, [r3, #12]
 80078b6:	f403 63c0 	and.w	r3, r3, #1536	@ 0x600
	switch (db) {
 80078ba:	f412 5f80 	tst.w	r2, #4096	@ 0x1000
 80078be:	d110      	bne.n	80078e2 <uart_stm32_config_get+0x82>
		if (p == LL_USART_PARITY_NONE) {
 80078c0:	b9a3      	cbnz	r3, 80078ec <uart_stm32_config_get+0x8c>
			return UART_CFG_DATA_BITS_8;
 80078c2:	2303      	movs	r3, #3
	cfg->data_bits = uart_stm32_ll2cfg_databits(
 80078c4:	718b      	strb	r3, [r1, #6]
	const struct uart_stm32_config *config = dev->config;
 80078c6:	6843      	ldr	r3, [r0, #4]
	return LL_USART_GetHWFlowCtrl(config->usart);
 80078c8:	681b      	ldr	r3, [r3, #0]
  return (uint32_t)(READ_BIT(USARTx->CR3, USART_CR3_RTSE | USART_CR3_CTSE));
 80078ca:	695b      	ldr	r3, [r3, #20]
 80078cc:	f403 7340 	and.w	r3, r3, #768	@ 0x300
	if (fc == LL_USART_HWCONTROL_RTS_CTS) {
 80078d0:	f5b3 7f40 	cmp.w	r3, #768	@ 0x300
 80078d4:	d00c      	beq.n	80078f0 <uart_stm32_config_get+0x90>
	return UART_CFG_FLOW_CTRL_NONE;
 80078d6:	2300      	movs	r3, #0
	cfg->flow_ctrl = uart_stm32_ll2cfg_hwctrl(
 80078d8:	71cb      	strb	r3, [r1, #7]
}
 80078da:	2000      	movs	r0, #0
 80078dc:	4770      	bx	lr
		return UART_CFG_STOP_BITS_2;
 80078de:	2303      	movs	r3, #3
 80078e0:	e7e4      	b.n	80078ac <uart_stm32_config_get+0x4c>
		if (p == LL_USART_PARITY_NONE) {
 80078e2:	b90b      	cbnz	r3, 80078e8 <uart_stm32_config_get+0x88>
			return UART_CFG_DATA_BITS_9;
 80078e4:	2304      	movs	r3, #4
 80078e6:	e7ed      	b.n	80078c4 <uart_stm32_config_get+0x64>
			return UART_CFG_DATA_BITS_8;
 80078e8:	2303      	movs	r3, #3
 80078ea:	e7eb      	b.n	80078c4 <uart_stm32_config_get+0x64>
			return UART_CFG_DATA_BITS_7;
 80078ec:	2302      	movs	r3, #2
 80078ee:	e7e9      	b.n	80078c4 <uart_stm32_config_get+0x64>
		return UART_CFG_FLOW_CTRL_RTS_CTS;
 80078f0:	2301      	movs	r3, #1
 80078f2:	e7f1      	b.n	80078d8 <uart_stm32_config_get+0x78>

080078f4 <uart_stm32_poll_in_visitor>:
{
 80078f4:	b500      	push	{lr}
 80078f6:	b083      	sub	sp, #12
	const struct uart_stm32_config *config = dev->config;
 80078f8:	6843      	ldr	r3, [r0, #4]
	USART_TypeDef *usart = config->usart;
 80078fa:	6818      	ldr	r0, [r3, #0]
  * @param  USARTx USART Instance
  * @retval State of bit (1 or 0).
  */
__STATIC_INLINE uint32_t LL_USART_IsActiveFlag_ORE(const USART_TypeDef *USARTx)
{
  return (READ_BIT(USARTx->SR, USART_SR_ORE) == (USART_SR_ORE));
 80078fc:	6803      	ldr	r3, [r0, #0]
	if (LL_USART_IsActiveFlag_ORE(usart)) {
 80078fe:	f013 0f08 	tst.w	r3, #8
 8007902:	d005      	beq.n	8007910 <uart_stm32_poll_in_visitor+0x1c>
  * @retval None
  */
__STATIC_INLINE void LL_USART_ClearFlag_ORE(USART_TypeDef *USARTx)
{
  __IO uint32_t tmpreg;
  tmpreg = USARTx->SR;
 8007904:	6803      	ldr	r3, [r0, #0]
 8007906:	9301      	str	r3, [sp, #4]
  (void) tmpreg;
 8007908:	9b01      	ldr	r3, [sp, #4]
  tmpreg = USARTx->DR;
 800790a:	6843      	ldr	r3, [r0, #4]
 800790c:	9301      	str	r3, [sp, #4]
  (void) tmpreg;
 800790e:	9b01      	ldr	r3, [sp, #4]
  return (READ_BIT(USARTx->SR, USART_SR_RXNE) == (USART_SR_RXNE));
 8007910:	6803      	ldr	r3, [r0, #0]
	if (!ll_usart_is_active_rxne(usart)) {
 8007912:	f013 0f20 	tst.w	r3, #32
 8007916:	d004      	beq.n	8007922 <uart_stm32_poll_in_visitor+0x2e>
	get_fn(usart, in);
 8007918:	4790      	blx	r2
	return 0;
 800791a:	2000      	movs	r0, #0
}
 800791c:	b003      	add	sp, #12
 800791e:	f85d fb04 	ldr.w	pc, [sp], #4
		return -1;
 8007922:	f04f 30ff 	mov.w	r0, #4294967295
 8007926:	e7f9      	b.n	800791c <uart_stm32_poll_in_visitor+0x28>

08007928 <uart_stm32_poll_out_visitor>:
{
 8007928:	b510      	push	{r4, lr}
	const struct uart_stm32_config *config = dev->config;
 800792a:	6843      	ldr	r3, [r0, #4]
	USART_TypeDef *usart = config->usart;
 800792c:	6818      	ldr	r0, [r3, #0]
  return (READ_BIT(USARTx->SR, USART_SR_TXE) == (USART_SR_TXE));
 800792e:	6803      	ldr	r3, [r0, #0]
		if (ll_usart_is_active_txe(usart)) {
 8007930:	f013 0f80 	tst.w	r3, #128	@ 0x80
 8007934:	d0fb      	beq.n	800792e <uart_stm32_poll_out_visitor+0x6>
  __ASM volatile ("MRS %0, basepri" : "=r" (result) );
 8007936:	f3ef 8411 	mrs	r4, BASEPRI
  __ASM volatile ("MSR basepri_max, %0" : : "r" (basePri) : "memory");
 800793a:	2310      	movs	r3, #16
 800793c:	f383 8812 	msr	BASEPRI_MAX, r3
 8007940:	f3bf 8f6f 	isb	sy
 8007944:	6803      	ldr	r3, [r0, #0]
			if (ll_usart_is_active_txe(usart)) {
 8007946:	f013 0f80 	tst.w	r3, #128	@ 0x80
 800794a:	d104      	bne.n	8007956 <uart_stm32_poll_out_visitor+0x2e>
  __ASM volatile ("MSR basepri, %0" : : "r" (basePri) : "memory");
 800794c:	f384 8811 	msr	BASEPRI, r4
 8007950:	f3bf 8f6f 	isb	sy
	}
	__enable_irq();
#else
#error Unknown ARM architecture
#endif /* CONFIG_ARMV6_M_ARMV8_M_BASELINE */
}
 8007954:	e7eb      	b.n	800792e <uart_stm32_poll_out_visitor+0x6>
	set_fn(usart, out);
 8007956:	4790      	blx	r2
 8007958:	f384 8811 	msr	BASEPRI, r4
 800795c:	f3bf 8f6f 	isb	sy
}
 8007960:	bd10      	pop	{r4, pc}

08007962 <poll_in_u8>:
  * @param  USARTx USART Instance
  * @retval Value between Min_Data=0x00 and Max_Data=0xFF
  */
__STATIC_INLINE uint8_t LL_USART_ReceiveData8(const USART_TypeDef *USARTx)
{
  return (uint8_t)(READ_BIT(USARTx->DR, USART_DR_DR));
 8007962:	6843      	ldr	r3, [r0, #4]
	*((unsigned char *)in) = (unsigned char)LL_USART_ReceiveData8(usart);
 8007964:	700b      	strb	r3, [r1, #0]
}
 8007966:	4770      	bx	lr

08007968 <poll_out_u8>:
	LL_USART_TransmitData8(usart, (uint8_t)out);
 8007968:	b2c9      	uxtb	r1, r1
  * @param  Value between Min_Data=0x00 and Max_Data=0xFF
  * @retval None
  */
__STATIC_INLINE void LL_USART_TransmitData8(USART_TypeDef *USARTx, uint8_t Value)
{
  USARTx->DR = Value;
 800796a:	6041      	str	r1, [r0, #4]
}
 800796c:	4770      	bx	lr

0800796e <uart_stm32_err_check>:
{
 800796e:	b084      	sub	sp, #16
	const struct uart_stm32_config *config = dev->config;
 8007970:	6843      	ldr	r3, [r0, #4]
	USART_TypeDef *usart = config->usart;
 8007972:	681b      	ldr	r3, [r3, #0]
  return (READ_BIT(USARTx->SR, USART_SR_ORE) == (USART_SR_ORE));
 8007974:	6818      	ldr	r0, [r3, #0]
	if (LL_USART_IsActiveFlag_ORE(usart)) {
 8007976:	f010 0008 	ands.w	r0, r0, #8
 800797a:	d000      	beq.n	800797e <uart_stm32_err_check+0x10>
		err |= UART_ERROR_OVERRUN;
 800797c:	2001      	movs	r0, #1
  return (READ_BIT(USARTx->SR, USART_SR_PE) == (USART_SR_PE));
 800797e:	681a      	ldr	r2, [r3, #0]
	if (LL_USART_IsActiveFlag_PE(usart)) {
 8007980:	f012 0f01 	tst.w	r2, #1
 8007984:	d001      	beq.n	800798a <uart_stm32_err_check+0x1c>
		err |= UART_ERROR_PARITY;
 8007986:	f040 0002 	orr.w	r0, r0, #2
  return (READ_BIT(USARTx->SR, USART_SR_FE) == (USART_SR_FE));
 800798a:	681a      	ldr	r2, [r3, #0]
	if (LL_USART_IsActiveFlag_FE(usart)) {
 800798c:	f012 0f02 	tst.w	r2, #2
 8007990:	d001      	beq.n	8007996 <uart_stm32_err_check+0x28>
		err |= UART_ERROR_FRAMING;
 8007992:	f040 0004 	orr.w	r0, r0, #4
  return (READ_BIT(USARTx->SR, USART_SR_NE) == (USART_SR_NE));
 8007996:	681a      	ldr	r2, [r3, #0]
	if (LL_USART_IsActiveFlag_NE(usart)) {
 8007998:	f012 0f04 	tst.w	r2, #4
 800799c:	d001      	beq.n	80079a2 <uart_stm32_err_check+0x34>
		err |= UART_ERROR_NOISE;
 800799e:	f040 0020 	orr.w	r0, r0, #32
  return (READ_BIT(USARTx->SR, USART_SR_LBD) == (USART_SR_LBD));
 80079a2:	681a      	ldr	r2, [r3, #0]
	if (LL_USART_IsActiveFlag_LBD(usart)) {
 80079a4:	f412 7f80 	tst.w	r2, #256	@ 0x100
 80079a8:	d02a      	beq.n	8007a00 <uart_stm32_err_check+0x92>
		err |= UART_BREAK;
 80079aa:	f040 0008 	orr.w	r0, r0, #8
  WRITE_REG(USARTx->SR, ~(USART_SR_LBD));
 80079ae:	f46f 7280 	mvn.w	r2, #256	@ 0x100
 80079b2:	601a      	str	r2, [r3, #0]
	if (err & UART_ERROR_OVERRUN) {
 80079b4:	f010 0f01 	tst.w	r0, #1
 80079b8:	d005      	beq.n	80079c6 <uart_stm32_err_check+0x58>
  tmpreg = USARTx->SR;
 80079ba:	681a      	ldr	r2, [r3, #0]
 80079bc:	9200      	str	r2, [sp, #0]
  (void) tmpreg;
 80079be:	9a00      	ldr	r2, [sp, #0]
  tmpreg = USARTx->DR;
 80079c0:	685a      	ldr	r2, [r3, #4]
 80079c2:	9200      	str	r2, [sp, #0]
  (void) tmpreg;
 80079c4:	9a00      	ldr	r2, [sp, #0]
	if (err & UART_ERROR_PARITY) {
 80079c6:	f010 0f02 	tst.w	r0, #2
 80079ca:	d005      	beq.n	80079d8 <uart_stm32_err_check+0x6a>
  tmpreg = USARTx->SR;
 80079cc:	681a      	ldr	r2, [r3, #0]
 80079ce:	9201      	str	r2, [sp, #4]
  (void) tmpreg;
 80079d0:	9a01      	ldr	r2, [sp, #4]
  tmpreg = USARTx->DR;
 80079d2:	685a      	ldr	r2, [r3, #4]
 80079d4:	9201      	str	r2, [sp, #4]
  (void) tmpreg;
 80079d6:	9a01      	ldr	r2, [sp, #4]
	if (err & UART_ERROR_FRAMING) {
 80079d8:	f010 0f04 	tst.w	r0, #4
 80079dc:	d005      	beq.n	80079ea <uart_stm32_err_check+0x7c>
  tmpreg = USARTx->SR;
 80079de:	681a      	ldr	r2, [r3, #0]
 80079e0:	9202      	str	r2, [sp, #8]
  (void) tmpreg;
 80079e2:	9a02      	ldr	r2, [sp, #8]
  tmpreg = USARTx->DR;
 80079e4:	685a      	ldr	r2, [r3, #4]
 80079e6:	9202      	str	r2, [sp, #8]
  (void) tmpreg;
 80079e8:	9a02      	ldr	r2, [sp, #8]
	if (err & UART_ERROR_NOISE) {
 80079ea:	f010 0f20 	tst.w	r0, #32
 80079ee:	d005      	beq.n	80079fc <uart_stm32_err_check+0x8e>
  tmpreg = USARTx->SR;
 80079f0:	681a      	ldr	r2, [r3, #0]
 80079f2:	9203      	str	r2, [sp, #12]
  (void) tmpreg;
 80079f4:	9a03      	ldr	r2, [sp, #12]
  tmpreg = USARTx->DR;
 80079f6:	685b      	ldr	r3, [r3, #4]
 80079f8:	9303      	str	r3, [sp, #12]
  (void) tmpreg;
 80079fa:	9b03      	ldr	r3, [sp, #12]
}
 80079fc:	b004      	add	sp, #16
 80079fe:	4770      	bx	lr
	if (err & UART_BREAK) {
 8007a00:	f010 0f08 	tst.w	r0, #8
 8007a04:	d0d6      	beq.n	80079b4 <uart_stm32_err_check+0x46>
 8007a06:	e7d2      	b.n	80079ae <uart_stm32_err_check+0x40>

08007a08 <uart_stm32_parameters_set>:
{
 8007a08:	b5f8      	push	{r3, r4, r5, r6, r7, lr}
 8007a0a:	460c      	mov	r4, r1
	const struct uart_stm32_config *config = dev->config;
 8007a0c:	6847      	ldr	r7, [r0, #4]
	struct uart_stm32_data *data = dev->data;
 8007a0e:	6903      	ldr	r3, [r0, #16]
	struct uart_config *uart_cfg = data->uart_cfg;
 8007a10:	681d      	ldr	r5, [r3, #0]
	const uint32_t parity = uart_stm32_cfg2ll_parity(cfg->parity);
 8007a12:	7909      	ldrb	r1, [r1, #4]
	switch (parity) {
 8007a14:	2901      	cmp	r1, #1
 8007a16:	d004      	beq.n	8007a22 <uart_stm32_parameters_set+0x1a>
 8007a18:	2902      	cmp	r1, #2
 8007a1a:	d10e      	bne.n	8007a3a <uart_stm32_parameters_set+0x32>
		return LL_USART_PARITY_EVEN;
 8007a1c:	f44f 6380 	mov.w	r3, #1024	@ 0x400
 8007a20:	e001      	b.n	8007a26 <uart_stm32_parameters_set+0x1e>
	switch (parity) {
 8007a22:	f44f 63c0 	mov.w	r3, #1536	@ 0x600
	const uint32_t stopbits = uart_stm32_cfg2ll_stopbits(config, cfg->stop_bits);
 8007a26:	7962      	ldrb	r2, [r4, #5]
	switch (sb) {
 8007a28:	2a01      	cmp	r2, #1
 8007a2a:	d008      	beq.n	8007a3e <uart_stm32_parameters_set+0x36>
 8007a2c:	2a02      	cmp	r2, #2
 8007a2e:	d008      	beq.n	8007a42 <uart_stm32_parameters_set+0x3a>
 8007a30:	2a00      	cmp	r2, #0
 8007a32:	d14b      	bne.n	8007acc <uart_stm32_parameters_set+0xc4>
 8007a34:	f44f 5280 	mov.w	r2, #4096	@ 0x1000
 8007a38:	e005      	b.n	8007a46 <uart_stm32_parameters_set+0x3e>
		return LL_USART_PARITY_NONE;
 8007a3a:	2300      	movs	r3, #0
 8007a3c:	e7f3      	b.n	8007a26 <uart_stm32_parameters_set+0x1e>
		return STM32_USART_STOP_BIT_1;
 8007a3e:	2200      	movs	r2, #0
 8007a40:	e001      	b.n	8007a46 <uart_stm32_parameters_set+0x3e>
		return STM32_USART_STOP_BIT_1_5;
 8007a42:	f44f 5240 	mov.w	r2, #12288	@ 0x3000
	const uint32_t databits = uart_stm32_cfg2ll_databits(cfg->data_bits,
 8007a46:	79a6      	ldrb	r6, [r4, #6]
	switch (db) {
 8007a48:	2e04      	cmp	r6, #4
 8007a4a:	d042      	beq.n	8007ad2 <uart_stm32_parameters_set+0xca>
		if (p != UART_CFG_PARITY_NONE) {
 8007a4c:	2900      	cmp	r1, #0
 8007a4e:	d143      	bne.n	8007ad8 <uart_stm32_parameters_set+0xd0>
		return STM32_USART_DATAWIDTH_8_BIT;
 8007a50:	f04f 0c00 	mov.w	ip, #0
	const uint32_t flowctrl = uart_stm32_cfg2ll_hwctrl(cfg->flow_ctrl);
 8007a54:	79e1      	ldrb	r1, [r4, #7]
	if (fc == UART_CFG_FLOW_CTRL_RTS_CTS) {
 8007a56:	2901      	cmp	r1, #1
 8007a58:	d041      	beq.n	8007ade <uart_stm32_parameters_set+0xd6>
	return LL_USART_HWCONTROL_NONE;
 8007a5a:	2100      	movs	r1, #0
	if (cfg == uart_cfg) {
 8007a5c:	42a5      	cmp	r5, r4
 8007a5e:	d041      	beq.n	8007ae4 <uart_stm32_parameters_set+0xdc>
	return LL_USART_GetParity(config->usart);
 8007a60:	683f      	ldr	r7, [r7, #0]
  return (uint32_t)(READ_BIT(USARTx->CR1, USART_CR1_PS | USART_CR1_PCE));
 8007a62:	68fe      	ldr	r6, [r7, #12]
 8007a64:	f406 6ec0 	and.w	lr, r6, #1536	@ 0x600
		if (parity != uart_stm32_get_parity(dev)) {
 8007a68:	4573      	cmp	r3, lr
 8007a6a:	d004      	beq.n	8007a76 <uart_stm32_parameters_set+0x6e>
  MODIFY_REG(USARTx->CR1, USART_CR1_PS | USART_CR1_PCE, Parity);
 8007a6c:	68fe      	ldr	r6, [r7, #12]
 8007a6e:	f426 66c0 	bic.w	r6, r6, #1536	@ 0x600
 8007a72:	4333      	orrs	r3, r6
 8007a74:	60fb      	str	r3, [r7, #12]
	const struct uart_stm32_config *config = dev->config;
 8007a76:	6843      	ldr	r3, [r0, #4]
	return LL_USART_GetStopBitsLength(config->usart);
 8007a78:	681e      	ldr	r6, [r3, #0]
  return (uint32_t)(READ_BIT(USARTx->CR2, USART_CR2_STOP));
 8007a7a:	6933      	ldr	r3, [r6, #16]
 8007a7c:	f403 5340 	and.w	r3, r3, #12288	@ 0x3000
		if (stopbits != uart_stm32_get_stopbits(dev)) {
 8007a80:	429a      	cmp	r2, r3
 8007a82:	d004      	beq.n	8007a8e <uart_stm32_parameters_set+0x86>
  MODIFY_REG(USARTx->CR2, USART_CR2_STOP, StopBits);
 8007a84:	6933      	ldr	r3, [r6, #16]
 8007a86:	f423 5340 	bic.w	r3, r3, #12288	@ 0x3000
 8007a8a:	431a      	orrs	r2, r3
 8007a8c:	6132      	str	r2, [r6, #16]
	const struct uart_stm32_config *config = dev->config;
 8007a8e:	6843      	ldr	r3, [r0, #4]
	return LL_USART_GetDataWidth(config->usart);
 8007a90:	681e      	ldr	r6, [r3, #0]
  return (uint32_t)(READ_BIT(USARTx->CR1, USART_CR1_M));
 8007a92:	68f3      	ldr	r3, [r6, #12]
 8007a94:	f403 5380 	and.w	r3, r3, #4096	@ 0x1000
		if (databits != uart_stm32_get_databits(dev)) {
 8007a98:	459c      	cmp	ip, r3
 8007a9a:	d005      	beq.n	8007aa8 <uart_stm32_parameters_set+0xa0>
  MODIFY_REG(USARTx->CR1, USART_CR1_M, DataWidth);
 8007a9c:	68f3      	ldr	r3, [r6, #12]
 8007a9e:	f423 5380 	bic.w	r3, r3, #4096	@ 0x1000
 8007aa2:	ea4c 0303 	orr.w	r3, ip, r3
 8007aa6:	60f3      	str	r3, [r6, #12]
	const struct uart_stm32_config *config = dev->config;
 8007aa8:	6843      	ldr	r3, [r0, #4]
	return LL_USART_GetHWFlowCtrl(config->usart);
 8007aaa:	681a      	ldr	r2, [r3, #0]
  return (uint32_t)(READ_BIT(USARTx->CR3, USART_CR3_RTSE | USART_CR3_CTSE));
 8007aac:	6953      	ldr	r3, [r2, #20]
 8007aae:	f403 7340 	and.w	r3, r3, #768	@ 0x300
		if (flowctrl != uart_stm32_get_hwctrl(dev)) {
 8007ab2:	4299      	cmp	r1, r3
 8007ab4:	d004      	beq.n	8007ac0 <uart_stm32_parameters_set+0xb8>
  MODIFY_REG(USARTx->CR3, USART_CR3_RTSE | USART_CR3_CTSE, HardwareFlowControl);
 8007ab6:	6953      	ldr	r3, [r2, #20]
 8007ab8:	f423 7340 	bic.w	r3, r3, #768	@ 0x300
 8007abc:	430b      	orrs	r3, r1
 8007abe:	6153      	str	r3, [r2, #20]
		if (cfg->baudrate != uart_cfg->baudrate) {
 8007ac0:	6821      	ldr	r1, [r4, #0]
 8007ac2:	682b      	ldr	r3, [r5, #0]
 8007ac4:	4299      	cmp	r1, r3
 8007ac6:	d128      	bne.n	8007b1a <uart_stm32_parameters_set+0x112>
	return 0;
 8007ac8:	2000      	movs	r0, #0
}
 8007aca:	bdf8      	pop	{r3, r4, r5, r6, r7, pc}
		return STM32_USART_STOP_BIT_2;
 8007acc:	f44f 5200 	mov.w	r2, #8192	@ 0x2000
 8007ad0:	e7b9      	b.n	8007a46 <uart_stm32_parameters_set+0x3e>
		return STM32_USART_DATAWIDTH_9_BIT;
 8007ad2:	f44f 5c80 	mov.w	ip, #4096	@ 0x1000
 8007ad6:	e7bd      	b.n	8007a54 <uart_stm32_parameters_set+0x4c>
			return STM32_USART_DATAWIDTH_9_BIT;
 8007ad8:	f44f 5c80 	mov.w	ip, #4096	@ 0x1000
 8007adc:	e7ba      	b.n	8007a54 <uart_stm32_parameters_set+0x4c>
		return LL_USART_HWCONTROL_RTS_CTS;
 8007ade:	f44f 7140 	mov.w	r1, #768	@ 0x300
 8007ae2:	e7bb      	b.n	8007a5c <uart_stm32_parameters_set+0x54>
		LL_USART_ConfigCharacter(config->usart,
 8007ae4:	683e      	ldr	r6, [r7, #0]
  MODIFY_REG(USARTx->CR1, USART_CR1_PS | USART_CR1_PCE | USART_CR1_M, Parity | DataWidth);
 8007ae6:	68f5      	ldr	r5, [r6, #12]
 8007ae8:	f425 55b0 	bic.w	r5, r5, #5632	@ 0x1600
 8007aec:	ea43 030c 	orr.w	r3, r3, ip
 8007af0:	432b      	orrs	r3, r5
 8007af2:	60f3      	str	r3, [r6, #12]
  MODIFY_REG(USARTx->CR2, USART_CR2_STOP, StopBits);
 8007af4:	6933      	ldr	r3, [r6, #16]
 8007af6:	f423 5340 	bic.w	r3, r3, #12288	@ 0x3000
 8007afa:	4313      	orrs	r3, r2
 8007afc:	6133      	str	r3, [r6, #16]
	const struct uart_stm32_config *config = dev->config;
 8007afe:	6843      	ldr	r3, [r0, #4]
	LL_USART_SetHWFlowCtrl(config->usart, hwctrl);
 8007b00:	681a      	ldr	r2, [r3, #0]
  MODIFY_REG(USARTx->CR3, USART_CR3_RTSE | USART_CR3_CTSE, HardwareFlowControl);
 8007b02:	6953      	ldr	r3, [r2, #20]
 8007b04:	f423 7340 	bic.w	r3, r3, #768	@ 0x300
 8007b08:	430b      	orrs	r3, r1
 8007b0a:	6153      	str	r3, [r2, #20]
		ret = uart_stm32_set_baudrate(dev, cfg->baudrate);
 8007b0c:	6821      	ldr	r1, [r4, #0]
 8007b0e:	f7fb ff5d 	bl	80039cc <uart_stm32_set_baudrate>
		if (ret < 0) {
 8007b12:	2800      	cmp	r0, #0
 8007b14:	dbd9      	blt.n	8007aca <uart_stm32_parameters_set+0xc2>
	return 0;
 8007b16:	2000      	movs	r0, #0
 8007b18:	e7d7      	b.n	8007aca <uart_stm32_parameters_set+0xc2>
			ret = uart_stm32_set_baudrate(dev, cfg->baudrate);
 8007b1a:	f7fb ff57 	bl	80039cc <uart_stm32_set_baudrate>
			if (ret < 0) {
 8007b1e:	2800      	cmp	r0, #0
 8007b20:	dbd3      	blt.n	8007aca <uart_stm32_parameters_set+0xc2>
			uart_cfg->baudrate = cfg->baudrate;
 8007b22:	6823      	ldr	r3, [r4, #0]
 8007b24:	602b      	str	r3, [r5, #0]
	return 0;
 8007b26:	2000      	movs	r0, #0
 8007b28:	e7cf      	b.n	8007aca <uart_stm32_parameters_set+0xc2>

08007b2a <pinctrl_apply_state>:
{
 8007b2a:	b500      	push	{lr}
 8007b2c:	b083      	sub	sp, #12
	ret = pinctrl_lookup_state(config, id, &state);
 8007b2e:	aa01      	add	r2, sp, #4
 8007b30:	f7ff fdb6 	bl	80076a0 <pinctrl_lookup_state>
	if (ret < 0) {
 8007b34:	2800      	cmp	r0, #0
 8007b36:	db05      	blt.n	8007b44 <pinctrl_apply_state+0x1a>
	return pinctrl_apply_state_direct(config, state);
 8007b38:	9b01      	ldr	r3, [sp, #4]
	return pinctrl_configure_pins(state->pins, state->pin_cnt, reg);
 8007b3a:	2200      	movs	r2, #0
 8007b3c:	7919      	ldrb	r1, [r3, #4]
 8007b3e:	6818      	ldr	r0, [r3, #0]
 8007b40:	f7ff fdc7 	bl	80076d2 <pinctrl_configure_pins>
}
 8007b44:	b003      	add	sp, #12
 8007b46:	f85d fb04 	ldr.w	pc, [sp], #4

08007b4a <uart_stm32_init>:
 * @param dev UART device struct
 *
 * @return 0
 */
static int uart_stm32_init(const struct device *dev)
{
 8007b4a:	b538      	push	{r3, r4, r5, lr}
 8007b4c:	4604      	mov	r4, r0
	const struct uart_stm32_config *config = dev->config;
 8007b4e:	6845      	ldr	r5, [r0, #4]
	int err;

	err = uart_stm32_clocks_enable(dev);
 8007b50:	f7fb ff24 	bl	800399c <uart_stm32_clocks_enable>
	if (err < 0) {
 8007b54:	2800      	cmp	r0, #0
 8007b56:	db0b      	blt.n	8007b70 <uart_stm32_init+0x26>
		return err;
	}

	/* Configure dt provided device signals when available */
	err = pinctrl_apply_state(config->pcfg, PINCTRL_STATE_DEFAULT);
 8007b58:	2100      	movs	r1, #0
 8007b5a:	6a68      	ldr	r0, [r5, #36]	@ 0x24
 8007b5c:	f7ff ffe5 	bl	8007b2a <pinctrl_apply_state>
	if (err < 0) {
 8007b60:	2800      	cmp	r0, #0
 8007b62:	db05      	blt.n	8007b70 <uart_stm32_init+0x26>
		return err;
	}

	err = uart_stm32_registers_configure(dev);
 8007b64:	4620      	mov	r0, r4
 8007b66:	f7fc f887 	bl	8003c78 <uart_stm32_registers_configure>
	if (err < 0) {
 8007b6a:	2800      	cmp	r0, #0
 8007b6c:	db00      	blt.n	8007b70 <uart_stm32_init+0x26>
#endif /* CONFIG_PM || CONFIG_UART_INTERRUPT_DRIVEN || CONFIG_UART_ASYNC_API */

#ifdef CONFIG_UART_ASYNC_API
	return uart_stm32_async_init(dev);
#else
	return 0;
 8007b6e:	2000      	movs	r0, #0
#endif
}
 8007b70:	bd38      	pop	{r3, r4, r5, pc}

08007b72 <sys_clock_announce>:
 * driver state and tick accounting under a single lock.
 *
 * @param ticks Elapsed time, in ticks
 */
static inline void sys_clock_announce(int32_t ticks)
{
 8007b72:	b508      	push	{r3, lr}
  __ASM volatile ("MRS %0, basepri" : "=r" (result) );
 8007b74:	f3ef 8111 	mrs	r1, BASEPRI
  __ASM volatile ("MSR basepri_max, %0" : : "r" (basePri) : "memory");
 8007b78:	2310      	movs	r3, #16
 8007b7a:	f383 8812 	msr	BASEPRI_MAX, r3
 8007b7e:	f3bf 8f6f 	isb	sy
	sys_clock_announce_locked(ticks, sys_clock_lock());
 8007b82:	f7fd fb25 	bl	80051d0 <sys_clock_announce_locked>
}
 8007b86:	bd08      	pop	{r3, pc}

08007b88 <do_device_init>:
#include <zephyr/internal/syscall_handler.h>
#include <zephyr/toolchain.h>
#include <zephyr/pm/device_runtime.h>

int do_device_init(const struct device *dev)
{
 8007b88:	b510      	push	{r4, lr}
 8007b8a:	4604      	mov	r4, r0
	int rc = 0;

	if (dev->ops.init != NULL) {
 8007b8c:	6943      	ldr	r3, [r0, #20]
 8007b8e:	b193      	cbz	r3, 8007bb6 <do_device_init+0x2e>
		rc = dev->ops.init(dev);
 8007b90:	4798      	blx	r3
		/* If initialization failed, record in dev->state->init_res
		 * the POSITIVE value of the resulting errno
		 */
		if (rc != 0) {
 8007b92:	4602      	mov	r2, r0
 8007b94:	b130      	cbz	r0, 8007ba4 <do_device_init+0x1c>
			 * errno value maps to an uint8_t range as of now.
			 */
			__ASSERT(rc >= -UINT8_MAX && rc < 0, "device %s init: invalid error (%d)",
				 dev->name, rc);

			if (rc < 0) {
 8007b96:	2800      	cmp	r0, #0
 8007b98:	db0b      	blt.n	8007bb2 <do_device_init+0x2a>
				rc = -rc;
			}
			/* handle error value overflow in production
			 * this is likely a bug in the device's init function. Signals it
			 */
			if (rc > UINT8_MAX) {
 8007b9a:	2aff      	cmp	r2, #255	@ 0xff
 8007b9c:	dd00      	ble.n	8007ba0 <do_device_init+0x18>
				rc = UINT8_MAX;
 8007b9e:	22ff      	movs	r2, #255	@ 0xff
			}
			dev->state->init_res = rc;
 8007ba0:	68e3      	ldr	r3, [r4, #12]
 8007ba2:	701a      	strb	r2, [r3, #0]
		}
	}

	/* device initialization has been invoked */
	dev->state->initialized = true;
 8007ba4:	68e1      	ldr	r1, [r4, #12]
 8007ba6:	784b      	ldrb	r3, [r1, #1]
 8007ba8:	f043 0301 	orr.w	r3, r3, #1
 8007bac:	704b      	strb	r3, [r1, #1]

	/* here, the value of rc is either 0 or +errno
	 * flip the sign to return a negative value on failure as expected
	 */
	return -rc;
}
 8007bae:	4250      	negs	r0, r2
 8007bb0:	bd10      	pop	{r4, pc}
				rc = -rc;
 8007bb2:	4242      	negs	r2, r0
 8007bb4:	e7f1      	b.n	8007b9a <do_device_init+0x12>
	int rc = 0;
 8007bb6:	2200      	movs	r2, #0
 8007bb8:	e7f4      	b.n	8007ba4 <do_device_init+0x1c>

08007bba <z_impl_device_is_ready>:
{
	/*
	 * if an invalid device pointer is passed as argument, this call
	 * reports the `device` as not ready for usage.
	 */
	if (dev == NULL) {
 8007bba:	b160      	cbz	r0, 8007bd6 <z_impl_device_is_ready+0x1c>
		return false;
	}

	return dev->state->initialized && (dev->state->init_res == 0U);
 8007bbc:	68c3      	ldr	r3, [r0, #12]
 8007bbe:	785a      	ldrb	r2, [r3, #1]
 8007bc0:	f012 0f01 	tst.w	r2, #1
 8007bc4:	d003      	beq.n	8007bce <z_impl_device_is_ready+0x14>
 8007bc6:	781b      	ldrb	r3, [r3, #0]
 8007bc8:	b11b      	cbz	r3, 8007bd2 <z_impl_device_is_ready+0x18>
 8007bca:	2000      	movs	r0, #0
 8007bcc:	4770      	bx	lr
 8007bce:	2000      	movs	r0, #0
 8007bd0:	4770      	bx	lr
 8007bd2:	2001      	movs	r0, #1
 8007bd4:	4770      	bx	lr
		return false;
 8007bd6:	2000      	movs	r0, #0
}
 8007bd8:	4770      	bx	lr

08007bda <arch_system_halt>:
  __ASM volatile ("MRS %0, basepri" : "=r" (result) );
 8007bda:	f3ef 8311 	mrs	r3, BASEPRI
  __ASM volatile ("MSR basepri_max, %0" : : "r" (basePri) : "memory");
 8007bde:	2310      	movs	r3, #16
 8007be0:	f383 8812 	msr	BASEPRI_MAX, r3
 8007be4:	f3bf 8f6f 	isb	sy
	for (;;) {
 8007be8:	e7fe      	b.n	8007be8 <arch_system_halt+0xe>

08007bea <idle>:
#include <wait_q.h>

LOG_MODULE_DECLARE(os, CONFIG_KERNEL_LOG_LEVEL);

void idle(void *unused1, void *unused2, void *unused3)
{
 8007bea:	b508      	push	{r3, lr}
  __ASM volatile ("MRS %0, basepri" : "=r" (result) );
 8007bec:	f3ef 8311 	mrs	r3, BASEPRI
  __ASM volatile ("MSR basepri_max, %0" : : "r" (basePri) : "memory");
 8007bf0:	2310      	movs	r3, #16
 8007bf2:	f383 8812 	msr	BASEPRI_MAX, r3
 8007bf6:	f3bf 8f6f 	isb	sy
 * @note In some architectures, before returning, the function unmasks interrupts
 * unconditionally.
 */
static inline void k_cpu_idle(void)
{
	arch_cpu_idle();
 8007bfa:	f7ff f9dc 	bl	8006fb6 <arch_cpu_idle>
	ARG_UNUSED(unused2);
	ARG_UNUSED(unused3);

	__ASSERT_NO_MSG(_current->base.prio >= 0);

	while (true) {
 8007bfe:	e7f5      	b.n	8007bec <idle+0x2>

08007c00 <arch_spin_relax>:
	return sys_clock_cycle_get_64();
}

static ALWAYS_INLINE void arch_nop(void)
{
	__asm__ volatile("nop");
 8007c00:	bf00      	nop
{
	__ASSERT(!arch_irq_unlocked(arch_irq_lock()),
		 "this is meant to be called with IRQs disabled");

	arch_nop();
}
 8007c02:	4770      	bx	lr

08007c04 <z_impl_k_sem_init>:
	CHECKIF(limit == 0U || initial_count > limit) {
 8007c04:	b13a      	cbz	r2, 8007c16 <z_impl_k_sem_init+0x12>
 8007c06:	428a      	cmp	r2, r1
 8007c08:	d308      	bcc.n	8007c1c <z_impl_k_sem_init+0x18>
	sem->count = initial_count;
 8007c0a:	6081      	str	r1, [r0, #8]
	sem->limit = limit;
 8007c0c:	60c2      	str	r2, [r0, #12]
	list->head = (sys_dnode_t *)list;
 8007c0e:	6000      	str	r0, [r0, #0]
	list->tail = (sys_dnode_t *)list;
 8007c10:	6040      	str	r0, [r0, #4]
	return 0;
 8007c12:	2000      	movs	r0, #0
 8007c14:	4770      	bx	lr
		return -EINVAL;
 8007c16:	f06f 0015 	mvn.w	r0, #21
 8007c1a:	4770      	bx	lr
 8007c1c:	f06f 0015 	mvn.w	r0, #21
}
 8007c20:	4770      	bx	lr

08007c22 <setup_thread_stack>:
{
 8007c22:	b5f8      	push	{r3, r4, r5, r6, r7, lr}
 8007c24:	4605      	mov	r5, r0
		stack_obj_size = K_KERNEL_STACK_LEN(stack_size);
 8007c26:	1dd3      	adds	r3, r2, #7
 8007c28:	f023 0307 	bic.w	r3, r3, #7
 8007c2c:	337f      	adds	r3, #127	@ 0x7f
 8007c2e:	f023 033f 	bic.w	r3, r3, #63	@ 0x3f

/** @} */

static inline char *K_KERNEL_STACK_BUFFER(k_thread_stack_t *sym)
{
	return (char *)sym + K_KERNEL_STACK_RESERVED;
 8007c32:	f101 0740 	add.w	r7, r1, #64	@ 0x40
		stack_buf_size = stack_obj_size - K_KERNEL_STACK_RESERVED;
 8007c36:	f1a3 0640 	sub.w	r6, r3, #64	@ 0x40
		if (K_KERNEL_STACK_RESERVED > stack_obj_size) {
 8007c3a:	2b3f      	cmp	r3, #63	@ 0x3f
 8007c3c:	d807      	bhi.n	8007c4e <setup_thread_stack+0x2c>
  __ASM volatile ("MSR basepri, %0" : : "r" (basePri) : "memory");
 8007c3e:	2200      	movs	r2, #0
 8007c40:	f382 8811 	msr	BASEPRI, r2
 8007c44:	f3bf 8f6f 	isb	sy
			k_panic();
 8007c48:	2204      	movs	r2, #4
 8007c4a:	4610      	mov	r0, r2
 8007c4c:	df02      	svc	2
	stack_ptr = (char *)stack + stack_obj_size;
 8007c4e:	18cc      	adds	r4, r1, r3
	delta += arch_tls_stack_setup(new_thread, stack_ptr);
 8007c50:	4621      	mov	r1, r4
 8007c52:	4628      	mov	r0, r5
 8007c54:	f7fa f9d0 	bl	8001ff8 <arch_tls_stack_setup>
	delta = ROUND_UP(delta, ARCH_STACK_PTR_ALIGN);
 8007c58:	3007      	adds	r0, #7
 8007c5a:	f020 0007 	bic.w	r0, r0, #7
	new_thread->stack_info.start = (uintptr_t)stack_buf_start;
 8007c5e:	f8c5 7094 	str.w	r7, [r5, #148]	@ 0x94
	new_thread->stack_info.size = stack_buf_size;
 8007c62:	f8c5 6098 	str.w	r6, [r5, #152]	@ 0x98
	new_thread->stack_info.delta = delta;
 8007c66:	f8c5 009c 	str.w	r0, [r5, #156]	@ 0x9c
}
 8007c6a:	1a20      	subs	r0, r4, r0
 8007c6c:	bdf8      	pop	{r3, r4, r5, r6, r7, pc}

08007c6e <k_is_in_isr>:
  __ASM volatile ("MRS %0, ipsr" : "=r" (result) );
 8007c6e:	f3ef 8005 	mrs	r0, IPSR
}
 8007c72:	3800      	subs	r0, #0
 8007c74:	bf18      	it	ne
 8007c76:	2001      	movne	r0, #1
 8007c78:	4770      	bx	lr

08007c7a <k_thread_name_get>:
}
 8007c7a:	3074      	adds	r0, #116	@ 0x74
 8007c7c:	4770      	bx	lr

08007c7e <z_init_thread_base>:
{
 8007c7e:	b410      	push	{r4}
	thread_base->pended_on = NULL;
 8007c80:	2400      	movs	r4, #0
 8007c82:	6084      	str	r4, [r0, #8]
	thread_base->user_options = (uint16_t)options;
 8007c84:	8183      	strh	r3, [r0, #12]
	thread_base->thread_state = (uint8_t)initial_state;
 8007c86:	7402      	strb	r2, [r0, #16]
	thread_base->prio = priority;
 8007c88:	7381      	strb	r1, [r0, #14]
	thread_base->sched_locked = 0U;
 8007c8a:	73c4      	strb	r4, [r0, #15]
	node->next = NULL;
 8007c8c:	6184      	str	r4, [r0, #24]
	node->prev = NULL;
 8007c8e:	61c4      	str	r4, [r0, #28]
}
 8007c90:	bc10      	pop	{r4}
 8007c92:	4770      	bx	lr

08007c94 <z_impl_k_thread_create>:
{
 8007c94:	b5f0      	push	{r4, r5, r6, r7, lr}
 8007c96:	b087      	sub	sp, #28
 8007c98:	4604      	mov	r4, r0
 8007c9a:	9e12      	ldr	r6, [sp, #72]	@ 0x48
 8007c9c:	9d13      	ldr	r5, [sp, #76]	@ 0x4c
	z_setup_new_thread(new_thread, stack, stack_size, entry, p1, p2, p3,
 8007c9e:	2700      	movs	r7, #0
 8007ca0:	9705      	str	r7, [sp, #20]
 8007ca2:	9f10      	ldr	r7, [sp, #64]	@ 0x40
 8007ca4:	9704      	str	r7, [sp, #16]
 8007ca6:	9f0f      	ldr	r7, [sp, #60]	@ 0x3c
 8007ca8:	9703      	str	r7, [sp, #12]
 8007caa:	9f0e      	ldr	r7, [sp, #56]	@ 0x38
 8007cac:	9702      	str	r7, [sp, #8]
 8007cae:	9f0d      	ldr	r7, [sp, #52]	@ 0x34
 8007cb0:	9701      	str	r7, [sp, #4]
 8007cb2:	9f0c      	ldr	r7, [sp, #48]	@ 0x30
 8007cb4:	9700      	str	r7, [sp, #0]
 8007cb6:	f7fc fcfb 	bl	80046b0 <z_setup_new_thread>
	if (!K_TIMEOUT_EQ(delay, K_FOREVER)) {
 8007cba:	f1b5 3fff 	cmp.w	r5, #4294967295
 8007cbe:	bf08      	it	eq
 8007cc0:	f1b6 3fff 	cmpeq.w	r6, #4294967295
 8007cc4:	d102      	bne.n	8007ccc <z_impl_k_thread_create+0x38>
}
 8007cc6:	4620      	mov	r0, r4
 8007cc8:	b007      	add	sp, #28
 8007cca:	bdf0      	pop	{r4, r5, r6, r7, pc}
		thread_schedule_new(new_thread, delay);
 8007ccc:	4632      	mov	r2, r6
 8007cce:	462b      	mov	r3, r5
 8007cd0:	4620      	mov	r0, r4
 8007cd2:	f7fc fccd 	bl	8004670 <thread_schedule_new>
 8007cd6:	e7f6      	b.n	8007cc6 <z_impl_k_thread_create+0x32>

08007cd8 <thread_active_elsewhere>:
}
 8007cd8:	2000      	movs	r0, #0
 8007cda:	4770      	bx	lr

08007cdc <add_to_waitq_locked>:
{
 8007cdc:	b538      	push	{r3, r4, r5, lr}
 8007cde:	4604      	mov	r4, r0
 8007ce0:	460d      	mov	r5, r1
	unready_thread(thread);
 8007ce2:	f7fc fde3 	bl	80048ac <unready_thread>
	thread->base.thread_state |= _THREAD_PENDING;
 8007ce6:	7c23      	ldrb	r3, [r4, #16]
 8007ce8:	f043 0302 	orr.w	r3, r3, #2
 8007cec:	7423      	strb	r3, [r4, #16]
	if (wait_q != NULL) {
 8007cee:	b325      	cbz	r5, 8007d3a <add_to_waitq_locked+0x5e>
		thread->base.pended_on = wait_q;
 8007cf0:	60a5      	str	r5, [r4, #8]
	return list->head == list;
 8007cf2:	682b      	ldr	r3, [r5, #0]
	return sys_dlist_is_empty(list) ? NULL : list->head;
 8007cf4:	429d      	cmp	r5, r3
 8007cf6:	d107      	bne.n	8007d08 <add_to_waitq_locked+0x2c>
	SYS_DLIST_FOR_EACH_CONTAINER(pq, t, base.qnode_dlist) {
 8007cf8:	2300      	movs	r3, #0
 8007cfa:	e005      	b.n	8007d08 <add_to_waitq_locked+0x2c>
 8007cfc:	4619      	mov	r1, r3
	return (node == list->tail) ? NULL : node->next;
 8007cfe:	686a      	ldr	r2, [r5, #4]
 8007d00:	4293      	cmp	r3, r2
 8007d02:	d015      	beq.n	8007d30 <add_to_waitq_locked+0x54>
 8007d04:	681b      	ldr	r3, [r3, #0]
 8007d06:	b97b      	cbnz	r3, 8007d28 <add_to_waitq_locked+0x4c>
 8007d08:	b193      	cbz	r3, 8007d30 <add_to_waitq_locked+0x54>
	int32_t b1 = thread_1->base.prio;
 8007d0a:	f994 100e 	ldrsb.w	r1, [r4, #14]
	int32_t b2 = thread_2->base.prio;
 8007d0e:	f993 200e 	ldrsb.w	r2, [r3, #14]
	if (b1 != b2) {
 8007d12:	4291      	cmp	r1, r2
 8007d14:	d0f2      	beq.n	8007cfc <add_to_waitq_locked+0x20>
		return b2 - b1;
 8007d16:	1a52      	subs	r2, r2, r1
		if (z_sched_prio_cmp(thread, t) > 0) {
 8007d18:	2a00      	cmp	r2, #0
 8007d1a:	ddef      	ble.n	8007cfc <add_to_waitq_locked+0x20>
	sys_dnode_t *const prev = successor->prev;
 8007d1c:	685a      	ldr	r2, [r3, #4]
	node->prev = prev;
 8007d1e:	6062      	str	r2, [r4, #4]
	node->next = successor;
 8007d20:	6023      	str	r3, [r4, #0]
	prev->next = node;
 8007d22:	6014      	str	r4, [r2, #0]
	successor->prev = node;
 8007d24:	605c      	str	r4, [r3, #4]
			return;
 8007d26:	e008      	b.n	8007d3a <add_to_waitq_locked+0x5e>
	return (node != NULL) ? sys_dlist_peek_next_no_check(list, node) : NULL;
 8007d28:	2900      	cmp	r1, #0
 8007d2a:	d1ed      	bne.n	8007d08 <add_to_waitq_locked+0x2c>
 8007d2c:	460b      	mov	r3, r1
 8007d2e:	e7eb      	b.n	8007d08 <add_to_waitq_locked+0x2c>
	sys_dnode_t *const tail = list->tail;
 8007d30:	686b      	ldr	r3, [r5, #4]
	node->next = list;
 8007d32:	6025      	str	r5, [r4, #0]
	node->prev = tail;
 8007d34:	6063      	str	r3, [r4, #4]
	tail->next = node;
 8007d36:	601c      	str	r4, [r3, #0]
	list->tail = node;
 8007d38:	606c      	str	r4, [r5, #4]
}
 8007d3a:	bd38      	pop	{r3, r4, r5, pc}

08007d3c <unpend_all>:
{
 8007d3c:	b570      	push	{r4, r5, r6, lr}
 8007d3e:	4606      	mov	r6, r0
	return list->head == list;
 8007d40:	6804      	ldr	r4, [r0, #0]
	return sys_dlist_is_empty(list) ? NULL : list->head;
 8007d42:	4284      	cmp	r4, r0
 8007d44:	d01a      	beq.n	8007d7c <unpend_all+0x40>
	for (thread = z_waitq_head(wait_q); thread != NULL; thread = z_waitq_head(wait_q)) {
 8007d46:	b1dc      	cbz	r4, 8007d80 <unpend_all+0x44>
	sys_dnode_t *const prev = node->prev;
 8007d48:	6862      	ldr	r2, [r4, #4]
	sys_dnode_t *const next = node->next;
 8007d4a:	6823      	ldr	r3, [r4, #0]
	prev->next = next;
 8007d4c:	6013      	str	r3, [r2, #0]
	next->prev = prev;
 8007d4e:	605a      	str	r2, [r3, #4]
	node->next = NULL;
 8007d50:	2500      	movs	r5, #0
 8007d52:	6025      	str	r5, [r4, #0]
	node->prev = NULL;
 8007d54:	6065      	str	r5, [r4, #4]
	thread->base.thread_state &= ~_THREAD_PENDING;
 8007d56:	7c23      	ldrb	r3, [r4, #16]
 8007d58:	f023 0302 	bic.w	r3, r3, #2
 8007d5c:	7423      	strb	r3, [r4, #16]
 8007d5e:	60a5      	str	r5, [r4, #8]
	z_abort_timeout(&thread->base.timeout);
 8007d60:	f104 0018 	add.w	r0, r4, #24
 8007d64:	f000 f8e4 	bl	8007f30 <z_abort_timeout>
 8007d68:	f8c4 50ac 	str.w	r5, [r4, #172]	@ 0xac
		ready_thread(thread);
 8007d6c:	4620      	mov	r0, r4
 8007d6e:	f7fc fd45 	bl	80047fc <ready_thread>
	return list->head == list;
 8007d72:	6834      	ldr	r4, [r6, #0]
	return sys_dlist_is_empty(list) ? NULL : list->head;
 8007d74:	42a6      	cmp	r6, r4
 8007d76:	d1e6      	bne.n	8007d46 <unpend_all+0xa>
 8007d78:	2400      	movs	r4, #0
 8007d7a:	e7e4      	b.n	8007d46 <unpend_all+0xa>
 8007d7c:	2400      	movs	r4, #0
 8007d7e:	e7e2      	b.n	8007d46 <unpend_all+0xa>
}
 8007d80:	bd70      	pop	{r4, r5, r6, pc}

08007d82 <pend_locked>:
{
 8007d82:	b570      	push	{r4, r5, r6, lr}
 8007d84:	4604      	mov	r4, r0
 8007d86:	4616      	mov	r6, r2
 8007d88:	461d      	mov	r5, r3
	add_to_waitq_locked(thread, wait_q);
 8007d8a:	f7ff ffa7 	bl	8007cdc <add_to_waitq_locked>
	add_thread_timeout(thread, timeout);
 8007d8e:	4632      	mov	r2, r6
 8007d90:	462b      	mov	r3, r5
 8007d92:	4620      	mov	r0, r4
 8007d94:	f7fc fe4c 	bl	8004a30 <add_thread_timeout>
}
 8007d98:	bd70      	pop	{r4, r5, r6, pc}

08007d9a <z_ready_thread>:
{
 8007d9a:	b538      	push	{r3, r4, r5, lr}
 8007d9c:	4604      	mov	r4, r0
	K_SPINLOCK(&_sched_spinlock) {
 8007d9e:	2300      	movs	r3, #0
  __ASM volatile ("MRS %0, basepri" : "=r" (result) );
 8007da0:	f3ef 8511 	mrs	r5, BASEPRI
  __ASM volatile ("MSR basepri_max, %0" : : "r" (basePri) : "memory");
 8007da4:	2210      	movs	r2, #16
 8007da6:	f382 8812 	msr	BASEPRI_MAX, r2
 8007daa:	f3bf 8f6f 	isb	sy
 8007dae:	e004      	b.n	8007dba <z_ready_thread+0x20>
  __ASM volatile ("MSR basepri, %0" : : "r" (basePri) : "memory");
 8007db0:	f385 8811 	msr	BASEPRI, r5
 8007db4:	f3bf 8f6f 	isb	sy
 8007db8:	2301      	movs	r3, #1
 8007dba:	b943      	cbnz	r3, 8007dce <z_ready_thread+0x34>
		if (thread_active_elsewhere(thread) == NULL) {
 8007dbc:	4620      	mov	r0, r4
 8007dbe:	f7ff ff8b 	bl	8007cd8 <thread_active_elsewhere>
 8007dc2:	2800      	cmp	r0, #0
 8007dc4:	d1f4      	bne.n	8007db0 <z_ready_thread+0x16>
			ready_thread(thread);
 8007dc6:	4620      	mov	r0, r4
 8007dc8:	f7fc fd18 	bl	80047fc <ready_thread>
 8007dcc:	e7f0      	b.n	8007db0 <z_ready_thread+0x16>
}
 8007dce:	bd38      	pop	{r3, r4, r5, pc}

08007dd0 <z_unpend_thread_no_timeout>:
	K_SPINLOCK(&_sched_spinlock) {
 8007dd0:	2300      	movs	r3, #0
  __ASM volatile ("MRS %0, basepri" : "=r" (result) );
 8007dd2:	f3ef 8111 	mrs	r1, BASEPRI
  __ASM volatile ("MSR basepri_max, %0" : : "r" (basePri) : "memory");
 8007dd6:	2210      	movs	r2, #16
 8007dd8:	f382 8812 	msr	BASEPRI_MAX, r2
 8007ddc:	f3bf 8f6f 	isb	sy
 8007de0:	e004      	b.n	8007dec <z_unpend_thread_no_timeout+0x1c>
  __ASM volatile ("MSR basepri, %0" : : "r" (basePri) : "memory");
 8007de2:	f381 8811 	msr	BASEPRI, r1
 8007de6:	f3bf 8f6f 	isb	sy
 8007dea:	2301      	movs	r3, #1
 8007dec:	b97b      	cbnz	r3, 8007e0e <z_unpend_thread_no_timeout+0x3e>
		if (thread->base.pended_on != NULL) {
 8007dee:	6883      	ldr	r3, [r0, #8]
 8007df0:	2b00      	cmp	r3, #0
 8007df2:	d0f6      	beq.n	8007de2 <z_unpend_thread_no_timeout+0x12>
	sys_dnode_t *const prev = node->prev;
 8007df4:	6842      	ldr	r2, [r0, #4]
	sys_dnode_t *const next = node->next;
 8007df6:	6803      	ldr	r3, [r0, #0]
	prev->next = next;
 8007df8:	6013      	str	r3, [r2, #0]
	next->prev = prev;
 8007dfa:	605a      	str	r2, [r3, #4]
	node->next = NULL;
 8007dfc:	2300      	movs	r3, #0
 8007dfe:	6003      	str	r3, [r0, #0]
	node->prev = NULL;
 8007e00:	6043      	str	r3, [r0, #4]
 8007e02:	7c02      	ldrb	r2, [r0, #16]
 8007e04:	f022 0202 	bic.w	r2, r2, #2
 8007e08:	7402      	strb	r2, [r0, #16]
 8007e0a:	6083      	str	r3, [r0, #8]
}
 8007e0c:	e7e9      	b.n	8007de2 <z_unpend_thread_no_timeout+0x12>
}
 8007e0e:	4770      	bx	lr

08007e10 <z_sched_wake_thread_locked>:
{
 8007e10:	b508      	push	{r3, lr}
	bool killed = (thread->base.thread_state &
 8007e12:	7c03      	ldrb	r3, [r0, #16]
	if (!killed) {
 8007e14:	f013 0f28 	tst.w	r3, #40	@ 0x28
 8007e18:	d113      	bne.n	8007e42 <z_sched_wake_thread_locked+0x32>
		if (thread->base.pended_on != NULL) {
 8007e1a:	6883      	ldr	r3, [r0, #8]
 8007e1c:	b15b      	cbz	r3, 8007e36 <z_sched_wake_thread_locked+0x26>
	sys_dnode_t *const prev = node->prev;
 8007e1e:	6842      	ldr	r2, [r0, #4]
	sys_dnode_t *const next = node->next;
 8007e20:	6803      	ldr	r3, [r0, #0]
	prev->next = next;
 8007e22:	6013      	str	r3, [r2, #0]
	next->prev = prev;
 8007e24:	605a      	str	r2, [r3, #4]
	node->next = NULL;
 8007e26:	2300      	movs	r3, #0
 8007e28:	6003      	str	r3, [r0, #0]
	node->prev = NULL;
 8007e2a:	6043      	str	r3, [r0, #4]
 8007e2c:	7c02      	ldrb	r2, [r0, #16]
 8007e2e:	f022 0202 	bic.w	r2, r2, #2
 8007e32:	7402      	strb	r2, [r0, #16]
	thread->base.pended_on = NULL;
 8007e34:	6083      	str	r3, [r0, #8]
	thread->base.thread_state &= ~_THREAD_SLEEPING;
 8007e36:	7c03      	ldrb	r3, [r0, #16]
 8007e38:	f023 0304 	bic.w	r3, r3, #4
 8007e3c:	7403      	strb	r3, [r0, #16]
		ready_thread(thread);
 8007e3e:	f7fc fcdd 	bl	80047fc <ready_thread>
}
 8007e42:	bd08      	pop	{r3, pc}

08007e44 <z_thread_timeout>:
{
 8007e44:	b538      	push	{r3, r4, r5, lr}
	struct k_thread *thread = CONTAINER_OF(timeout,
 8007e46:	f1a0 0518 	sub.w	r5, r0, #24
	K_SPINLOCK(&_sched_spinlock) {
 8007e4a:	2300      	movs	r3, #0
  __ASM volatile ("MRS %0, basepri" : "=r" (result) );
 8007e4c:	f3ef 8411 	mrs	r4, BASEPRI
  __ASM volatile ("MSR basepri_max, %0" : : "r" (basePri) : "memory");
 8007e50:	2210      	movs	r2, #16
 8007e52:	f382 8812 	msr	BASEPRI_MAX, r2
 8007e56:	f3bf 8f6f 	isb	sy
 8007e5a:	e007      	b.n	8007e6c <z_thread_timeout+0x28>
		z_sched_wake_thread_locked(thread);
 8007e5c:	4628      	mov	r0, r5
 8007e5e:	f7ff ffd7 	bl	8007e10 <z_sched_wake_thread_locked>
  __ASM volatile ("MSR basepri, %0" : : "r" (basePri) : "memory");
 8007e62:	f384 8811 	msr	BASEPRI, r4
 8007e66:	f3bf 8f6f 	isb	sy
	K_SPINLOCK(&_sched_spinlock) {
 8007e6a:	2301      	movs	r3, #1
 8007e6c:	2b00      	cmp	r3, #0
 8007e6e:	d0f5      	beq.n	8007e5c <z_thread_timeout+0x18>
}
 8007e70:	bd38      	pop	{r3, r4, r5, pc}

08007e72 <z_unpend1_no_timeout>:
{
 8007e72:	4601      	mov	r1, r0
	K_SPINLOCK(&_sched_spinlock) {
 8007e74:	2300      	movs	r3, #0
  __ASM volatile ("MRS %0, basepri" : "=r" (result) );
 8007e76:	f3ef 8c11 	mrs	ip, BASEPRI
  __ASM volatile ("MSR basepri_max, %0" : : "r" (basePri) : "memory");
 8007e7a:	2210      	movs	r2, #16
 8007e7c:	f382 8812 	msr	BASEPRI_MAX, r2
 8007e80:	f3bf 8f6f 	isb	sy
	struct k_thread *thread = NULL;
 8007e84:	4618      	mov	r0, r3
 8007e86:	e005      	b.n	8007e94 <z_unpend1_no_timeout+0x22>
	struct k_thread *thread = NULL;
 8007e88:	2000      	movs	r0, #0
  __ASM volatile ("MSR basepri, %0" : : "r" (basePri) : "memory");
 8007e8a:	f38c 8811 	msr	BASEPRI, ip
 8007e8e:	f3bf 8f6f 	isb	sy
	K_SPINLOCK(&_sched_spinlock) {
 8007e92:	2301      	movs	r3, #1
 8007e94:	b98b      	cbnz	r3, 8007eba <z_unpend1_no_timeout+0x48>
	return list->head == list;
 8007e96:	6808      	ldr	r0, [r1, #0]
	return sys_dlist_is_empty(list) ? NULL : list->head;
 8007e98:	4281      	cmp	r1, r0
 8007e9a:	d0f5      	beq.n	8007e88 <z_unpend1_no_timeout+0x16>
	if (n != NULL) {
 8007e9c:	2800      	cmp	r0, #0
 8007e9e:	d0f4      	beq.n	8007e8a <z_unpend1_no_timeout+0x18>
	sys_dnode_t *const prev = node->prev;
 8007ea0:	6842      	ldr	r2, [r0, #4]
	sys_dnode_t *const next = node->next;
 8007ea2:	6803      	ldr	r3, [r0, #0]
	prev->next = next;
 8007ea4:	6013      	str	r3, [r2, #0]
	next->prev = prev;
 8007ea6:	605a      	str	r2, [r3, #4]
	node->next = NULL;
 8007ea8:	2300      	movs	r3, #0
 8007eaa:	6003      	str	r3, [r0, #0]
	node->prev = NULL;
 8007eac:	6043      	str	r3, [r0, #4]
	thread->base.thread_state &= ~_THREAD_PENDING;
 8007eae:	7c02      	ldrb	r2, [r0, #16]
 8007eb0:	f022 0202 	bic.w	r2, r2, #2
 8007eb4:	7402      	strb	r2, [r0, #16]
 8007eb6:	6083      	str	r3, [r0, #8]
}
 8007eb8:	e7e7      	b.n	8007e8a <z_unpend1_no_timeout+0x18>
}
 8007eba:	4770      	bx	lr

08007ebc <z_reschedule>:
{
 8007ebc:	b508      	push	{r3, lr}
	reschedule(lock, key);
 8007ebe:	f7fc fc83 	bl	80047c8 <reschedule>
}
 8007ec2:	bd08      	pop	{r3, pc}

08007ec4 <init_ready_q>:
	_priq_run_init(&ready_q->runq);
 8007ec4:	1d03      	adds	r3, r0, #4
	list->head = (sys_dnode_t *)list;
 8007ec6:	6043      	str	r3, [r0, #4]
	list->tail = (sys_dnode_t *)list;
 8007ec8:	6083      	str	r3, [r0, #8]
}
 8007eca:	4770      	bx	lr

08007ecc <remove_timeout>:
{
 8007ecc:	b510      	push	{r4, lr}
 8007ece:	4604      	mov	r4, r0
	if (next(t) != NULL) {
 8007ed0:	f7fd f8cc 	bl	800506c <next>
 8007ed4:	b148      	cbz	r0, 8007eea <remove_timeout+0x1e>
 8007ed6:	4602      	mov	r2, r0
		next(t)->dticks += t->dticks;
 8007ed8:	6903      	ldr	r3, [r0, #16]
 8007eda:	6941      	ldr	r1, [r0, #20]
 8007edc:	6920      	ldr	r0, [r4, #16]
 8007ede:	181b      	adds	r3, r3, r0
 8007ee0:	6960      	ldr	r0, [r4, #20]
 8007ee2:	eb41 0100 	adc.w	r1, r1, r0
 8007ee6:	6113      	str	r3, [r2, #16]
 8007ee8:	6151      	str	r1, [r2, #20]
	sys_dnode_t *const prev = node->prev;
 8007eea:	6862      	ldr	r2, [r4, #4]
	sys_dnode_t *const next = node->next;
 8007eec:	6823      	ldr	r3, [r4, #0]
	prev->next = next;
 8007eee:	6013      	str	r3, [r2, #0]
	next->prev = prev;
 8007ef0:	605a      	str	r2, [r3, #4]
	node->next = NULL;
 8007ef2:	2300      	movs	r3, #0
 8007ef4:	6023      	str	r3, [r4, #0]
	node->prev = NULL;
 8007ef6:	6063      	str	r3, [r4, #4]
}
 8007ef8:	bd10      	pop	{r4, pc}

08007efa <next_timeout>:
{
 8007efa:	b510      	push	{r4, lr}
 8007efc:	4604      	mov	r4, r0
	struct _timeout *to = first();
 8007efe:	f7fd f8ab 	bl	8005058 <first>
	if ((to == NULL) ||
 8007f02:	b178      	cbz	r0, 8007f24 <next_timeout+0x2a>
	    ((int64_t)(to->dticks - ticks_elapsed) > (int64_t)INT_MAX)) {
 8007f04:	6903      	ldr	r3, [r0, #16]
 8007f06:	6942      	ldr	r2, [r0, #20]
 8007f08:	1b1b      	subs	r3, r3, r4
 8007f0a:	eb62 72e4 	sbc.w	r2, r2, r4, asr #31
	if ((to == NULL) ||
 8007f0e:	f1b3 4f00 	cmp.w	r3, #2147483648	@ 0x80000000
 8007f12:	f172 0100 	sbcs.w	r1, r2, #0
 8007f16:	da08      	bge.n	8007f2a <next_timeout+0x30>
		ret = max(0, to->dticks - ticks_elapsed);
 8007f18:	2a00      	cmp	r2, #0
 8007f1a:	db01      	blt.n	8007f20 <next_timeout+0x26>
 8007f1c:	4618      	mov	r0, r3
}
 8007f1e:	bd10      	pop	{r4, pc}
		ret = max(0, to->dticks - ticks_elapsed);
 8007f20:	2300      	movs	r3, #0
 8007f22:	e7fb      	b.n	8007f1c <next_timeout+0x22>
		ret = SYS_CLOCK_MAX_WAIT;
 8007f24:	f06f 4000 	mvn.w	r0, #2147483648	@ 0x80000000
 8007f28:	e7f9      	b.n	8007f1e <next_timeout+0x24>
 8007f2a:	f06f 4000 	mvn.w	r0, #2147483648	@ 0x80000000
	return ret;
 8007f2e:	e7f6      	b.n	8007f1e <next_timeout+0x24>

08007f30 <z_abort_timeout>:
{
 8007f30:	e92d 41f0 	stmdb	sp!, {r4, r5, r6, r7, r8, lr}
 8007f34:	4604      	mov	r4, r0
	K_SPINLOCK(&timeout_lock) {
 8007f36:	2500      	movs	r5, #0
  __ASM volatile ("MRS %0, basepri" : "=r" (result) );
 8007f38:	f3ef 8711 	mrs	r7, BASEPRI
  __ASM volatile ("MSR basepri_max, %0" : : "r" (basePri) : "memory");
 8007f3c:	2310      	movs	r3, #16
 8007f3e:	f383 8812 	msr	BASEPRI_MAX, r3
 8007f42:	f3bf 8f6f 	isb	sy
	int ret = -EINVAL;
 8007f46:	f06f 0015 	mvn.w	r0, #21
 8007f4a:	e014      	b.n	8007f76 <z_abort_timeout+0x46>
				sys_clock_set_timeout(next_timeout(elapsed()), false);
 8007f4c:	f7fd f89a 	bl	8005084 <elapsed>
 8007f50:	f7ff ffd3 	bl	8007efa <next_timeout>
 8007f54:	2100      	movs	r1, #0
 8007f56:	f7fb ff41 	bl	8003ddc <sys_clock_set_timeout>
			ret = 0;
 8007f5a:	4640      	mov	r0, r8
 8007f5c:	e006      	b.n	8007f6c <z_abort_timeout+0x3c>
		} else if (to->dticks == TIMEOUT_DTICKS_ANNOUNCING) {
 8007f5e:	6922      	ldr	r2, [r4, #16]
 8007f60:	6963      	ldr	r3, [r4, #20]
 8007f62:	f1b3 4f00 	cmp.w	r3, #2147483648	@ 0x80000000
 8007f66:	bf08      	it	eq
 8007f68:	2a01      	cmpeq	r2, #1
 8007f6a:	d018      	beq.n	8007f9e <z_abort_timeout+0x6e>
  __ASM volatile ("MSR basepri, %0" : : "r" (basePri) : "memory");
 8007f6c:	f387 8811 	msr	BASEPRI, r7
 8007f70:	f3bf 8f6f 	isb	sy
	K_SPINLOCK(&timeout_lock) {
 8007f74:	2501      	movs	r5, #1
 8007f76:	46a8      	mov	r8, r5
 8007f78:	b9bd      	cbnz	r5, 8007faa <z_abort_timeout+0x7a>
	return node->next != NULL;
 8007f7a:	6823      	ldr	r3, [r4, #0]
		if (sys_dnode_is_linked(&to->node)) {
 8007f7c:	2b00      	cmp	r3, #0
 8007f7e:	d0ee      	beq.n	8007f5e <z_abort_timeout+0x2e>
			bool is_first = (to == first());
 8007f80:	f7fd f86a 	bl	8005058 <first>
 8007f84:	4606      	mov	r6, r0
			remove_timeout(to);
 8007f86:	4620      	mov	r0, r4
 8007f88:	f7ff ffa0 	bl	8007ecc <remove_timeout>
			to->dticks = TIMEOUT_DTICKS_ABORTED;
 8007f8c:	2200      	movs	r2, #0
 8007f8e:	f04f 4300 	mov.w	r3, #2147483648	@ 0x80000000
 8007f92:	e9c4 2304 	strd	r2, r3, [r4, #16]
			if (is_first) {
 8007f96:	42a6      	cmp	r6, r4
 8007f98:	d0d8      	beq.n	8007f4c <z_abort_timeout+0x1c>
			ret = 0;
 8007f9a:	4628      	mov	r0, r5
 8007f9c:	e7e6      	b.n	8007f6c <z_abort_timeout+0x3c>
			to->dticks = TIMEOUT_DTICKS_ABORTED;
 8007f9e:	2200      	movs	r2, #0
 8007fa0:	f04f 4300 	mov.w	r3, #2147483648	@ 0x80000000
 8007fa4:	e9c4 2304 	strd	r2, r3, [r4, #16]
 8007fa8:	e7e0      	b.n	8007f6c <z_abort_timeout+0x3c>
}
 8007faa:	e8bd 81f0 	ldmia.w	sp!, {r4, r5, r6, r7, r8, pc}

08007fae <sys_clock_tick_get_32>:

uint32_t sys_clock_tick_get_32(void)
{
 8007fae:	b508      	push	{r3, lr}
#ifdef CONFIG_TICKLESS_KERNEL
	return (uint32_t)sys_clock_tick_get();
 8007fb0:	f7fd f970 	bl	8005294 <sys_clock_tick_get>
#else
	return (uint32_t)curr_tick;
#endif /* CONFIG_TICKLESS_KERNEL */
}
 8007fb4:	bd08      	pop	{r3, pc}

08007fb6 <z_impl_k_uptime_ticks>:

int64_t z_impl_k_uptime_ticks(void)
{
 8007fb6:	b508      	push	{r3, lr}
	return sys_clock_tick_get();
 8007fb8:	f7fd f96c 	bl	8005294 <sys_clock_tick_get>
}
 8007fbc:	bd08      	pop	{r3, pc}

08007fbe <k_timer_init>:
	timer->expiry_fn = expiry_fn;
 8007fbe:	6201      	str	r1, [r0, #32]
	timer->stop_fn = stop_fn;
 8007fc0:	6242      	str	r2, [r0, #36]	@ 0x24
	timer->status = 0U;
 8007fc2:	2300      	movs	r3, #0
 8007fc4:	6303      	str	r3, [r0, #48]	@ 0x30
	sys_dlist_init(&w->waitq);
 8007fc6:	f100 0218 	add.w	r2, r0, #24
	list->head = (sys_dnode_t *)list;
 8007fca:	6182      	str	r2, [r0, #24]
	list->tail = (sys_dnode_t *)list;
 8007fcc:	61c2      	str	r2, [r0, #28]
	node->next = NULL;
 8007fce:	6003      	str	r3, [r0, #0]
	node->prev = NULL;
 8007fd0:	6043      	str	r3, [r0, #4]
	timer->user_data = NULL;
 8007fd2:	6343      	str	r3, [r0, #52]	@ 0x34
}
 8007fd4:	4770      	bx	lr
	...
