:020000040800F2
:10000000C01A0020512600081F6F00083D26000876
:100010003D2600083D2600083D260008000000009F
:100020000000000000000000000000009126000811
:100030003D2600080000000079280008753D0008F2
:1000400011290008112900081129000811290008A8
:100050001129000811290008112900081129000898
:100060001129000811290008112900081129000888
:100070001129000811290008112900081129000878
:100080001129000811290008112900081129000868
:100090001129000811290008112900081129000858
:1000A0001129000811290008112900081129000848
:1000B0001129000811290008112900081129000838
:1000C0001129000811290008112900081129000828
:1000D0001129000811290008112900081129000818
:1000E0001129000811290008112900081129000808
:1000F00011290008112900081129000811290008F8
:1001000011290008112900081129000811290008E7
:1001100011290008112900081129000811290008D7
:1001200011290008112900081129000811290008C7
:1001300011290008112900081129000811290008B7
:1001400011290008112900081129000811290008A7
:100150001129000811290008112900081129000897
:08016000112900081129000813
:1001800030B490F800F020F007016FF0000C10F090
:10019000070491F820F040F048804FF000046FF021
:1001A0000700D1E9002391F840F000F1080082FA3D
:1001B0004CF2A4FA8CF283FA4CF3A2FA8CF34BBB08
:1001C000D1E9022382FA4CF200F10800A4FA8CF281
:1001D00083FA4CF3A2FA8CF3E3B9D1E9042382FA4F
:1001E0004CF200F10800A4FA8CF283FA4CF3A2FA64
:1001F0008CF37BB9D1E9062301F1200182FA4CF29C
:1002000000F10800A4FA8CF283FA4CF3A2FA8CF302
:10021000002BC6D0002A04BF04301A4612BAB2FA24
:1002200082F200EBD20030BC7047D1E9002304F029
:100230000305C4F100004FEAC50514F0040F91F85E
:1002400040F00CFA05F562EA05021CBF63EA0503FB
:1002500062464FF00004AAE7844641EA000313F027
:1002600003036DD1403A41D351F8043B40F8043BBD
:1002700051F8043B40F8043B51F8043B40F8043B80
:1002800051F8043B40F8043B51F8043B40F8043B70
:1002900051F8043B40F8043B51F8043B40F8043B60
:1002A00051F8043B40F8043B51F8043B40F8043B50
:1002B00051F8043B40F8043B51F8043B40F8043B40
:1002C00051F8043B40F8043B51F8043B40F8043B30
:1002D00051F8043B40F8043B51F8043B40F8043B20
:1002E00051F8043B40F8043B403ABDD2303211D3C0
:1002F00051F8043B40F8043B51F8043B40F8043B00
:1003000051F8043B40F8043B51F8043B40F8043BEF
:10031000103AEDD20C3205D351F8043B40F8043BBF
:10032000043AF9D2043208D0D2071CBF11F8013BBD
:1003300000F8013B01D30B8803806046704700BF83
:10034000082A13D38B078DD010F003038AD0C3F192
:100350000403D21ADB071CBF11F8013B00F8013B74
:1003600080D331F8023B20F8023B7BE7043AD9D333
:10037000013A11F8013B00F8013BF9D20B78037008
:100380004B7843708B7883706046704753B94AB995
:10039000002908BF00281CBF4FF0FF314FF0FF308D
:1003A00000F00CB8ADF1080C6DE904CE00F008F8CF
:1003B000DDF804E0DDE9022304B07047704700BFB8
:1003C0002DE9F0478C468E46089E15460446194690
:1003D000002B40F0D080724547D9B2FA82F74FB176
:1003E000C7F120030EFA07FC20FA03F3BD4043EAED
:1003F0000C0CBC404FEA154EA8B2BCFBFEF8230C17
:100400000EFB18CC08FB00F943EA0C43994528D9A8
:10041000EB1808F1FF3204D2994502D9A8F1020283
:100420002B44A3EB0903A4B2B3FBFEFC0EFB1C336D
:100430000CFB00F044EA0344A04214D92C190CF13F
:10044000FF3304D2A04202D9ACF102032C44241A97
:1004500043EA02401EB1FC40002334607360BDE8F3
:10046000F0874246DDE76346F1E7002A79D0B2FA29
:1004700082F3002B3FD01946C1F1200302FA01F5A7
:100480002EFA03F20EFA01FE20FA03F343EA0E03FA
:100490004FEA154E00FA01F4B2FBFEFCAFB20EFBC0
:1004A0001C201A0C0CFB07F842EA004290455AD96E
:1004B000AA180CF1FF3004D2904502D9ACF1020029
:1004C0002A44A2EB08029BB2B2FBFEFC0EFB1C22EC
:1004D0000CFB07F743EA02439F4246D9EB180CF1A5
:1004E000FF3204D29F4202D9ACF102022B44DB1B43
:1004F00042EA004202E0AEEB020301224FEA154E4F
:10050000AFB2B3FBFEFC200C0EFB1C330CFB07F858
:1005100040EA034398452AD9EB180CF1FF3004D286
:10052000984502D9ACF102002B44A3EB0803A4B216
:10053000B3FBFEFC0EFB1C330CFB07F744EA034441
:10054000A74216D92C190CF1FF3304D2A74202D9C5
:10055000ACF102032C44E41B43EA00400F46114671
:1005600078E71F2188E76046ABE76246BFE7604651
:10057000DBE76346EFE7734506D916B90021084665
:100580006DE7C6E9000EF9E7B3FA83F787B973455B
:1005900001D3824207D8841A6EEB030301209C46E4
:1005A0001EB900215BE73846FAE7C6E9004CF8E7D8
:1005B000C7F1200CBB4022FA0CF51D4320FA0CF1C8
:1005C0002EFA0CF30EFA07FE41EA0E014FEA154926
:1005D00000FA07F4B3FBF9F81FFA85FE09FB18309F
:1005E0000B0C08FB0EFA43EA00439A4502FA07F2A5
:1005F00040D9EB1808F1FF3004D29A4502D9A8F18E
:1006000002002B44A3EB0A0389B2B3FBF9F809FB00
:10061000183308FB0EFE41EA03418E452CD96918B8
:1006200008F1FF3304D28E4502D9A8F10203294410
:1006300043EA0040A0FB0298A1EB0E014145CE46E3
:10064000434602D306D14C4504D2B9EB020E68EB07
:1006500005030138002EA4D0B4EB0E0261EB0301B8
:1006600001FA0CFC22FA07F34CEA0303F940C6E94D
:10067000003196E74046C5E74346D9E708B5034948
:10068000034804F0C7FF002008BD00BF88850008AC
:10069000A48500082DE9F04F91B00592039313460D
:1006A00002F004020092C3F3C20210F003030193AC
:1006B00040F01B82074689460132041D002848D0BD
:1006C000072940F21582039B5D1EDDF804B0CDF8CA
:1006D00010B0CDF818B000264FF0FF3A4FF00408E4
:1006E000CDF808B0C3460FB1039B2360531E079398
:1006F000002A40F35D81059B13F0020226D0012001
:10070000E11B8B081AB1B1F5007F80F0F7810299E7
:100710000F2900F2F681002F00F05B81DBB201F1BE
:1007200040026A4402F8103C02F820AC002800F0B5
:100730004C8163F07F0301F140026A4402F8103CEF
:10074000049B01330493029B01330293043400227F
:100750003EE001F007031C44C3F10809B3E700269B
:1007600035E0002633E0002631E04FF00808C346AC
:100770002DE025292BD10AF1010A01264FF00408AA
:10078000C34624E04729ECD82A2912D32A39C9B212
:10079000012000FA01F14FF6DA70014217D111F091
:1007A000625F40F0C38011F0010F40F08D800026A1
:1007B0000DE0252903D10AF1FF3A002607E0D2D83F
:1007C000202904D0232902D0002600E000261D465F
:1007D0006B1C6978002900F01581002EC9D07A2998
:1007E000BDD84C29CED34C392E29EFD801A050F8D2
:1007F00021F000BFCF070008CD070008CD07000893
:10080000CD070008CD070008CD070008CD07000878
:10081000CD070008CD070008CD070008CD07000868
:10082000CD070008C1080008CD070008CD07000863
:10083000CD070008CD070008CD070008CD07000848
:10084000CD070008CD0700082D090008CD070008D6
:10085000C1080008C10800082D0900082D0900087A
:100860002D090008CF070008C10800086B07000821
:10087000CD070008CF070008CD0700088B09000846
:10088000C10800088B090008CD070008CD07000843
:1008900095090008B9080008C1080008CD0700083C
:1008A000CD070008C1080008CD070008B1080008FE
:1008B0004FF00408C3468AE74FF00408C34686E7B2
:1008C00029786C2924D000264444013CB4FBF8F478
:1008D00008FB04F427B1E11B5944494500F20B81A0
:1008E000002A5DD1BBF1040F00F08480BBF1080F3A
:1008F00040F00A811A99073121F0070101F108003F
:100900001A90D1E900010FB1C4E9000108345EE793
:1009100013F8021C6C2904D000264FF00408C346CB
:10092000D2E700264FF00808C346CDE729784C29C6
:100930001BD01A99073121F0070101F108001A9024
:10094000D1E90001073424F0070447B1E61B08365B
:100950004E4514D82D784C2D14D0C4E9000108342C
:1009600000264FF00808C34631E71A99073121F0F5
:10097000070101F108001A90D1E90001E2E76FF0E8
:100980001B00AFE0C4E90001E9E700264FF00408CE
:10099000C34699E7324600264FF00408C34693E762
:1009A0001A9A111D1A9112680392079A1D469AE627
:1009B0005B4B039A9A4203D35A4B9A42FFF49BAE85
:1009C000059B03F0020200209AE6069B0133069382
:1009D000B9E610B109F10109B5E6009B13B109F1BF
:1009E0000209B0E60398FFF7CBFB09EB000303F124
:1009F0000209A8E61A99081D1A90096807B1216032
:100A00000434E4E6DDF808B0E31BB3F5806F7ED272
:100A100087B100223A609B083B70009B73B1069B34
:100A2000FB70049BBB700BBB019DDDF810A0DDF8D3
:100A30000C803AE04B44A3F1080053E0069B7B7026
:100A4000EFE701339B45EFD903F140026A4412F806
:100A5000101C12F9102C002AF3DA01F07F01E21BBE
:100A600001324A4556D804F8011BEAE7019BE9E741
:100A7000009B3BB305F140036B4413F8203C04F8A2
:100A8000013B019EE31B334401334B4545D805F13F
:100A900040036B4413F8103C04F8013B32464146D6
:100AA0002046FFF7D9FB34440135AB4519D9BAF1DB
:100AB000000FDDD005F140036B4413F9103C002B0F
:100AC000D6DAF1E705F140036B4413F8103C57F810
:100AD0002380002247F823204046FFF751FB461CA5
:100AE000D0E7E01B11B0BDE8F08F6FF00D00F9E723
:100AF0006FF01B00F6E76FF01B00F3E76FF01500D7
:100B0000F0E76FF01500EDE76FF01500EAE76FF022
:100B10001500E7E76FF01B00E4E76FF01B00E1E76B
:100B2000E07F00088C9500082DE9F04F97B000AFEA
:100B30008346BA617B61D7F88030C3F3C0033B6260
:100B4000F96011B905F093FBF8609BF80260B146BB
:100B500036B1D7F8803013F0010F29D1002300E01F
:100B600000239BF803207A6222B1D7F8802012F08C
:100B7000020F00D1F3B19BF80050AA00BA60DBF875
:100B800004203A610BEB8505BA69FAB1002B40F0FD
:100B90000581B9F1000F00F00F81D7F8803013F014
:100BA000040F00F00C81FE61002607F13400F9E02B
:100BB0000123D6E7BB691BB17A69F96858469847A3
:100BC000FC6820465C37BD46BDE8F08FFC68E3B9A1
:100BD0004D4400237B6123E00444013501364E453A
:100BE0001AD22A7800235BF822201946B86905F04A
:100BF00053FBBAF1000FEFD0D7F888309845EBD20D
:100C00002AF8180008F10108E6E70026C7F81C805A
:100C1000B046D7F884A0E2E7C7F81480D7F81C8064
:100C2000D7F8803003F00503FB604FF0000AA146BF
:100C3000C7F81CB09CE000253B6A7BB9002D79D039
:100C4000D7F8803013F0010F79D1FB68002B6FD1FA
:100C50000223A9EB030988E00125EDE7594638692D
:100C600005F060FB0028E9D06C46002387F82C30A3
:100C7000022387F82D308AB0694611F1100237D06F
:100C800012251AB1042D01DDB14B4B61002387F809
:100C90002830022387F829306ABB112D45DD122345
:100CA00062B1042087F82C00002087F82D0087F817
:100CB0002E00012087F82F00F86A086128F001084B
:100CC00028F0020828F0040828F03808022161F30F
:100CD0008818C3F30A0363F35328C8F313080023E7
:100CE00041469C4800F056FDA546A9F102093CE0AA
:100CF0006FF00045C5E72B46082D01DD3869886196
:100D00000C2B01DDC1F81CB001F12003002009E02B
:100D100000F1300C07F1280EF4441CF830CC03F835
:100D200001CB01300128F3D9B7E76FF01B03B7E718
:100D300001238EE7D7F8803013F0020F15D000237F
:100D400022461946B86905F0A7FAD7F8843053B19E
:100D50007B69D7F88820934205D2D7F8842022F8FF
:100D6000130001337B61013881440AF1010A3546E1
:100D70007B6A9A4510D22E4616F802BB6B78FA6948
:100D800052F82340744B9C42FFF455AF734B9C4286
:100D9000FFF462AF00254FE74C4612E707F144002D
:100DA0000023FB614A462946FFF756FA4D444FF0AF
:100DB0000008C7F804901BE00026FE61F6E7002655
:100DC000FE61F3E700253B6A33BB002D3BD0D7F82B
:100DD000803013F0010F26D0731C06F1300207F1AA
:100DE0002801561806F8149CDEB208F101082546C1
:100DF0007B6A98454AD22C4614F802AB95F80190CC
:100E00005BF82930544A9342DCD3544A934201D3CD
:100E10000025D8E70125D6E75146386905F082FA62
:100E20000028D2D0E1E7D7F8803013F0040FDCD0EF
:100E3000FA69531C303207F128010A4402F8249C55
:100E4000DBB2FB61D1E7D7F8803013F0020F09D095
:100E5000731C06F1300207F12801561806F8149C9D
:100E6000DEB2C2E7F869431C00F1300107F1280245
:100E70008A1802F824AC02460232D2B2FA6107F1B3
:100E8000580252FA83F303F8249CAEE7D7F8049093
:100E90009BF8003087F854309BF80130334487F8D2
:100EA0005530D7F8803013F0020F0ED1FB69C3F331
:100EB000470387F85730D7F8803013F0010F06D179
:100EC00013F0040F3ED1002302E00023F1E70023DA
:100ED00087F85630DBF800003863786DCBF80000F7
:100EE000D7F814804246B9685846D7F818A0D047BA
:100EF000041EFFF666AE386BCBF80000C7F814800E
:100F00004246F96907F13400D04700285FDB04EB63
:100F10000008B96849447B6A01EB4301D7F8149093
:100F20004A46FB68591A2846D047041EFFF649AEC8
:100F300008EB04054FF00008C7F824B0B346544648
:100F4000CA4622E0FB69C3E74FF000090AE000BF90
:100F5000C0850008C4840008E07F00088C95000864
:100F60004FF000095246012107F12C00A04700284C
:100F70002FDB05444B4632465146204605F08CF99E
:100F8000002828DB054408F10108D84518D208F1EB
:100F9000300307F12802134413F8143C87F82C306F
:100FA0007A6A52F82360D7F88430002BCCD0D7F877
:100FB00088309845D4D2D7F8843033F81890D1E7E8
:100FC0007A6900210846BB6998472C46F9E5044632
:100FD000F7E50446F5E50446F3E500BF014B18606C
:100FE000704700BF0000002080B505460E4617463A
:100FF000984603F0CBFE034601F09AFC0446DFF866
:10100000189049F80030424639463046A84754F80F
:10101000090001F017FC00BF08000000034A5368F4
:1010200023F0020353600020704700BF002004E05B
:1010300008B50B4641680C31012B14D00AD833B9DE
:101040000F4B9B685B68C3B10D48984707E06FF092
:10105000850004E0023BDBB2012B01D8002008BD73
:101060006FF08500FBE7064B9B681B6813B10448D3
:101070009847F4E76FF05700F1E76FF05700EEE79D
:101080008080000808B5024905F08EFC08BD00BF4D
:101090003110000810B5192808D8064B53F8204025
:1010A000204606F08AFD18B1204610BD0024FBE75B
:1010B0000024F9E750910008084B1A6842F4807246
:1010C0001A601A6842F400721A601A6842F4806268
:1010D0001A60034B034A1A60704700BF003C02408D
:1010E000540000200024F40038B505460B4C00E005
:1010F00010340B4B9C420FD263685B79002BF7D006
:101100002946204605F04DFD0028F1D023681B68D4
:10111000294620469847EBE738BD00BF2C850008DC
:101120003C85000870B506460D46084C00E01034BA
:10113000074B9C4208D223689B69002BF7D02A46B4
:10114000314620469847F2E770BD00BF2C85000865
:101150003C85000808B506F02EFF0022431819D27E
:1011600013440D4AA2FB03CE2EF0030C0CEB9E0C95
:10117000A3EB0C03C01A61F100014FF0CC3300FB6C
:1011800003F302FB0133A0FB02021344400840EAD0
:10119000C37008BD0122E3E7CDCCCCCC2DE9F041F2
:1011A000074605460AE007EA0807144B03EB061357
:1011B0005B6804221968204605F033FDD5B195FA25
:1011C000A5F6B6FA86F60D4C04EB06140123B340DF
:1011D0006FEA030825EA0305237B002BEED03301D9
:1011E000064AD3581B69002BDDD0204698470028BB
:1011F000E4D1D8E73846BDE8F08100BF2C8500086F
:101200002DE9F04180460F461F4BBFF35B8F53E83B
:10121000005F6A1C43E800210029F8D1BFF35B8F0F
:101220006DBB1A4C002607E063680422196820464B
:1012300005F0F7FC01361034154B9C4211D2237B8C
:10124000002BF7D0204605F0A0FC23681B69002B7B
:10125000EAD0204698470028E6D00123B3401D433A
:10126000E8E7B8F1000F0BD055B12846FFF796FF1D
:101270000546002FF8D00A2005F095FCF4E700257C
:101280002846BDE8F08100BF940800202C850008A6
:101290003C85000808B5064B186018B1054B1B6863
:1012A000092B00DC08BD044803F084F9FAE700BF0D
:1012B0008808002090080020BC00002008B50248E3
:1012C00003F078F908BD00BFBC00002030B589B03C
:1012D00000220F490F4806F072FE0F4D0022002336
:1012E000CDE90623002404940E2303930294019471
:1012F00000940A4B4FF440720949284606F0CAFC94
:101300000849284603F0C2F9204609B030BD00BFA5
:10131000BD12000888050020D0000020BD1600087E
:10132000C009002018870008014B53F820007047BF
:10133000CC91000848B108B5054A1060054B19600A
:10134000084600F021FD002008BD6FF01500704731
:10135000040000208408002008B5054B1B781BB151
:10136000034B01221A7008BD024803F023F9F7E786
:10137000A4090020BC00002008B5104BBFF35B8F10
:1013800053E8001F013143E80012002AF8D1BFF3EF
:101390005B8F30B90A4804F069F80A4803F00AF98B
:1013A00008BD094BBFF35B8F53E8001F013943E8C9
:1013B0000012002AF8D1BFF35B8FEBE78C08002006
:1013C00088050020BC00002090080020064B002269
:1013D000BFF35B8F53E8000F43E800210029F9D1E8
:1013E000BFF35B8F704700BF8C08002038B5FFF754
:1013F000EDFF0546094C00E01034094B9C420BD22E
:1014000063685B79002BF7D023685B68002BF3D00F
:10141000294620469847EFE738BD00BF2C850008D5
:101420003C850008034B18680028D4BF0020012029
:10143000704700BF8C08002010B5044C04492046BA
:1014400005F000F9034B1C6010BD00BF80000020B8
:10145000B89100088008002008B500230C4A1370DA
:101460000C4A13600C4A13604FF47A710B48FFF773
:1014700061FFFFF7E1FF0A4A06E0094BD31A1B118F
:10148000013351680B711032064B9A42F5D308BDF7
:10149000A50900208C0800209008002055110008A4
:1014A0002C8500083C85000808B50146014805F078
:1014B0008AFB08BD8000002008B5024805F0A5F9A8
:1014C00008BD00BF8000002008B50146024B186827
:1014D00005F07FFB08BD00BF8008002008B502486A
:1014E00005F07BFB08BD00BF8000002010B582B076
:1014F00000220023CDE90023304B187808B902B050
:1015000010BD684605F081FB044680B1FFF7ECFD95
:101510002046FFF7D9FF2A4BBFF35B8F53E8001F2C
:10152000013943E80012002AF8D1BFF35B8FFFF7BF
:1015300079FF70B9234A1368516813F57A7341F142
:10154000000113605160A4B3FFF7C8FF98B30120F6
:10155000D5E706F030FD0022431828D213441A4A7A
:10156000A2FB03CE2EF0030C0CEB9E0CA3EB0C03A2
:10157000C01A61F100014FF0CC3300FB03F302FB12
:101580000133A0FB02021344400840EAC3705B0829
:101590000C490A684968801A63EB010340F2E9329A
:1015A000904273F10003C5D3FFF720FFC2E7012289
:1015B000D4E70020A3E70020A1E700BFA409002092
:1015C0009008002080050020CDCCCCCC0F4B1B78A0
:1015D00003B1704710B500210120FFF711FE0C4C3C
:1015E00000E010340B4B9C4208D263685B79002BFF
:1015F000F7D023689B6820469847F2E7FFF776FF0D
:101600000028FBD1014B01221A7010BDA509002052
:101610002C8500083C85000810B582B01A4BBFF33A
:101620005B8F53E8002F511C43E800100028F8D1CD
:10163000BFF35B8F154B1B7863B9154B1B68B3B1B8
:10164000BAB1092A13D1134803F010FF124802F06F
:10165000B1FF0CE0EFF31184102383F31288BFF382
:101660006F8FFFF743FF84F31188BFF36F8F02B0D2
:1016700010BD00220023CDE9002342F210720023A6
:10168000044803F0B9FEF2E790080020A509002005
:101690008808002088050020BC00002010B5044602
:1016A000044B1B689847A0602146034805F0B1FA37
:1016B00010BD00BF04000020800000202DE9F04193
:1016C00000210846FFF79CFD804650B14FF4FA76A2
:1016D000002701F02DF9154B1858FFF7DBFD002509
:1016E00015E04FF0FF364FF0FF37F2E74046FFF7C7
:1016F00055FD804670B94FF0FF364FF0FF3709E0D7
:101700002C4632463B460A4802F08AFF2546B8F18D
:10171000000FEBD1FFF7EAFE04460028F6D1002DBA
:10172000EED000210846FFF7FDFCEAE708000000C4
:10173000BC0000200248034BC01AC008704700BF1D
:101740002C850008C484000810B50C46FFF7F2FF92
:10175000A04203D9024B53F8340010BD0020FCE72F
:10176000C484000800B589B005920693002307934E
:1017700062B1074A0C9B02930B9B01930A9B009357
:1017800005ABFFF7D1F909B05DF804FB0022F1E7E2
:10179000396C00082DE9F04F8BB004AF05461E46AA
:1017A0008846C1F34A24002C00F08980914600222B
:1017B000FA603A617A6104230293FB1801930A23C9
:1017C000009307F10C0321464846FFF7ADF9B0F549
:1017D000006F58D3D9F804106D4600233B730223E1
:1017E0007B738AB004AC14F1100217D012201AB126
:1017F000042801DD3B4B636100233B7002237B70B7
:10180000CAB10346082800DDA1610C2B02DD40F2BD
:10181000FF73E36104F1200300210AE06FF0004050
:10182000E5E701F118063E4416F8186C03F8016B61
:1018300001310129F5D9112822DD122342B10421F9
:10184000397300217973B9730121F973F868206144
:10185000002121F0010121F0020121F0040121F019
:101860003801022060F38811C3F30A0363F35321A4
:101870000023C1F313011C4805F054FAAD462DE0D6
:101880006FF01B03DAE760F35328C0F30A0A0AEB90
:101890001850173020F007008008FFF705FE834638
:1018A000B0B104230293FB1801930A23009353461B
:1018B00000F1100221464846FFF754FF08E004EB10
:1018C0001154173424F00704A008FFF7EDFD8346F8
:1018D000334642462946584605F0C7F91C37BD46EF
:1018E000BDE8F08F30870008D48400082DE9F04F60
:1018F00085B081460E4690461F46DDF838B0DDF8CB
:1019000040A0BAF1000F41D0119B039300935346BE
:101910000F9A10210020FEF7BDFE0546B0F5006FBE
:101920002CD20BEB0500173020F0070080080024B4
:1019300024F0010424F0020424F0040469F3C50433
:1019400068F3881465F353246BF31F54FFF7ACFD61
:10195000804650B11030BAF1000F06D0119B0093B1
:1019600053460F9A2946FEF795FE3B4622463146DE
:10197000404605F07AF905B0BDE8F08F40F2FF73FC
:10198000034A0221034805F0C2F9F4E70025C8E73D
:1019900070870008D4840008406820B1034BC01A47
:1019A00040F3CF0070474FF0FF307047C484000809
:1019B0000EB400B582B0014603AB53F8042B01937B
:1019C000034801F0BDF802B05DF804EB03B07047C6
:1019D0005B6D000810B584B011F0440F05D01A4BB0
:1019E0001B6833B9002004B010BD1849FFF7E0FFB1
:1019F000F9E717490968B2FBF1F2B2FBF3FC03FB0C
:101A00001C224FF47A7E0EFB02F2B2FBF3F403FBCE
:101A100014210EFB01F1B1FBF3F10E4AA2FB0C32D3
:101A2000D20A4FF4616303FB12CC0B4BA3FB0CE314
:101A30005B0902910194C3EB0311ACEB81010091AE
:101A40000649FFF7B5FFCEE79C080020A8870008ED
:101A500098080020C5B3A29189888888B4870008B7
:101A600061B108B52AB1064A52F8232012B9054AD5
:101A700000E0044A0449FFF79BFF08BD704700BF20
:101A800004920008D0870008D88700082DE9F041AB
:101A900005461746079EDDF8208081B900242EB147
:101AA000324611492846FFF783FF0444B8F1000F7E
:101AB00014D06FB10B9B042B13D00C4909E00C4BD5
:101AC0000B9A53F822200B49FFF772FF0446E6E712
:101AD000064942462846FFF76BFF04442046BDE80E
:101AE000F0810549F5E700BFF0870008E0870008AE
:101AF00018920008E8870008DC8700082DE9F04FFD
:101B000089B005460C46069207939DF8587001F07F
:101B1000020B01F0010AC1F3C00801F4807905F05D
:101B20007EF838B3024618492846FFF741FF0646BB
:101B3000BBF1000F20D13A465146284605F038F94E
:101B4000B9F1000F01D00023139305979DF854308D
:101B50000493149B0393139B0293129B0193002302
:101B60000093069A41462846FFF790FF304409B09B
:101B7000BDE8F08F0026DBE7079A21462846FFF7ED
:101B800029FF0644D7E700BFF487000811F0100FC3
:101B90000BD108B511F0200F03D00449FFF708FF5F
:101BA00008BD0349FFF704FFFAE77047F88700080C
:101BB000FC8700082DE9F04105460F461646984679
:101BC0000699FFF7E3FF002404E025492846FFF7C4
:101BD000EFFE01344445F8DB002409E020492846A3
:101BE000FFF7E6FE0BE01F492846FFF7E1FE013450
:101BF0000F2C0CDC002C02DD14F0070FEED0B442E9
:101C0000F1D23A5D18492846FFF7D2FEEFE71749AF
:101C10002846FFF7CDFE002409E011492846FFF7CA
:101C2000C7FE0BE012492846FFF7C2FE01340F2C15
:101C300013DC002C02DD14F0070FEED0B44207D203
:101C40003A5D0C4B9B5C13F0970FEBD12E22E9E72A
:101C500003492846FFF7ACFEE8E7BDE8F08100BF86
:101C6000008800080C880008048800081088000814
:101C7000148800088C9400082DE9F04186B00446D1
:101C80009DF838500F9F119E95B9012B21D01A480D
:101C90004FF0000827B13B462246184904F012FBDA
:101CA000DEB91DBB204605F041F806B0BDE8F08165
:101CB00004959DF8340003900C98029001930092D3
:101CC0000B46002212992046FFF718FF80460C4869
:101CD000E0E70B484FF00008DCE7129B0093434617
:101CE00032461099204605F07BF8DAE72A46129929
:101CF000204605F069F8D5E7936D0008412B0008F0
:101D00005B6D00082DE9F04383B00646056842F29A
:101D10000F738B4228BF0B46184A0521684603F013
:101D20008BFC04467368D3F804900B27DFF85080CF
:101D300005E04A4639464046A8473F1A8044002FEE
:101D4000F7D17368D3F804806F4605E04246214618
:101D50003846A847241A0744002CF7D173685F68F7
:101D60001B24084E05E03A4621463046A847241A6F
:101D70000644002CF7D103B0BDE8F08308890008C1
:101D8000F8910008DC910008074B01221A6004E07A
:101D90004008054A13685B001360044B9842F7D86B
:101DA000034B1860704700BF9808002040420F00A6
:101DB0009C08002070B506460D46002405E0315D04
:101DC000044883685B6898470134AC42F7D32846DF
:101DD00070BD00BFB4810008014B03600020704754
:101DE0006092000808B50348034A121A002105F062
:101DF00088F808BDD0000020A809002008B50648D2
:101E0000064A121A064905F080F80648064A121AD0
:101E1000064905F07AF808BD00000020CC0000203B
:101E20008C95000800000020000000208C95000820
:101E30002DE9F04182B000AF0446D0F800E0D0F8C0
:101E400004C085686E468AB06B4613F1100200F03C
:101E5000888014218AB10846042903DDDFF81C813B
:101E6000C3F81480082801DDC3F818E00C2801DD50
:101E7000C3F81CC0102800DD1D62132974DD142571
:101E80003AB10521397100217971B971F971786818
:101E90001861002121F0010121F0020121F004016B
:101EA00021F03801012363F38811C5F30A0565F3B6
:101EB0005321C1F3130100233148FFF76BFCB546F2
:101EC000D4F80CC026696569E8468AB06B4613F100
:101ED00010024CD0142182B10846042903DDDFF83A
:101EE000A4E0C3F814E0082801DDC3F818C00C28EA
:101EF00000DDDE61102800DD1D6213293ADD1425A6
:101F00003AB10521397100217971B971F971786897
:101F10001861002121F0010121F0020121F00401EA
:101F200021F03801012666F38811C5F30A0565F32F
:101F30005321C1F31301124D00232846FFF72AFC59
:101F4000C546E369104A3146284604F0E0FEA3691D
:101F50000E4A3146284604F0DAFE0837BD46BDE891
:101F6000F0816FF0004175E76FF01B0588E76FF0B7
:101F70000041B0E76FF01B05C2E700BF58880008BA
:101F8000F484000888880008B8880008C888000819
:101F900038B504460D4611B10846FFF749FF012C3C
:101FA00004D02946204602F0C5F838BDEFF305837A
:101FB000103B034A0121034804F0A9FEF1E700BFEA
:101FC000F8880008F484000830BFFFF7FDBF00BFA9
:101FD00038B50446054D2A460549FEF73DF9054A40
:101FE0000021601903F080FA38BD00BF0000000036
:101FF000808500080400000070B50646064D074BBA
:102000001D444C1B2046FFF7E3FF083CC6F8A440E4
:1020100005F1080070BD00BF0000000004000000D2
:102020008169104B5A6942F480725A61BFF34F8F35
:10203000BFF36F8F31F8021C5A6922F480725A6123
:10204000BFF34F8FBFF36F8F01F47F43B3F55F4F43
:1020500001D000207047C9B2022901D0002070478A
:102060000120704700ED00E04FF0000C83F800C045
:1020700002F07F4CBCF17F4F14D102F00C0CBCF18C
:10208000080F04D012F0080F09D00846704708B5B1
:10209000054A0121054804F030FE002008BD012258
:1020A0001A707047002070470C890008F4840008FB
:1020B00008B52B4A01212B4804F01FFE2A4B9B6ACE
:1020C00013F0007F21D11D20274B9B6A13F0807FE6
:1020D00022D1254B9B6A13F4002F24D1224B9B6AFB
:1020E00013F4802F26D1204B9B6A13F4003F28D194
:1020F0001D4B9B6A13F4803F2AD11B4A936A6FEAF7
:1021000003436FEA1343936208BD184A012115483F
:1021100004F0F3FD1E20D7E7154A0121114804F011
:10212000ECFD1F20D5E7134A01210E4804F0E5FD20
:102130002120D3E7104A01210A4804F0DEFD2220C5
:10214000D1E70E4A0121074804F0D7FD2320CFE74D
:102150000B4A0121034804F0D0FD2420CDE700BF45
:1021600038890008F484000800ED00E05089000878
:102170006489000880890008A0890008C8890008CF
:10218000E489000808B500230B70034A01210348C5
:1021900004F0B3FD08BD00BF108A0008F4840008F5
:1021A00090B583B000AF0F2923DC2F4C10390023EA
:1021B0003B7102237B718AB0EC461CF110021AD0ED
:1021C000122022B1042802DD284BCCF81430002361
:1021D0003B7002237B70E2B10346082801DDCCF896
:1021E00018400C2B01DDCCF81C100CF12003002151
:1021F0000DE01F4CDAE76FF00040E2E701F1080460
:1022000004EB070E1EF808EC03F801EB013101297D
:10221000F4D9112824DD12234AB104213971002197
:102220007971B9710121F9717868CCF81000002139
:1022300021F0010121F0020121F0040121F0380117
:10224000012060F38811C3F30A0363F35321C1F340
:10225000130100230748FFF79DFA0C37BD4690BDD8
:102260006FF01B03D8E700BF348A0008688A0008B3
:102270004C8A0008F4840008F8B505460F46144659
:10228000374A0121374804F038FD374B9B6A13F475
:10229000805F25D11626344B9B6A13F4006F26D13C
:1022A000314B9B6A13F4007F28D12F4B9B6A13F4A8
:1022B000806F3FD12C4B9B6A13F4807F41D12A4B16
:1022C0009B6A13F4005F43D1274A936A43F47F4328
:1022D00093620121284604F028FE20703046F8BDA4
:1022E000224A01211F4804F008FD1726D3E7204A9F
:1022F00001211C4804F001FD1826D1E71D4A0121E7
:10230000184804F0FAFC184A936B926A12F4004FD2
:1023100001D11926C9E7184A0121124804F0F7FC37
:1023200037B1114A936A23F4004393621926BCE73C
:102330001926BAE7114A01210A4804F0DEFC1A26E0
:10234000B8E70F4A0121074804F0D7FC1B26BBE77A
:102350000C4A0121034804F0D0FC1C26B4E700BF5E
:102360007C8A0008F484000800ED00E0948A0008EC
:10237000A88A0008BC8A0008D88A0008F08A0008E9
:102380000C8B0008248B00082DE9F04104460F4611
:102390001546464A0121464804F0AFFC454B9B6A6E
:1023A00013F0100F3CD11026424B9B6A13F0080F1C
:1023B0003DD1404B9B6A13F0020F3FD16FF01508DF
:1023C0003C4B9B6A13F0010F58D13A4B9B6A13F0B8
:1023D000200F5AD1374B9B6A13F0100F04D1354BA5
:1023E0009B6A13F0020F04D0324B5B6813F4006F4A
:1023F00052D1304B9B6A13F0200F04D02D4A536A00
:1024000023F4005353622B4A936A43F0FF03936211
:102410000121204604F089FD28703046BDE8F08196
:10242000254A0121224804F068FC1126BCE7234A12
:1024300001211F4804F061FC1226BAE7204A01215D
:102440001B4804F05AFC1B4BD3F834809B6A13F0F2
:10245000800F03D16FF015081326B1E74346194AE0
:102460000121134804F053FC37B1124A936A23F058
:10247000800393621326A3E71326A1E7124A0121E2
:102480000B4804F03AFC14269FE7104A0121084843
:1024900004F033FC15269DE72146404604F07DFDFF
:1024A0000028A6D080F309880226A2E7548B0008F2
:1024B000F484000800ED00E06C8B0008A88A000896
:1024C000A08B0008B88B0008D08B0008248B000874
:1024D00070B506460D462B4A01212B4804F00DFC31
:1024E00000232B70294BDC6A14F002040AD1274B1D
:1024F000DB6A002B0DDB254BDC6A14F080440ED127
:10250000204670BD224A01211F4804F0F6FB00243A
:10251000F6E7204A01211C4804F0EFFBF0E71E4AD1
:102520000121194804F0E9FB3046FFF779FD98B91D
:10253000164B9B6A13F0FF0F16D1144B9C6A14F4D0
:102540007F4418D1114B9B6AB3F5803FD8D33046F6
:10255000FFF7AEFD0446D3E73368104A01210A486D
:1025600004F0D5FB3468CBE72A4601213046FFF75B
:102570000BFF0446C4E72A4601213046FFF77CFEE4
:102580000446BDE7F08B0008F484000800ED00E08D
:10259000088C00082C8C00083C8C00085C8C00081F
:1025A00030B58BB01E4B5D68C5F30805002383F37F
:1025B0001188BFF36F8F0DF12603FFF755FD044619
:1025C0000DF12702294604F0B2FC9DF827300BB12B
:1025D0000BB030BD05460DF1040C20686168A2689F
:1025E000E368ACE80F0020696169A269E369ACE8BF
:1025F0000F009DF826304BB1089BC3F308024AB97F
:102600006FEA53236FEA4323089303E0089B6FF3B9
:102610000803089301A92846FFF7BAFCD8E700BFD2
:1026200000ED00E0044B5A6942F010025A615A6909
:1026300022F008025A61704700ED00E0EFF30880D5
:10264000EFF3098101B57246FFF7AAFF01BD00BF94
:102650000C4880F3088800200B490870102080F394
:1026600011880A484FF40461401880F30988EFF399
:1026700014800221084380F31488BFF36F8F00F0A9
:1026800049F80000C01A0020A7090020000D002012
:102690001EF0040F0CBFEFF30880EFF3098081698F
:1026A00011F8021C0229FFD001B5724604F031FC7A
:1026B00001BD00BF002807DB00F01F024009012315
:1026C0009340024A42F82030704700BF00E100E02A
:1026D000002808DB0901C9B200F1604000F5614043
:1026E00080F80013704700F00F000901C9B2014BD8
:1026F0001954704714ED00E0044B23F07F03044AA3
:102700009360BFF34F8FBFF36F8F704700000008D7
:1027100000ED00E008B5FFF7EFFF0B4AD2F8883074
:1027200023F47003C2F88830EFF3148323F004031A
:1027300083F31488BFF36F8FFFF754FBFFF75EFB43
:1027400000F0CCF801F0F8FE00ED00E0104B9B68C3
:10275000BBB110F1160F0BD0D3F89420A2F1400CAE
:10276000844510D8824210D98A4207D80020704789
:10277000D3F894208A4201D800207047D3F89400FF
:10278000704700207047002070470020704700BF4E
:102790007009002010B4A2F120040E4942F8081C70
:1027A00021F0010142F8081C42F8203C019B42F84C
:1027B0001C3C029B42F8183C039B42F8143C4FF02F
:1027C000807342F8043C04650023C0F8A83010BCB4
:1027D000704700BFE90F000808B50E4615460C4AC1
:1027E0009060D0F8A4200B4B1A6000F0B5F82C468E
:1027F00086F309880020044B9847204600210022D8
:102800000023024C20470000A96F0008E90F0008D0
:1028100070090020C8080020014B10221A6170477F
:1028200000ED00E0054B5A699B689A4204D0044AC7
:10283000536843F080535360704700BF7009002015
:1028400000ED00E008B50A4B9B68834202D002F01D
:10285000A3FA08BDEFF30583002BF8D0054B5A68A7
:1028600042F080525A605A6A22F400425A62EEE7FD
:102870007009002000ED00E015498A684FF0300033
:102880001044EFF3098C80E8F01F102080F31288C9
:10289000BFF36F8F0F4F4FF000664A698A603E604A
:1028A000D2F8A4000C4C2060D2F8A8000023C2F893
:1028B000A83080F3118804B5104600F04DF8BDE84B
:1028C000044002F1300090E8F01F8CF30988704753
:1028D0007009002004ED00E0C8080020002206E096
:1028E00003F00F030949194410230B760132492ADA
:1028F0000ADC53B2002BF3DB03F1604303F56143C1
:10290000102183F80013F1E7704700BFFCEC00E0F2
:1029100008B5EFF30583103B044A02EBC301496895
:1029200052F833008847FFF77DFF08BD0882000892
:102930000148006870470000C808002008B5034B34
:10294000034A0121034804F06EFC08BD0080012009
:10295000000000206092000808B5D0F89430403B99
:102960000448036040234360034B8360012104F06B
:102970005EFC08BDCC08002000000B15084AC2F818
:1029800098000B6823F01F03034343F01003C2F8C1
:102990009C308B6843F00103C2F8A030704700BF41
:1029A00000ED00E010B504460A4BD3F89030C3F3B5
:1029B0000723013B984203D8FFF7E0FF204610BDF4
:1029C0000346054A0121054804F0A1F96FF01500FE
:1029D000F5E700BF00ED00E07C8C0008EC84000807
:1029E0002DE9F84380460F4699461646002509E032
:1029F0002146F0B204F0FDFA064610F1160F1AD087
:102A000001360135BD4216DA05EB450408EB8404B6
:102A10006268002AF5D0B9F1000FE9D0204604F031
:102A2000D7FA0028E4D12B46044A0121044804F0D7
:102A30006EF96FF015063046BDE8F883A48C0008E7
:102A4000EC84000810B5034C01232278FFF7C8FF7F
:102A5000207010BDA609002008B500230B4A12788B
:102A6000FFF7BEFF10F1160F0FD0024606E0084B2D
:102A7000C3F898200021C3F8A0100132044BD3F80A
:102A80009030C3F307239342F1DC08BDA609002070
:102A900000ED00E0044B0522C3F89420BFF34F8FF4
:102AA000BFF36F8F704700BF00ED00E0BFF35F8F93
:102AB000024B0022C3F89420704700BF00ED00E0F5
:102AC00038B51C4B1D681C4BD3F89030C3F307235B
:102AD0009D422BD8FFF7EAFF002409E0154B5B6805
:102AE00004EB440103EB81012046FFF747FF01346B
:102AF000A542F3D81148057004F09AFA10F1160FA8
:102B000013D00E4B1A780C4BD3F89030C3F3072335
:102B10009A4207DA084BC3F898200021C3F8A010A6
:102B20000132F0E7FFF7B6FF002038BD4FF0FF306D
:102B3000FBE700BF6C92000800ED00E0A609002052
:102B400070B586B006460D461146684600240094CE
:102B50000194029403940494059402228DF80220B7
:102B6000044A0192049605951A4602F017FE06B033
:102B700070BD00BF3772000808B5024B1B6898474C
:102B8000002008BDD8080020034B1860034A937842
:102B900043F0020393707047D80800201000002013
:102BA00008B5064921F00701C1F1005202F5C03213
:102BB000034803F009FB002008BD00BF071B0020ED
:102BC000DC08002000B583B0094B93E8030002AB9A
:102BD00003E90300074B9B681B682BB16946054856
:102BE000984703B05DF804FB6FF05700F9E700BFAA
:102BF000808500088080000808B500F01F020123CE
:102C000093401F2806D8074A526993430CBF0120FE
:102C1000002008BD0346044A0121044804F077F867
:102C20000020F6E7003C0140DC8C0008CC84000862
:102C300008B500F01F02012393401F2803D8064A5D
:102C40005361002008BD0346044A0121044804F0F2
:102C50005EF86FF01500F5E7003C0140DC8C0008E1
:102C6000CC840008002399420ADD10B400EB030C69
:102C7000044C04F80C2001339942F7DC10BC704777
:102C8000704700BF20000020F8B50746002401E08F
:102C90000134E4B27B78A34217D93D7866193046F7
:102CA000FFF7AAFF0028F3D03046FFF7C1FF074B1C
:102CB00053F83620002AEBD006F01F0503EBC603BD
:102CC00059680120A8409047E2E7F8BDE8080020D5
:102CD0005FFA81FC0CF102020A4B53F822200B0C24
:102CE00022EA114193FAA3F34BB1B3FA83F398406C
:102CF00001430CF1020C034A42F82C1070472023C8
:102D0000F5E700BF00380140C3B20233074A52F86A
:102D10002320030C02EA104093FAA3F31BB1B3FA89
:102D200083F3D84070472023FBE700BF0038014001
:102D300008B5034668B1B0FA80F2C2F11F02D2B200
:102D400005498856054A11680B43136004F014F9CD
:102D500008BDFF22F4E700BF20000020003C014036
:102D6000024A136823EA000313607047003C0140E5
:102D7000032926D8DFE801F0020C151E114B9A68D2
:102D800022EA00029A60DA6822EA0002DA607047FA
:102D90000C4B9A6802439A60DA6822EA0002DA6011
:102DA0007047084BDA680243DA609A6822EA000248
:102DB0009A607047034B9A6802439A60DA6810433E
:102DC000D8607047003C014010B498B1B0FA80F36D
:102DD000C3F11F03DBB29C460D4850F83300884214
:102DE0000AD088B90A4B43F83C1003EBCC035A6075
:102DF00010BC7047FF23EEE7054C04EBC3035B6890
:102E00009342EED10020F3E76FF00F00F0E700BF30
:102E1000E808002060B1B0FA80F3C3F11F03DBB211
:102E2000044A002142F8331002EBC302516070479C
:102E3000FF23F5E7E80800200C4B1B6813F0020F96
:102E400009D10A4A136843F001031360074B1B685A
:102E500013F0020FFAD0054A936823F0030393603E
:102E6000024B9B6813F00C0FFAD1704700380240F8
:102E70000C4B1A6842F480221A601A6842F48032BD
:102E80001A60084B1B6813F4003FFAD0054A536FD1
:102E900043F001035367034B5B6F13F0020FFAD04B
:102EA000704700BF00380240F8B50C461546424B4B
:102EB0001E680221304604F03DFA074601213046E3
:102EC00004F038FA2388C3F30B010B46442929D8B0
:102ED00009B2002968D0013B432B68D8DFE803F032
:102EE0003D53565A5D3F496767676767676767671E
:102EF000676767676062676767676767676767676E
:102F00006767676767676767676767676767673583
:102F100067676735676767376767676767676739D1
:102F20006767673BA8290DD12E602368B3F5805FE2
:102F300040D32A68C3F313330133B2FBF3F22A60A0
:102F4000002036E06FF0850033E02E60EDE72E6064
:102F5000EBE72F60E9E72860E7E72E60E5E700F0A0
:102F6000CFF804234FF4A872082104F0DCF928609C
:102F7000DBE700F0C5F807234FF4A872082104F03E
:102F8000D2F92860D1E700232B60CEE74FF4FA4353
:102F90002B60CAE700232B60C7E7084B2B60C4E710
:102FA0002E60C2E72E60C0E76FF0850001E06FF091
:102FB0008500F8BD0020FCE75400002000127A00D4
:102FC00008B51B4B9B6803F00C03082B27D0184A4D
:102FD000136823F080731360154B1B6813F0007F98
:102FE000FAD1144AD2F8043823F4403343F480333E
:102FF000C2F80438D2F8043823F0706343F0E06379
:10300000C2F8043800F080F8094A136843F080736E
:103010001360074B1B6813F0007FFAD008BDFFF761
:103020000BFF034A936823F0F0039360CFE700BFE0
:103030000038024000300240162806D8064BC34034
:1030400013F0010F04D0002070476FF08500704727
:103050006FF08500704700BFEA00600038B500F0EF
:1030600077F8234C204604F0E2F900F069FF214B89
:103070009B68C3F30313204AD35C20FA03F513784B
:103080001C41A5422CD3FFF7F3FEFFF799FF194A25
:10309000936823F0F0039360936823F0030343F0F5
:1030A00002039360134B9B6803F00C03082BF9D1C8
:1030B000A54219D2114B0E4A1A600E4B9A6822F49F
:1030C000E05242F480529A609A6822F460429A6018
:1030D000D3F88C2022F08072C3F88C20002038BDF9
:1030E000204600F09BFFCEE7204600F097FFE1E787
:1030F00000BD010500380240E493000854000020A0
:103100000048704700127A0008B504F091F90C4BA2
:1031100059680C4A0A4040F4A84141F008010A43AA
:103120005A605A6822F4403242F480325A60596838
:10313000054A0A40054901430A435A6008BD00BFD9
:10314000003802400080BFFF0080BFF00854000735
:1031500082B0064B1A6C42F080521A641B6C03F06A
:1031600080530193019B02B0704700BF00380240BA
:1031700010B504460A2806D0E1B2064883685B68A9
:103180009847204610BD034883685B680D21984727
:10319000F2E700BFB481000810B5044C2046FFF7E9
:1031A000F3FC2046FDF71AFF10BD00BF7131000887
:1031B00008B5054804F001FD18B1FFF7EDFF002048
:1031C00008BD6FF01200FBE7B48100082DE9F84359
:1031D00080460F4616461C46D0F80490D9F80800E1
:1031E00004F081F8B6F5001F0ED00546B6F5800F45
:1031F0002AD0B4F1806F0ED0B4F1C06F0DD0B4F10D
:10320000007F24D1022609E03946D9F8080004F0ED
:10321000E3F9002415E0012600E0032642460F49A9
:103220002846FFF7D1FD0446A0B9D9F80810384662
:1032300004F05EF831462846FFF79AFD2846FFF76E
:1032400077FD2046BDE8F8836FF08504F9E76FF05D
:103250001504F6E76FF00F04F3E700BFFB740008F6
:1032600010B5402910D007D804290FD010290FD04D
:1032700001290FD1002110E0B1F5807F0CD0B1F50C
:10328000806F1ED1052108E0032106E0012104E042
:10329000022102E0062100E0042118300A4B13F855
:1032A00001C050F80C30094C14F801E0732101FA08
:1032B0000EF123EA010302FA0EF2134340F80C3038
:1032C00010BD0621E9E700BF3893000830930008DD
:1032D000402912D008D8042912D0102913D001296E
:1032E00014D14FF0000C16E0B1F5807F11D0B1F58C
:1032F000806F1ED14FF0050C0DE04FF0030C0AE07B
:103300004FF0010C07E04FF0020C04E04FF0060C08
:1033100001E04FF0040C036A074911F80CC00221C8
:1033200001FA0CF123EA010302FA0CF213430362DF
:1033300070474FF0060CEEE728930008402912D0A2
:1033400008D8042912D0102913D0012914D14FF024
:10335000000C16E0B1F5807F11D0B1F5806F1FD160
:103360004FF0050C0DE04FF0030C0AE04FF0010C9C
:1033700007E04FF0020C04E04FF0060C01E04FF0C4
:10338000040C4368084911F80CC04FF4807101FA2D
:103390000CF123EA010302FA0CF213434360704775
:1033A0004FF0060CEDE700BF2093000810B4402951
:1033B00010D007D804290FD010290FD001290FD120
:1033C000002210E0B1F5807F0CD0B1F5806F18D1EC
:1033D000052208E0032206E0012204E0022202E0C6
:1033E000062200E004221830074B995C4358074C32
:1033F00014F802C0082202FA0CF21343435010BC26
:1034000070470622EFE700BF3893000830930008AA
:103410002DE9F8431E46BDF820C043681C684F1EC6
:10342000032F1DD8B4F1804F05D04148844202D00B
:10343000B2F5803F1DD83F4850F82780032921D896
:103440003D4850F827501CF4807F1DD0EDB90B4645
:103450003A4A01213A4803F05AFC6FF0150049E05E
:103460000B46384A0121364803F051FC6FF0150035
:1034700040E01346344A0121314803F048FC6FF024
:10348000850037E00025DEE74546002A34D09B68FA
:10349000002B37D102F1FF39604604F075F902467E
:1034A00029462046FFF714FF284B53F827303146B2
:1034B00020469847C4F82C90236A35EA030334D099
:1034C000602241462046FFF7CBFE002229462046D7
:1034D000FFF734FF236A1D432562236843F080030E
:1034E000236041462046FFF761FF636943F0010313
:1034F00063610020BDE8F883236A23EA05032362A1
:103500000020F7E7102B08D0202B0AD0402B08D042
:10351000602B06D06FF08500ECE7013E02F1FF3929
:10352000BAE776084FEA5209B6E70020E2E700BFA3
:10353000000C00401093000804930008948D0008CC
:1035400004850008388D0008508D0008F4920008AA
:103550002DE9F04784B000AFD0F810A045682E6880
:103560006969AD4BD3F80890D9F80030002B00F012
:10357000A9808046A8489847041EC0F2A580AB6980
:10358000012B40F2BF8069690831D9F81830002B4F
:1035900000F0A5800022A04898470446002840F08B
:1035A000A08069690831D9F80C30002B00F0A080A8
:1035B00007F10C0298489847B0F10009C0F29A80D0
:1035C000FB68CAF80030DAF80810DAF8040004F0F2
:1035D000D2F80021E86904F0EFF8B0F10009C0F278
:1035E00099806B68B3620023F3628C4B9E420ED0CD
:1035F000B6F1804F0BD0A3F57C439E4207D003F574
:1036000080639E4203D003F580639E4205D1AB6880
:10361000326822F0700213433360804B9E421AD00E
:10362000B6F1804F17D0A3F57C439E4213D003F52B
:1036300080639E420FD003F580639E420BD003F55A
:103640009A339E4207D003F580639E4203D003F570
:1036500080639E4203D1336823F4407333606F4B21
:103660009E425FD0B6F1804F5ED06D4B9E425BD0E4
:1036700003F580639E4257D003F580639E4253D08A
:103680002B69002B54D0D8F800106D4600233B72F4
:1036900002237B7288B06B4613F1100253D00E20C8
:1036A0001AB1042801DD5F4C5C6100243C710224E6
:1036B0007C71002A54D0082800DD996103F11C01B7
:1036C00000244BE06FF057042346574A0121574826
:1036D00003F01DFB20461037BD46BDE8F0876FF0B4
:1036E00057042346524A0121504803F010FBF1E7EA
:1036F0006FF057094B464F4A01214C4803F007FB36
:103700004C46E7E74C4A0121484803F0F6FA6FF0CF
:103710001504DFE74B46494A0121444803F0F7FA14
:103720004C46D7E7002333632969304604F033F869
:103730003A4B9E423ED0EB68002B46D1336843F0B3
:1037400001033360C6E76FF00040A9E704F11006FB
:103750003E4416F80C6C01F8016B0134012CF5D9CC
:103760000D2824DD0E2442B1032139720021797223
:10377000B9720121F972B8681861002121F00101C4
:1037800021F0020121F0040121F03801012363F34B
:103790008811C4F30A0464F35321C1F31301002315
:1037A0002248FDF7F7FFAD466FF0850492E76FF012
:1037B0001B04D8E7EB68726C22F0FF0213437364BA
:1037C000736C43F400437364B8E7D8F800106D4697
:1037D00001223A7203227A728AB06C4614F1100206
:1037E00017D012204AB10646042803DDDFF850C086
:1037F000C4F814C0082E00DDA36101233B7103232C
:103800007B714AB30C2800DDE16104F12003002143
:1038100020E06FF00040E5E78080000800000140F4
:1038200000040040608E0008BC8D0008048500087C
:10383000DC8D0008FC8D00081C8E0008408E0008FE
:10384000888E000801F110063E4416F80C6C03F84F
:10385000016B01310129F5D9112824DD122342B170
:103860000421397200217972B9720121F972B868A4
:103870002061002121F0010121F0020121F0040169
:1038800021F03801012060F38811C3F30A0363F3C8
:103890005321C1F3130100230448FDF77BFFAD461C
:1038A0006FF0850416E76FF01B03D8E70485000866
:1038B00010B50446B2F5004F2FD04FF0000C481859
:1038C0004CEB0C0C40184CF1000C4FEACC0C4CEAC1
:1038D000507CC00040184FEA83024FEA93734CF1CA
:1038E0000001FCF753FD2449A1FB00235B091A01E9
:1038F00092B24FF0640C0CFB13031B013233A1FB9B
:103900000313C3F34F1303F0F0010A4492B203F020
:103910000F0313449BB2A36010BD4FF0000C481876
:103920004CEB0C02401842F10002D20042EA507205
:10393000C000401842F10001DA184CEB0C03FCF710
:1039400025FD0D49A1FB00235B091A0192B24FF03E
:10395000640C0CFB1303DB003233A1FB0313C3F332
:103960004F13590001F4F8710A4492B203F00703AF
:1039700013449BB2A360CFE71F85EB5108B5024A01
:1039800003F0B8FF08BD00BF6379000808B5024A1C
:1039900003F0CAFF08BD00BF6979000810B543688D
:1039A0005868196983681B6823B19847044618B999
:1039B000204610BD6FF05704024A0121024803F06F
:1039C0009CF9F5E7D88E0008248500082DE9F04120
:1039D00084B000AF4368D3F80080002900F0A880CD
:1039E00005460E46586819698368DB68002B3FD08E
:1039F00007F10C029847041E3CDBD8F80C3023F486
:103A00000043C8F80C30FC68002120194941001916
:103A100041F10001C90041EA5071C00000194FEAAC
:103A200086024FEA967341F10001FCF7AFFC424A6F
:103A3000A2FB00314909642303FB11031B0132334C
:103A4000A2FB03235B0903F0F00202EB011203F077
:103A50000F0313440F2B13D933460022214640464F
:103A6000FFF726FF002420461037BD46BDE8F08151
:103A70006FF05704314A0121314803F03EF9F2E773
:103A800029686D4600233B7202237B728AB06C4624
:103A900014F1100215D012201AB1042801DD294BAF
:103AA000636100233B7102237B71BAB1034608288E
:103AB00000DDA1610C2B00DDE66104F12003002193
:103AC0000AE06FF00040E7E701F110063E4416F807
:103AD0000C6C03F8016B01310129F5D9112824DDA3
:103AE000122342B10421397200217972B972012185
:103AF000F972B8682061002121F0010121F0020172
:103B000021F0040121F03801012060F38811C3F392
:103B10000A0363F35321C1F3130100230848FDF79F
:103B200039FEAD466FF015049DE76FF01B03D8E733
:103B30006FF0150497E700BF1F85EB51F88E000862
:103B400024850008288F00082DE9F0410C464368C1
:103B50001D6803691E680B79012B04D0022B0DD15F
:103B60004FF4806801E04FF4C0686279012A08D000
:103B7000022A08D01ABB4FF4805706E04FF0000825
:103B8000F3E7002701E04FF4405794F806C0BCF17A
:103B9000040F17D0CBB94FF0000ED91EC9B20129BE
:103BA00052D913B1BCF1040F51D0B7F5805F0FD0DB
:103BB000B7F5405F0ED0002F3BD101230BE04FF44F
:103BC0000057E2E74FF4805EE7E74FF4805EE4E7FA
:103BD000002300E002239A423CD1BEF1000F2AD11B
:103BE000B8F1000F2ED103239C4536D1E37963B1A0
:103BF000012B35D11F4B9D4207D0A3F54C439D426D
:103C000003D003F550439D422DD1EB6823F40053BC
:103C1000EB60214603F0F8FE002827DBEB6843F455
:103C20000053EB6094E8030086E803000020BDE841
:103C3000F0810323CFE7B8F1000F01D10423D3E7CC
:103C40000323D1E70223CFE76FF08500EFE76FF0A2
:103C50008500ECE76FF08500E9E76FF08500E6E7A7
:103C60006FF08500E3E76FF08500E0E76FF0850017
:103C7000DDE700BF00100140F8B50546466834682E
:103C800003691F68E36823F40053E360B06803F03E
:103C900094FF08B3F168B06803F0D9FD04F10C0398
:103CA00053E8003F43F00C0304F10C0141E80032FB
:103CB000002AF3D13946284603F0A6FE002813DB7C
:103CC000337E1BB1636943F008036361E36843F427
:103CD0000053E3600020F8BD054A0121054803F0C8
:103CE0000CF86FF01200F6E76FF01500F3E700BF75
:103CF000408F0008248500084FF0E0239969186977
:103D00009A6909B90C4B19680AB90B4B1A6810F477
:103D1000803F01D1914208D208490B6806480068EB
:103D200003440B604FF0E0231B69034B1B689B1A95
:103D3000024A1068184470476C0900206809002086
:103D4000094B102283F82320084B42F2D0021A605C
:103D50000020074B18604FF0E02342F2CF025A6177
:103D6000986107221A61704700ED00E06C0900209D
:103D700068090020684620F007018D4619B5FFF755
:103D8000BBFF12480368124A516814681B1941F1BD
:103D9000000113605160002202600E490A68981AFF
:103DA0000D4BA3FB0030400B42F2D00300FB03F3AA
:103DB000D2184B6843F100030A604B6003F0D9FE50
:103DC000FEF730FDBDE819408546704768090020C0
:103DD000C8050020C00500202D34A9F9F8B5002938
:103DE0004DD0B0F1FF3F3FD03F4B1C6801284EDD66
:103DF00040F2CD739842A8BF1846461EEFF31185D6
:103E0000102383F31288BFF36F8FFFF775FF4FF016
:103E1000E0239F69354A13685168C31841F10001D6
:103E2000136051600021324A1160324A11685A1AF7
:103E30002FD442F2D00000FB062202F503520F32CB
:103E40002D4EA6FB0262520BC91A00FB02110A4654
:103E5000B1F5806F38BF4FF48062284B994236D954
:103E6000214B264A1A6018E04FF0E022136923F034
:103E7000010313611C4B4FF07F421A6026E01A4B7E
:103E80001C68B0F1FF3FB1D140F2CC70B0E7002622
:103E9000B4E7154B4FF480621A604FF0E023996944
:103EA000114A1268013A5A6100229A618F4211D276
:103EB000641A3C440D4A136851681B1941F1000112
:103EC0001360516085F31188BFF36F8FF8BD064B07
:103ED0001A60E2E77F1A054A13685168DB1941F15D
:103EE000000113605160EDE76C090020C805002057
:103EF00068090020C00500202D34A9F9C0D5FF00B5
:103F000038B5EFF31185102383F31288BFF36F8F59
:103F1000084B1C68084B1B68E41AFFF7EDFE2044B1
:103F200085F31188BFF36F8F044BA3FB0030400B68
:103F300038BD00BFC8050020C00500202D34A9F9F8
:103F400008B5334B9B6803F00C03042B5BD0082BA4
:103F50005BD12F4B5A6802F03F025B6813F4800F6D
:103F60002CD02B4B5868C0F388104FEA401CBCEB98
:103F7000000C6EEB0E0E4FEA8E1343EA9C634FEA81
:103F80008C11B1EB0C0163EB0E03DB0043EA5173C0
:103F9000C90011EB000C43F10003590200234FEA62
:103FA0004C2041EADC51FCF7F1F9194B5B68C3F393
:103FB000014301335B00B0FBF3F008BD144B5868BC
:103FC000C0F388104FEA401CBCEB000C6EEB0E0EE9
:103FD0004FEA8E1343EA9C634FEA8C11B1EB0C015C
:103FE00063EB0E03DB0043EA5173C90011EB000CD5
:103FF00043F10003990200234FEA8C2041EA9C51CF
:10400000FCF7C4F9D1E70348D7E70348D5E700BF79
:104010000038024000127A000024F4000246002812
:104020003CD0204B19681B6803F44043B3F5004FA4
:104030001BD000211B4B1B6803F44043B3F5804F9A
:104040001FD0194A136823F007030B4313600222A1
:10405000154B1B6803F00703013A994201D0002A6F
:10406000F6D199421CD001207047104B984204D8D9
:104070000F4B984203D80021DCE70221DAE7012147
:10408000D8E70A4B9A4200D931B1094B9A42D8D9A4
:104090000029D6D10121D4E70221D2E701207047BF
:1040A0000020704700700040003C024000879303EE
:1040B00080C3C90104280CD8DFE800F0030D050710
:1040C000090006487047064870470648704706488A
:1040D0007047064870470648704700BF888F000841
:1040E000AC8F0008BC8F0008C88F0008D88F00086C
:1040F000988F000830B108B503F0BFFD20B10378F8
:1041000023B108BD024870470148FAE70048F8E7C4
:10411000E88F000810B50446FDF758FA034A01215C
:10412000034802F0EAFD204603F057FDF08F000837
:10413000F48400082DE9F04782B000AF05460C4634
:10414000EFF31188102383F31288BFF36F8FDFF82A
:10415000C491D9F80860FFF7ADFF99F81010E9464F
:1041600001233B7103237B718AB0EC461CF11002E2
:1041700021D04FF0160E5AB17346BEF1040F03DD85
:10418000DFF894A1CCF814A0082B01DDCCF818506E
:1041900001233B7003237B70D2B17346BEF10C0F39
:1041A00001DDCCF81C00102B01DDCCF820100CF147
:1041B000240300210AE06FF0004EDCE701F1080063
:1041C000384410F8080C03F8010B01310129F5D926
:1041D000BEF1150F50DD16234AB1052139710021BA
:1041E0007971B9710121F9717868CCF8100000215A
:1041F00021F0010121F0020121F0040121F0380138
:10420000012060F38811C3F30A0363F35321C1F360
:10421000130100234148FDF7BDFACD461CB1E36907
:10422000C3F308035BBB3046FFF764FFE946012395
:104230003B7103237B718AB0EC461CF1100224D041
:104240004FF0120E52B17346BEF1040F02DD344935
:10425000CCF81410082B01DDCCF8186001233B705A
:1042600003237B70F2B1BEF10C0F01DDCCF81C0012
:104270000CF12003002113E06FF01B03ACE7294A87
:104280000121264802F039FDCDE76FF0004ED9E755
:1042900001F10800384410F8080C03F8010B013153
:1042A0000129F5D9BEF1110F31DD12234AB10421E4
:1042B000397100217971B9710121F9717868CCF8EF
:1042C0001000002121F0010121F0020121F0040180
:1042D00021F03801012060F38811C3F30A0363F36E
:1042E0005321C1F3130100230C48FDF753FACD46C7
:1042F00021462846FFF70EFF88F31188BFF36F8F22
:104300003046FEF79FFA0837BD46BDE8F0876FF0EC
:104310001B03CBE77009002000900008F48400081C
:104320004C9000082890000810B586B0B023114CBE
:1043300003FB004400EB400C00EB80000E4B03EB52
:1043400080030E4A0592012204920F22039200225A
:104350000292019200930A4B4FF4A072094901EBBB
:10436000CC11204600F0A4F9237C23F0040323742D
:1043700006B010BDD0050020700900206490000830
:10438000EB7B00084015002038B505460B4B53F871
:10439000204002E02368984708346B1C074A52F813
:1043A0002330A34209D960680028F3D0037E13F0BC
:1043B000010FF1D103F0E8FBEEE738BDF4930008FC
:1043C00008B553EA020102D100F0BCFC08BD024965
:1043D000183000F063FEF9E7457E000810B586B09E
:1043E000184C14E0636A0593236A0493E36903930A
:1043F000A36902936369019323690093E368A26848
:104400006168206800F054F923685C6530340E4B15
:104410009C42E7D300F07CFB0A4C03E02068FFF7E6
:10442000CFFF3034084B9C4208D2A26AE36AB3F152
:10443000FF3F08BFB2F1FF3FF3D0EFE700F080FB92
:1044400006B010BD588400085884000808B50A4B0F
:1044500001221A700320FFF797FF01F03DF80420B6
:10446000FFF792FFFFF7BAFFFCF708F9034A9389B9
:1044700023F00103938108BDA709002080060020D6
:1044800008B50146014A0248FEF7A6F94D44000866
:104490008006002010B50446FFF746FFB0230B4905
:1044A00003FB04110A4A04EB840302EB8303D96083
:1044B0001C7404EB4411074B03EB811303F50463F5
:1044C00004EB840402EB8402536010BDD00500208D
:1044D00070090020000D002070B586B000F062FB6E
:1044E000104D114B5D61114B059301230493002482
:1044F00003940294019400940D4B4FF480620D4993
:10450000284600F0D5F806462B7C23F004032B74D4
:10451000284603F042FC2046FFF7BCFF304606B0B9
:1045200070BD00BF80060020700900206C9000085C
:104530004D440008C016002008B50020FFF724FFF6
:10454000194B83F30888194C636943F40073636162
:10455000F02384F822300023E37723766376A37672
:1045600084F82030636A43F4E0236362FEF75AF86C
:10457000FEF752F94FF0FF33A362E362FEF7A0FAB1
:10458000FEF7DCF9FCF768FF094800F0F3F8FCF7E8
:1045900093FD0120FFF7F8FE0220FFF7F5FEFFF77D
:1045A0009BFFFFF76DFF00BF4015002000ED00E00E
:1045B0003007002070B5EFF31186102383F31288C3
:1045C000BFF36F8F0468A0421AD0CCB16268236831
:1045D00013605A60002525606560237C23F0020388
:1045E0002374A56004F1180003F0A2FCC4F8AC50D9
:1045F000204603F0D2FB3146084803F05FFC70BD53
:104600008368C268934207D001221344836086F313
:104610001188BFF36F8FF2E70022F6E794090020BC
:1046200010B582B0EFF31181102484F31288BFF328
:104630006F8F846844B1013C846081F31188BFF3BB
:104640006F8F002002B010BD53EA020406D0009222
:1046500001930246054800F03FFAF3E781F3118821
:10466000BFF36F8F6FF00F00ECE700BF94090020DD
:1046700008B553EA020102D100F064FB08BD02490B
:10468000183000F00BFDF9E7457E000810B5044630
:1046900040B11F2204F1740000F07EFF002084F876
:1046A000930010BD014B9C68F3E700BF7009002028
:1046B0002DE9F04F85B004460F4615461E46DDF83D
:1046C00038A0DDF83C90DDF84080DDF84CB000F11A
:1046D00058038365C365129B0422119903F0CFFA36
:1046E0002A463946204603F09CFA0546CDF8088054
:1046F000CDF80490CDF800A0334602463946204656
:10470000FEF748F8002363652666C4F864A0C4F881
:104710006890C4F86C80EFF31182102383F3128841
:10472000BFF36F8F124B196A21671C6282F31188E5
:10473000BFF36F8FBBF1000F13D01F22594604F156
:10474000740000F029FF002384F89330084B9B6825
:104750005BB1D3F8A030C4F8A030284605B0BDE85E
:10476000F08F002384F87430F0E7C4F8A030F4E749
:10477000700900200123037483810023C0F8943062
:10478000C0F89830C0F8A030014B9860704700BF67
:10479000700900200A4A9368C3F8A8006FF00A0164
:1047A000C3F8AC1007494B6843F080534B600023BB
:1047B00083F31188BFF36F8F9368D3F8AC00704711
:1047C0007009002000ED00E0084681B908B5EFF35C
:1047D00005833BB9084B5A699B689A4202D0FFF7A0
:1047E000D9FF03E080F31188BFF36F8F08BD81F319
:1047F0001188BFF36F8F704770090020037C90F918
:104800001020002A4EDB13F01F0F4BD110B563F0C0
:104810007F030374244A52F8183F93423AD07BB185
:1048200090F90E1093F90E20914202D0521A002AEC
:1048300027DC19461C4AD269934201D01B6833BB5E
:10484000194BDA6903F11801016042601060D86108
:10485000154B53F8184F9C421ED0ECB1124B9B687D
:104860001A7C12F01F0F04D1DA897F2A01D9A269BC
:10487000AAB1A34202D0204600F076FB0A4B5C614D
:1048800010BD5A684260036010605860E0E700297C
:10489000C5D1D5E70023C2E7034BDC68DEE7024A57
:1048A0005361EDE7704700BF7009002010B5037C2D
:1048B00090F91020002A19DB154B9A6853F8184F0D
:1048C0009C421ED0ECB1824208D0137C13F01F0F23
:1048D00004D1D3897F2B01D9A369ABB1A24202D005
:1048E000204600F041FB0A4B5C6110BD03F07F03E2
:1048F00003744268036813605A60002303604360D6
:10490000DAE7034BDC68DEE7014B5A61EDE700BFF5
:10491000700900202DE9F84305460C46424B9E687D
:10492000337C13F0600F2BD013F0200F2DD008270D
:104930001F4225D13B43337413F0800F27D1082F3A
:1049400030D04FF00009384B53F8188F98454FD0AE
:10495000B8F1000F4CD0344B9B68434502D0404621
:1049600000F002FB304BC3F81480102F08D0304603
:1049700002F017FB304600F051FBB9F1000F3BD1BC
:1049800084F31188BFF36F8F47E01027D0E703F05F
:104990007F0333747268336813605A600023336096
:1049A0007360CCE7B3685BB17268336813605A60B8
:1049B000002333607360327C22F002023274B360F1
:1049C00006F1180003F0B4FA06F1580003F0B6F946
:1049D000154B9B689E4202D04FF00009B3E7EFF3FE
:1049E000058313B94FF00009ADE74FF00109AAE7BD
:1049F0000D4BD3F80C80AEE70C48FFF7BBFEBFE7CA
:104A0000EFF31184102383F31288BFF36F8F03F049
:104A1000F7F884F31188BFF36F8F2B7C13F0600FCE
:104A2000EED1BDE8F88300BF7009002030070020F8
:104A3000B3F1FF3F08BFB2F1FF3F00D1704708B5A7
:104A40000249183000F02AFB08BD00BF457E00086F
:104A500010B5204B9A68DB699A4205D013685168FB
:104A600012680A60516006E00023F8E7194AD2692B
:104A7000934212D01B6883B1164A906890F90E10C9
:104A800093F90E209142F1D0521A002AEEDD5A68B5
:104A9000426003601060586008E00E4B9A68D96964
:104AA00003F11800106051600A60DA61094B53F895
:104AB000184F9C420AD04CB1064B9B689C4202D0D6
:104AC000204600F051FA034B5C6110BD014BDC68DD
:104AD000F2E700BF7009002010B50C4611460A48E5
:104AE00082680A4B1A60EFF31183102383F3128854
:104AF000BFF36F8FDDE90223806803F042F920469F
:104B0000FFF748FE10BD00BF700900209409002087
:104B10000023EFF31181102282F31288BFF36F8F0D
:104B200009E0064B9A68D37B013BD37381F311886C
:104B3000BFF36F8F0123002BF3D070477009002063
:104B400038B5EFF31185102383F31288BFF36F8F0D
:104B5000124B9A68D17B0131D17353F8184F9C42A4
:104B600015D0A4B1137C13F01F0F04D1D3897F2B70
:104B700001D9A36973B1944202D0204600F0F4F940
:104B8000064B5C6129460648FFF71EFE38BD034B05
:104B9000DC68E7E7014B5A61F4E700BF70090020C9
:104BA0009409002008B5024803F08CF908BD00BF45
:104BB0008409002038B5EFF31184102383F31288A1
:104BC000BFF36F8F214B9A68DB699A4205D0136857
:104BD000516812680A60516006E00023F8E71B4A3A
:104BE000D269934212D01B6883B1184A906890F939
:104BF0000E1093F90E209142F1D0521A002AEEDDE8
:104C00005A68426003601060586008E00F4B9A6871
:104C1000D96903F11800106051600A60DA610B4B2A
:104C200053F8185F9D420DD065B1084B9B689D42BB
:104C300002D0284600F098F9044B5D612046FFF74A
:104C4000A9FD38BD014BDD68EFE700BF700900200A
:104C5000F8B551EA000328D005460C46EFF311875A
:104C6000102383F31288BFF36F8F154EB068154B76
:104C70001860FFF71BFEB0682A4623461249183019
:104C800000F00CFA0446B268137C43F0040313747A
:104C90003846FFF77FFDB3689A6ADB6AB3F1004FCD
:104CA00008BF002A05D00020F8BDFFF783FF0020D1
:104CB000FAE703F07CF9201A0028F5DC0020F3E77E
:104CC0007009002094090020457E000838B504468C
:104CD0000D46FFF7BDFF03462046B5F1FF3F08BF75
:104CE000B4F1FF3F28D0DA1713F1090042F10003B5
:104CF0000021C21821D20A441149A1FB024525F026
:104D0000030404EB9504121B801A63F100034FF0B7
:104D1000CC3200FB02F201FB0322A0FB01010A449A
:104D2000430843EAC27352081846B3F1004F72F1C8
:104D3000000201D36FF0004038BD0121DBE700BF66
:104D4000CDCCCCCC38B5EFF31185102383F312888A
:104D5000BFF36F8F037C13F0040F04D185F3118828
:104D6000BFF36F8F38BD0446183003F0E1F8237CA1
:104D700023F0040323742046FFF740FD2946024830
:104D8000FFF722FDEEE700BF94090020014B986871
:104D9000704700BF700900202DE9F843838903F0B4
:104DA0000107EFF31186102383F31288BFF36F8F8F
:104DB000057C15F0080F1AD10446B14600F15808D9
:104DC00002F08AFF10B345F020052574EFF3058348
:104DD0009BB131462046FFF79DFD67B1002383F369
:104DE0001188BFF36F8F0423184602DF03E086F3B8
:104DF0001188BFF36F8FBDE8F88341463F4B986839
:104E000002F06CFF3046FFF7C5FCE6E745F008030B
:104E1000237413F0800F36D1A3685BB162682368F6
:104E200013605A60002323606360227C22F0020238
:104E30002274A36004F1180003F07AF8404602F0EF
:104E40007DFF2E4B9A6894422AD000262B4B53F8B4
:104E5000185F9D422BD055B3AA4202D0284600F0DD
:104E600083F8264B5D61204602F09BF8204600F057
:104E7000D5F8FEB9214B9B689C421FD089F311885D
:104E8000BFF36F8FA9E705F07F0545F0080525748E
:104E90006268236813605A60002323606360BBE785
:104EA000EFF305830BB90026D0E70126CEE7134BBD
:104EB000DD68D1E71248FFF75DFCDBE7EFF3058320
:104EC000002BDBD1A38913F0010F12D089F31188D5
:104ED000BFF36F8F002383F31188BFF36F8F042319
:104EE000184602DFEFF31189102383F31288BFF312
:104EF0006F8F4846FFF74EFC6FE700BF7009002038
:104F0000300700200346027C12F01F0F10D10B4A1D
:104F100090420FD00A4A106878B1DA897F2A0BD8FC
:104F200093F90E20074B1B689A4206DA002070475F
:104F3000002070470020704700207047D0050020F7
:104F4000580000209C090020044BC01AC010044BDC
:104F500003FB00F0034B01221A547047E0070020C6
:104F6000ABAAAAAA9809002070B50C4B1E7CFFF7CB
:104F7000C9FF044606EB4603094D05EBC305284669
:104F800002F0D6FF074B00229A5504B970BD621E8D
:104F9000D3170549284600F081F8F7E7700900208B
:104FA000E007002098090020494F000838B5EFF3CA
:104FB0001185102383F31288BFF36F8F144B9C6805
:104FC000144B1B68A34217D0124B00221A60104BDF
:104FD0001B7C114AD35C53B12046FFF793FF30B1DD
:104FE000237C13F01F0F0FD02046FFF7BDFF85F382
:104FF0001188BFF36F8F38BD2046FFF7B5FF85F3EB
:105000001188BFF36F8FF6E7FFF722FDECE700BFD3
:10501000700900209409002098090020EFF3118105
:10502000102383F31288BFF36F8F0A4B1B6A8342EE
:1050300004D11A6F074B1A6207E0134613B11A6FB7
:105040008242FAD10BB1026F1A6781F31188BFF364
:105050006F8F704770090020034B1868984200D08A
:1050600070470020FCE700BF5C00002030B1044A1C
:105070005268904201D0006870470020704700BF1E
:105080005C00002008B5044B1B680BB1002008BD74
:10509000FEF736FFFBE700BFA00900202DE9F04F27
:1050A00083B0B3F1FF3F08BFB2F1FF3F0ED004461B
:1050B00091461F4681600023EFF3118A102282F38C
:1050C0001288BFF36F8F1D46019335E000250195CF
:1050D0002846019903B0BDE8F08FFFF7D3FF804663
:1050E000013547F10006451946EBE076256166611A
:1050F000344A13685268ED1846EB020301934FF0EF
:10510000010B38E0C91A66EB020201614261436893
:10511000636020601C60446005E02B4B5A6823608C
:10512000626014605C60FFF797FF844237D08AF3B7
:105130001188BFF36F8F0123002BC9D14D46019712
:10514000002FCADA1F4B19685B68691843EB070325
:105150006FF00102521A4FF0FF3161EB030310466A
:105160001946012A73F1000301DA012000212061B0
:1051700061614FF0000BFFF76FFF0028CDD0016990
:105180004669236962698B4272EB060EBADB5B1AD1
:1051900062EB060223616261FFF768FFEDE70B4BEC
:1051A0001B68002BC3D1BBF1000F06D0404602F0B4
:1051B000A4FE0021FEF712FEB9E7FFF763FF804669
:1051C000F4E700BFF80700205C000020A0090020E1
:1051D00070B50E462D4B1860FFF73EFF044628E0E1
:1051E0002B4A136851685B1941EBE57113605160FC
:1051F00000220023C4E90423204602F067FE0122B6
:105200004FF00043C4E9042386F31188BFF36F8F86
:10521000A36820469847EFF31186102383F3128882
:10522000BFF36F8F194A13685B1B1360FFF714FFFE
:1052300004463CB125696169144B1A68D317AA4228
:105240008B41CDDA44B123696269104909685B1A60
:1052500062EBE172236162610D4A0C4D28681368AC
:1052600051681B1841EBE0711360516000242C6001
:10527000204602F042FE2146FEF7B0FD86F311887B
:10528000BFF36F8FFFF792FE70BD00BFA009002033
:10529000F807002010B50022EFF31184102383F3E8
:1052A0001288BFF36F8F134611460CE0FFF7EAFE3A
:1052B000074A13685168C31841EBE07184F3118801
:1052C000BFF36F8F0122002AF0D0184610BD00BF37
:1052D000F8070020EFF31183102282F31288BFF346
:1052E0006F8F01694269B2F1004F08BF012904D0F4
:1052F00083F31188BFF36F8F70472DE9F0410446A7
:105300001D46866AC26A56EA020105D0B2F1FF3F25
:1053100008BFB6F1FF3F27D1236B01332363236A14
:1053200063B185F31188BFF36F8F20469847EFF381
:105330001185102383F31288BFF36F8F04F11803D4
:10534000A469A34251D0002C4FD0204602F040FD6A
:105350000023C4F8AC3085F31188BFF36F8F20466B
:1053600002F01BFDBDE8F081013E42F1FF3217461D
:10537000002A14DB02F01FFE013041F10001801908
:1053800041EB0701012871F100010BDA6FF0010216
:105390004FF0FF3317492046FFF780FEBCE7002699
:1053A0003746E7E702F007FE013041F100018019BE
:1053B00041EB07016FF0020383426FF000438B4122
:1053C00003DA00224FF00043E4E702F0F4FD01307D
:1053D00041F10003801943EB07036FF00102121A39
:1053E0004FF0FF3161EB0303D4E785F31188BFF37E
:1053F0006F8FB7E7D5520008F8B51C46EFF3118759
:10540000102383F31288BFF36F8FB4F1FF3F08BFFF
:10541000B2F1FF3F23D006461546002C0BDB1346A6
:105420002146012A74F1000401DA012300215A1EE9
:10543000154641F1FF34304602F07AFDDDE90623DE
:10544000C6E90A23002333632A4623460649304629
:10545000FFF724FE87F31188BFF36F8FF8BD87F342
:105460001188BFF36F8FF9E7D552000870B5044675
:10547000EFF31186102383F31288BFF36F8F02F0CE
:1054800057FDE0B93546636A6BB186F31188BFF307
:105490006F8F636A20469847EFF31185102383F3DB
:1054A0001288BFF36F8F04F1180002F0E2FC58B1CC
:1054B00002F073FC2946074802F000FD70BD86F338
:1054C0001188BFF36F8FF9E785F31188BFF36F8FF2
:1054D000F4E700BFA409002008B5024800F04FFF20
:1054E00008BD00BF7890000870B586074FD08418BB
:1054F000844604E003F8011B9D0704D09C466445E4
:105500006346F7D170BD013A0244A2EB0C02032AB4
:105510002FD9CCB204EB04240F2A04EB044438D96D
:10552000A2F11006350901359C464FF0000E0EF130
:10553000010EAE45CCE90044CCE902440CF1100C5C
:10554000F5D326F00F06103312F00C0F334402F09F
:105550000F051AD02A1F032A1C6005D9A5F10802DD
:10556000032A5C6088BF9C6005F0030225F00305F8
:105570002B44541E002AC5D0C9B21970002CC1D0CA
:10558000012C597018BF997070BD2A46F1E7034687
:10559000BDE71546DEE700BF38B540EA01039B07CB
:1055A000044622D1032A20D98C46DCF80050A5F10C
:1055B000013323EA050313F0803F61460CF1040C2C
:1055C00014D1043A032A40F8045BEED861464B1E1E
:1055D0004AB113F8011F00F8011B013A0029F7D165
:1055E0000AB1FFF781FF204638BD20464B1EEFE78A
:1055F00071B1034601EB000C01E0634506D01A4689
:10560000013311780029F8D1101A7047181A704721
:10561000084670470FB400B583B004AA054B52F892
:10562000041B1868019200F0B9F803B05DF804EBB0
:1056300004B070478C9200080CB430B58BB00D46A6
:1056400020220446002102A8FFF74EFF134B0393CC
:105650000222002D8DF80A2006941DDB10D0013D9A
:105660002C440FAA0E99019202A8079400F096F814
:10567000069B00221A700BB0BDE8304002B07047A4
:105680000FAA0E99079402A8019200F087F80BB0B8
:10569000BDE8304002B070470024E2E751610008E5
:1056A00070B503F01F05082D84468E4665D0C3F102
:1056B0003703102DDCB2104644D04FEA9C034FEA6A
:1056C0005C0243EA8E7342EACE729A184FEA5E0198
:1056D00041EB9E01130943EA01739A1841EB111142
:1056E000130A43EA01639A1841EB1121130C43EAB0
:1056F00001439B1841EB1141CB185FFA8CF241F149
:1057000000014FEAD30C4CEA417C0CEB8C03A2EB7A
:105710004303DBB2A3F10A02D2B2A518092B03F1AD
:1057200030064FEAD10E05F1300520D91CF1010CED
:105730004EF1000E092A9ABF263300F8013B00F80B
:10574000015BBAE70CF00F03092B88BF1B194FEA66
:105750001C1242EA0E724FEA1E1188BFDBB2944659
:1057600030330A4300F8013B8E46EBD170BD5CEA52
:105770000E0300F8016BA0D170BD10460CF00703BA
:105780004FEADC0C4CEA4E7C30334FEADE0E00F878
:10579000013B5CEA0E03F1D170BD00BF2DE9F04F73
:1057A0008378D0F804909F078BB040F132810B468C
:1057B000804613F8010B0C46002800F0D883002522
:1057C00000920DE01C464146C847002805F101053E
:1057D000C0F21981234613F8010B002800F01B8149
:1057E0002528EFD16678252E04F10204EBD04FF086
:1057F000000BDA465F461F2F5DD97F2F00F28A80AB
:10580000A6F13003092B11D87E0600F1328114F87D
:10581000016B0AEB8A0A03EB4A0A47F02007A6F15C
:105820003003002E00F0E180092BF0D92A2E00F081
:105830000E812E2E00F0C381A6F14C032E2B00F218
:105840002581DFE813F061002301230123012301F7
:105850002301230123012301230123012301230128
:105860002301230123012301230123012301230118
:1058700023012301230123012301230123015101DA
:105880002301610023015D01230123012301230181
:10589000230123012301CD0023012301230123013F
:1058A0002301CD0047F0020714F8016B47F004070D
:1058B000002E00F09A80A6F12003102BA0D801A2A0
:1058C00052F823F0A95800080158000801580008B0
:1058D0001F5A000801580008015800080158000824
:1058E000E159000801580008015800080158000853
:1058F000A5580008015800083F5A00080158000840
:10590000015800082F5A000814F8016B47F420775B
:10591000002E6AD0A6F14C032E2B00F2B78001A214
:1059200052F823F0095900088D5A00088D5A0008D2
:105930008D5A00088D5A00088D5A00088D5A0008AB
:105940008D5A00088D5A00088D5A00088D5A00089B
:105950008D5A00088D5A00088D5A00088D5A00088B
:105960008D5A00088D5A00088D5A00088D5A00087B
:105970008D5A00088D5A00088D5A00088D5A00086B
:105980008D5A00088D5A00088D5A00088D5A00085B
:105990008D5A0008E15A00088D5A0008095900087C
:1059A0008D5A0008F95A00088D5A00088D5A0008CF
:1059B0008D5A00088D5A00088D5A00088D5A00082B
:1059C0008D5A0008D55B00088D5A00088D5A0008D2
:1059D0008D5A00088D5A00088D5A0008D55B0008C2
:1059E00014F8016B002E7FF406AF002641462520F7
:1059F000C847002807DB30464146C847002805F164
:105A00000205BFF6E7AE98F8023043F0040388F8C9
:105A100002304FF0FF3528460BB0BDE8F08F14F888
:105A2000016B47F01007002E7FF445AFDDE714F857
:105A3000016B47F00107002E7FF43DAFD5E714F866
:105A4000016B47F00807002E7FF435AFCDE70099D2
:105A5000780651F8042B40F1C38014F8016B002E36
:105A600000F05D82A6F13003092B009193463FF6CA
:105A7000DDAE14F8016B0BEB8B0B03EB4B0B002E25
:105A8000B3D0A6F13003092BF3D9CFE646F02003BB
:105A9000BBF1000FA3F1650204DA27F04007BFB2A3
:105AA0004FF0000B022A33D9612B31D0A6F16302EB
:105AB000122A00F2FC81DFE812F02E01A500FA01A3
:105AC000FA01FA01FA01A500FA01FA01FA01FA0154
:105AD000FA01F0014E01FA01FA013801FA01EF0072
:105AE000FE0548BF47F4007714F8016B47F4807750
:105AF000002E7FF40FAF78E73B0648BF47F40077EE
:105B000014F8016B47F08007002E7FF403AF6CE7B9
:105B1000009B03F1070B2BF0070B0BF1080300931D
:105B2000BA4B4FF0070B3807514618D4D34516D25D
:105B30004E461F46D14602E0834508D28246414682
:105B40002020B04700280AF1FF30F5DA5BE749462C
:105B500001350D443B46B146A5EB0A0501461E46FC
:105B600003EB0B0701944C4699462B468A46354673
:105B70001E4605E015F8010BA0470028FFF643AFCD
:105B8000BD424146F6D14B463246A1462E46D31A77
:105B9000019C1E44AAEB0B0A3546B2444E4605E072
:105BA000B047002805F10105FFF62DAFAAEB05036C
:105BB000002B41464FF02000F2DCB1460AE67A069F
:105BC0003FF529AF14F8016B47F04007002E7FF432
:105BD00058AF0AE714F8016B002E7FF40EAE04E70D
:105BE000002AC0F2228114F8016B47F02007002E32
:105BF00000F09581A6F13003092B009192467FF6C3
:105C000006AE13E63A06009B00F13B811A46F90501
:105C100052F8043B019200F1FD811846DB1727F092
:105C200010018AB2002B0092C0F2868150EA030173
:105C300040F05E827B0640F1D581BBF1000F40F061
:105C4000168227F01107BBB2009359465B46DDF878
:105C500000C040F206470CF008001CEA070F02469D
:105C600000F06D820131002800F0C781AAEB010A23
:105C70000293009B13F0020F14BF2B20202013F47B
:105C8000806F18BF2D204146C8470028029B05F1B0
:105C9000010680F2B180B6E627F01007BFB20A23F2
:105CA00017F080025CD017F40071009A00F0CC80ED
:105CB000073222F00702516852F8080B019207F0F0
:105CC000400C50EA0102CDF800C06CD16246002AB7
:105CD00054D0BBF1000F40F0BB803B0740F1D181B5
:105CE0005B4604AAD618234637464C469346994647
:105CF00005E017F8010DA0470028FFF684AEBB456C
:105D00004146F6D14B465A46A1462E441C46019BBD
:105D10000093B61A40E7009A52F8043B8DF8103011
:105D20004FF0010B009204ABFDE6009E384A56F896
:105D3000043B002B08BF134617F0400F18BF59460D
:105D4000184608BF4FF0FF310193FFF751FC019B4C
:105D500000968346E7E647F01007102378269FE772
:105D6000009951F8040B019117F48071A7D017F432
:105D700000711ABFC0B2114680B2A0E727F0160723
:105D8000BAB20092002004AA00210292FFF788FC18
:105D9000029A831A009911F0080100F09080AAEB92
:105DA000030A2E4628E004AA0292FFF779FC029A21
:105DB0000099831A002973D027F0070189B25B4547
:105DC0000091C0F2D680F90640F13F81009A02F0BE
:105DD0000802002E40F0A980591C002A00F02381FF
:105DE000AAEB010A302041460093C8470028009BD7
:105DF00005F10106FFF607AE9B4540F37E810BEBF4
:105E000006054F46ED1A994607E000BFA890000826
:105E1000A0900008AE4200F0848041463020B84790
:105E2000002806F10106F5DAEDE514F8016BC2F180
:105E3000000A47F02807002E71D0A6F13003092B85
:105E400000917FF6E4ACF1E452F8040B019236E7DE
:105E500004AA002100200092FFF722FC009A27F0FC
:105E60001701831A89B29B45009140F3EE80002E02
:105E700040F02781390740F18680AAEB0B0A2E46B5
:105E8000BDE7B80540F1DA80073323F007031A466F
:105E90005B6852F8080B0192C1E608230026FFE672
:105EA00027F0060189B20091F9068FD472E7782BAA
:105EB0007FF49CADC6F1780343F01003F0E6009840
:105EC000C00740F121819A45AAEB030025DD03EBD1
:105ED000000B002900F020814FF0000A41463020DD
:105EE0000093C8470028FFF68EAD009B002E00F0FF
:105EF000AA80304641460093C8470028009B05F120
:105F00000206BFF679AF7EE50098C70740F10E8123
:105F1000D345AAEB0B00DADB04AA8246E2E6009145
:105F200063E54B4604AAB946DCE6991C002A00F05A
:105F30009180AAEB010AD1E7404263EB430142F4AE
:105F40008063009304AA0A230292FFF7A9FB029A36
:105F5000831A009A500640F1C480009A22F0010290
:105F600092B29B4559460092B8BF19466FE6054666
:105F700051E5002E40F0908038073FF57EAF27F0C6
:105F80001707BAB20092594600268A4540F3D380DB
:105F9000CDE902342B464C460D4689461F4602E0A9
:105FA000524508DA154641462020A047002805F151
:105FB0000102F5DA27E538462F4605464946AAEBA1
:105FC000020A0135009A6D1A3D44D706A146DDE963
:105FD000023483D4114640F2064211427FF448AEA7
:105FE0002E4609E704AA0A23002100200292FFF7A7
:105FF00057FB029A811A0B4629E65FEACC77604686
:1060000032D58A45AAEB01006DDD03EB000B10468B
:1060100082462DE6BA054BBF58B218B243F3C013FF
:1060200043F3C033FBE5009AD00756D55145AAEBA0
:1060300001025FDA03EB020BB2464FE753F8040BA1
:106040000193C317EBE56E1CD6E639076CD5AAEBB6
:10605000030A47E6009AD20752D55145AAEB010040
:1060600044DB82469B4639E78A4591DCFEE504AA7B
:106070000A23002000210292FFF712FB029A831AE2
:106080006BE7BAF1000F7FF72BAE27F01707BBB213
:10609000009359465B467BE7FA0640D538070BF17B
:1060A00002013FF546AF8A453FF772AFAAEB010AFE
:1060B000302041460093C8470028009BBFF619AF27
:1060C000A1E45A4601F0080081B200283FF41CAF59
:1060D000AAEB0B0A2E4693468EE65145FFF658AFC3
:1060E0007EE61946B3E59B468246C1E51021EEE601
:1060F000194627E792469B46F0E6354604AAF1E5A5
:106100005145FFF645AF14E79A45D8BFAAEB030AFD
:106110007FF766AF19463BE72E468A466CE6009944
:106120005A4601F00800CFE719462EE7D34509DAB1
:10613000594693462CE7AAEB010A2E465CE65A46DE
:106140008B46C1E7AAEB0B0A2E46934654E600BFE6
:10615000D1E90432934202D05A1C0A611870704788
:10616000704710B5131D50F8234074B9C36801245B
:1061700094402343C360043240F82210CB001A1D20
:1061800089B281520633C15210BDE2000432835AF3
:106190004FEAC10C0CF1040E20F80E300CF1060C85
:1061A00020F80C40DB00063389B2C1528152EBE784
:1061B00008B500EBC1035A885208B2FA82F2C2F164
:1061C0001F02FFF7CEFF08BD70B50346043AC81D95
:1061D00020F007000A4422F00702121AD5081860BE
:1061E00085600023C360B5FA85F1C1F1200EC1F1CD
:1061F00024018900CE1DF10805E003F1040C002400
:1062000040F82C4001337345F7DB1FFA81FE4FEA5B
:106210004E04A4B244804FF0000CA0F800C044F03B
:10622000010444806B1A26F00704A51C9BB25E0093
:10623000465320F804E022F00704951C20F805C01E
:1062400002440353538843F001035380FFF7B0FF28
:1062500070BD10B50C4611461A46029BA04710BDF2
:106260004038C0B23A288CBF002001207047F8B5F2
:10627000064603784578847804EB830404440027B9
:1062800006E001342046F9F77BFF01300444013772
:10629000AF42F6D3A01BF8BD70B5144668B10D46E9
:1062A000194606462BB91046F9F76AFF83B2013347
:1062B00099B22A462046B04770BD1046F9F760FFF4
:1062C0000130F9E75BB32DE9F04782B00746884615
:1062D00091461D461A785E789C78DB7804EB820440
:1062E00004EB43042C444FF0000A0AE014F8013B8D
:1062F00045F823402046F9F743FF013004440AF1F2
:10630000010AB245F2D305F1080300936B684A46CF
:1063100041463846FFF79DFF02B0BDE8F0876FF0B9
:10632000150070472DE9F0410446884600273E4697
:1063300007E0702D18D02846FFF792FFB8B9252D39
:106340000ED014F8015B75B1002EF8D04745F0D09F
:106350002846FFF785FF0028F1D001370026EEE739
:1063600086F00106EDE700263046BDE8F081002604
:10637000FAE70020704708B500F033FC08BD0FB401
:1063800000B583B004A951F8040B0191FFF7F3FFA6
:1063900003B05DF804EB04B07047036913F0080F15
:1063A00008D1C3680268934207D8036A9B1A0B603E
:1063B000012070470020086070479B1A0B60002086
:1063C0007047036913F0080F07D1826843689A4247
:1063D00003D89B1A0B6000207047036A82689B1ADF
:1063E0000B600120704710B582B0044601A9FFF789
:1063F000D4FF20B1E368019A1344013B0193206A62
:10640000019BC01A013802B010BD38B5036913F002
:10641000040F00D138BD0446456AFFF7E4FFA842E7
:1064200038BF28466062F5E7C3681944036913F072
:10643000010F04D1026A914204D3891A02E0026A70
:10644000013A1140C16023F008030361704710B4A2
:10645000002323F0010343F0020361F39F03C269A9
:10646000046842F8243003680B44026912F0010FFB
:1064700004D1046AA34204D31B1B02E0046A013C5A
:1064800023400360C468A3420AD0436819440369E7
:1064900013F0010F08D1036A994208D3C91A06E024
:1064A00042F008020261F0E7036A013B19404160D3
:1064B00010BC70472DE9F04F83B004460191174698
:1064C0009846C569C66805EB860B15F8263003F0BB
:1064D0000303022B24D0002100233B60C8F80030C6
:1064E00019BB236913F0020F75D0A369584698476A
:1064F000824615F8269019F001096ED015F826305D
:1065000013F0020F3BD0019BBBB962685244236970
:1065100013F0010016D1216A8A4216D3521A14E0F0
:1065200055F82610C1F39D01D6E72046FFF77CFF02
:10653000E368A3604FF001094FE019462046FFF7DA
:1065400086FFE2E7216A01390A406260E168A268D9
:10655000914206D0A2682260E26043F00803236102
:106560003BE0524420B9216A8A4204D3521A02E025
:10657000216A01390A40A2604FF00009EAE70146AA
:106580002046FFF751FFE368A360019B23B1E36955
:106590002268002143F82210019B5344C8F80030C0
:1065A00022681344226912F0010F04D1216A8B4240
:1065B00004D35B1A02E0216A01390B40236042F0E8
:1065C0000802226115F8263023F0010305F8263071
:1065D000C7F800B001E04FF00009484603B0BDE83D
:1065E000F08F30B45318046914F0010F04D1056A18
:1065F000AB4204D35B1B02E0056A013D2B400568FA
:106600009D4214D0002323F0010343F0020362F300
:106610009F03C46944F8213043681344026912F0AF
:10662000010F09D1026A934209D39B1A07E0016066
:1066300024F00804046103E0026A013A1340436055
:1066400030BC704708B50023036043608360C360BB
:10665000036143618361CA6882618A6842610A6832
:10666000C2614A68026243620B6903612AB1511E2A
:106670000A4202D143F001030361283001220021C4
:1066800001F0C0FA08BD2DE9F04F87B09A4600230B
:1066900005930393036A8B42C0F0898004468946C0
:1066A0009346002301930126009341E0019920467F
:1066B000FFF797FF0023039345E0E369226803EBAC
:1066C0008201009113F8221021F0010103F8221039
:1066D000C9B221F0020103F8221023684B44226959
:1066E00012F0010F04D1216A8B4204D35B1A02E03D
:1066F000216A01390B402360E1688B4201D00026FA
:1067000008E042F008022261002603E02046FFF77D
:106710009EFE2E4688F31188BFF36F8F059929B12D
:1067200063690BB12046984700230593002E40D0A3
:10673000EFF31187102383F31288BFF36F8FB846EE
:10674000039A002AB2D104A92046FFF726FE054687
:1067500004994945B1D20028D8D15AEA0B030BD18C
:10676000002ED7D02368019303AB05AA04992046D5
:10677000FFF7A0FE0646CDE701F079FA0028EFD139
:10678000002FEDD187F31188BFF36F8F04F128003C
:106790005A465346FDF744FFEFF31188102383F365
:1067A0001288BFF36F8FB0FA80F67609B2E7002344
:1067B0000093009807B0BDE8F08F70B504460D4611
:1067C000836908469847EFF31186102383F31288F4
:1067D000BFF36F8F2B7843F001032B70636818446D
:1067E000236913F0010F04D1236A984204D3C01A1D
:1067F00002E0236A013B184060602046FFF705FE77
:1068000086F31188BFF36F8F70BD2DE9F04182B020
:106810000446002730E053F82210890850D145E0A3
:10682000226A013A1340A3602046FFF7FDFD0127CD
:106830003B461CE013F8221041F0020103F822103D
:10684000D4F80880A369284698474044236913F088
:10685000010F04D1236A984204D3C01A02E0236ACC
:10686000013B1840A060002301E000231D4686F391
:106870001188BFF36F8F8BB3EFF31186102383F36F
:106880001288BFF36F8F01A92046FFF79AFDE369D5
:10689000A26803EB820501990029E6D013F82210C3
:1068A00011F0030117D00229B5D0002113F82200FE
:1068B00010F0010FBED119B9A369284698470146C7
:1068C000A3680B44226912F0010FA9D1226A9342F6
:1068D000A9D39B1AA7E700231D46C8E707B11DB13E
:1068E000284602B0BDE8F08104F12800FDF762FE01
:1068F000F6E770B504460D46836908469847014699
:10690000EFF31186102383F31288BFF36F8F2B7878
:1069100023F001032B70236913F0020F0AD0E369FF
:10692000E26803EB8203AB4204D02B6860F39F0361
:106930002B600AE02B7823F002032B70E268A36837
:106940009A420BD02046FFF76FFD86F31188BFF304
:106950006F8F04F12800FDF72DFE70BD0B442269F6
:1069600012F0010F04D1226A934204D39B1A02E071
:10697000226A013A1340A360E4E710B582B0EFF356
:106980001184102383F31288BFF36F8F01A9FFF7DF
:1069900018FD84F31188BFF36F8F0198003818BF7A
:1069A000012002B010BD704738B505460C460321E2
:1069B000A047002806DB01212846A047002800DB6D
:1069C000002038BD10F1860FFBD1F4E710B48468C5
:1069D00091FAA1F39BB1B3FA83F35B004FF0030C80
:1069E0000CFA03F324EA030391FAA1F149B1B1FAD5
:1069F00081F149008A401343836010BC7047202313
:106A0000EBE72021F5E710B4C46891FAA1F39BB13C
:106A1000B3FA83F35B004FF0030C0CFA03F324EAA0
:106A2000030391FAA1F149B1B1FA81F149008A4019
:106A30001343C36010BC70472023EBE72021F5E728
:106A400008B5FFF7E0FF08BD10B4046A91FAA1F39E
:106A50009BB1B3FA83F39B004FF00F0C0CFA03F3D6
:106A600024EA030391FAA1F149B1B1FA81F1890055
:106A70008A401343036210BC70472023EBE72021B8
:106A8000F5E710B4446A090A91FAA1F39BB1B3FA8D
:106A900083F39B004FF00F0C0CFA03F324EA03047A
:106AA00091FAA1F149B1B1FA81F189008A40144308
:106AB000446210BC70472023EBE72021F5E710B4B7
:106AC000046891FAA1F39BB1B3FA83F35B004FF032
:106AD000030C0CFA03F324EA030391FAA1F149B180
:106AE000B1FA81F149008A401343036010BC70473A
:106AF0002023EBE72021F5E72DE9F8430F46154663
:106B0000984643685E6801248C4002F03009C2F365
:106B10008013706820EA04008B4018437060C2F351
:106B2000C11221463046FFF751FFC5F341222146ED
:106B30003046FFF785FFB9F1200F08D04FEA191250
:106B400021463046FFF7BBFF0020BDE8F883072F42
:106B500005D8424621463046FFF776FFEEE742462B
:106B600021463046FFF78DFFE8E7037813F0040F66
:106B700001D0002070470368C3F34A2000EB135094
:106B8000173020F007008008704710B504460368EE
:106B9000DB6803B19847636801229A7110BD002039
:106BA00070470120704708B520EAE073D9178A00C2
:106BB00042EA93729800C01841EB02010018494163
:106BC000FEF784F808BD08B500220023FFF75BFD3F
:106BD00008BD08B5FFF78DFE08BD08B5FFF7CDFE6F
:106BE00008BD00B585B0039102900020019000908F
:106BF000034602460146FAF779FE05B05DF804FB4C
:106C000008B50120FAF7B8FB08BD08B5FAF754FC3F
:106C100008BD08B5FFF7D1FDFAF7FEFC08BD00205E
:106C2000704708B54368DA71436819604368012208
:106C30005A71FAF791FB08BD91B170B514460D4633
:106C4000536896689B1B8B420CD313680A46014617
:106C50009819F9F701FBA3682B44A360284670BD7F
:106C6000002070476FF01B00F9E770B588B10E4641
:106C700014461946054633B11030C2F34A23120DAB
:106C80001844F9F7E9FA2C606E602846FAF706FD19
:106C900070BDFAF771FBFBE72DE9F04383B00646C0
:106CA0000F4615461C4603F101094FEA890808F111
:106CB000170020F007008008FAF7F6FB0022019287
:106CC0008DF8049068B100F1140C019B03619646A5
:106CD00005E055F82E304CF8043B0EF1010EA645A8
:106CE000F7D3002267F3881268F35322002331465A
:106CF000FFF7BBFF03B0BDE8F08300B583B001929E
:106D0000012301AAFFF7C8FF03B05DF804FB00B53B
:106D100083B00092019302236A46FFF7BDFF03B0E0
:106D20005DF804FB08B5FAF735FD08BD2DE9F04123
:106D300080460768856843681C685E6805E03246DF
:106D400021462846B847241A0544002CF7D1D8F824
:106D5000043000221A60BDE8F08138B505460C46C3
:106D60004B681A68CB689A420FD06368BFF35B8F99
:106D700053E8002F511C43E800100028F8D1BFF35E
:106D80005B8FA3689D54002038BD0846FFF7CEFFF7
:106D9000EBE738B504460D460A2805D029462046BB
:106DA000FFF7DBFF002038BD0D20FFF7D6FFF5E72A
:106DB00008B513460122FAF753FE08BD08B513467D
:106DC0000022FAF74DFE08BD38B505460C4601F025
:106DD0000101FFF7F3FF21462846FAF7D7FE38BD39
:106DE0002DE9F04383B080460E4615461F46DDF878
:106DF00028902C46102D28BF1024CDF800903B463B
:106E0000224631464046FAF7D5FE26442D1BF0D1E6
:106E100003B0BDE8F0832DE9F04389B006460C4687
:106E20009046D1F808900F88C7F382170878C0F30E
:106E3000C2050846FAF7B0FD011E1BDA0023214601
:106E400051F8105BC5F34A256288C2F30B1248194A
:106E500005B90021CDF8188005920490039102979E
:106E600000220192009249463046FAF705FF09B028
:106E7000BDE8F0832846FAF767FC0346DFE72DE913
:106E8000F04180460768856843681C685E6805E0D5
:106E9000324621462846B847241A0544002CF7D12B
:106EA000D8F8043000221A60BDE8F08143681B68FE
:106EB0005B6819610020704743681B681A68526854
:106EC0005360704708B543681B685A680121117503
:106ED0001868FFF7D4FF08BD08B543681B68186839
:106EE000FAF710FF08BD38B50C4643681D686B689B
:106EF0001869FAF719FA03460F22214628689847BD
:106F000038BD08B5FEF7F0FA08BD08B5F9F7A4F9E1
:106F100008BD08B501460068FBF73AF808BD08B59A
:106F2000FBF752F8FBF77EFC08BD0020704708B560
:106F300000231370CB1E092B1AD8DFE803F00509D4
:106F40000D111919191919141146FBF7C1FA12E09C
:106F50000021FBF719FA0EE00021FBF78DF90AE09A
:106F6000FBF7A6F807E01146FBF70CF9002002E05A
:106F7000FBF716F9002008BD08B540B2FBF79AFBF5
:106F800008BD08B5013140B2FBF7A2FB08BD08B54A
:106F900000210120FAF7FCFF08BD08B5FBF7D6FB7E
:106FA00008BD6FF08500704761B662B680F3118846
:106FB000BFF36F8F704772B6002383F31188BFF35E
:106FC0006F8FBFF34F8F30BF62B6BFF36F8F7047C5
:106FD00043685A1E134206D11F2B06D903681A4272
:106FE00005D0002070470020704700207047012026
:106FF000704700B585B00B6801934B688A68202BF9
:1070000012D9B3F1004F11D8013BB3FA83F3C3F1A6
:107010001F035B0003F03E031343039301A9FBF737
:10702000C1FC05B05DF804FB0823F5E73E23F3E758
:10703000F0B585B0054603A8FAF7CEFE0646002453
:1070400035E0B3F1007F00F0B280B3F1805F00F073
:10705000C880B3F1807F29D1576809589368202BE5
:1070600040F2A180B3F1004F00F29F80013BB3FAE0
:1070700083F3C3F11F035B0003F03E0343F0887307
:1070800000970191029307E0082343F0885343F4EB
:10709000302300970191029369462878FBF782FC20
:1070A0000028C0F2BA802B7801332B700134B4422F
:1070B00080F0B6802001039901EB0412D3686FF3CE
:1070C0001303B3F5000F54D0BBD8B3F5001F18D08D
:1070D000B3F5800F31D0B3F5801FE7D15768095859
:1070E0009368202BD0D9B3F1004F08D8013BB3FAF5
:1070F00083F3C3F11F035B0003F03E03C5E73E23A8
:10710000C3E7576809589368202B12D9B3F1004F91
:1071100011D8013BB3FA83F3C3F11F035B0003F003
:107120003E0343F0885343F40023009701910293F8
:10713000B2E70823F5E73E23F3E757680958936859
:10714000202B12D9B3F1004F11D8013BB3FA83F3CE
:10715000C3F11F035B0003F03E0343F0C06343F43D
:10716000003300970191029396E70823F5E73E2349
:10717000F3E7576809589368202B10D9B3F1004FF3
:107180000FD8013BB3FA83F3C3F11F035B0003F095
:107190003E0343F082730097019102937CE708233A
:1071A000F7E73E23F5E7082368E73E2366E75768DD
:1071B00009589368202B10D9B3F1004F0FD8013B29
:1071C000B3FA83F3C3F11F035B0003F03E0343F400
:1071D00080230097019102935EE70823F7E73E239F
:1071E000F5E7576809589368202B12D9B3F1004F7F
:1071F00011D8013BB3FA83F3C3F11F035B0003F023
:107200003E0343F0885343F4003300970191029307
:1072100042E70823F5E73E23F3E76FF0150000E0AF
:10722000002005B0F0BD08B5FBF70CFC08BD08B5A3
:10723000FBF712FC08BD08B50B69496998470020A7
:1072400008BD08B5FBF798FC002008BD08B5FBF7A2
:10725000B9FC08BD08B5062201210020FBF702FD9C
:10726000002211460620FFF78CFE07220121084666
:10727000FBF7F8FC002211460720FFF782FE0822E8
:1072800001210220FBF7EEFC002211460820FFF747
:1072900078FE092201210320FBF7E4FC00221146BD
:1072A0000920FFF76EFE0A2201210420FBF7DAFC19
:1072B000002211460A20FFF764FE17220521084626
:1072C000FBF7D0FC002211461720FFF75AFE2822B8
:1072D00006210A20FBF7C6FC002211462820FFF7F2
:1072E00050FE002008BD01F01F01012088407047BA
:1072F00008B50246084602F0030304339B000F2141
:10730000994041EA9201FBF7E3FC08BD08B500F0A3
:10731000030304339B000F2202FA03F343EA9000B5
:10732000FBF7F2FC08BDB0FBF1F002FB00F0B0FB94
:10733000F3F07047B0FBF1F070470B88C3F30B0319
:1073400003F57D62C2F30B02782A15D882B003F1EF
:10735000804303F50E334A68186802431A600B88AD
:10736000C3F30B0303F1804303F50E331B68019352
:10737000019B002002B070476FF0850070470B88BA
:10738000C3F30B0303F57D62C2F30B02782A0AD81C
:1073900003F1804303F50E3349681A6822EA0102BB
:1073A0001A60002070476FF08500704770B54C6818
:1073B000C4F304450888C0F30B00FBF73DFE00282A
:1073C00015DBA6B2FF2C13D006F1804202F50E3277
:1073D000C4F34151013101238B40013BAB40240EEA
:1073E000AC40116821EA03031C431460002070BD07
:1073F0000020FCE708B50888C0F30B0000F57D63AA
:10740000C3F30B03782B0BD800F1804000F50E304E
:1074100002684B68934301D0012008BD0220FCE7BD
:10742000FBF70AFE08B10120F7E70220F5E77047F5
:107430004FF4800070470B4639B1116819604168FC
:107440008A4209D0002313607047136803604168C3
:107450008A42F7D14360F5E74360F3E708B50A468F
:107460000368002101E019461B682BB19342FAD151
:10747000FFF7E1FF012000E0002008BD70B50446E1
:107480000D461646036833B1FFF7E8FF70B91EB921
:107490006FF0150006E032B123682B602560636849
:1074A00043B1002070BD6FF01500FBE7002EF3D153
:1074B0000020F7E765600020F4E770B50E4615463A
:1074C000016821B10C683CB131B90C4604E00C46AE
:1074D00002E0234621461C4671B18A682A4002D048
:1074E0004B6830469847002CF3D02368002BF1D02E
:1074F000002CEFD12346EDE770BD08B502460869C0
:107500000830FFF7DAFF08BD10F4003F14D010F088
:10751000020F04D010F0040F34D0502300E01023E9
:1075200010F0100F02D043F4007312E010F0200F9F
:107530000FD043F480630CE010F4803F08D010F0CB
:10754000100F14D110F0200303D04FF4806300E03B
:10755000302300F4C060B0F5806F10D0B0F5C06F7C
:1075600008D0B0F5007F07D143F0800304E04FF46A
:107570000073EEE743F4C0730B600020704743F4E0
:107580008073F9E76FF08500704743685B681B699B
:107590000B600020704743685B68586942400A40AE
:1075A00042405A610020704743685B68996100203F
:1075B000704743685B68090499610020704743681D
:1075C0005B685A69514059610020704708B50069ED
:1075D0000830FFF753FF08BD38B504460D4608468E
:1075E000FFF794FEA04200D038BD29462046FFF7A1
:1075F0007AFE0446FBF7B4FB2046FBF70BFC0021A8
:107600002046FBF7B5FBEFE72DE9F04383B00546D5
:107610000E461446D0F8108001A91046FFF774FFFB
:10762000074668BB14F4403914D0D8F8043023FA64
:1076300006F212F0010F04D10122B2401343C8F840
:10764000043014F4003F05D014F4002F1CD114F4BE
:10765000802F1FD10023019A31462846FFF74CFAAC
:10766000B9F1000F0CD1D8F8043023FA06F212F069
:10767000010F05D00122B24023EA0203C8F804300A
:10768000384603B0BDE8F0830121B1402846FFF73A
:107690008BFFDFE70121B1402846FFF78AFFD9E7DA
:1076A00000B50368136001E008331360136890F8B5
:1076B00004C0D0F800E00EEBCC0C634505D293F883
:1076C00005C08C45F0D1002001E06FF001005DF8AD
:1076D00004FB2DE9F84F80468A46002426461AE02E
:1076E00005F01F02102A25D0112A21D0C5F344200D
:1076F000F9F7D0FC814698B3C5F3431B05F01F078B
:107700003B4632465946FFF7F7F9002826DB112F92
:1077100012D00134E4B254451FD208EBC40358F828
:10772000345015F0100FDBD15E6846F02006DDE71F
:107730005E68DBE73026D9E7D9F804305A6816F4DA
:10774000006F04D0012303FA0BF39361E1E70123F7
:1077500003FA0BF31B049361DBE70020BDE8F88F0D
:107760006FF01200FAE74163704781637047C163AD
:1077700070470164704708B58368DB680BB19847B0
:1077800008BD6FF05700FBE710F0010F01D0022099
:10779000704700207047436823F07003194341602D
:1077A0007047036941681B6849680131B3FBF1F315
:1077B000002013605060704700B583B001AAFFF746
:1077C0006FFF002805DB019B002219791868FFF77D
:1077D00080FF03B05DF804FB43681868C1F34B13E6
:1077E00001F01F01C358012000FA01F10B40003BDA
:1077F00018BF012313700020704710B443681C6841
:10780000C1F34B1001F01F01235801228A4013439A
:107810002350002010BC704710B443681C68C1F3AB
:107820004B1001F01F01235801228A4023EA020372
:107830002350002010BC704738B504460D46FFF7B2
:10784000DCFF29462046FFF7E7FF002038BD08B5DA
:107850008368DB680BB1984708BD6FF05700FBE702
:1078600003691B681B680B6043681B68DB6803F4D3
:10787000C063B3F5806F04D0B3F5C06F11D101239D
:1078800000E002230B7143681B681B6903F440533B
:10789000B3F5805F07D0B3F5405F06D0FBB9012395
:1078A00004E00023EEE7002300E002234B7143686D
:1078B0001B68DA68DB6803F4C06312F4805F10D1E0
:1078C000A3B903238B7143681B685B6903F440739E
:1078D000B3F5407F0CD00023CB7100207047032309
:1078E000E4E70BB90423EDE70323EBE70223E9E721
:1078F0000123F1E700B583B043681868036813F00B
:10790000080F05D003680193019B43680193019B15
:10791000036813F0200F04D09047002003B05DF8F7
:1079200004FB4FF0FF30F9E710B5436818680368AF
:1079300013F0800FFBD0EFF31184102383F3128830
:10794000BFF36F8F036813F0800F04D184F31188A5
:10795000BFF36F8FEBE7904784F31188BFF36F8F0E
:1079600010BD43680B707047C9B24160704784B066
:1079700043681B68186810F0080000D001201A68DE
:1079800012F0010F01D040F002001A6812F0020F4D
:1079900001D040F004001A6812F0040F01D040F04A
:1079A00020001A6812F4807F2AD040F008006FF49B
:1079B00080721A6010F0010F05D01A680092009AC8
:1079C0005A680092009A10F0020F05D01A680192CE
:1079D000019A5A680192019A10F0040F05D01A68B2
:1079E0000292029A5A680292029A10F0200F05D071
:1079F0001A680392039A5B680393039B04B0704771
:107A000010F0080FD6D0D2E7F8B50C4647680369E6
:107A10001D680979012904D002290ED14FF4806331
:107A200001E04FF4C0636279012A08D0022A08D02D
:107A3000002A4BD14FF4805205E00023F3E70022E7
:107A400001E04FF44052A679042E42D0002943D1E0
:107A50004FF0000CE179012941D00021A54241D02D
:107A60003F68FE6806F4C06E734504D0FE6826F4D5
:107A7000C0663343FB6043681E68336903F44053B8
:107A80009A4204D0336923F440531A433261436865
:107A90001E68F36803F480539C4505D0F36823F413
:107AA00080534CEA0303F36043681A68536903F494
:107AB0004073994204D0536923F440730B435361DC
:107AC00021682B68994228D10020F8BD4FF400525C
:107AD000B9E74FF4805CBDE74FF4805CBAE74FF440
:107AE0004071BBE73E68F56825F4B05543EA0C03E6
:107AF0002B43F360336923F44053134333614368EA
:107B00001A68536923F440730B4353612168FBF7F0
:107B10005DFF0028D9DB0020D7E7FBF757FF0028DF
:107B2000D3DB23682B600020CFE700B583B001AA28
:107B3000FFF7B6FD002805DB019B002219791868C4
:107B4000FFF7C7FD03B05DF804FB38B50446456890
:107B5000FBF724FF00280BDB0021686AFFF7E5FF35
:107B6000002805DB2046FCF787F8002800DB002012
:107B700038BD08B5EFF31181102383F31288BFF3EA
:107B80006F8FFDF725FB08BD10B50446436993B11F
:107B90009847024630B100280BDBFF2A00DDFF22A8
:107BA000E3681A70E1684B7843F001034B70504270
:107BB00010BD4242F1E70022F4E760B1C3685A7891
:107BC00012F0010F03D01B781BB10020704700207A
:107BD00070470120704700207047EFF31183102396
:107BE00083F31288BFF36F8FFEE708B5EFF31183BD
:107BF000102383F31288BFF36F8FFFF7DCF9F5E7EB
:107C000000BF70473AB18A4208D38160C260006009
:107C10004060002070476FF0150070476FF015004E
:107C20007047F8B50546D31D23F007037F3323F0D3
:107C30003F0301F14007A3F140063F2B07D8002284
:107C400082F31188BFF36F8F0422104602DFCC1835
:107C500021462846FAF7D0F9073020F00700C5F88A
:107C60009470C5F89860C5F89C00201AF8BDEFF331
:107C70000580003818BF012070477430704710B479
:107C800000248460838102748173C4738461C4613D
:107C900010BC7047F0B587B00446129E139D0027B4
:107CA0000597109F04970F9F03970E9F02970D9FB4
:107CB00001970C9F0097FCF7FBFCB5F1FF3F08BF55
:107CC000B6F1FF3F02D1204607B0F0BD32462B4649
:107CD0002046FCF7CDFCF6E70020704738B5044697
:107CE0000D46FCF7E3FD237C43F00203237425B328
:107CF000A5602B689D4207D1002305E019466A68FC
:107D0000934215D01B687BB993B194F90E1093F987
:107D10000E209142F2D0521A002AEFDD5A686260BA
:107D2000236014605C6008E00029EDD10B46EBE7AE
:107D30006B68256063601C606C6038BD70B506467A
:107D4000046884421AD0DCB16268236813605A6008
:107D5000002525606560237C23F002032374A56061
:107D600004F1180000F0E4F8C4F8AC502046FCF729
:107D700045FD3468A642E6D10024E4E70024E2E7AA
:107D800070BD70B5044616461D46FFF7A7FF324684
:107D90002B462046FCF74CFE70BD38B50446002348
:107DA000EFF31185102282F31288BFF36F8F04E086
:107DB00085F31188BFF36F8F012343B92046FFF786
:107DC0008BFF0028F4D12046FCF718FDF0E738BD02
:107DD0000023EFF31181102282F31288BFF36F8F1B
:107DE00004E081F31188BFF36F8F01237BB98368AF
:107DF000002BF6D04268036813605A6000230360CA
:107E00004360027C22F0020202748360E9E770475B
:107E100008B5037C13F0280F13D183685BB1426867
:107E2000036813605A60002303604360027C22F001
:107E3000020202748360037C23F004030374FCF7E2
:107E4000DDFC08BD38B5A0F118050023EFF311845F
:107E5000102282F31288BFF36F8F07E02846FFF7E6
:107E6000D7FF84F31188BFF36F8F0123002BF5D068
:107E700038BD01460023EFF3118C102282F31288E3
:107E8000BFF36F8F184605E000208CF31188BFF315
:107E90006F8F01238BB908688142F5D00028F4D098
:107EA0004268036813605A60002303604360027CE9
:107EB00022F0020202748360E7E7704708B5FCF71E
:107EC00083FC08BD031D43608360704710B5044602
:107ED000FDF7CCF848B102460369416920691B18D7
:107EE000606941EB000113615161626823681360AE
:107EF0005A6000232360636010BD10B50446FDF78F
:107F0000ABF878B1036942691B1B62EBE472B3F111
:107F1000004F72F1000108DA002A01DB184610BD9B
:107F20000023FBE76FF00040F9E76FF00040F6E751
:107F30002DE9F04104460025EFF31187102383F368
:107F40001288BFF36F8F6FF0150014E0FDF79AF8F9
:107F5000FFF7D3FF0021FBF741FF404606E022690F
:107F60006369B3F1004F08BF012A18D087F3118865
:107F7000BFF36F8F0125A846BDB92368002BEED053
:107F8000FDF76AF806462046FFF7A0FF00224FF0F3
:107F90000043C4E90423A642D8D02846E6E70022DD
:107FA0004FF00043C4E90423E0E7BDE8F08108B5E1
:107FB000FDF770F908BD08B5FDF76CF908BD016261
:107FC00042620023036300F118028261C261036010
:087FD0004360436370470000A9
:087FD800E883FF7F01000000B7
:107FE00000000000808000081D1000080000000054
:107FF000000000009C800008000000004481000890
:10800000000000007C810008000000006081000882
:10801000000000009881000800000000288100088E
:10802000000000000C81000800000000F080000843
:1080300000000000D480000800000000B8800008A4
:10804000557200080000000000000000B481000824
:1080500000000000D0810008B131000800000000DD
:10806000413D000800000000CD12000800000000A3
:10807000A12B00080000000000000000EC810008B7
:10808000208D000800000000948400087600002085
:10809000000000005D30000800000000C48E0008F1
:1080A00040930008848400087A000020000000004B
:1080B000000000000000000084860008B090000866
:1080C0005884000864000020000800208510000883
:1080D0000000000094860008C4900008588400083E
:1080E0006600002010080020851000080000000035
:1080F000A4860008D8900008588400086800002072
:10810000200800208510000800000000B486000848
:10811000EC900008588400086A0000203008002015
:108120008510000800000000C486000800910008C7
:10813000588400086C0000204008002085100008CA
:1081400000000000D486000814910008588400083C
:108150006E0000205008002085100008000000007C
:10816000E486000828910008588400087000002068
:10817000600800208510000800000000F486000858
:108180003C9100085884000872000020700800200C
:108190008510000800000000F48C000800000000BA
:1081A0000000000074000020000000004D72000874
:1081B000000000005C8F000844930008B0840008B1
:1081C0007C0000203C0000204B7B000800000000E9
:1081D0006C8F000894930008B08400087E00002093
:1081E000480000204B7B000800000000B48E00080F
:1081F000AC9200087C840008780000203000002049
:088200005135000800000000E8
:10820800000000008F6F0008000000008F6F00085A
:10821800000000008F6F0008000000008F6F00084A
:10822800000000008F6F0008000000008F6F00083A
:10823800A8920008892C0008A4920008892C00083C
:10824800A0920008892C00089C920008892C00083C
:1082580098920008892C0008000000008F6F000821
:10826800000000008F6F0008000000008F6F0008FA
:10827800000000008F6F0008000000008F6F0008EA
:10828800000000008F6F0008000000008F6F0008DA
:10829800000000008F6F0008000000008F6F0008CA
:1082A800000000008F6F0008000000008F6F0008BA
:1082B800000000008F6F000894920008892C0008C5
:1082C800000000008F6F0008000000008F6F00089A
:1082D800000000008F6F0008000000008F6F00088A
:1082E800000000008F6F0008000000008F6F00087A
:1082F800000000008F6F0008000000008F6F00086A
:10830800000000008F6F0008000000008F6F000859
:10831800000000008F6F0008000000008F6F000849
:10832800000000008F6F0008000000008F6F000839
:10833800000000008F6F0008000000008F6F000829
:1083480090920008892C0008000000008F6F000838
:10835800000000008F6F0008000000008F6F000809
:10836800000000008F6F0008000000008F6F0008F9
:10837800000000008F6F0008000000008F6F0008E9
:10838800000000008F6F0008000000008F6F0008D9
:10839800000000008F6F0008000000008F6F0008C9
:1083A800000000008F6F0008000000008F6F0008B9
:1083B800000000008F6F0008000000008F6F0008A9
:1083C800000000008F6F0008000000008F6F000899
:1083D800000000008F6F0008000000008F6F000889
:1083E800000000008F6F0008000000008F6F000879
:1083F800000000008F6F0008000000008F6F000869
:10840800000000008F6F0008000000008F6F000858
:10841800000000008F6F0008000000008F6F000848
:10842800000000008F6F0008000000008F6F000838
:10843800000000008F6F0008000000008F6F000828
:10844800000000008F6F0008000000008F6F000818
:10845800097600088B75000897750008A97500084B
:10846800B3750008BF750008CD310008CD75000848
:048478000000000000
:08847C0011340008A377000889
:10848400D9770008FB7700081978000839780008C4
:108494003B7300087F73000800000000A92E000849
:0C84A400F573000800000000AD73000834
:1084B0007D3900088D3900086F790008493B0008B4
:0484C00061780008D7
:1084C4006486000803000000148D00080300000007
:1084D4002087000803000000248700080300000030
:1084E4004C88000803000000788C0008030000009A
:1084F4007490000803000000B88500080300000021
:10850400B88E000803000000308D0008030000004E
:1085140004870008030000007886000803000000B8
:088524007C8F00080300000039
:10852C004492000808000020388800080100000070
:10853C00040000000F000000010000000800000013
:10854C00200000006000000070000000100000001F
:10855C000C0000000E000000500000007400000031
:10856C00A8000000FFFFFFFFFFFFFFFFFFFFFFFF63
:04857C00FFFFFFFFFF
:1085800044000000004000006E75636C656F5F661C
:1085900034303172652F73746D3332663430317814
:1085A0006500000048656C6C6F20576F726C642129
:1085B0002025730A000000006F735F68656170001A
:1085C00028756E7369676E6564292063686172201F
:1085D0002A207573656420666F72202525702061DE
:1085E0007267756D656E742E2049742773207265ED
:1085F000636F6D6D656E64656420746F2063617375
:108600007420697420746F20766F6964202A206258
:10861000656361757365206974206D61792063619C
:10862000757365206D69736265686176696F722024
:10863000696E206365727461696E20636F6E66692E
:108640006775726174696F6E732E20537472696EF0
:10865000673A2225732220617267756D656E743AE0
:108660002564000063627072696E74665F70616396
:108670006B616765000000007379735F6765746FF5
:10868000707400006770696F40343030323163308D
:10869000300000006770696F40343030323138305C
:1086A000300000006770696F403430303231343050
:1086B000300000006770696F403430303231303044
:1086C000300000006770696F403430303230633002
:1086D000300000006770696F40343030323038301D
:1086E000300000006770696F403430303230343011
:1086F000300000006770696F403430303230303005
:108700003000000073746D33325F6261636B7570AB
:108710005F646F6D61696E006C6F6767696E67009B
:108720006C6F67006C6F675F6D676D7400000000B1
:108730004D657373616765202822257322292064A3
:10874000726F70706564206265636175736520691E
:108750007420657863656564732073697A65206C3D
:10876000696D69746174696F6E2028257529000030
:108770004D6573736167652064726F707065642006
:1087800062656361757365206974206578636565EA
:1087900064732073697A65206C696D6974617469AA
:1087A0006F6E2028257529005B2530386C755D209B
:1087B000000000005B253032753A253032753A25CD
:1087C0003032752E253033752C253033755D200001
:1087D0001B5B306D000000002573000025732E0028
:1087E00025733A20000000003C25733E2000000065
:1087F00025732F00257320000A0000000D0A0000D9
:1088000020000000253032782000000020202000C9
:108810007C000000256300001B5B313B33316D00A1
:108820001B5B313B33336D006572720077726E00F3
:10883000696E6600646267006C6F675F6261636B9C
:10884000656E645F75617274000000006C6F675F35
:10885000756172740000000072302F61313A20207F
:10886000307825303878202072312F61323A20203C
:10887000307825303878202072322F61333A20202A
:10888000307825303878000072332F61343A202058
:10889000307825303878207231322F69703A2020B4
:1088A000307825303878207231342F6C723A20209D
:1088B000307825303878000020787073723A2020A4
:1088C00030782530387800004661756C74696E67C1
:1088D00020696E737472756374696F6E206164646D
:1088E0007265737320287231352F7063293A2030F6
:1088F0007825303878000000556E68616E646C65CC
:1089000064204952516E3A2025640000535053456B
:108910004C20696E20746872656164206D6F6465B7
:1089200020646F6573206E6F7420696E6469636183
:1089300074652050535000002A2A2A2A2A205553B1
:10894000414745204641554C54202A2A2A2A2A00CC
:1089500020204469766973696F6E206279207A6598
:10896000726F00002020556E616C69676E6564202F
:108970006D656D6F727920616363657373000000CC
:1089800020204E6F20636F70726F636573736F7218
:1089900020696E737472756374696F6E7300000082
:1089A0002020496C6C6567616C206C6F6164206F7E
:1089B00066204558435F52455455524E20696E74A7
:1089C0006F205043000000002020496C6C656761F7
:1089D0006C20757365206F66207468652045505360
:1089E000520000002020417474656D707420746F13
:1089F000206578656375746520756E646566696E5B
:108A0000656420696E737472756374696F6E0000BB
:108A10002A2A2A2A2A204465627567206D6F6E69AA
:108A2000746F7220657863657074696F6E202A2A8E
:108A30002A2A2A0052657365727665642045786338
:108A4000657074696F6E20280000000053707572A5
:108A5000696F757320696E74657272757074202801
:108A600049525120000000002A2A2A2A2A20257370
:108A700020256429202A2A2A2A2A00002A2A2A2A8A
:108A80002A20425553204641554C54202A2A2A2A4E
:108A90002A0000002020537461636B696E672065B3
:108AA00072726F72000000002020556E7374616353
:108AB0006B696E67206572726F72000020205072C1
:108AC00065636973652064617461206275732065F4
:108AD00072726F7200000000202042464152204115
:108AE0006464726573733A20307825780000000062
:108AF0002020496D707265636973652064617461DB
:108B000020627573206572726F7200002020496EBA
:108B1000737472756374696F6E2062757320657209
:108B2000726F72002020466C6F6174696E672D70E1
:108B30006F696E74206C617A79207374617465203A
:108B4000707265736572766174696F6E206572729A
:108B50006F7200002A2A2A2A2A204D5055204641A9
:108B6000554C54202A2A2A2A2A0000002020537417
:108B700061636B696E67206572726F722028636F24
:108B80006E746578742061726561206D69676874C0
:108B9000206265206E6F742076616C696429000024
:108BA00020204461746120416363657373205669BA
:108BB0006F6C6174696F6E0020204D4D46415220EC
:108BC000416464726573733A203078257800000040
:108BD0002020496E737472756374696F6E204163EF
:108BE000636573732056696F6C6174696F6E000002
:108BF0002A2A2A2A2A2048415244204641554C54C8
:108C0000202A2A2A2A2A0000202042757320666121
:108C1000756C74206F6E20766563746F722074615A
:108C2000626C65207265616400000000202044656C
:108C3000627567206576656E7400000020204661CD
:108C4000756C7420657363616C6174696F6E202844
:108C50007365652062656C6F772900004152434857
:108C60005F455843455054207769746820726561A8
:108C7000736F6E2025780A006D7075004661696C0F
:108C8000656420746F20616C6C6F63617465206E25
:108C90006577204D505520726567696F6E20257588
:108CA0000A000000506172746974696F6E20257546
:108CB0003A20636F686572656E63652063686563FB
:108CC0006B206661696C65642E000000464C415360
:108CD000485F30005352414D5F300000496E76616D
:108CE0006C6964206C696E65206E756D62657220BA
:108CF00025750000696E746572727570742D636FEE
:108D00006E74726F6C6C6572403430303133633026
:108D100030000000657874695F73746D3332000051
:108D2000726363403430303233383030000000003A
:108D300073746D3332000000496E76616C69642093
:108D40006368616E6E656C20282564290000000050
:108D500043616E6E6F74207365742050574D206FA1
:108D600075747075742C20706572696F64206379F6
:108D7000636C657320257520657863656564732071
:108D800031362D6269742074696D6572206C696D6D
:108D900069742E004368616E6E656C2025642068DE
:108DA0006173204E4F20636F6D706C656D656E74DE
:108DB000617279206F75747075740000436F756C03
:108DC00064206E6F7420696E697469616C697A657C
:108DD00020636C6F636B202825642900436F756CDA
:108DE00064206E6F7420636F6E66696775726520AC
:108DF000636C6F636B2028256429000054696D65DE
:108E00007220636C6F636B20726174652067657498
:108E1000206572726F7220282564290054696D657F
:108E20007220636C6F636B20736F7572636520696A
:108E300073206E6F74207370656369666965640082
:108E400050574D2070696E6374726C207365747531
:108E500070206661696C6564202825642900000023
:108E600025733A2054696D657220646F6573206EB6
:108E70006F7420737570706F7274206D6173746598
:108E8000726D6F646500000053657474696E6720CD
:108E90006465616474696D65202564206F6E20616E
:108EA000206E6F6E2D627265616B2074696D6572E4
:108EB0002025730070776D0070776D5F73746D336C
:108EC0003200000072657365742D636F6E74726F8B
:108ED0006C6C657200000000436F756C64206E6FEF
:108EE0007420656E61626C6520284C502955415292
:108EF0005420636C6F636B004661696C656420632A
:108F0000616C6C20636C6F636B5F636F6E74726F08
:108F10006C5F6765745F726174652870636C6B6504
:108F20006E5B305D29000000556E61626C652074D7
:108F30006F2073657420257320746F2025640000F2
:108F4000726573657420636F6E74726F6C6C65729A
:108F5000206E6F74207265616479000073657269B8
:108F6000616C4034303030343430300073657269B5
:108F7000616C4034303031313030300075617274A2
:108F80005F73746D3332000043505520657863651C
:108F90007074696F6E000000556E68616E646C6578
:108FA0006420696E746572727570740053746163C5
:108FB0006B206F766572666C6F7700004B65726E22
:108FC000656C206F6F7073004B65726E656C2070FE
:108FD000616E696300000000556E6B6E6F776E20E6
:108FE0006572726F72000000756E6B6E6F776E0047
:108FF00048616C74696E672073797374656D0000E5
:109000003E3E3E205A455048595220464154414C1C
:10901000204552524F522025643A202573206F6E0E
:1090200020435055202564004661756C742064759A
:1090300072696E6720696E746572727570742068EB
:10904000616E646C696E670A00000000437572729D
:10905000656E74207468726561643A2025702028FA
:109060002573290069646C65000000006D61696EFC
:10907000000000006F7300002A2A2A20426F6F74DC
:10908000696E67205A6570687972204F5320627547
:10909000696C642076342E342E32202A2A2A0A0063
:1090A000286E756C6C2900002A666C6F61742A004A
:1090B000FFFF0000001C024007000000300000001D
:1090C00080000000FFFF00000018024006000000C2
:1090D0003000000040000000FFFF000000140240CC
:1090E000050000003000000020000000FFFF00002D
:1090F00000100240040000003000000010000000DA
:10910000FFFF0000000C02400300000030000000E0
:1091100008000000FFFF00000008024002000000FD
:109120003000000004000000FFFF000000040240C7
:10913000010000003000000002000000FFFF0000FE
:1091400000000240000000003000000001000000AC
:109150007C810008608100084481000828810008A3
:109160000C810008F0800008D4800008B880000856
:1091700000000000000000000000000000000000EF
:1091800000000000000000000000000000000000DF
:1091900000000000000000000000000000000000CF
:1091A00000000000000000000000000000000000BF
:1091B000000000000000000080010020000100000D
:1091C000016C00086B6B000802000000176E0008BD
:1091D000000000000000000000000000206D65732A
:1091E00073616765732064726F70706564202D2DE4
:1091F0002D0D0A1B5B306D001B5B313B33316D2D38
:109200002D2D20000000000018880008208800088C
:109210000000000000000000000000002888000896
:109220002C88000830880008348800083492000830
:10923000A0080020B51D0008B8080020C4080020C0
:1092400001000000E76E0008D96E0008C56E000836
:10925000B96E000800000000AD6E000800000000BC
:10926000000000200000000000000B0602000000CB
:109270007492000800000008CC8C0008240002064C
:1092800000000020D48C000820000B1110000020EA
:109290000A060000050500000401000003010000AB
:1092A0000201000001010000000100000000004078
:1092B00000000000000000000000000000000000AE
:1092C000CC92000802000000DC9200084000000080
:1092D0000100000015000000FF000000E4920008FB
:1092E00001000000EC92000801000000A100000055
:1092F00000000000677700086B7700086F770008B0
:109300007377000804000000400000000004000023
:10931000010000001000000000010000001000002B
:10932000000102030405060000020406080A0C00FE
:109330000000080000000800000000000404040011
:109340000038024000440040808000089C800008F3
:10935000110400006C9300080100000000000000F0
:1093600000000000000000007493000840000000AE
:10937000000002007C9300080100000084930008B4
:10938000020000004700000000020000670000002B
:109390000000000000100140808000089C80000850
:1093A00084040000BC9300080100000000000000DD
:1093B0000000000000000000C4930008440000000A
:1093C00010000000CC93000801000000D4930008B6
:1093D00002000000C702000000020000E7020000D7
:1093E0000000000000000000000000000102030473
:1093F00006070809E07F0008E07F00086080000899
:10940000688000088080000880800008000000005C
:10941000000000000000000000000000000000004C
:10942000000000000000000000000000000000003C
:10943000000000000000000000000000000000002C
:10944000000000000000000000000000000000001C
:10945000000000000000000000000000000000000C
:1094600000000000000000000000000000000000FC
:1094700000000000000000000000000000000000EC
:10948000000000000000000000000000202020205C
:1094900020202020202828282828202020202020A4
:1094A0002020202020202020202020208810101084
:1094B00010101010101010101010101004040404DC
:1094C0000404040404041010101010101041414151
:1094D00041414101010101010101010101010101BC
:1094E000010101010101011010101010104242424F
:1094F000424242020202020202020202020202028C
:1095000002020202020202101010102000000000ED
:10951000000000000000000000000000000000004B
:10952000000000000000000000000000000000003B
:10953000000000000000000000000000000000002B
:10954000000000000000000000000000000000001B
:10955000000000000000000000000000000000000B
:1095600000000000000000000000000000000000FB
:1095700000000000000000000000000000000000EB
:0C958000000000000000000000000000DF
:10958C00736300089F6B00082C9200080000000019
:10959C000000000043720008000000000000000002
:1095AC00FFFFFFFFFFFFFFFFFFFFFFFFFFFFFFFFBF
:1095BC00000000009C800008000400004000002017
:1095CC0000C20100000103004C00002000C2010099
:1095DC00000103000024F400C80000005C0000201F
:0495EC005C000020FF
:1095F000000000000000000000000000000000006B
:0C9600000000000000000000000000005E
:10960C00000000000000000000000000000000004E
:10961C00000000000000000000000000000000003E
:10962C00000000000000000000000000000000002E
:08963C00000000000000000026
:049644000000000022
:10964800BC000020BC000020000000000100000059
:0496580015E015E024
:040000050800265178
:00000001FF
