
zephyr.elf:     file format elf32-littlearm


Disassembly of section rom_start:

08000000 <_vector_table>:
 8000000:	00 47 00 20 c1 37 00 08 8f 91 00 08 ad 37 00 08     .G. .7.......7..
 8000010:	ad 37 00 08 ad 37 00 08 ad 37 00 08 00 00 00 00     .7...7...7......
	...
 800002c:	01 38 00 08 ad 37 00 08 00 00 00 00 e9 39 00 08     .8...7.......9..
 800003c:	65 58 00 08                                         eX..

08000040 <_irq_vector_table>:
 8000040:	81 3a 00 08 81 3a 00 08 81 3a 00 08 81 3a 00 08     .:...:...:...:..
 8000050:	81 3a 00 08 81 3a 00 08 81 3a 00 08 81 3a 00 08     .:...:...:...:..
 8000060:	81 3a 00 08 81 3a 00 08 81 3a 00 08 81 3a 00 08     .:...:...:...:..
 8000070:	81 3a 00 08 81 3a 00 08 81 3a 00 08 81 3a 00 08     .:...:...:...:..
 8000080:	81 3a 00 08 81 3a 00 08 81 3a 00 08 81 3a 00 08     .:...:...:...:..
 8000090:	81 3a 00 08 81 3a 00 08 81 3a 00 08 81 3a 00 08     .:...:...:...:..
 80000a0:	81 3a 00 08 81 3a 00 08 81 3a 00 08 81 3a 00 08     .:...:...:...:..
 80000b0:	81 3a 00 08 81 3a 00 08 81 3a 00 08 81 3a 00 08     .:...:...:...:..
 80000c0:	81 3a 00 08 81 3a 00 08 81 3a 00 08 81 3a 00 08     .:...:...:...:..
 80000d0:	81 3a 00 08 81 3a 00 08 81 3a 00 08 81 3a 00 08     .:...:...:...:..
 80000e0:	81 3a 00 08 81 3a 00 08 81 3a 00 08 81 3a 00 08     .:...:...:...:..
 80000f0:	81 3a 00 08 81 3a 00 08 81 3a 00 08 81 3a 00 08     .:...:...:...:..
 8000100:	81 3a 00 08 81 3a 00 08 81 3a 00 08 81 3a 00 08     .:...:...:...:..
 8000110:	81 3a 00 08 81 3a 00 08 81 3a 00 08 81 3a 00 08     .:...:...:...:..
 8000120:	81 3a 00 08 81 3a 00 08 81 3a 00 08 81 3a 00 08     .:...:...:...:..
 8000130:	81 3a 00 08 81 3a 00 08 81 3a 00 08 81 3a 00 08     .:...:...:...:..
 8000140:	81 3a 00 08 81 3a 00 08 81 3a 00 08 81 3a 00 08     .:...:...:...:..
 8000150:	81 3a 00 08 81 3a 00 08 81 3a 00 08 81 3a 00 08     .:...:...:...:..
 8000160:	81 3a 00 08 81 3a 00 08                             .:...:..

Disassembly of section text:

08000180 <strlen>:
 8000180:	b430      	push	{r4, r5}
 8000182:	f890 f000 	pld	[r0]
 8000186:	f020 0107 	bic.w	r1, r0, #7
 800018a:	f06f 0c00 	mvn.w	ip, #0
 800018e:	f010 0407 	ands.w	r4, r0, #7
 8000192:	f891 f020 	pld	[r1, #32]
 8000196:	f040 8048 	bne.w	800022a <strlen+0xaa>
 800019a:	f04f 0400 	mov.w	r4, #0
 800019e:	f06f 0007 	mvn.w	r0, #7
 80001a2:	e9d1 2300 	ldrd	r2, r3, [r1]
 80001a6:	f891 f040 	pld	[r1, #64]	@ 0x40
 80001aa:	f100 0008 	add.w	r0, r0, #8
 80001ae:	fa82 f24c 	uadd8	r2, r2, ip
 80001b2:	faa4 f28c 	sel	r2, r4, ip
 80001b6:	fa83 f34c 	uadd8	r3, r3, ip
 80001ba:	faa2 f38c 	sel	r3, r2, ip
 80001be:	bb4b      	cbnz	r3, 8000214 <strlen+0x94>
 80001c0:	e9d1 2302 	ldrd	r2, r3, [r1, #8]
 80001c4:	fa82 f24c 	uadd8	r2, r2, ip
 80001c8:	f100 0008 	add.w	r0, r0, #8
 80001cc:	faa4 f28c 	sel	r2, r4, ip
 80001d0:	fa83 f34c 	uadd8	r3, r3, ip
 80001d4:	faa2 f38c 	sel	r3, r2, ip
 80001d8:	b9e3      	cbnz	r3, 8000214 <strlen+0x94>
 80001da:	e9d1 2304 	ldrd	r2, r3, [r1, #16]
 80001de:	fa82 f24c 	uadd8	r2, r2, ip
 80001e2:	f100 0008 	add.w	r0, r0, #8
 80001e6:	faa4 f28c 	sel	r2, r4, ip
 80001ea:	fa83 f34c 	uadd8	r3, r3, ip
 80001ee:	faa2 f38c 	sel	r3, r2, ip
 80001f2:	b97b      	cbnz	r3, 8000214 <strlen+0x94>
 80001f4:	e9d1 2306 	ldrd	r2, r3, [r1, #24]
 80001f8:	f101 0120 	add.w	r1, r1, #32
 80001fc:	fa82 f24c 	uadd8	r2, r2, ip
 8000200:	f100 0008 	add.w	r0, r0, #8
 8000204:	faa4 f28c 	sel	r2, r4, ip
 8000208:	fa83 f34c 	uadd8	r3, r3, ip
 800020c:	faa2 f38c 	sel	r3, r2, ip
 8000210:	2b00      	cmp	r3, #0
 8000212:	d0c6      	beq.n	80001a2 <strlen+0x22>
 8000214:	2a00      	cmp	r2, #0
 8000216:	bf04      	itt	eq
 8000218:	3004      	addeq	r0, #4
 800021a:	461a      	moveq	r2, r3
 800021c:	ba12      	rev	r2, r2
 800021e:	fab2 f282 	clz	r2, r2
 8000222:	eb00 00d2 	add.w	r0, r0, r2, lsr #3
 8000226:	bc30      	pop	{r4, r5}
 8000228:	4770      	bx	lr
 800022a:	e9d1 2300 	ldrd	r2, r3, [r1]
 800022e:	f004 0503 	and.w	r5, r4, #3
 8000232:	f1c4 0000 	rsb	r0, r4, #0
 8000236:	ea4f 05c5 	mov.w	r5, r5, lsl #3
 800023a:	f014 0f04 	tst.w	r4, #4
 800023e:	f891 f040 	pld	[r1, #64]	@ 0x40
 8000242:	fa0c f505 	lsl.w	r5, ip, r5
 8000246:	ea62 0205 	orn	r2, r2, r5
 800024a:	bf1c      	itt	ne
 800024c:	ea63 0305 	ornne	r3, r3, r5
 8000250:	4662      	movne	r2, ip
 8000252:	f04f 0400 	mov.w	r4, #0
 8000256:	e7aa      	b.n	80001ae <strlen+0x2e>

08000258 <__aeabi_memcpy>:
 8000258:	4684      	mov	ip, r0
 800025a:	ea41 0300 	orr.w	r3, r1, r0
 800025e:	f013 0303 	ands.w	r3, r3, #3
 8000262:	d16d      	bne.n	8000340 <__aeabi_memcpy+0xe8>
 8000264:	3a40      	subs	r2, #64	@ 0x40
 8000266:	d341      	bcc.n	80002ec <__aeabi_memcpy+0x94>
 8000268:	f851 3b04 	ldr.w	r3, [r1], #4
 800026c:	f840 3b04 	str.w	r3, [r0], #4
 8000270:	f851 3b04 	ldr.w	r3, [r1], #4
 8000274:	f840 3b04 	str.w	r3, [r0], #4
 8000278:	f851 3b04 	ldr.w	r3, [r1], #4
 800027c:	f840 3b04 	str.w	r3, [r0], #4
 8000280:	f851 3b04 	ldr.w	r3, [r1], #4
 8000284:	f840 3b04 	str.w	r3, [r0], #4
 8000288:	f851 3b04 	ldr.w	r3, [r1], #4
 800028c:	f840 3b04 	str.w	r3, [r0], #4
 8000290:	f851 3b04 	ldr.w	r3, [r1], #4
 8000294:	f840 3b04 	str.w	r3, [r0], #4
 8000298:	f851 3b04 	ldr.w	r3, [r1], #4
 800029c:	f840 3b04 	str.w	r3, [r0], #4
 80002a0:	f851 3b04 	ldr.w	r3, [r1], #4
 80002a4:	f840 3b04 	str.w	r3, [r0], #4
 80002a8:	f851 3b04 	ldr.w	r3, [r1], #4
 80002ac:	f840 3b04 	str.w	r3, [r0], #4
 80002b0:	f851 3b04 	ldr.w	r3, [r1], #4
 80002b4:	f840 3b04 	str.w	r3, [r0], #4
 80002b8:	f851 3b04 	ldr.w	r3, [r1], #4
 80002bc:	f840 3b04 	str.w	r3, [r0], #4
 80002c0:	f851 3b04 	ldr.w	r3, [r1], #4
 80002c4:	f840 3b04 	str.w	r3, [r0], #4
 80002c8:	f851 3b04 	ldr.w	r3, [r1], #4
 80002cc:	f840 3b04 	str.w	r3, [r0], #4
 80002d0:	f851 3b04 	ldr.w	r3, [r1], #4
 80002d4:	f840 3b04 	str.w	r3, [r0], #4
 80002d8:	f851 3b04 	ldr.w	r3, [r1], #4
 80002dc:	f840 3b04 	str.w	r3, [r0], #4
 80002e0:	f851 3b04 	ldr.w	r3, [r1], #4
 80002e4:	f840 3b04 	str.w	r3, [r0], #4
 80002e8:	3a40      	subs	r2, #64	@ 0x40
 80002ea:	d2bd      	bcs.n	8000268 <__aeabi_memcpy+0x10>
 80002ec:	3230      	adds	r2, #48	@ 0x30
 80002ee:	d311      	bcc.n	8000314 <__aeabi_memcpy+0xbc>
 80002f0:	f851 3b04 	ldr.w	r3, [r1], #4
 80002f4:	f840 3b04 	str.w	r3, [r0], #4
 80002f8:	f851 3b04 	ldr.w	r3, [r1], #4
 80002fc:	f840 3b04 	str.w	r3, [r0], #4
 8000300:	f851 3b04 	ldr.w	r3, [r1], #4
 8000304:	f840 3b04 	str.w	r3, [r0], #4
 8000308:	f851 3b04 	ldr.w	r3, [r1], #4
 800030c:	f840 3b04 	str.w	r3, [r0], #4
 8000310:	3a10      	subs	r2, #16
 8000312:	d2ed      	bcs.n	80002f0 <__aeabi_memcpy+0x98>
 8000314:	320c      	adds	r2, #12
 8000316:	d305      	bcc.n	8000324 <__aeabi_memcpy+0xcc>
 8000318:	f851 3b04 	ldr.w	r3, [r1], #4
 800031c:	f840 3b04 	str.w	r3, [r0], #4
 8000320:	3a04      	subs	r2, #4
 8000322:	d2f9      	bcs.n	8000318 <__aeabi_memcpy+0xc0>
 8000324:	3204      	adds	r2, #4
 8000326:	d008      	beq.n	800033a <__aeabi_memcpy+0xe2>
 8000328:	07d2      	lsls	r2, r2, #31
 800032a:	bf1c      	itt	ne
 800032c:	f811 3b01 	ldrbne.w	r3, [r1], #1
 8000330:	f800 3b01 	strbne.w	r3, [r0], #1
 8000334:	d301      	bcc.n	800033a <__aeabi_memcpy+0xe2>
 8000336:	880b      	ldrh	r3, [r1, #0]
 8000338:	8003      	strh	r3, [r0, #0]
 800033a:	4660      	mov	r0, ip
 800033c:	4770      	bx	lr
 800033e:	bf00      	nop
 8000340:	2a08      	cmp	r2, #8
 8000342:	d313      	bcc.n	800036c <__aeabi_memcpy+0x114>
 8000344:	078b      	lsls	r3, r1, #30
 8000346:	d08d      	beq.n	8000264 <__aeabi_memcpy+0xc>
 8000348:	f010 0303 	ands.w	r3, r0, #3
 800034c:	d08a      	beq.n	8000264 <__aeabi_memcpy+0xc>
 800034e:	f1c3 0304 	rsb	r3, r3, #4
 8000352:	1ad2      	subs	r2, r2, r3
 8000354:	07db      	lsls	r3, r3, #31
 8000356:	bf1c      	itt	ne
 8000358:	f811 3b01 	ldrbne.w	r3, [r1], #1
 800035c:	f800 3b01 	strbne.w	r3, [r0], #1
 8000360:	d380      	bcc.n	8000264 <__aeabi_memcpy+0xc>
 8000362:	f831 3b02 	ldrh.w	r3, [r1], #2
 8000366:	f820 3b02 	strh.w	r3, [r0], #2
 800036a:	e77b      	b.n	8000264 <__aeabi_memcpy+0xc>
 800036c:	3a04      	subs	r2, #4
 800036e:	d3d9      	bcc.n	8000324 <__aeabi_memcpy+0xcc>
 8000370:	3a01      	subs	r2, #1
 8000372:	f811 3b01 	ldrb.w	r3, [r1], #1
 8000376:	f800 3b01 	strb.w	r3, [r0], #1
 800037a:	d2f9      	bcs.n	8000370 <__aeabi_memcpy+0x118>
 800037c:	780b      	ldrb	r3, [r1, #0]
 800037e:	7003      	strb	r3, [r0, #0]
 8000380:	784b      	ldrb	r3, [r1, #1]
 8000382:	7043      	strb	r3, [r0, #1]
 8000384:	788b      	ldrb	r3, [r1, #2]
 8000386:	7083      	strb	r3, [r0, #2]
 8000388:	4660      	mov	r0, ip
 800038a:	4770      	bx	lr

0800038c <__aeabi_fmul>:
 800038c:	f04f 0cff 	mov.w	ip, #255	@ 0xff
 8000390:	ea1c 52d0 	ands.w	r2, ip, r0, lsr #23
 8000394:	bf1e      	ittt	ne
 8000396:	ea1c 53d1 	andsne.w	r3, ip, r1, lsr #23
 800039a:	ea92 0f0c 	teqne	r2, ip
 800039e:	ea93 0f0c 	teqne	r3, ip
 80003a2:	d06f      	beq.n	8000484 <__aeabi_fmul+0xf8>
 80003a4:	441a      	add	r2, r3
 80003a6:	ea80 0c01 	eor.w	ip, r0, r1
 80003aa:	0240      	lsls	r0, r0, #9
 80003ac:	bf18      	it	ne
 80003ae:	ea5f 2141 	movsne.w	r1, r1, lsl #9
 80003b2:	d01e      	beq.n	80003f2 <__aeabi_fmul+0x66>
 80003b4:	f04f 6300 	mov.w	r3, #134217728	@ 0x8000000
 80003b8:	ea43 1050 	orr.w	r0, r3, r0, lsr #5
 80003bc:	ea43 1151 	orr.w	r1, r3, r1, lsr #5
 80003c0:	fba0 3101 	umull	r3, r1, r0, r1
 80003c4:	f00c 4000 	and.w	r0, ip, #2147483648	@ 0x80000000
 80003c8:	f5b1 0f00 	cmp.w	r1, #8388608	@ 0x800000
 80003cc:	bf3e      	ittt	cc
 80003ce:	0049      	lslcc	r1, r1, #1
 80003d0:	ea41 71d3 	orrcc.w	r1, r1, r3, lsr #31
 80003d4:	005b      	lslcc	r3, r3, #1
 80003d6:	ea40 0001 	orr.w	r0, r0, r1
 80003da:	f162 027f 	sbc.w	r2, r2, #127	@ 0x7f
 80003de:	2afd      	cmp	r2, #253	@ 0xfd
 80003e0:	d81d      	bhi.n	800041e <__aeabi_fmul+0x92>
 80003e2:	f1b3 4f00 	cmp.w	r3, #2147483648	@ 0x80000000
 80003e6:	eb40 50c2 	adc.w	r0, r0, r2, lsl #23
 80003ea:	bf08      	it	eq
 80003ec:	f020 0001 	biceq.w	r0, r0, #1
 80003f0:	4770      	bx	lr
 80003f2:	f090 0f00 	teq	r0, #0
 80003f6:	f00c 4c00 	and.w	ip, ip, #2147483648	@ 0x80000000
 80003fa:	bf08      	it	eq
 80003fc:	0249      	lsleq	r1, r1, #9
 80003fe:	ea4c 2050 	orr.w	r0, ip, r0, lsr #9
 8000402:	ea40 2051 	orr.w	r0, r0, r1, lsr #9
 8000406:	3a7f      	subs	r2, #127	@ 0x7f
 8000408:	bfc2      	ittt	gt
 800040a:	f1d2 03ff 	rsbsgt	r3, r2, #255	@ 0xff
 800040e:	ea40 50c2 	orrgt.w	r0, r0, r2, lsl #23
 8000412:	4770      	bxgt	lr
 8000414:	f440 0000 	orr.w	r0, r0, #8388608	@ 0x800000
 8000418:	f04f 0300 	mov.w	r3, #0
 800041c:	3a01      	subs	r2, #1
 800041e:	dc5d      	bgt.n	80004dc <__aeabi_fmul+0x150>
 8000420:	f112 0f19 	cmn.w	r2, #25
 8000424:	bfdc      	itt	le
 8000426:	f000 4000 	andle.w	r0, r0, #2147483648	@ 0x80000000
 800042a:	4770      	bxle	lr
 800042c:	f1c2 0200 	rsb	r2, r2, #0
 8000430:	0041      	lsls	r1, r0, #1
 8000432:	fa21 f102 	lsr.w	r1, r1, r2
 8000436:	f1c2 0220 	rsb	r2, r2, #32
 800043a:	fa00 fc02 	lsl.w	ip, r0, r2
 800043e:	ea5f 0031 	movs.w	r0, r1, rrx
 8000442:	f140 0000 	adc.w	r0, r0, #0
 8000446:	ea53 034c 	orrs.w	r3, r3, ip, lsl #1
 800044a:	bf08      	it	eq
 800044c:	ea20 70dc 	biceq.w	r0, r0, ip, lsr #31
 8000450:	4770      	bx	lr
 8000452:	f092 0f00 	teq	r2, #0
 8000456:	f000 4c00 	and.w	ip, r0, #2147483648	@ 0x80000000
 800045a:	bf02      	ittt	eq
 800045c:	0040      	lsleq	r0, r0, #1
 800045e:	f410 0f00 	tsteq.w	r0, #8388608	@ 0x800000
 8000462:	3a01      	subeq	r2, #1
 8000464:	d0f9      	beq.n	800045a <__aeabi_fmul+0xce>
 8000466:	ea40 000c 	orr.w	r0, r0, ip
 800046a:	f093 0f00 	teq	r3, #0
 800046e:	f001 4c00 	and.w	ip, r1, #2147483648	@ 0x80000000
 8000472:	bf02      	ittt	eq
 8000474:	0049      	lsleq	r1, r1, #1
 8000476:	f411 0f00 	tsteq.w	r1, #8388608	@ 0x800000
 800047a:	3b01      	subeq	r3, #1
 800047c:	d0f9      	beq.n	8000472 <__aeabi_fmul+0xe6>
 800047e:	ea41 010c 	orr.w	r1, r1, ip
 8000482:	e78f      	b.n	80003a4 <__aeabi_fmul+0x18>
 8000484:	ea0c 53d1 	and.w	r3, ip, r1, lsr #23
 8000488:	ea92 0f0c 	teq	r2, ip
 800048c:	bf18      	it	ne
 800048e:	ea93 0f0c 	teqne	r3, ip
 8000492:	d00a      	beq.n	80004aa <__aeabi_fmul+0x11e>
 8000494:	f030 4c00 	bics.w	ip, r0, #2147483648	@ 0x80000000
 8000498:	bf18      	it	ne
 800049a:	f031 4c00 	bicsne.w	ip, r1, #2147483648	@ 0x80000000
 800049e:	d1d8      	bne.n	8000452 <__aeabi_fmul+0xc6>
 80004a0:	ea80 0001 	eor.w	r0, r0, r1
 80004a4:	f000 4000 	and.w	r0, r0, #2147483648	@ 0x80000000
 80004a8:	4770      	bx	lr
 80004aa:	f090 0f00 	teq	r0, #0
 80004ae:	bf17      	itett	ne
 80004b0:	f090 4f00 	teqne	r0, #2147483648	@ 0x80000000
 80004b4:	4608      	moveq	r0, r1
 80004b6:	f091 0f00 	teqne	r1, #0
 80004ba:	f091 4f00 	teqne	r1, #2147483648	@ 0x80000000
 80004be:	d014      	beq.n	80004ea <__aeabi_fmul+0x15e>
 80004c0:	ea92 0f0c 	teq	r2, ip
 80004c4:	d101      	bne.n	80004ca <__aeabi_fmul+0x13e>
 80004c6:	0242      	lsls	r2, r0, #9
 80004c8:	d10f      	bne.n	80004ea <__aeabi_fmul+0x15e>
 80004ca:	ea93 0f0c 	teq	r3, ip
 80004ce:	d103      	bne.n	80004d8 <__aeabi_fmul+0x14c>
 80004d0:	024b      	lsls	r3, r1, #9
 80004d2:	bf18      	it	ne
 80004d4:	4608      	movne	r0, r1
 80004d6:	d108      	bne.n	80004ea <__aeabi_fmul+0x15e>
 80004d8:	ea80 0001 	eor.w	r0, r0, r1
 80004dc:	f000 4000 	and.w	r0, r0, #2147483648	@ 0x80000000
 80004e0:	f040 40fe 	orr.w	r0, r0, #2130706432	@ 0x7f000000
 80004e4:	f440 0000 	orr.w	r0, r0, #8388608	@ 0x800000
 80004e8:	4770      	bx	lr
 80004ea:	f040 40fe 	orr.w	r0, r0, #2130706432	@ 0x7f000000
 80004ee:	f440 0040 	orr.w	r0, r0, #12582912	@ 0xc00000
 80004f2:	4770      	bx	lr

080004f4 <__aeabi_frsub>:
 80004f4:	f080 4000 	eor.w	r0, r0, #2147483648	@ 0x80000000
 80004f8:	e002      	b.n	8000500 <__addsf3>
 80004fa:	bf00      	nop

080004fc <__aeabi_fsub>:
 80004fc:	f081 4100 	eor.w	r1, r1, #2147483648	@ 0x80000000

08000500 <__addsf3>:
 8000500:	0042      	lsls	r2, r0, #1
 8000502:	bf1f      	itttt	ne
 8000504:	ea5f 0341 	movsne.w	r3, r1, lsl #1
 8000508:	ea92 0f03 	teqne	r2, r3
 800050c:	ea7f 6c22 	mvnsne.w	ip, r2, asr #24
 8000510:	ea7f 6c23 	mvnsne.w	ip, r3, asr #24
 8000514:	d06a      	beq.n	80005ec <__addsf3+0xec>
 8000516:	ea4f 6212 	mov.w	r2, r2, lsr #24
 800051a:	ebd2 6313 	rsbs	r3, r2, r3, lsr #24
 800051e:	bfc1      	itttt	gt
 8000520:	18d2      	addgt	r2, r2, r3
 8000522:	4041      	eorgt	r1, r0
 8000524:	4048      	eorgt	r0, r1
 8000526:	4041      	eorgt	r1, r0
 8000528:	bfb8      	it	lt
 800052a:	425b      	neglt	r3, r3
 800052c:	2b19      	cmp	r3, #25
 800052e:	bf88      	it	hi
 8000530:	4770      	bxhi	lr
 8000532:	f010 4f00 	tst.w	r0, #2147483648	@ 0x80000000
 8000536:	f440 0000 	orr.w	r0, r0, #8388608	@ 0x800000
 800053a:	f020 407f 	bic.w	r0, r0, #4278190080	@ 0xff000000
 800053e:	bf18      	it	ne
 8000540:	4240      	negne	r0, r0
 8000542:	f011 4f00 	tst.w	r1, #2147483648	@ 0x80000000
 8000546:	f441 0100 	orr.w	r1, r1, #8388608	@ 0x800000
 800054a:	f021 417f 	bic.w	r1, r1, #4278190080	@ 0xff000000
 800054e:	bf18      	it	ne
 8000550:	4249      	negne	r1, r1
 8000552:	ea92 0f03 	teq	r2, r3
 8000556:	d03f      	beq.n	80005d8 <__addsf3+0xd8>
 8000558:	f1a2 0201 	sub.w	r2, r2, #1
 800055c:	fa41 fc03 	asr.w	ip, r1, r3
 8000560:	eb10 000c 	adds.w	r0, r0, ip
 8000564:	f1c3 0320 	rsb	r3, r3, #32
 8000568:	fa01 f103 	lsl.w	r1, r1, r3
 800056c:	f000 4300 	and.w	r3, r0, #2147483648	@ 0x80000000
 8000570:	d502      	bpl.n	8000578 <__addsf3+0x78>
 8000572:	4249      	negs	r1, r1
 8000574:	eb60 0040 	sbc.w	r0, r0, r0, lsl #1
 8000578:	f5b0 0f00 	cmp.w	r0, #8388608	@ 0x800000
 800057c:	d313      	bcc.n	80005a6 <__addsf3+0xa6>
 800057e:	f1b0 7f80 	cmp.w	r0, #16777216	@ 0x1000000
 8000582:	d306      	bcc.n	8000592 <__addsf3+0x92>
 8000584:	0840      	lsrs	r0, r0, #1
 8000586:	ea4f 0131 	mov.w	r1, r1, rrx
 800058a:	f102 0201 	add.w	r2, r2, #1
 800058e:	2afe      	cmp	r2, #254	@ 0xfe
 8000590:	d251      	bcs.n	8000636 <__addsf3+0x136>
 8000592:	f1b1 4f00 	cmp.w	r1, #2147483648	@ 0x80000000
 8000596:	eb40 50c2 	adc.w	r0, r0, r2, lsl #23
 800059a:	bf08      	it	eq
 800059c:	f020 0001 	biceq.w	r0, r0, #1
 80005a0:	ea40 0003 	orr.w	r0, r0, r3
 80005a4:	4770      	bx	lr
 80005a6:	0049      	lsls	r1, r1, #1
 80005a8:	eb40 0000 	adc.w	r0, r0, r0
 80005ac:	3a01      	subs	r2, #1
 80005ae:	bf28      	it	cs
 80005b0:	f5b0 0f00 	cmpcs.w	r0, #8388608	@ 0x800000
 80005b4:	d2ed      	bcs.n	8000592 <__addsf3+0x92>
 80005b6:	fab0 fc80 	clz	ip, r0
 80005ba:	f1ac 0c08 	sub.w	ip, ip, #8
 80005be:	ebb2 020c 	subs.w	r2, r2, ip
 80005c2:	fa00 f00c 	lsl.w	r0, r0, ip
 80005c6:	bfaa      	itet	ge
 80005c8:	eb00 50c2 	addge.w	r0, r0, r2, lsl #23
 80005cc:	4252      	neglt	r2, r2
 80005ce:	4318      	orrge	r0, r3
 80005d0:	bfbc      	itt	lt
 80005d2:	40d0      	lsrlt	r0, r2
 80005d4:	4318      	orrlt	r0, r3
 80005d6:	4770      	bx	lr
 80005d8:	f092 0f00 	teq	r2, #0
 80005dc:	f481 0100 	eor.w	r1, r1, #8388608	@ 0x800000
 80005e0:	bf06      	itte	eq
 80005e2:	f480 0000 	eoreq.w	r0, r0, #8388608	@ 0x800000
 80005e6:	3201      	addeq	r2, #1
 80005e8:	3b01      	subne	r3, #1
 80005ea:	e7b5      	b.n	8000558 <__addsf3+0x58>
 80005ec:	ea4f 0341 	mov.w	r3, r1, lsl #1
 80005f0:	ea7f 6c22 	mvns.w	ip, r2, asr #24
 80005f4:	bf18      	it	ne
 80005f6:	ea7f 6c23 	mvnsne.w	ip, r3, asr #24
 80005fa:	d021      	beq.n	8000640 <__addsf3+0x140>
 80005fc:	ea92 0f03 	teq	r2, r3
 8000600:	d004      	beq.n	800060c <__addsf3+0x10c>
 8000602:	f092 0f00 	teq	r2, #0
 8000606:	bf08      	it	eq
 8000608:	4608      	moveq	r0, r1
 800060a:	4770      	bx	lr
 800060c:	ea90 0f01 	teq	r0, r1
 8000610:	bf1c      	itt	ne
 8000612:	2000      	movne	r0, #0
 8000614:	4770      	bxne	lr
 8000616:	f012 4f7f 	tst.w	r2, #4278190080	@ 0xff000000
 800061a:	d104      	bne.n	8000626 <__addsf3+0x126>
 800061c:	0040      	lsls	r0, r0, #1
 800061e:	bf28      	it	cs
 8000620:	f040 4000 	orrcs.w	r0, r0, #2147483648	@ 0x80000000
 8000624:	4770      	bx	lr
 8000626:	f112 7200 	adds.w	r2, r2, #33554432	@ 0x2000000
 800062a:	bf3c      	itt	cc
 800062c:	f500 0000 	addcc.w	r0, r0, #8388608	@ 0x800000
 8000630:	4770      	bxcc	lr
 8000632:	f000 4300 	and.w	r3, r0, #2147483648	@ 0x80000000
 8000636:	f043 40fe 	orr.w	r0, r3, #2130706432	@ 0x7f000000
 800063a:	f440 0000 	orr.w	r0, r0, #8388608	@ 0x800000
 800063e:	4770      	bx	lr
 8000640:	ea7f 6222 	mvns.w	r2, r2, asr #24
 8000644:	bf16      	itet	ne
 8000646:	4608      	movne	r0, r1
 8000648:	ea7f 6323 	mvnseq.w	r3, r3, asr #24
 800064c:	4601      	movne	r1, r0
 800064e:	0242      	lsls	r2, r0, #9
 8000650:	bf06      	itte	eq
 8000652:	ea5f 2341 	movseq.w	r3, r1, lsl #9
 8000656:	ea90 0f01 	teqeq	r0, r1
 800065a:	f440 0080 	orrne.w	r0, r0, #4194304	@ 0x400000
 800065e:	4770      	bx	lr

08000660 <__aeabi_ui2f>:
 8000660:	f04f 0300 	mov.w	r3, #0
 8000664:	e004      	b.n	8000670 <__aeabi_i2f+0x8>
 8000666:	bf00      	nop

08000668 <__aeabi_i2f>:
 8000668:	f010 4300 	ands.w	r3, r0, #2147483648	@ 0x80000000
 800066c:	bf48      	it	mi
 800066e:	4240      	negmi	r0, r0
 8000670:	ea5f 0c00 	movs.w	ip, r0
 8000674:	bf08      	it	eq
 8000676:	4770      	bxeq	lr
 8000678:	f043 4396 	orr.w	r3, r3, #1258291200	@ 0x4b000000
 800067c:	4601      	mov	r1, r0
 800067e:	f04f 0000 	mov.w	r0, #0
 8000682:	e01c      	b.n	80006be <__aeabi_l2f+0x2a>

08000684 <__aeabi_ul2f>:
 8000684:	ea50 0201 	orrs.w	r2, r0, r1
 8000688:	bf08      	it	eq
 800068a:	4770      	bxeq	lr
 800068c:	f04f 0300 	mov.w	r3, #0
 8000690:	e00a      	b.n	80006a8 <__aeabi_l2f+0x14>
 8000692:	bf00      	nop

08000694 <__aeabi_l2f>:
 8000694:	ea50 0201 	orrs.w	r2, r0, r1
 8000698:	bf08      	it	eq
 800069a:	4770      	bxeq	lr
 800069c:	f011 4300 	ands.w	r3, r1, #2147483648	@ 0x80000000
 80006a0:	d502      	bpl.n	80006a8 <__aeabi_l2f+0x14>
 80006a2:	4240      	negs	r0, r0
 80006a4:	eb61 0141 	sbc.w	r1, r1, r1, lsl #1
 80006a8:	ea5f 0c01 	movs.w	ip, r1
 80006ac:	bf02      	ittt	eq
 80006ae:	4684      	moveq	ip, r0
 80006b0:	4601      	moveq	r1, r0
 80006b2:	2000      	moveq	r0, #0
 80006b4:	f043 43b6 	orr.w	r3, r3, #1526726656	@ 0x5b000000
 80006b8:	bf08      	it	eq
 80006ba:	f1a3 5380 	subeq.w	r3, r3, #268435456	@ 0x10000000
 80006be:	f5a3 0300 	sub.w	r3, r3, #8388608	@ 0x800000
 80006c2:	fabc f28c 	clz	r2, ip
 80006c6:	3a08      	subs	r2, #8
 80006c8:	eba3 53c2 	sub.w	r3, r3, r2, lsl #23
 80006cc:	db10      	blt.n	80006f0 <__aeabi_l2f+0x5c>
 80006ce:	fa01 fc02 	lsl.w	ip, r1, r2
 80006d2:	4463      	add	r3, ip
 80006d4:	fa00 fc02 	lsl.w	ip, r0, r2
 80006d8:	f1c2 0220 	rsb	r2, r2, #32
 80006dc:	f1bc 4f00 	cmp.w	ip, #2147483648	@ 0x80000000
 80006e0:	fa20 f202 	lsr.w	r2, r0, r2
 80006e4:	eb43 0002 	adc.w	r0, r3, r2
 80006e8:	bf08      	it	eq
 80006ea:	f020 0001 	biceq.w	r0, r0, #1
 80006ee:	4770      	bx	lr
 80006f0:	f102 0220 	add.w	r2, r2, #32
 80006f4:	fa01 fc02 	lsl.w	ip, r1, r2
 80006f8:	f1c2 0220 	rsb	r2, r2, #32
 80006fc:	ea50 004c 	orrs.w	r0, r0, ip, lsl #1
 8000700:	fa21 f202 	lsr.w	r2, r1, r2
 8000704:	eb43 0002 	adc.w	r0, r3, r2
 8000708:	bf08      	it	eq
 800070a:	ea20 70dc 	biceq.w	r0, r0, ip, lsr #31
 800070e:	4770      	bx	lr

08000710 <__aeabi_f2iz>:
 8000710:	ea4f 0240 	mov.w	r2, r0, lsl #1
 8000714:	f1b2 4ffe 	cmp.w	r2, #2130706432	@ 0x7f000000
 8000718:	d30f      	bcc.n	800073a <__aeabi_f2iz+0x2a>
 800071a:	f04f 039e 	mov.w	r3, #158	@ 0x9e
 800071e:	ebb3 6212 	subs.w	r2, r3, r2, lsr #24
 8000722:	d90d      	bls.n	8000740 <__aeabi_f2iz+0x30>
 8000724:	ea4f 2300 	mov.w	r3, r0, lsl #8
 8000728:	f043 4300 	orr.w	r3, r3, #2147483648	@ 0x80000000
 800072c:	f010 4f00 	tst.w	r0, #2147483648	@ 0x80000000
 8000730:	fa23 f002 	lsr.w	r0, r3, r2
 8000734:	bf18      	it	ne
 8000736:	4240      	negne	r0, r0
 8000738:	4770      	bx	lr
 800073a:	f04f 0000 	mov.w	r0, #0
 800073e:	4770      	bx	lr
 8000740:	f112 0f61 	cmn.w	r2, #97	@ 0x61
 8000744:	d101      	bne.n	800074a <__aeabi_f2iz+0x3a>
 8000746:	0242      	lsls	r2, r0, #9
 8000748:	d105      	bne.n	8000756 <__aeabi_f2iz+0x46>
 800074a:	f010 4000 	ands.w	r0, r0, #2147483648	@ 0x80000000
 800074e:	bf08      	it	eq
 8000750:	f06f 4000 	mvneq.w	r0, #2147483648	@ 0x80000000
 8000754:	4770      	bx	lr
 8000756:	f04f 0000 	mov.w	r0, #0
 800075a:	4770      	bx	lr

0800075c <__aeabi_uldivmod>:
 800075c:	b953      	cbnz	r3, 8000774 <__aeabi_uldivmod+0x18>
 800075e:	b94a      	cbnz	r2, 8000774 <__aeabi_uldivmod+0x18>
 8000760:	2900      	cmp	r1, #0
 8000762:	bf08      	it	eq
 8000764:	2800      	cmpeq	r0, #0
 8000766:	bf1c      	itt	ne
 8000768:	f04f 31ff 	movne.w	r1, #4294967295
 800076c:	f04f 30ff 	movne.w	r0, #4294967295
 8000770:	f000 b80c 	b.w	800078c <__aeabi_idiv0>
 8000774:	f1ad 0c08 	sub.w	ip, sp, #8
 8000778:	e96d ce04 	strd	ip, lr, [sp, #-16]!
 800077c:	f000 f81b 	bl	80007b6 <__udivmoddi4>
 8000780:	f8dd e004 	ldr.w	lr, [sp, #4]
 8000784:	e9dd 2302 	ldrd	r2, r3, [sp, #8]
 8000788:	b004      	add	sp, #16
 800078a:	4770      	bx	lr

0800078c <__aeabi_idiv0>:
 800078c:	4770      	bx	lr
 800078e:	bf00      	nop

08000790 <__popcountsi2>:
 8000790:	0843      	lsrs	r3, r0, #1
 8000792:	f003 3355 	and.w	r3, r3, #1431655765	@ 0x55555555
 8000796:	1ac0      	subs	r0, r0, r3
 8000798:	f000 3333 	and.w	r3, r0, #858993459	@ 0x33333333
 800079c:	0880      	lsrs	r0, r0, #2
 800079e:	f000 3033 	and.w	r0, r0, #858993459	@ 0x33333333
 80007a2:	4418      	add	r0, r3
 80007a4:	eb00 1010 	add.w	r0, r0, r0, lsr #4
 80007a8:	f04f 3301 	mov.w	r3, #16843009	@ 0x1010101
 80007ac:	f000 300f 	and.w	r0, r0, #252645135	@ 0xf0f0f0f
 80007b0:	4358      	muls	r0, r3
 80007b2:	0e00      	lsrs	r0, r0, #24
 80007b4:	4770      	bx	lr

080007b6 <__udivmoddi4>:
 80007b6:	e92d 47f0 	stmdb	sp!, {r4, r5, r6, r7, r8, r9, sl, lr}
 80007ba:	468c      	mov	ip, r1
 80007bc:	468e      	mov	lr, r1
 80007be:	9e08      	ldr	r6, [sp, #32]
 80007c0:	4615      	mov	r5, r2
 80007c2:	4604      	mov	r4, r0
 80007c4:	4619      	mov	r1, r3
 80007c6:	2b00      	cmp	r3, #0
 80007c8:	f040 80d0 	bne.w	800096c <__udivmoddi4+0x1b6>
 80007cc:	4572      	cmp	r2, lr
 80007ce:	d947      	bls.n	8000860 <__udivmoddi4+0xaa>
 80007d0:	fab2 f782 	clz	r7, r2
 80007d4:	b14f      	cbz	r7, 80007ea <__udivmoddi4+0x34>
 80007d6:	f1c7 0320 	rsb	r3, r7, #32
 80007da:	fa0e fc07 	lsl.w	ip, lr, r7
 80007de:	fa20 f303 	lsr.w	r3, r0, r3
 80007e2:	40bd      	lsls	r5, r7
 80007e4:	ea43 0c0c 	orr.w	ip, r3, ip
 80007e8:	40bc      	lsls	r4, r7
 80007ea:	ea4f 4e15 	mov.w	lr, r5, lsr #16
 80007ee:	b2a8      	uxth	r0, r5
 80007f0:	fbbc f8fe 	udiv	r8, ip, lr
 80007f4:	0c23      	lsrs	r3, r4, #16
 80007f6:	fb0e cc18 	mls	ip, lr, r8, ip
 80007fa:	fb08 f900 	mul.w	r9, r8, r0
 80007fe:	ea43 430c 	orr.w	r3, r3, ip, lsl #16
 8000802:	4599      	cmp	r9, r3
 8000804:	d928      	bls.n	8000858 <__udivmoddi4+0xa2>
 8000806:	18eb      	adds	r3, r5, r3
 8000808:	f108 32ff 	add.w	r2, r8, #4294967295
 800080c:	d204      	bcs.n	8000818 <__udivmoddi4+0x62>
 800080e:	4599      	cmp	r9, r3
 8000810:	d902      	bls.n	8000818 <__udivmoddi4+0x62>
 8000812:	f1a8 0202 	sub.w	r2, r8, #2
 8000816:	442b      	add	r3, r5
 8000818:	eba3 0309 	sub.w	r3, r3, r9
 800081c:	b2a4      	uxth	r4, r4
 800081e:	fbb3 fcfe 	udiv	ip, r3, lr
 8000822:	fb0e 331c 	mls	r3, lr, ip, r3
 8000826:	fb0c f000 	mul.w	r0, ip, r0
 800082a:	ea44 4403 	orr.w	r4, r4, r3, lsl #16
 800082e:	42a0      	cmp	r0, r4
 8000830:	d914      	bls.n	800085c <__udivmoddi4+0xa6>
 8000832:	192c      	adds	r4, r5, r4
 8000834:	f10c 33ff 	add.w	r3, ip, #4294967295
 8000838:	d204      	bcs.n	8000844 <__udivmoddi4+0x8e>
 800083a:	42a0      	cmp	r0, r4
 800083c:	d902      	bls.n	8000844 <__udivmoddi4+0x8e>
 800083e:	f1ac 0302 	sub.w	r3, ip, #2
 8000842:	442c      	add	r4, r5
 8000844:	1a24      	subs	r4, r4, r0
 8000846:	ea43 4002 	orr.w	r0, r3, r2, lsl #16
 800084a:	b11e      	cbz	r6, 8000854 <__udivmoddi4+0x9e>
 800084c:	40fc      	lsrs	r4, r7
 800084e:	2300      	movs	r3, #0
 8000850:	6034      	str	r4, [r6, #0]
 8000852:	6073      	str	r3, [r6, #4]
 8000854:	e8bd 87f0 	ldmia.w	sp!, {r4, r5, r6, r7, r8, r9, sl, pc}
 8000858:	4642      	mov	r2, r8
 800085a:	e7dd      	b.n	8000818 <__udivmoddi4+0x62>
 800085c:	4663      	mov	r3, ip
 800085e:	e7f1      	b.n	8000844 <__udivmoddi4+0x8e>
 8000860:	2a00      	cmp	r2, #0
 8000862:	d079      	beq.n	8000958 <__udivmoddi4+0x1a2>
 8000864:	fab2 f382 	clz	r3, r2
 8000868:	2b00      	cmp	r3, #0
 800086a:	d03f      	beq.n	80008ec <__udivmoddi4+0x136>
 800086c:	4619      	mov	r1, r3
 800086e:	f1c1 0320 	rsb	r3, r1, #32
 8000872:	fa02 f501 	lsl.w	r5, r2, r1
 8000876:	fa2e f203 	lsr.w	r2, lr, r3
 800087a:	fa0e fe01 	lsl.w	lr, lr, r1
 800087e:	fa20 f303 	lsr.w	r3, r0, r3
 8000882:	ea43 030e 	orr.w	r3, r3, lr
 8000886:	ea4f 4e15 	mov.w	lr, r5, lsr #16
 800088a:	fa00 f401 	lsl.w	r4, r0, r1
 800088e:	fbb2 fcfe 	udiv	ip, r2, lr
 8000892:	b2af      	uxth	r7, r5
 8000894:	fb0e 201c 	mls	r0, lr, ip, r2
 8000898:	0c1a      	lsrs	r2, r3, #16
 800089a:	fb0c f807 	mul.w	r8, ip, r7
 800089e:	ea42 4200 	orr.w	r2, r2, r0, lsl #16
 80008a2:	4590      	cmp	r8, r2
 80008a4:	d95a      	bls.n	800095c <__udivmoddi4+0x1a6>
 80008a6:	18aa      	adds	r2, r5, r2
 80008a8:	f10c 30ff 	add.w	r0, ip, #4294967295
 80008ac:	d204      	bcs.n	80008b8 <__udivmoddi4+0x102>
 80008ae:	4590      	cmp	r8, r2
 80008b0:	d902      	bls.n	80008b8 <__udivmoddi4+0x102>
 80008b2:	f1ac 0002 	sub.w	r0, ip, #2
 80008b6:	442a      	add	r2, r5
 80008b8:	eba2 0208 	sub.w	r2, r2, r8
 80008bc:	b29b      	uxth	r3, r3
 80008be:	fbb2 fcfe 	udiv	ip, r2, lr
 80008c2:	fb0e 221c 	mls	r2, lr, ip, r2
 80008c6:	fb0c f707 	mul.w	r7, ip, r7
 80008ca:	ea43 4302 	orr.w	r3, r3, r2, lsl #16
 80008ce:	429f      	cmp	r7, r3
 80008d0:	d946      	bls.n	8000960 <__udivmoddi4+0x1aa>
 80008d2:	18eb      	adds	r3, r5, r3
 80008d4:	f10c 32ff 	add.w	r2, ip, #4294967295
 80008d8:	d204      	bcs.n	80008e4 <__udivmoddi4+0x12e>
 80008da:	429f      	cmp	r7, r3
 80008dc:	d902      	bls.n	80008e4 <__udivmoddi4+0x12e>
 80008de:	f1ac 0202 	sub.w	r2, ip, #2
 80008e2:	442b      	add	r3, r5
 80008e4:	1bdb      	subs	r3, r3, r7
 80008e6:	ea42 4200 	orr.w	r2, r2, r0, lsl #16
 80008ea:	e002      	b.n	80008f2 <__udivmoddi4+0x13c>
 80008ec:	ebae 0302 	sub.w	r3, lr, r2
 80008f0:	2201      	movs	r2, #1
 80008f2:	ea4f 4e15 	mov.w	lr, r5, lsr #16
 80008f6:	b2af      	uxth	r7, r5
 80008f8:	fbb3 fcfe 	udiv	ip, r3, lr
 80008fc:	0c20      	lsrs	r0, r4, #16
 80008fe:	fb0e 331c 	mls	r3, lr, ip, r3
 8000902:	fb0c f807 	mul.w	r8, ip, r7
 8000906:	ea40 4303 	orr.w	r3, r0, r3, lsl #16
 800090a:	4598      	cmp	r8, r3
 800090c:	d92a      	bls.n	8000964 <__udivmoddi4+0x1ae>
 800090e:	18eb      	adds	r3, r5, r3
 8000910:	f10c 30ff 	add.w	r0, ip, #4294967295
 8000914:	d204      	bcs.n	8000920 <__udivmoddi4+0x16a>
 8000916:	4598      	cmp	r8, r3
 8000918:	d902      	bls.n	8000920 <__udivmoddi4+0x16a>
 800091a:	f1ac 0002 	sub.w	r0, ip, #2
 800091e:	442b      	add	r3, r5
 8000920:	eba3 0308 	sub.w	r3, r3, r8
 8000924:	b2a4      	uxth	r4, r4
 8000926:	fbb3 fcfe 	udiv	ip, r3, lr
 800092a:	fb0e 331c 	mls	r3, lr, ip, r3
 800092e:	fb0c f707 	mul.w	r7, ip, r7
 8000932:	ea44 4403 	orr.w	r4, r4, r3, lsl #16
 8000936:	42a7      	cmp	r7, r4
 8000938:	d916      	bls.n	8000968 <__udivmoddi4+0x1b2>
 800093a:	192c      	adds	r4, r5, r4
 800093c:	f10c 33ff 	add.w	r3, ip, #4294967295
 8000940:	d204      	bcs.n	800094c <__udivmoddi4+0x196>
 8000942:	42a7      	cmp	r7, r4
 8000944:	d902      	bls.n	800094c <__udivmoddi4+0x196>
 8000946:	f1ac 0302 	sub.w	r3, ip, #2
 800094a:	442c      	add	r4, r5
 800094c:	1be4      	subs	r4, r4, r7
 800094e:	ea43 4000 	orr.w	r0, r3, r0, lsl #16
 8000952:	460f      	mov	r7, r1
 8000954:	4611      	mov	r1, r2
 8000956:	e778      	b.n	800084a <__udivmoddi4+0x94>
 8000958:	211f      	movs	r1, #31
 800095a:	e788      	b.n	800086e <__udivmoddi4+0xb8>
 800095c:	4660      	mov	r0, ip
 800095e:	e7ab      	b.n	80008b8 <__udivmoddi4+0x102>
 8000960:	4662      	mov	r2, ip
 8000962:	e7bf      	b.n	80008e4 <__udivmoddi4+0x12e>
 8000964:	4660      	mov	r0, ip
 8000966:	e7db      	b.n	8000920 <__udivmoddi4+0x16a>
 8000968:	4663      	mov	r3, ip
 800096a:	e7ef      	b.n	800094c <__udivmoddi4+0x196>
 800096c:	4573      	cmp	r3, lr
 800096e:	d906      	bls.n	800097e <__udivmoddi4+0x1c8>
 8000970:	b916      	cbnz	r6, 8000978 <__udivmoddi4+0x1c2>
 8000972:	2100      	movs	r1, #0
 8000974:	4608      	mov	r0, r1
 8000976:	e76d      	b.n	8000854 <__udivmoddi4+0x9e>
 8000978:	e9c6 0e00 	strd	r0, lr, [r6]
 800097c:	e7f9      	b.n	8000972 <__udivmoddi4+0x1bc>
 800097e:	fab3 f783 	clz	r7, r3
 8000982:	b987      	cbnz	r7, 80009a6 <__udivmoddi4+0x1f0>
 8000984:	4573      	cmp	r3, lr
 8000986:	d301      	bcc.n	800098c <__udivmoddi4+0x1d6>
 8000988:	4282      	cmp	r2, r0
 800098a:	d807      	bhi.n	800099c <__udivmoddi4+0x1e6>
 800098c:	1a84      	subs	r4, r0, r2
 800098e:	eb6e 0303 	sbc.w	r3, lr, r3
 8000992:	2001      	movs	r0, #1
 8000994:	469c      	mov	ip, r3
 8000996:	b91e      	cbnz	r6, 80009a0 <__udivmoddi4+0x1ea>
 8000998:	2100      	movs	r1, #0
 800099a:	e75b      	b.n	8000854 <__udivmoddi4+0x9e>
 800099c:	4638      	mov	r0, r7
 800099e:	e7fa      	b.n	8000996 <__udivmoddi4+0x1e0>
 80009a0:	e9c6 4c00 	strd	r4, ip, [r6]
 80009a4:	e7f8      	b.n	8000998 <__udivmoddi4+0x1e2>
 80009a6:	f1c7 0c20 	rsb	ip, r7, #32
 80009aa:	40bb      	lsls	r3, r7
 80009ac:	fa22 f50c 	lsr.w	r5, r2, ip
 80009b0:	431d      	orrs	r5, r3
 80009b2:	fa20 f10c 	lsr.w	r1, r0, ip
 80009b6:	fa2e f30c 	lsr.w	r3, lr, ip
 80009ba:	fa0e fe07 	lsl.w	lr, lr, r7
 80009be:	ea41 010e 	orr.w	r1, r1, lr
 80009c2:	ea4f 4915 	mov.w	r9, r5, lsr #16
 80009c6:	fa00 f407 	lsl.w	r4, r0, r7
 80009ca:	fbb3 f8f9 	udiv	r8, r3, r9
 80009ce:	fa1f fe85 	uxth.w	lr, r5
 80009d2:	fb09 3018 	mls	r0, r9, r8, r3
 80009d6:	0c0b      	lsrs	r3, r1, #16
 80009d8:	fb08 fa0e 	mul.w	sl, r8, lr
 80009dc:	ea43 4300 	orr.w	r3, r3, r0, lsl #16
 80009e0:	459a      	cmp	sl, r3
 80009e2:	fa02 f207 	lsl.w	r2, r2, r7
 80009e6:	d940      	bls.n	8000a6a <__udivmoddi4+0x2b4>
 80009e8:	18eb      	adds	r3, r5, r3
 80009ea:	f108 30ff 	add.w	r0, r8, #4294967295
 80009ee:	d204      	bcs.n	80009fa <__udivmoddi4+0x244>
 80009f0:	459a      	cmp	sl, r3
 80009f2:	d902      	bls.n	80009fa <__udivmoddi4+0x244>
 80009f4:	f1a8 0002 	sub.w	r0, r8, #2
 80009f8:	442b      	add	r3, r5
 80009fa:	eba3 030a 	sub.w	r3, r3, sl
 80009fe:	b289      	uxth	r1, r1
 8000a00:	fbb3 f8f9 	udiv	r8, r3, r9
 8000a04:	fb09 3318 	mls	r3, r9, r8, r3
 8000a08:	fb08 fe0e 	mul.w	lr, r8, lr
 8000a0c:	ea41 4103 	orr.w	r1, r1, r3, lsl #16
 8000a10:	458e      	cmp	lr, r1
 8000a12:	d92c      	bls.n	8000a6e <__udivmoddi4+0x2b8>
 8000a14:	1869      	adds	r1, r5, r1
 8000a16:	f108 33ff 	add.w	r3, r8, #4294967295
 8000a1a:	d204      	bcs.n	8000a26 <__udivmoddi4+0x270>
 8000a1c:	458e      	cmp	lr, r1
 8000a1e:	d902      	bls.n	8000a26 <__udivmoddi4+0x270>
 8000a20:	f1a8 0302 	sub.w	r3, r8, #2
 8000a24:	4429      	add	r1, r5
 8000a26:	ea43 4000 	orr.w	r0, r3, r0, lsl #16
 8000a2a:	fba0 9802 	umull	r9, r8, r0, r2
 8000a2e:	eba1 010e 	sub.w	r1, r1, lr
 8000a32:	4541      	cmp	r1, r8
 8000a34:	46ce      	mov	lr, r9
 8000a36:	4643      	mov	r3, r8
 8000a38:	d302      	bcc.n	8000a40 <__udivmoddi4+0x28a>
 8000a3a:	d106      	bne.n	8000a4a <__udivmoddi4+0x294>
 8000a3c:	454c      	cmp	r4, r9
 8000a3e:	d204      	bcs.n	8000a4a <__udivmoddi4+0x294>
 8000a40:	ebb9 0e02 	subs.w	lr, r9, r2
 8000a44:	eb68 0305 	sbc.w	r3, r8, r5
 8000a48:	3801      	subs	r0, #1
 8000a4a:	2e00      	cmp	r6, #0
 8000a4c:	d0a4      	beq.n	8000998 <__udivmoddi4+0x1e2>
 8000a4e:	ebb4 020e 	subs.w	r2, r4, lr
 8000a52:	eb61 0103 	sbc.w	r1, r1, r3
 8000a56:	fa01 fc0c 	lsl.w	ip, r1, ip
 8000a5a:	fa22 f307 	lsr.w	r3, r2, r7
 8000a5e:	ea4c 0303 	orr.w	r3, ip, r3
 8000a62:	40f9      	lsrs	r1, r7
 8000a64:	e9c6 3100 	strd	r3, r1, [r6]
 8000a68:	e796      	b.n	8000998 <__udivmoddi4+0x1e2>
 8000a6a:	4640      	mov	r0, r8
 8000a6c:	e7c5      	b.n	80009fa <__udivmoddi4+0x244>
 8000a6e:	4643      	mov	r3, r8
 8000a70:	e7d9      	b.n	8000a26 <__udivmoddi4+0x270>
 8000a72:	0000      	movs	r0, r0
 8000a74:	0000      	movs	r0, r0
	...

08000a78 <pwm_set>:
 * @retval -ENOTSUP If requested period or pulse cycles are not supported.
 * @retval -errno Other negative errno code on failure.
 */
static inline int pwm_set(const struct device *dev, uint32_t channel,
			  uint32_t period, uint32_t pulse, pwm_flags_t flags)
{
 8000a78:	e92d 4ff0 	stmdb	sp!, {r4, r5, r6, r7, r8, r9, sl, fp, lr}
 8000a7c:	b085      	sub	sp, #20
 8000a7e:	4606      	mov	r6, r0
 8000a80:	460f      	mov	r7, r1
 8000a82:	4615      	mov	r5, r2
 8000a84:	4698      	mov	r8, r3
	const struct pwm_driver_api *api =
 8000a86:	6883      	ldr	r3, [r0, #8]
	return api->get_cycles_per_sec(dev, channel, cycles);
 8000a88:	685b      	ldr	r3, [r3, #4]
 8000a8a:	aa02      	add	r2, sp, #8
 8000a8c:	4798      	blx	r3
	uint64_t pulse_cycles;
	uint64_t period_cycles;
	uint64_t cycles_per_sec;

	err = pwm_get_cycles_per_sec(dev, channel, &cycles_per_sec);
	if (err < 0) {
 8000a8e:	2800      	cmp	r0, #0
 8000a90:	db2f      	blt.n	8000af2 <pwm_set+0x7a>
		return err;
	}

	period_cycles = (period * cycles_per_sec) / NSEC_PER_SEC;
 8000a92:	9c02      	ldr	r4, [sp, #8]
 8000a94:	f8dd 900c 	ldr.w	r9, [sp, #12]
 8000a98:	fba5 ab04 	umull	sl, fp, r5, r4
 8000a9c:	fb05 bb09 	mla	fp, r5, r9, fp
 8000aa0:	a319      	add	r3, pc, #100	@ (adr r3, 8000b08 <pwm_set+0x90>)
 8000aa2:	e9d3 2300 	ldrd	r2, r3, [r3]
 8000aa6:	4650      	mov	r0, sl
 8000aa8:	4659      	mov	r1, fp
 8000aaa:	f7ff fe57 	bl	800075c <__aeabi_uldivmod>
 8000aae:	4605      	mov	r5, r0
	if (period_cycles > UINT32_MAX) {
 8000ab0:	f04f 33ff 	mov.w	r3, #4294967295
 8000ab4:	4553      	cmp	r3, sl
 8000ab6:	4b16      	ldr	r3, [pc, #88]	@ (8000b10 <pwm_set+0x98>)
 8000ab8:	eb73 030b 	sbcs.w	r3, r3, fp
 8000abc:	d31c      	bcc.n	8000af8 <pwm_set+0x80>
		return -ENOTSUP;
	}

	pulse_cycles = (pulse * cycles_per_sec) / NSEC_PER_SEC;
 8000abe:	fba8 a404 	umull	sl, r4, r8, r4
 8000ac2:	fb08 4409 	mla	r4, r8, r9, r4
 8000ac6:	a310      	add	r3, pc, #64	@ (adr r3, 8000b08 <pwm_set+0x90>)
 8000ac8:	e9d3 2300 	ldrd	r2, r3, [r3]
 8000acc:	4650      	mov	r0, sl
 8000ace:	4621      	mov	r1, r4
 8000ad0:	f7ff fe44 	bl	800075c <__aeabi_uldivmod>
 8000ad4:	4603      	mov	r3, r0
	if (pulse_cycles > UINT32_MAX) {
 8000ad6:	f04f 32ff 	mov.w	r2, #4294967295
 8000ada:	4552      	cmp	r2, sl
 8000adc:	4a0c      	ldr	r2, [pc, #48]	@ (8000b10 <pwm_set+0x98>)
 8000ade:	41a2      	sbcs	r2, r4
 8000ae0:	d30d      	bcc.n	8000afe <pwm_set+0x86>
		return -ENOTSUP;
	}

	return pwm_set_cycles(dev, channel, (uint32_t)period_cycles,
 8000ae2:	f8bd 2038 	ldrh.w	r2, [sp, #56]	@ 0x38
 8000ae6:	9200      	str	r2, [sp, #0]
 8000ae8:	462a      	mov	r2, r5
 8000aea:	4639      	mov	r1, r7
 8000aec:	4630      	mov	r0, r6
 8000aee:	f007 fb74 	bl	80081da <pwm_set_cycles>
			      (uint32_t)pulse_cycles, flags);
}
 8000af2:	b005      	add	sp, #20
 8000af4:	e8bd 8ff0 	ldmia.w	sp!, {r4, r5, r6, r7, r8, r9, sl, fp, pc}
		return -ENOTSUP;
 8000af8:	f06f 0085 	mvn.w	r0, #133	@ 0x85
 8000afc:	e7f9      	b.n	8000af2 <pwm_set+0x7a>
		return -ENOTSUP;
 8000afe:	f06f 0085 	mvn.w	r0, #133	@ 0x85
 8000b02:	e7f6      	b.n	8000af2 <pwm_set+0x7a>
 8000b04:	f3af 8000 	nop.w
 8000b08:	3b9aca00 	.word	0x3b9aca00
 8000b0c:	00000000 	.word	0x00000000
 8000b10:	3b9ac9ff 	.word	0x3b9ac9ff

08000b14 <leer_vol>:
	}
}

//lectura adc

void leer_vol(void){
 8000b14:	b5f0      	push	{r4, r5, r6, r7, lr}
 8000b16:	b089      	sub	sp, #36	@ 0x24
 8000b18:	af00      	add	r7, sp, #0
		union { uintptr_t x; const struct device * val; } parm0 = { .val = dev };
		return (bool) arch_syscall_invoke1(parm0.x, K_SYSCALL_DEVICE_IS_READY);
	}
#endif
	compiler_barrier();
	return z_impl_device_is_ready(dev);
 8000b1a:	483f      	ldr	r0, [pc, #252]	@ (8000c18 <leer_vol+0x104>)
 8000b1c:	f009 fb24 	bl	800a168 <z_impl_device_is_ready>
	int rec;

	int16_t rawvol;

	if (!device_is_ready(vol.dev)){
 8000b20:	b188      	cbz	r0, 8000b46 <leer_vol+0x32>
				const struct adc_channel_cfg *channel_cfg);

static inline int z_impl_adc_channel_setup(const struct device *dev,
					   const struct adc_channel_cfg *channel_cfg)
{
	return DEVICE_API_GET(adc, dev)->channel_setup(dev, channel_cfg);
 8000b22:	483d      	ldr	r0, [pc, #244]	@ (8000c18 <leer_vol+0x104>)
 8000b24:	6883      	ldr	r3, [r0, #8]
 8000b26:	681b      	ldr	r3, [r3, #0]
 8000b28:	493c      	ldr	r1, [pc, #240]	@ (8000c1c <leer_vol+0x108>)
 8000b2a:	4798      	blx	r3
		LOG_WRN("ADC no esta listo");
	}
	rec = adc_channel_setup_dt(&vol);
	if (rec!=0){
 8000b2c:	b988      	cbnz	r0, 8000b52 <leer_vol+0x3e>
		LOG_WRN("ADC no se pudo configurar");
	}

	struct adc_sequence sec = {
 8000b2e:	2300      	movs	r3, #0
 8000b30:	60bb      	str	r3, [r7, #8]
 8000b32:	60fb      	str	r3, [r7, #12]
 8000b34:	613b      	str	r3, [r7, #16]
 8000b36:	617b      	str	r3, [r7, #20]
 8000b38:	61bb      	str	r3, [r7, #24]
 8000b3a:	f107 031e 	add.w	r3, r7, #30
 8000b3e:	613b      	str	r3, [r7, #16]
 8000b40:	2302      	movs	r3, #2
 8000b42:	617b      	str	r3, [r7, #20]
 8000b44:	e03b      	b.n	8000bbe <leer_vol+0xaa>
		(void) arch_syscall_invoke3(parm0.x, parm1.x, parm2.x, K_SYSCALL_Z_LOG_MSG_SIMPLE_CREATE_0);
		return;
	}
#endif
	compiler_barrier();
	z_impl_z_log_msg_simple_create_0(source, level, fmt);
 8000b46:	4a36      	ldr	r2, [pc, #216]	@ (8000c20 <leer_vol+0x10c>)
 8000b48:	2102      	movs	r1, #2
 8000b4a:	4836      	ldr	r0, [pc, #216]	@ (8000c24 <leer_vol+0x110>)
 8000b4c:	f008 fa00 	bl	8008f50 <z_impl_z_log_msg_simple_create_0>
		LOG_WRN("ADC no esta listo");
 8000b50:	e7e7      	b.n	8000b22 <leer_vol+0xe>
 8000b52:	4a35      	ldr	r2, [pc, #212]	@ (8000c28 <leer_vol+0x114>)
 8000b54:	2102      	movs	r1, #2
 8000b56:	4833      	ldr	r0, [pc, #204]	@ (8000c24 <leer_vol+0x110>)
 8000b58:	f008 f9fa 	bl	8008f50 <z_impl_z_log_msg_simple_create_0>
		LOG_WRN("ADC no se pudo configurar");
 8000b5c:	e7e7      	b.n	8000b2e <leer_vol+0x1a>

	while (1){
		rec = adc_sequence_init_dt(&vol, &sec);
		if (rec!=0) LOG_DBG("Error lectura adc: %d", rec);
		rec = adc_read(vol.dev, &sec);
		if (rec!=0) LOG_DBG("Error leer vol: %d", rec);
 8000b5e:	f06f 4100 	mvn.w	r1, #2147483648	@ 0x80000000
 8000b62:	e042      	b.n	8000bea <leer_vol+0xd6>
 8000b64:	290f      	cmp	r1, #15
 8000b66:	dd53      	ble.n	8000c10 <leer_vol+0xfc>
 8000b68:	2110      	movs	r1, #16
 8000b6a:	b13a      	cbz	r2, 8000b7c <leer_vol+0x68>
 8000b6c:	2004      	movs	r0, #4
 8000b6e:	7138      	strb	r0, [r7, #4]
 8000b70:	2000      	movs	r0, #0
 8000b72:	7178      	strb	r0, [r7, #5]
 8000b74:	71b8      	strb	r0, [r7, #6]
 8000b76:	71f8      	strb	r0, [r7, #7]
 8000b78:	6878      	ldr	r0, [r7, #4]
 8000b7a:	6118      	str	r0, [r3, #16]
 8000b7c:	f024 0401 	bic.w	r4, r4, #1
 8000b80:	f024 0402 	bic.w	r4, r4, #2
 8000b84:	f024 0404 	bic.w	r4, r4, #4
 8000b88:	f024 0438 	bic.w	r4, r4, #56	@ 0x38
 8000b8c:	2304      	movs	r3, #4
 8000b8e:	f363 1488 	bfi	r4, r3, #6, #3
 8000b92:	f3c1 010a 	ubfx	r1, r1, #0, #11
 8000b96:	f361 2453 	bfi	r4, r1, #9, #11
 8000b9a:	f3c4 0413 	ubfx	r4, r4, #0, #20
		(void) arch_syscall_invoke4(parm0.x, parm1.x, parm2.x, parm3.x, K_SYSCALL_Z_LOG_MSG_STATIC_CREATE);
		return;
	}
#endif
	compiler_barrier();
	z_impl_z_log_msg_static_create(source, desc, package, data);
 8000b9e:	2300      	movs	r3, #0
 8000ba0:	4621      	mov	r1, r4
 8000ba2:	4820      	ldr	r0, [pc, #128]	@ (8000c24 <leer_vol+0x110>)
 8000ba4:	f001 feae 	bl	8002904 <z_impl_z_log_msg_static_create>
 8000ba8:	46ad      	mov	sp, r5
		union { struct { uintptr_t lo, hi; } split; k_timeout_t val; } parm2 = { .val = timeout };
		return (int) arch_syscall_invoke4(parm0.x, parm1.x, parm2.split.lo, parm2.split.hi, K_SYSCALL_K_MSGQ_PUT);
	}
#endif
	compiler_barrier();
	return z_impl_k_msgq_put(msgq, data, timeout);
 8000baa:	2200      	movs	r2, #0
 8000bac:	2300      	movs	r3, #0
 8000bae:	f107 011e 	add.w	r1, r7, #30
 8000bb2:	481e      	ldr	r0, [pc, #120]	@ (8000c2c <leer_vol+0x118>)
 8000bb4:	f009 fafd 	bl	800a1b2 <z_impl_k_msgq_put>
		k_msgq_put(&lec_raw, &rawvol, K_NO_WAIT);
		k_msleep(50);
 8000bb8:	2032      	movs	r0, #50	@ 0x32
 8000bba:	f007 fb37 	bl	800822c <k_msleep>
{
	if (!spec->channel_cfg_dt_node_exists) {
		return -ENOTSUP;
	}

	seq->channels = BIT(spec->channel_id);
 8000bbe:	2301      	movs	r3, #1
 8000bc0:	60fb      	str	r3, [r7, #12]
	seq->resolution = spec->resolution;
 8000bc2:	230c      	movs	r3, #12
 8000bc4:	763b      	strb	r3, [r7, #24]
	seq->oversampling = spec->oversampling;
 8000bc6:	2300      	movs	r3, #0
 8000bc8:	767b      	strb	r3, [r7, #25]
	return DEVICE_API_GET(adc, dev)->read(dev, sequence);
 8000bca:	4813      	ldr	r0, [pc, #76]	@ (8000c18 <leer_vol+0x104>)
 8000bcc:	6883      	ldr	r3, [r0, #8]
 8000bce:	685b      	ldr	r3, [r3, #4]
 8000bd0:	f107 0108 	add.w	r1, r7, #8
 8000bd4:	4798      	blx	r3
		if (rec!=0) LOG_DBG("Error leer vol: %d", rec);
 8000bd6:	4606      	mov	r6, r0
 8000bd8:	2800      	cmp	r0, #0
 8000bda:	d0e6      	beq.n	8000baa <leer_vol+0x96>
 8000bdc:	466d      	mov	r5, sp
 8000bde:	b088      	sub	sp, #32
 8000be0:	466b      	mov	r3, sp
 8000be2:	f113 0210 	adds.w	r2, r3, #16
 8000be6:	d0ba      	beq.n	8000b5e <leer_vol+0x4a>
 8000be8:	2110      	movs	r1, #16
 8000bea:	2a00      	cmp	r2, #0
 8000bec:	d0ba      	beq.n	8000b64 <leer_vol+0x50>
 8000bee:	4608      	mov	r0, r1
 8000bf0:	2904      	cmp	r1, #4
 8000bf2:	dd03      	ble.n	8000bfc <leer_vol+0xe8>
 8000bf4:	f8df c038 	ldr.w	ip, [pc, #56]	@ 8000c30 <leer_vol+0x11c>
 8000bf8:	f8c3 c014 	str.w	ip, [r3, #20]
 8000bfc:	2808      	cmp	r0, #8
 8000bfe:	dd03      	ble.n	8000c08 <leer_vol+0xf4>
 8000c00:	f8df c030 	ldr.w	ip, [pc, #48]	@ 8000c34 <leer_vol+0x120>
 8000c04:	f8c3 c018 	str.w	ip, [r3, #24]
 8000c08:	280c      	cmp	r0, #12
 8000c0a:	ddab      	ble.n	8000b64 <leer_vol+0x50>
 8000c0c:	61de      	str	r6, [r3, #28]
 8000c0e:	e7a9      	b.n	8000b64 <leer_vol+0x50>
 8000c10:	f06f 011b 	mvn.w	r1, #27
 8000c14:	e7a9      	b.n	8000b6a <leer_vol+0x56>
 8000c16:	bf00      	nop
 8000c18:	0800a8fc 	.word	0x0800a8fc
 8000c1c:	0800c02a 	.word	0x0800c02a
 8000c20:	0800b01c 	.word	0x0800b01c
 8000c24:	0800af08 	.word	0x0800af08
 8000c28:	0800b030 	.word	0x0800b030
 8000c2c:	2000027c 	.word	0x2000027c
 8000c30:	0800b04c 	.word	0x0800b04c
 8000c34:	0800bff8 	.word	0x0800bff8

08000c38 <funcion_adc>:
	}
}

void funcion_adc (void){
 8000c38:	b530      	push	{r4, r5, lr}
 8000c3a:	b083      	sub	sp, #12
	int16_t rawvol, fin, last = 0;
 8000c3c:	2400      	movs	r4, #0
		union { struct { uintptr_t lo, hi; } split; k_timeout_t val; } parm2 = { .val = timeout };
		return (int) arch_syscall_invoke4(parm0.x, parm1.x, parm2.split.lo, parm2.split.hi, K_SYSCALL_K_MSGQ_GET);
	}
#endif
	compiler_barrier();
	return z_impl_k_msgq_get(msgq, data, timeout);
 8000c3e:	f04f 32ff 	mov.w	r2, #4294967295
 8000c42:	f04f 33ff 	mov.w	r3, #4294967295
 8000c46:	f10d 0106 	add.w	r1, sp, #6
 8000c4a:	480f      	ldr	r0, [pc, #60]	@ (8000c88 <funcion_adc+0x50>)
 8000c4c:	f005 fab4 	bl	80061b8 <z_impl_k_msgq_get>
	float a = 0.1;
	while(1){
		k_msgq_get(&lec_raw, &rawvol, K_FOREVER);
		fin = (int16_t)(last + a*(rawvol - last));
 8000c50:	f9bd 0006 	ldrsh.w	r0, [sp, #6]
 8000c54:	1b00      	subs	r0, r0, r4
 8000c56:	f7ff fd07 	bl	8000668 <__aeabi_i2f>
 8000c5a:	490c      	ldr	r1, [pc, #48]	@ (8000c8c <funcion_adc+0x54>)
 8000c5c:	f7ff fb96 	bl	800038c <__aeabi_fmul>
 8000c60:	4605      	mov	r5, r0
 8000c62:	4620      	mov	r0, r4
 8000c64:	f7ff fd00 	bl	8000668 <__aeabi_i2f>
 8000c68:	4629      	mov	r1, r5
 8000c6a:	f7ff fc49 	bl	8000500 <__addsf3>
 8000c6e:	f7ff fd4f 	bl	8000710 <__aeabi_f2iz>
 8000c72:	b204      	sxth	r4, r0
 8000c74:	f8ad 4004 	strh.w	r4, [sp, #4]
	return z_impl_k_msgq_put(msgq, data, timeout);
 8000c78:	2200      	movs	r2, #0
 8000c7a:	2300      	movs	r3, #0
 8000c7c:	a901      	add	r1, sp, #4
 8000c7e:	4804      	ldr	r0, [pc, #16]	@ (8000c90 <funcion_adc+0x58>)
 8000c80:	f009 fa97 	bl	800a1b2 <z_impl_k_msgq_put>
	while(1){
 8000c84:	e7db      	b.n	8000c3e <funcion_adc+0x6>
 8000c86:	bf00      	nop
 8000c88:	2000027c 	.word	0x2000027c
 8000c8c:	3dcccccd 	.word	0x3dcccccd
 8000c90:	20000254 	.word	0x20000254

08000c94 <suma_adc>:
		last = fin;
		k_msgq_put(&lec_fun, &fin, K_NO_WAIT);
	}
}

void suma_adc (void){
 8000c94:	b510      	push	{r4, lr}
 8000c96:	b082      	sub	sp, #8
	int16_t lec;
	int i = 10, subt=0;
 8000c98:	2300      	movs	r3, #0
 8000c9a:	9300      	str	r3, [sp, #0]
 8000c9c:	240a      	movs	r4, #10
	while (1)
	{
		i ++;
 8000c9e:	3401      	adds	r4, #1
	return z_impl_k_msgq_get(msgq, data, timeout);
 8000ca0:	f04f 32ff 	mov.w	r2, #4294967295
 8000ca4:	f04f 33ff 	mov.w	r3, #4294967295
 8000ca8:	f10d 0106 	add.w	r1, sp, #6
 8000cac:	4809      	ldr	r0, [pc, #36]	@ (8000cd4 <suma_adc+0x40>)
 8000cae:	f005 fa83 	bl	80061b8 <z_impl_k_msgq_get>
		k_msgq_get(&lec_fun, &lec, K_FOREVER);
		subt += lec;
 8000cb2:	f9bd 2006 	ldrsh.w	r2, [sp, #6]
 8000cb6:	9b00      	ldr	r3, [sp, #0]
 8000cb8:	4413      	add	r3, r2
 8000cba:	9300      	str	r3, [sp, #0]
		if (i == 10){
 8000cbc:	2c0a      	cmp	r4, #10
 8000cbe:	d1ee      	bne.n	8000c9e <suma_adc+0xa>
	return z_impl_k_msgq_put(msgq, data, timeout);
 8000cc0:	2200      	movs	r2, #0
 8000cc2:	2300      	movs	r3, #0
 8000cc4:	4669      	mov	r1, sp
 8000cc6:	4804      	ldr	r0, [pc, #16]	@ (8000cd8 <suma_adc+0x44>)
 8000cc8:	f009 fa73 	bl	800a1b2 <z_impl_k_msgq_put>
			i=0;
			k_msgq_put(&sum_fun, &subt, K_NO_WAIT);
			subt = 0;
 8000ccc:	2400      	movs	r4, #0
 8000cce:	9400      	str	r4, [sp, #0]
	{
 8000cd0:	e7e5      	b.n	8000c9e <suma_adc+0xa>
 8000cd2:	bf00      	nop
 8000cd4:	20000254 	.word	0x20000254
 8000cd8:	20000344 	.word	0x20000344

08000cdc <antir>:
		k_msgq_put(&botones, &boton, K_NO_WAIT);
		k_msleep(50);
	}
}

void antir(void){
 8000cdc:	b510      	push	{r4, lr}
 8000cde:	b082      	sub	sp, #8
	int boton=0, last = 0;
 8000ce0:	2400      	movs	r4, #0
 8000ce2:	9401      	str	r4, [sp, #4]
 8000ce4:	e000      	b.n	8000ce8 <antir+0xc>
	while(1){
		k_msgq_get(&botones, &boton, K_FOREVER);
		if (boton > 0 && boton != last) {
			k_msgq_put(&antireb, &boton, K_NO_WAIT);
		}
		last = boton;
 8000ce6:	9c01      	ldr	r4, [sp, #4]
	return z_impl_k_msgq_get(msgq, data, timeout);
 8000ce8:	f04f 32ff 	mov.w	r2, #4294967295
 8000cec:	f04f 33ff 	mov.w	r3, #4294967295
 8000cf0:	a901      	add	r1, sp, #4
 8000cf2:	4807      	ldr	r0, [pc, #28]	@ (8000d10 <antir+0x34>)
 8000cf4:	f005 fa60 	bl	80061b8 <z_impl_k_msgq_get>
		if (boton > 0 && boton != last) {
 8000cf8:	9b01      	ldr	r3, [sp, #4]
 8000cfa:	2b00      	cmp	r3, #0
 8000cfc:	ddf3      	ble.n	8000ce6 <antir+0xa>
 8000cfe:	42a3      	cmp	r3, r4
 8000d00:	d0f1      	beq.n	8000ce6 <antir+0xa>
	return z_impl_k_msgq_put(msgq, data, timeout);
 8000d02:	2200      	movs	r2, #0
 8000d04:	2300      	movs	r3, #0
 8000d06:	a901      	add	r1, sp, #4
 8000d08:	4802      	ldr	r0, [pc, #8]	@ (8000d14 <antir+0x38>)
 8000d0a:	f009 fa52 	bl	800a1b2 <z_impl_k_msgq_put>
 8000d0e:	e7ea      	b.n	8000ce6 <antir+0xa>
 8000d10:	200001b4 	.word	0x200001b4
 8000d14:	2000018c 	.word	0x2000018c

08000d18 <servomotor>:
	}
}

//funsiones servo

void servomotor (void){
 8000d18:	b500      	push	{lr}
 8000d1a:	b083      	sub	sp, #12
 8000d1c:	4812      	ldr	r0, [pc, #72]	@ (8000d68 <servomotor+0x50>)
 8000d1e:	f009 fa23 	bl	800a168 <z_impl_device_is_ready>
	if (!pwm_is_ready_dt(&ser)) LOG_ERR("No se pudo configurar el servo");
 8000d22:	b120      	cbz	r0, 8000d2e <servomotor+0x16>
	pwm_set_pulse_dt(&ser, 1000000);
 8000d24:	4911      	ldr	r1, [pc, #68]	@ (8000d6c <servomotor+0x54>)
 8000d26:	4812      	ldr	r0, [pc, #72]	@ (8000d70 <servomotor+0x58>)
 8000d28:	f007 fa73 	bl	8008212 <pwm_set_pulse_dt>
 8000d2c:	e009      	b.n	8000d42 <servomotor+0x2a>
	z_impl_z_log_msg_simple_create_0(source, level, fmt);
 8000d2e:	4a11      	ldr	r2, [pc, #68]	@ (8000d74 <servomotor+0x5c>)
 8000d30:	2101      	movs	r1, #1
 8000d32:	4811      	ldr	r0, [pc, #68]	@ (8000d78 <servomotor+0x60>)
 8000d34:	f008 f90c 	bl	8008f50 <z_impl_z_log_msg_simple_create_0>
	if (!pwm_is_ready_dt(&ser)) LOG_ERR("No se pudo configurar el servo");
 8000d38:	e7f4      	b.n	8000d24 <servomotor+0xc>
	bool i;
	while (1){
		k_msgq_get(&s0_s90, &i, K_FOREVER);
		if(i) pwm_set_pulse_dt(&ser, 1000000);
 8000d3a:	490c      	ldr	r1, [pc, #48]	@ (8000d6c <servomotor+0x54>)
 8000d3c:	480c      	ldr	r0, [pc, #48]	@ (8000d70 <servomotor+0x58>)
 8000d3e:	f007 fa68 	bl	8008212 <pwm_set_pulse_dt>
	return z_impl_k_msgq_get(msgq, data, timeout);
 8000d42:	f04f 32ff 	mov.w	r2, #4294967295
 8000d46:	f04f 33ff 	mov.w	r3, #4294967295
 8000d4a:	f10d 0107 	add.w	r1, sp, #7
 8000d4e:	480b      	ldr	r0, [pc, #44]	@ (8000d7c <servomotor+0x64>)
 8000d50:	f005 fa32 	bl	80061b8 <z_impl_k_msgq_get>
 8000d54:	f89d 3007 	ldrb.w	r3, [sp, #7]
 8000d58:	2b00      	cmp	r3, #0
 8000d5a:	d1ee      	bne.n	8000d3a <servomotor+0x22>
		else pwm_set_pulse_dt(&ser, 2000000);
 8000d5c:	4908      	ldr	r1, [pc, #32]	@ (8000d80 <servomotor+0x68>)
 8000d5e:	4804      	ldr	r0, [pc, #16]	@ (8000d70 <servomotor+0x58>)
 8000d60:	f007 fa57 	bl	8008212 <pwm_set_pulse_dt>
	while (1){
 8000d64:	e7ed      	b.n	8000d42 <servomotor+0x2a>
 8000d66:	bf00      	nop
 8000d68:	0800a918 	.word	0x0800a918
 8000d6c:	000f4240 	.word	0x000f4240
 8000d70:	0800c004 	.word	0x0800c004
 8000d74:	0800b064 	.word	0x0800b064
 8000d78:	0800af08 	.word	0x0800af08
 8000d7c:	2000031c 	.word	0x2000031c
 8000d80:	001e8480 	.word	0x001e8480

08000d84 <pasoapas>:
	}
}

//funciones paso a paso

void pasoapas(void){
 8000d84:	b530      	push	{r4, r5, lr}
 8000d86:	b0a3      	sub	sp, #140	@ 0x8c
	for (int i = 0; i < 4; i++) {
 8000d88:	2400      	movs	r4, #0
 8000d8a:	2c03      	cmp	r4, #3
 8000d8c:	dc15      	bgt.n	8000dba <pasoapas+0x36>
 * @retval false if the GPIO spec is not ready for use.
 */
static inline bool gpio_is_ready_dt(const struct gpio_dt_spec *spec)
{
	/* Validate port is ready */
	return device_is_ready(spec->port);
 8000d8e:	4b36      	ldr	r3, [pc, #216]	@ (8000e68 <pasoapas+0xe4>)
 8000d90:	f853 0034 	ldr.w	r0, [r3, r4, lsl #3]
 8000d94:	f009 f9e8 	bl	800a168 <z_impl_device_is_ready>
        if (!gpio_is_ready_dt(&b[i])) {
 8000d98:	b140      	cbz	r0, 8000dac <pasoapas+0x28>
            LOG_ERR("no esta listo el paso a paso");
			return;
        }
        gpio_pin_configure_dt(&b[i], GPIO_OUTPUT_INACTIVE);
 8000d9a:	f44f 11b0 	mov.w	r1, #1441792	@ 0x160000
 8000d9e:	4832      	ldr	r0, [pc, #200]	@ (8000e68 <pasoapas+0xe4>)
 8000da0:	eb00 00c4 	add.w	r0, r0, r4, lsl #3
 8000da4:	f007 f9f1 	bl	800818a <gpio_pin_configure_dt>
	for (int i = 0; i < 4; i++) {
 8000da8:	3401      	adds	r4, #1
 8000daa:	e7ee      	b.n	8000d8a <pasoapas+0x6>
 8000dac:	4a2f      	ldr	r2, [pc, #188]	@ (8000e6c <pasoapas+0xe8>)
 8000dae:	2101      	movs	r1, #1
 8000db0:	482f      	ldr	r0, [pc, #188]	@ (8000e70 <pasoapas+0xec>)
 8000db2:	f008 f8cd 	bl	8008f50 <z_impl_z_log_msg_simple_create_0>
				}
				k_msleep(20);
			}
		}
	}	
}
 8000db6:	b023      	add	sp, #140	@ 0x8c
 8000db8:	bd30      	pop	{r4, r5, pc}
	int pasos[8][4]={
 8000dba:	2280      	movs	r2, #128	@ 0x80
 8000dbc:	492d      	ldr	r1, [pc, #180]	@ (8000e74 <pasoapas+0xf0>)
 8000dbe:	a801      	add	r0, sp, #4
 8000dc0:	f7ff fa4a 	bl	8000258 <__aeabi_memcpy>
 8000dc4:	f04f 32ff 	mov.w	r2, #4294967295
 8000dc8:	f04f 33ff 	mov.w	r3, #4294967295
 8000dcc:	f10d 0187 	add.w	r1, sp, #135	@ 0x87
 8000dd0:	4829      	ldr	r0, [pc, #164]	@ (8000e78 <pasoapas+0xf4>)
 8000dd2:	f005 f9f1 	bl	80061b8 <z_impl_k_msgq_get>
		if (k) {
 8000dd6:	f89d 3087 	ldrb.w	r3, [sp, #135]	@ 0x87
 8000dda:	b10b      	cbz	r3, 8000de0 <pasoapas+0x5c>
			for (int i = 0; i < 20; i++)
 8000ddc:	2500      	movs	r5, #0
 8000dde:	e005      	b.n	8000dec <pasoapas+0x68>
			for (int i = 19; i >= 0; i--)
 8000de0:	2513      	movs	r5, #19
 8000de2:	e03d      	b.n	8000e60 <pasoapas+0xdc>
				k_msleep(20);
 8000de4:	2014      	movs	r0, #20
 8000de6:	f007 fa21 	bl	800822c <k_msleep>
			for (int i = 0; i < 20; i++)
 8000dea:	3501      	adds	r5, #1
 8000dec:	2d13      	cmp	r5, #19
 8000dee:	dce9      	bgt.n	8000dc4 <pasoapas+0x40>
				for (int j = 0; j < 4; j++)
 8000df0:	2400      	movs	r4, #0
 8000df2:	2c03      	cmp	r4, #3
 8000df4:	dcf6      	bgt.n	8000de4 <pasoapas+0x60>
					gpio_pin_set_dt(&b[j], pasos[i%8][j]);
 8000df6:	426a      	negs	r2, r5
 8000df8:	f005 0307 	and.w	r3, r5, #7
 8000dfc:	f002 0207 	and.w	r2, r2, #7
 8000e00:	bf58      	it	pl
 8000e02:	4253      	negpl	r3, r2
 8000e04:	eb04 0383 	add.w	r3, r4, r3, lsl #2
 8000e08:	aa22      	add	r2, sp, #136	@ 0x88
 8000e0a:	eb02 0383 	add.w	r3, r2, r3, lsl #2
 * @param value Value assigned to the pin.
 * @return a value from gpio_pin_set()
 */
static inline int gpio_pin_set_dt(const struct gpio_dt_spec *spec, int value)
{
	return gpio_pin_set(spec->port, spec->pin, value);
 8000e0e:	4816      	ldr	r0, [pc, #88]	@ (8000e68 <pasoapas+0xe4>)
 8000e10:	eb00 01c4 	add.w	r1, r0, r4, lsl #3
 8000e14:	f853 2c84 	ldr.w	r2, [r3, #-132]
 8000e18:	7909      	ldrb	r1, [r1, #4]
 8000e1a:	f850 0034 	ldr.w	r0, [r0, r4, lsl #3]
 8000e1e:	f007 f9cf 	bl	80081c0 <gpio_pin_set>
				for (int j = 0; j < 4; j++)
 8000e22:	3401      	adds	r4, #1
 8000e24:	e7e5      	b.n	8000df2 <pasoapas+0x6e>
					gpio_pin_set_dt(&b[j], pasos[i%8][j]);
 8000e26:	426a      	negs	r2, r5
 8000e28:	f005 0307 	and.w	r3, r5, #7
 8000e2c:	f002 0207 	and.w	r2, r2, #7
 8000e30:	bf58      	it	pl
 8000e32:	4253      	negpl	r3, r2
 8000e34:	eb04 0383 	add.w	r3, r4, r3, lsl #2
 8000e38:	aa22      	add	r2, sp, #136	@ 0x88
 8000e3a:	eb02 0383 	add.w	r3, r2, r3, lsl #2
 8000e3e:	480a      	ldr	r0, [pc, #40]	@ (8000e68 <pasoapas+0xe4>)
 8000e40:	eb00 01c4 	add.w	r1, r0, r4, lsl #3
 8000e44:	f853 2c84 	ldr.w	r2, [r3, #-132]
 8000e48:	7909      	ldrb	r1, [r1, #4]
 8000e4a:	f850 0034 	ldr.w	r0, [r0, r4, lsl #3]
 8000e4e:	f007 f9b7 	bl	80081c0 <gpio_pin_set>
				for (int j = 0; j < 4; j++)
 8000e52:	3401      	adds	r4, #1
 8000e54:	2c03      	cmp	r4, #3
 8000e56:	dde6      	ble.n	8000e26 <pasoapas+0xa2>
				k_msleep(20);
 8000e58:	2014      	movs	r0, #20
 8000e5a:	f007 f9e7 	bl	800822c <k_msleep>
			for (int i = 19; i >= 0; i--)
 8000e5e:	3d01      	subs	r5, #1
 8000e60:	2d00      	cmp	r5, #0
 8000e62:	dbaf      	blt.n	8000dc4 <pasoapas+0x40>
				for (int j = 0; j < 4; j++)
 8000e64:	2400      	movs	r4, #0
 8000e66:	e7f5      	b.n	8000e54 <pasoapas+0xd0>
 8000e68:	0800c04c 	.word	0x0800c04c
 8000e6c:	0800b084 	.word	0x0800b084
 8000e70:	0800af08 	.word	0x0800af08
 8000e74:	0800af94 	.word	0x0800af94
 8000e78:	200002f4 	.word	0x200002f4

08000e7c <promedio_adc>:
void promedio_adc (void){
 8000e7c:	b510      	push	{r4, lr}
 8000e7e:	b082      	sub	sp, #8
 8000e80:	f04f 32ff 	mov.w	r2, #4294967295
 8000e84:	f04f 33ff 	mov.w	r3, #4294967295
 8000e88:	a901      	add	r1, sp, #4
 8000e8a:	480c      	ldr	r0, [pc, #48]	@ (8000ebc <promedio_adc+0x40>)
 8000e8c:	f005 f994 	bl	80061b8 <z_impl_k_msgq_get>
		prom = sum/10;
 8000e90:	9b01      	ldr	r3, [sp, #4]
 8000e92:	4a0b      	ldr	r2, [pc, #44]	@ (8000ec0 <promedio_adc+0x44>)
 8000e94:	fb82 1203 	smull	r1, r2, r2, r3
 8000e98:	17db      	asrs	r3, r3, #31
 8000e9a:	ebc3 03a2 	rsb	r3, r3, r2, asr #2
 8000e9e:	f8ad 3002 	strh.w	r3, [sp, #2]
		(void) arch_syscall_invoke1(parm0.x, K_SYSCALL_K_MSGQ_PURGE);
		return;
	}
#endif
	compiler_barrier();
	z_impl_k_msgq_purge(msgq);
 8000ea2:	4c08      	ldr	r4, [pc, #32]	@ (8000ec4 <promedio_adc+0x48>)
 8000ea4:	4620      	mov	r0, r4
 8000ea6:	f009 f9a5 	bl	800a1f4 <z_impl_k_msgq_purge>
	return z_impl_k_msgq_put(msgq, data, timeout);
 8000eaa:	2200      	movs	r2, #0
 8000eac:	2300      	movs	r3, #0
 8000eae:	f10d 0102 	add.w	r1, sp, #2
 8000eb2:	4620      	mov	r0, r4
 8000eb4:	f009 f97d 	bl	800a1b2 <z_impl_k_msgq_put>
	while (1)
 8000eb8:	e7e2      	b.n	8000e80 <promedio_adc+0x4>
 8000eba:	bf00      	nop
 8000ebc:	20000344 	.word	0x20000344
 8000ec0:	66666667 	.word	0x66666667
 8000ec4:	2000022c 	.word	0x2000022c

08000ec8 <menu>:
void menu(void){
 8000ec8:	b500      	push	{lr}
 8000eca:	b083      	sub	sp, #12
	bool i =false;
 8000ecc:	2300      	movs	r3, #0
 8000ece:	f88d 3003 	strb.w	r3, [sp, #3]
 8000ed2:	e003      	b.n	8000edc <menu+0x14>
		else if (boton == 5) k_sem_give(&enter);
 8000ed4:	2b05      	cmp	r3, #5
 8000ed6:	d014      	beq.n	8000f02 <menu+0x3a>
		else if (boton == 6) k_msgq_put(&open_close, &i, K_NO_WAIT);//boton la cierra nuevamente
 8000ed8:	2b06      	cmp	r3, #6
 8000eda:	d016      	beq.n	8000f0a <menu+0x42>
	return z_impl_k_msgq_get(msgq, data, timeout);
 8000edc:	f04f 32ff 	mov.w	r2, #4294967295
 8000ee0:	f04f 33ff 	mov.w	r3, #4294967295
 8000ee4:	a901      	add	r1, sp, #4
 8000ee6:	480d      	ldr	r0, [pc, #52]	@ (8000f1c <menu+0x54>)
 8000ee8:	f005 f966 	bl	80061b8 <z_impl_k_msgq_get>
		if (boton >=1 && boton <= 4) k_msgq_put(&numero, &boton, K_NO_WAIT);
 8000eec:	9b01      	ldr	r3, [sp, #4]
 8000eee:	1e5a      	subs	r2, r3, #1
 8000ef0:	2a03      	cmp	r2, #3
 8000ef2:	d8ef      	bhi.n	8000ed4 <menu+0xc>
	return z_impl_k_msgq_put(msgq, data, timeout);
 8000ef4:	2200      	movs	r2, #0
 8000ef6:	2300      	movs	r3, #0
 8000ef8:	a901      	add	r1, sp, #4
 8000efa:	4809      	ldr	r0, [pc, #36]	@ (8000f20 <menu+0x58>)
 8000efc:	f009 f959 	bl	800a1b2 <z_impl_k_msgq_put>
 8000f00:	e7ec      	b.n	8000edc <menu+0x14>
	z_impl_k_sem_give(sem);
 8000f02:	4808      	ldr	r0, [pc, #32]	@ (8000f24 <menu+0x5c>)
 8000f04:	f005 fa9e 	bl	8006444 <z_impl_k_sem_give>
}
 8000f08:	e7e8      	b.n	8000edc <menu+0x14>
	return z_impl_k_msgq_put(msgq, data, timeout);
 8000f0a:	2200      	movs	r2, #0
 8000f0c:	2300      	movs	r3, #0
 8000f0e:	f10d 0103 	add.w	r1, sp, #3
 8000f12:	4805      	ldr	r0, [pc, #20]	@ (8000f28 <menu+0x60>)
 8000f14:	f009 f94d 	bl	800a1b2 <z_impl_k_msgq_put>
	while(1){
 8000f18:	e7e0      	b.n	8000edc <menu+0x14>
 8000f1a:	bf00      	nop
 8000f1c:	2000018c 	.word	0x2000018c
 8000f20:	200002a4 	.word	0x200002a4
 8000f24:	2000038c 	.word	0x2000038c
 8000f28:	200002cc 	.word	0x200002cc

08000f2c <lecbot>:
void lecbot(void){
 8000f2c:	b510      	push	{r4, lr}
 8000f2e:	b084      	sub	sp, #16
	rec = tm1638_init(stb_pin, clk_pin, dio_pin);
 8000f30:	4b1b      	ldr	r3, [pc, #108]	@ (8000fa0 <lecbot+0x74>)
 8000f32:	4c1c      	ldr	r4, [pc, #112]	@ (8000fa4 <lecbot+0x78>)
 8000f34:	4a1c      	ldr	r2, [pc, #112]	@ (8000fa8 <lecbot+0x7c>)
 8000f36:	e892 0003 	ldmia.w	r2, {r0, r1}
 8000f3a:	e88d 0003 	stmia.w	sp, {r0, r1}
 8000f3e:	cb0c      	ldmia	r3, {r2, r3}
 8000f40:	e894 0003 	ldmia.w	r4, {r0, r1}
 8000f44:	f000 fac0 	bl	80014c8 <tm1638_init>
	if(rec!=0) LOG_WRN("error al iniciar el tm1638 rec = %d\n", rec);
 8000f48:	bb18      	cbnz	r0, 8000f92 <lecbot+0x66>
	tm1638_display(0);
 8000f4a:	2000      	movs	r0, #0
 8000f4c:	f000 fb4c 	bl	80015e8 <tm1638_display>
 8000f50:	2200      	movs	r2, #0
 8000f52:	2300      	movs	r3, #0
 8000f54:	2100      	movs	r1, #0
 8000f56:	4815      	ldr	r0, [pc, #84]	@ (8000fac <lecbot+0x80>)
 8000f58:	f009 f92b 	bl	800a1b2 <z_impl_k_msgq_put>
	z_impl_k_sem_give(sem);
 8000f5c:	4814      	ldr	r0, [pc, #80]	@ (8000fb0 <lecbot+0x84>)
 8000f5e:	f005 fa71 	bl	8006444 <z_impl_k_sem_give>
	return z_impl_k_mutex_lock(mutex, timeout);
 8000f62:	4c14      	ldr	r4, [pc, #80]	@ (8000fb4 <lecbot+0x88>)
 8000f64:	f04f 32ff 	mov.w	r2, #4294967295
 8000f68:	f04f 33ff 	mov.w	r3, #4294967295
 8000f6c:	4620      	mov	r0, r4
 8000f6e:	f005 f993 	bl	8006298 <z_impl_k_mutex_lock>
		boton = tm1638_get_button();
 8000f72:	f000 fb75 	bl	8001660 <tm1638_get_button>
 8000f76:	9003      	str	r0, [sp, #12]
	return z_impl_k_mutex_unlock(mutex);
 8000f78:	4620      	mov	r0, r4
 8000f7a:	f005 fa0d 	bl	8006398 <z_impl_k_mutex_unlock>
	return z_impl_k_msgq_put(msgq, data, timeout);
 8000f7e:	2200      	movs	r2, #0
 8000f80:	2300      	movs	r3, #0
 8000f82:	a903      	add	r1, sp, #12
 8000f84:	480c      	ldr	r0, [pc, #48]	@ (8000fb8 <lecbot+0x8c>)
 8000f86:	f009 f914 	bl	800a1b2 <z_impl_k_msgq_put>
		k_msleep(50);
 8000f8a:	2032      	movs	r0, #50	@ 0x32
 8000f8c:	f007 f94e 	bl	800822c <k_msleep>
	while(1){
 8000f90:	e7e7      	b.n	8000f62 <lecbot+0x36>
 8000f92:	4603      	mov	r3, r0
	z_impl_z_log_msg_simple_create_1(source, level, fmt, arg);
 8000f94:	4a09      	ldr	r2, [pc, #36]	@ (8000fbc <lecbot+0x90>)
 8000f96:	2102      	movs	r1, #2
 8000f98:	4809      	ldr	r0, [pc, #36]	@ (8000fc0 <lecbot+0x94>)
 8000f9a:	f007 ffe3 	bl	8008f64 <z_impl_z_log_msg_simple_create_1>
	if(rec!=0) LOG_WRN("error al iniciar el tm1638 rec = %d\n", rec);
 8000f9e:	e7d4      	b.n	8000f4a <lecbot+0x1e>
 8000fa0:	0800c03c 	.word	0x0800c03c
 8000fa4:	0800c044 	.word	0x0800c044
 8000fa8:	0800c034 	.word	0x0800c034
 8000fac:	200002cc 	.word	0x200002cc
 8000fb0:	2000037c 	.word	0x2000037c
 8000fb4:	20000178 	.word	0x20000178
 8000fb8:	200001b4 	.word	0x200001b4
 8000fbc:	0800b0a4 	.word	0x0800b0a4
 8000fc0:	0800af08 	.word	0x0800af08

08000fc4 <numero_mostrar>:
void numero_mostrar(void){
 8000fc4:	b570      	push	{r4, r5, r6, lr}
 8000fc6:	b086      	sub	sp, #24
	int boton, nu[4] = {0,0,0,0}, clave = 0;
 8000fc8:	2300      	movs	r3, #0
 8000fca:	9301      	str	r3, [sp, #4]
 8000fcc:	9302      	str	r3, [sp, #8]
 8000fce:	9303      	str	r3, [sp, #12]
 8000fd0:	9304      	str	r3, [sp, #16]
 8000fd2:	9300      	str	r3, [sp, #0]
		k_msgq_get(&numero, &boton, K_FOREVER);
 8000fd4:	f04f 34ff 	mov.w	r4, #4294967295
 8000fd8:	f04f 35ff 	mov.w	r5, #4294967295
	return z_impl_k_msgq_get(msgq, data, timeout);
 8000fdc:	4622      	mov	r2, r4
 8000fde:	462b      	mov	r3, r5
 8000fe0:	a905      	add	r1, sp, #20
 8000fe2:	4822      	ldr	r0, [pc, #136]	@ (800106c <numero_mostrar+0xa8>)
 8000fe4:	f005 f8e8 	bl	80061b8 <z_impl_k_msgq_get>
		nu[boton-1] = (nu[boton-1] + 1) % 10;
 8000fe8:	9a05      	ldr	r2, [sp, #20]
 8000fea:	3a01      	subs	r2, #1
 8000fec:	ab06      	add	r3, sp, #24
 8000fee:	eb03 0282 	add.w	r2, r3, r2, lsl #2
 8000ff2:	f852 1c14 	ldr.w	r1, [r2, #-20]
 8000ff6:	3101      	adds	r1, #1
 8000ff8:	481d      	ldr	r0, [pc, #116]	@ (8001070 <numero_mostrar+0xac>)
 8000ffa:	fb80 3001 	smull	r3, r0, r0, r1
 8000ffe:	17cb      	asrs	r3, r1, #31
 8001000:	ebc3 03a0 	rsb	r3, r3, r0, asr #2
 8001004:	eb03 0383 	add.w	r3, r3, r3, lsl #2
 8001008:	0058      	lsls	r0, r3, #1
 800100a:	1a0b      	subs	r3, r1, r0
 800100c:	f842 3c14 	str.w	r3, [r2, #-20]
	return z_impl_k_mutex_lock(mutex, timeout);
 8001010:	4e18      	ldr	r6, [pc, #96]	@ (8001074 <numero_mostrar+0xb0>)
 8001012:	4622      	mov	r2, r4
 8001014:	462b      	mov	r3, r5
 8001016:	4630      	mov	r0, r6
 8001018:	f005 f93e 	bl	8006298 <z_impl_k_mutex_lock>
		tm1638_set_number(boton-1, nu[boton-1]);
 800101c:	9805      	ldr	r0, [sp, #20]
 800101e:	3801      	subs	r0, #1
 8001020:	ab06      	add	r3, sp, #24
 8001022:	eb03 0380 	add.w	r3, r3, r0, lsl #2
 8001026:	f853 1c14 	ldr.w	r1, [r3, #-20]
 800102a:	f000 fb73 	bl	8001714 <tm1638_set_number>
	return z_impl_k_mutex_unlock(mutex);
 800102e:	4630      	mov	r0, r6
 8001030:	f005 f9b2 	bl	8006398 <z_impl_k_mutex_unlock>
		clave = nu[0]*1000 + nu[1]*100 + nu[2]*10 + nu[3];
 8001034:	9b02      	ldr	r3, [sp, #8]
 8001036:	2264      	movs	r2, #100	@ 0x64
 8001038:	fb02 f303 	mul.w	r3, r2, r3
 800103c:	9a01      	ldr	r2, [sp, #4]
 800103e:	f44f 717a 	mov.w	r1, #1000	@ 0x3e8
 8001042:	fb01 3302 	mla	r3, r1, r2, r3
 8001046:	9a03      	ldr	r2, [sp, #12]
 8001048:	eb02 0282 	add.w	r2, r2, r2, lsl #2
 800104c:	0051      	lsls	r1, r2, #1
 800104e:	440b      	add	r3, r1
 8001050:	9a04      	ldr	r2, [sp, #16]
 8001052:	4413      	add	r3, r2
 8001054:	9300      	str	r3, [sp, #0]
	z_impl_k_msgq_purge(msgq);
 8001056:	4c08      	ldr	r4, [pc, #32]	@ (8001078 <numero_mostrar+0xb4>)
 8001058:	4620      	mov	r0, r4
 800105a:	f009 f8cb 	bl	800a1f4 <z_impl_k_msgq_purge>
	return z_impl_k_msgq_put(msgq, data, timeout);
 800105e:	2200      	movs	r2, #0
 8001060:	2300      	movs	r3, #0
 8001062:	4669      	mov	r1, sp
 8001064:	4620      	mov	r0, r4
 8001066:	f009 f8a4 	bl	800a1b2 <z_impl_k_msgq_put>
	while(1){
 800106a:	e7b3      	b.n	8000fd4 <numero_mostrar+0x10>
 800106c:	200002a4 	.word	0x200002a4
 8001070:	66666667 	.word	0x66666667
 8001074:	20000178 	.word	0x20000178
 8001078:	20000204 	.word	0x20000204

0800107c <claverec>:
void claverec(void){
 800107c:	b5d0      	push	{r4, r6, r7, lr}
 800107e:	b082      	sub	sp, #8
	int clave= 0 ;
 8001080:	2300      	movs	r3, #0
 8001082:	9301      	str	r3, [sp, #4]
	bool i = true, j =false;
 8001084:	2201      	movs	r2, #1
 8001086:	f88d 2003 	strb.w	r2, [sp, #3]
 800108a:	f88d 3002 	strb.w	r3, [sp, #2]
 800108e:	e006      	b.n	800109e <claverec+0x22>
 8001090:	2200      	movs	r2, #0
 8001092:	2300      	movs	r3, #0
 8001094:	f10d 0102 	add.w	r1, sp, #2
 8001098:	4813      	ldr	r0, [pc, #76]	@ (80010e8 <claverec+0x6c>)
 800109a:	f009 f88a 	bl	800a1b2 <z_impl_k_msgq_put>
	return z_impl_k_sem_take(sem, timeout);
 800109e:	f04f 32ff 	mov.w	r2, #4294967295
 80010a2:	f04f 33ff 	mov.w	r3, #4294967295
 80010a6:	4811      	ldr	r0, [pc, #68]	@ (80010ec <claverec+0x70>)
 80010a8:	f005 fa02 	bl	80064b0 <z_impl_k_sem_take>
	return z_impl_k_msgq_peek(msgq, data);
 80010ac:	a901      	add	r1, sp, #4
 80010ae:	4810      	ldr	r0, [pc, #64]	@ (80010f0 <claverec+0x74>)
 80010b0:	f009 f887 	bl	800a1c2 <z_impl_k_msgq_peek>
		if (clave == CLAVE_CAJA){
 80010b4:	9a01      	ldr	r2, [sp, #4]
 80010b6:	f640 2393 	movw	r3, #2707	@ 0xa93
 80010ba:	429a      	cmp	r2, r3
 80010bc:	d1e8      	bne.n	8001090 <claverec+0x14>
			k_msgq_put(&fail_pass, &i, K_NO_WAIT);
 80010be:	2600      	movs	r6, #0
 80010c0:	2700      	movs	r7, #0
	return z_impl_k_msgq_put(msgq, data, timeout);
 80010c2:	f10d 0403 	add.w	r4, sp, #3
 80010c6:	4632      	mov	r2, r6
 80010c8:	463b      	mov	r3, r7
 80010ca:	4621      	mov	r1, r4
 80010cc:	4806      	ldr	r0, [pc, #24]	@ (80010e8 <claverec+0x6c>)
 80010ce:	f009 f870 	bl	800a1b2 <z_impl_k_msgq_put>
			k_msleep(1000);
 80010d2:	f44f 707a 	mov.w	r0, #1000	@ 0x3e8
 80010d6:	f007 f8a9 	bl	800822c <k_msleep>
 80010da:	4632      	mov	r2, r6
 80010dc:	463b      	mov	r3, r7
 80010de:	4621      	mov	r1, r4
 80010e0:	4804      	ldr	r0, [pc, #16]	@ (80010f4 <claverec+0x78>)
 80010e2:	f009 f866 	bl	800a1b2 <z_impl_k_msgq_put>
 80010e6:	e7da      	b.n	800109e <claverec+0x22>
 80010e8:	200001dc 	.word	0x200001dc
 80010ec:	2000038c 	.word	0x2000038c
 80010f0:	20000204 	.word	0x20000204
 80010f4:	200002cc 	.word	0x200002cc

080010f8 <failpass>:
void failpass(void){
 80010f8:	b5d0      	push	{r4, r6, r7, lr}
 80010fa:	b082      	sub	sp, #8
		k_msgq_get(&fail_pass, &rec, K_FOREVER);
 80010fc:	f04f 36ff 	mov.w	r6, #4294967295
 8001100:	f04f 37ff 	mov.w	r7, #4294967295
	return z_impl_k_msgq_get(msgq, data, timeout);
 8001104:	4632      	mov	r2, r6
 8001106:	463b      	mov	r3, r7
 8001108:	f10d 0107 	add.w	r1, sp, #7
 800110c:	4808      	ldr	r0, [pc, #32]	@ (8001130 <failpass+0x38>)
 800110e:	f005 f853 	bl	80061b8 <z_impl_k_msgq_get>
	return z_impl_k_mutex_lock(mutex, timeout);
 8001112:	4c08      	ldr	r4, [pc, #32]	@ (8001134 <failpass+0x3c>)
 8001114:	4632      	mov	r2, r6
 8001116:	463b      	mov	r3, r7
 8001118:	4620      	mov	r0, r4
 800111a:	f005 f8bd 	bl	8006298 <z_impl_k_mutex_lock>
			pasfal(rec);
 800111e:	f89d 0007 	ldrb.w	r0, [sp, #7]
 8001122:	f007 f893 	bl	800824c <pasfal>
	return z_impl_k_mutex_unlock(mutex);
 8001126:	4620      	mov	r0, r4
 8001128:	f005 f936 	bl	8006398 <z_impl_k_mutex_unlock>
	while(1){
 800112c:	e7e6      	b.n	80010fc <failpass+0x4>
 800112e:	bf00      	nop
 8001130:	200001dc 	.word	0x200001dc
 8001134:	20000178 	.word	0x20000178

08001138 <openclose>:
void openclose(void){
 8001138:	b5d0      	push	{r4, r6, r7, lr}
 800113a:	b082      	sub	sp, #8
	bool rec, i=true, j=false;
 800113c:	2301      	movs	r3, #1
 800113e:	f88d 3006 	strb.w	r3, [sp, #6]
 8001142:	2300      	movs	r3, #0
 8001144:	f88d 3005 	strb.w	r3, [sp, #5]
 8001148:	e012      	b.n	8001170 <openclose+0x38>
			k_msgq_put(&s0_s90, &i, K_NO_WAIT);
 800114a:	2600      	movs	r6, #0
 800114c:	2700      	movs	r7, #0
	return z_impl_k_msgq_put(msgq, data, timeout);
 800114e:	f10d 0406 	add.w	r4, sp, #6
 8001152:	4632      	mov	r2, r6
 8001154:	463b      	mov	r3, r7
 8001156:	4621      	mov	r1, r4
 8001158:	481c      	ldr	r0, [pc, #112]	@ (80011cc <openclose+0x94>)
 800115a:	f009 f82a 	bl	800a1b2 <z_impl_k_msgq_put>
 800115e:	4632      	mov	r2, r6
 8001160:	463b      	mov	r3, r7
 8001162:	4621      	mov	r1, r4
 8001164:	481a      	ldr	r0, [pc, #104]	@ (80011d0 <openclose+0x98>)
 8001166:	f009 f824 	bl	800a1b2 <z_impl_k_msgq_put>
	z_impl_k_sem_give(sem);
 800116a:	481a      	ldr	r0, [pc, #104]	@ (80011d4 <openclose+0x9c>)
 800116c:	f005 f96a 	bl	8006444 <z_impl_k_sem_give>
		k_msgq_get(&open_close, &rec, K_FOREVER);
 8001170:	f04f 36ff 	mov.w	r6, #4294967295
 8001174:	f04f 37ff 	mov.w	r7, #4294967295
	return z_impl_k_msgq_get(msgq, data, timeout);
 8001178:	4632      	mov	r2, r6
 800117a:	463b      	mov	r3, r7
 800117c:	f10d 0107 	add.w	r1, sp, #7
 8001180:	4815      	ldr	r0, [pc, #84]	@ (80011d8 <openclose+0xa0>)
 8001182:	f005 f819 	bl	80061b8 <z_impl_k_msgq_get>
	return z_impl_k_mutex_lock(mutex, timeout);
 8001186:	4c15      	ldr	r4, [pc, #84]	@ (80011dc <openclose+0xa4>)
 8001188:	4632      	mov	r2, r6
 800118a:	463b      	mov	r3, r7
 800118c:	4620      	mov	r0, r4
 800118e:	f005 f883 	bl	8006298 <z_impl_k_mutex_lock>
		opco(rec);
 8001192:	f89d 0007 	ldrb.w	r0, [sp, #7]
 8001196:	f007 f87d 	bl	8008294 <opco>
	return z_impl_k_mutex_unlock(mutex);
 800119a:	4620      	mov	r0, r4
 800119c:	f005 f8fc 	bl	8006398 <z_impl_k_mutex_unlock>
		if (rec == true){
 80011a0:	f89d 3007 	ldrb.w	r3, [sp, #7]
 80011a4:	2b00      	cmp	r3, #0
 80011a6:	d1d0      	bne.n	800114a <openclose+0x12>
			k_msgq_put(&s0_s90, &j, K_NO_WAIT);
 80011a8:	2600      	movs	r6, #0
 80011aa:	2700      	movs	r7, #0
	return z_impl_k_msgq_put(msgq, data, timeout);
 80011ac:	f10d 0405 	add.w	r4, sp, #5
 80011b0:	4632      	mov	r2, r6
 80011b2:	463b      	mov	r3, r7
 80011b4:	4621      	mov	r1, r4
 80011b6:	4805      	ldr	r0, [pc, #20]	@ (80011cc <openclose+0x94>)
 80011b8:	f008 fffb 	bl	800a1b2 <z_impl_k_msgq_put>
 80011bc:	4632      	mov	r2, r6
 80011be:	463b      	mov	r3, r7
 80011c0:	4621      	mov	r1, r4
 80011c2:	4803      	ldr	r0, [pc, #12]	@ (80011d0 <openclose+0x98>)
 80011c4:	f008 fff5 	bl	800a1b2 <z_impl_k_msgq_put>
	while(1){
 80011c8:	e7d2      	b.n	8001170 <openclose+0x38>
 80011ca:	bf00      	nop
 80011cc:	2000031c 	.word	0x2000031c
 80011d0:	200002f4 	.word	0x200002f4
 80011d4:	2000036c 	.word	0x2000036c
 80011d8:	200002cc 	.word	0x200002cc
 80011dc:	20000178 	.word	0x20000178

080011e0 <reproducir_nota>:
{
 80011e0:	b570      	push	{r4, r5, r6, lr}
 80011e2:	b082      	sub	sp, #8
 80011e4:	4604      	mov	r4, r0
 80011e6:	4615      	mov	r5, r2
    if (frecuencia_hz == SILENCIO)  pwm_set_pulse_dt(pwm, 0);
 80011e8:	b969      	cbnz	r1, 8001206 <reproducir_nota+0x26>
 80011ea:	f007 f812 	bl	8008212 <pwm_set_pulse_dt>
    k_msleep(duracion_ms);
 80011ee:	4628      	mov	r0, r5
 80011f0:	f007 f81c 	bl	800822c <k_msleep>
    pwm_set_pulse_dt(pwm, 0);
 80011f4:	2100      	movs	r1, #0
 80011f6:	4620      	mov	r0, r4
 80011f8:	f007 f80b 	bl	8008212 <pwm_set_pulse_dt>
    k_msleep(20);
 80011fc:	2014      	movs	r0, #20
 80011fe:	f007 f815 	bl	800822c <k_msleep>
}
 8001202:	b002      	add	sp, #8
 8001204:	bd70      	pop	{r4, r5, r6, pc}
 8001206:	460e      	mov	r6, r1
	return z_impl_k_msgq_peek(msgq, data);
 8001208:	f10d 0106 	add.w	r1, sp, #6
 800120c:	480a      	ldr	r0, [pc, #40]	@ (8001238 <reproducir_nota+0x58>)
 800120e:	f008 ffd8 	bl	800a1c2 <z_impl_k_msgq_peek>
        uint32_t periodo_ns = 1000000000U / frecuencia_hz;
 8001212:	490a      	ldr	r1, [pc, #40]	@ (800123c <reproducir_nota+0x5c>)
 8001214:	fbb1 f1f6 	udiv	r1, r1, r6
        uint32_t pulso_max = periodo_ns / 2;
 8001218:	084a      	lsrs	r2, r1, #1
		uint32_t pulso_ns = (pulso_max*rawvol)/4095;
 800121a:	f9bd 3006 	ldrsh.w	r3, [sp, #6]
 800121e:	fb02 f303 	mul.w	r3, r2, r3
 8001222:	4a07      	ldr	r2, [pc, #28]	@ (8001240 <reproducir_nota+0x60>)
 8001224:	fba2 0203 	umull	r0, r2, r2, r3
 8001228:	1a9b      	subs	r3, r3, r2
 800122a:	eb02 0253 	add.w	r2, r2, r3, lsr #1
        pwm_set_dt(pwm, periodo_ns, pulso_ns);
 800122e:	0ad2      	lsrs	r2, r2, #11
 8001230:	4620      	mov	r0, r4
 8001232:	f006 ffe1 	bl	80081f8 <pwm_set_dt>
 8001236:	e7da      	b.n	80011ee <reproducir_nota+0xe>
 8001238:	2000022c 	.word	0x2000022c
 800123c:	3b9aca00 	.word	0x3b9aca00
 8001240:	00100101 	.word	0x00100101

08001244 <megalo>:
void megalo(void){
 8001244:	b510      	push	{r4, lr}
 8001246:	480f      	ldr	r0, [pc, #60]	@ (8001284 <megalo+0x40>)
 8001248:	f008 ff8e 	bl	800a168 <z_impl_device_is_ready>
	if (!pwm_is_ready_dt(&boc)) LOG_ERR("Bocina no esta lista:");
 800124c:	b988      	cbnz	r0, 8001272 <megalo+0x2e>
	z_impl_z_log_msg_simple_create_0(source, level, fmt);
 800124e:	4a0e      	ldr	r2, [pc, #56]	@ (8001288 <megalo+0x44>)
 8001250:	2101      	movs	r1, #1
 8001252:	480e      	ldr	r0, [pc, #56]	@ (800128c <megalo+0x48>)
 8001254:	f007 fe7c 	bl	8008f50 <z_impl_z_log_msg_simple_create_0>
 8001258:	e00b      	b.n	8001272 <megalo+0x2e>
			reproducir_nota(&boc, megalovania_intro[i].frecuencia, megalovania_intro[i].duracion);
 800125a:	4b0d      	ldr	r3, [pc, #52]	@ (8001290 <megalo+0x4c>)
 800125c:	eb03 02c4 	add.w	r2, r3, r4, lsl #3
 8001260:	6852      	ldr	r2, [r2, #4]
 8001262:	f853 1034 	ldr.w	r1, [r3, r4, lsl #3]
 8001266:	480b      	ldr	r0, [pc, #44]	@ (8001294 <megalo+0x50>)
 8001268:	f7ff ffba 	bl	80011e0 <reproducir_nota>
		for (int i = 0; i < megalovania_length; i++) {
 800126c:	3401      	adds	r4, #1
 800126e:	2c2f      	cmp	r4, #47	@ 0x2f
 8001270:	ddf3      	ble.n	800125a <megalo+0x16>
	return z_impl_k_sem_take(sem, timeout);
 8001272:	f04f 32ff 	mov.w	r2, #4294967295
 8001276:	f04f 33ff 	mov.w	r3, #4294967295
 800127a:	4807      	ldr	r0, [pc, #28]	@ (8001298 <megalo+0x54>)
 800127c:	f005 f918 	bl	80064b0 <z_impl_k_sem_take>
 8001280:	2400      	movs	r4, #0
 8001282:	e7f4      	b.n	800126e <megalo+0x2a>
 8001284:	0800a934 	.word	0x0800a934
 8001288:	0800b0cc 	.word	0x0800b0cc
 800128c:	0800af08 	.word	0x0800af08
 8001290:	0800c06c 	.word	0x0800c06c
 8001294:	0800c014 	.word	0x0800c014
 8001298:	2000036c 	.word	0x2000036c

0800129c <send_byte>:
	0x3F, 0x06, 0x5B, 0x4F, 0x66,
	0x6D, 0x7D, 0x07, 0x7F, 0x6F,
};

static void send_byte(uint8_t b)
{
 800129c:	b570      	push	{r4, r5, r6, lr}
 800129e:	4606      	mov	r6, r0
	gpio_pin_configure_dt(&tm.dio, GPIO_OUTPUT);
 80012a0:	f44f 3100 	mov.w	r1, #131072	@ 0x20000
 80012a4:	4810      	ldr	r0, [pc, #64]	@ (80012e8 <send_byte+0x4c>)
 80012a6:	f007 f841 	bl	800832c <gpio_pin_configure_dt>

	for (int i = 0; i < 8; i++) {
 80012aa:	2500      	movs	r5, #0
 80012ac:	e019      	b.n	80012e2 <send_byte+0x46>
 80012ae:	4c0f      	ldr	r4, [pc, #60]	@ (80012ec <send_byte+0x50>)
 80012b0:	2200      	movs	r2, #0
 80012b2:	7b21      	ldrb	r1, [r4, #12]
 80012b4:	68a0      	ldr	r0, [r4, #8]
 80012b6:	f007 f872 	bl	800839e <gpio_pin_set>
		gpio_pin_set_dt(&tm.clk, 0);
		gpio_pin_set_dt(&tm.dio, (b >> i) & 0x01);
 80012ba:	fa46 f205 	asr.w	r2, r6, r5
 80012be:	f002 0201 	and.w	r2, r2, #1
 80012c2:	7d21      	ldrb	r1, [r4, #20]
 80012c4:	6920      	ldr	r0, [r4, #16]
 80012c6:	f007 f86a 	bl	800839e <gpio_pin_set>
	z_impl_k_busy_wait(usec_to_wait);
 80012ca:	2001      	movs	r0, #1
 80012cc:	f008 ff23 	bl	800a116 <z_impl_k_busy_wait>
 80012d0:	2201      	movs	r2, #1
 80012d2:	7b21      	ldrb	r1, [r4, #12]
 80012d4:	68a0      	ldr	r0, [r4, #8]
 80012d6:	f007 f862 	bl	800839e <gpio_pin_set>
 80012da:	2001      	movs	r0, #1
 80012dc:	f008 ff1b 	bl	800a116 <z_impl_k_busy_wait>
	for (int i = 0; i < 8; i++) {
 80012e0:	3501      	adds	r5, #1
 80012e2:	2d07      	cmp	r5, #7
 80012e4:	dde3      	ble.n	80012ae <send_byte+0x12>
		k_busy_wait(1);
		gpio_pin_set_dt(&tm.clk, 1);
		k_busy_wait(1);
	}
}
 80012e6:	bd70      	pop	{r4, r5, r6, pc}
 80012e8:	20000d60 	.word	0x20000d60
 80012ec:	20000d50 	.word	0x20000d50

080012f0 <write_at>:
	return b;
}

/* Escribe un byte en una direccion fija (0-15) de la memoria de display. */
static void write_at(uint8_t addr, uint8_t data)
{
 80012f0:	b570      	push	{r4, r5, r6, lr}
 80012f2:	4605      	mov	r5, r0
 80012f4:	460e      	mov	r6, r1
 80012f6:	4c14      	ldr	r4, [pc, #80]	@ (8001348 <write_at+0x58>)
 80012f8:	2200      	movs	r2, #0
 80012fa:	7921      	ldrb	r1, [r4, #4]
 80012fc:	6820      	ldr	r0, [r4, #0]
 80012fe:	f007 f84e 	bl	800839e <gpio_pin_set>
	gpio_pin_set_dt(&tm.stb, 0);
	send_byte(0x44);
 8001302:	2044      	movs	r0, #68	@ 0x44
 8001304:	f7ff ffca 	bl	800129c <send_byte>
 8001308:	2201      	movs	r2, #1
 800130a:	7921      	ldrb	r1, [r4, #4]
 800130c:	6820      	ldr	r0, [r4, #0]
 800130e:	f007 f846 	bl	800839e <gpio_pin_set>
 8001312:	2001      	movs	r0, #1
 8001314:	f008 feff 	bl	800a116 <z_impl_k_busy_wait>
 8001318:	2200      	movs	r2, #0
 800131a:	7921      	ldrb	r1, [r4, #4]
 800131c:	6820      	ldr	r0, [r4, #0]
 800131e:	f007 f83e 	bl	800839e <gpio_pin_set>
	gpio_pin_set_dt(&tm.stb, 1);
	k_busy_wait(1);

	gpio_pin_set_dt(&tm.stb, 0);
	send_byte(0xC0 | (addr & 0x0F));
 8001322:	f005 000f 	and.w	r0, r5, #15
 8001326:	f040 00c0 	orr.w	r0, r0, #192	@ 0xc0
 800132a:	f7ff ffb7 	bl	800129c <send_byte>
	send_byte(data);
 800132e:	4630      	mov	r0, r6
 8001330:	f7ff ffb4 	bl	800129c <send_byte>
 8001334:	2201      	movs	r2, #1
 8001336:	7921      	ldrb	r1, [r4, #4]
 8001338:	6820      	ldr	r0, [r4, #0]
 800133a:	f007 f830 	bl	800839e <gpio_pin_set>
 800133e:	2032      	movs	r0, #50	@ 0x32
 8001340:	f008 fee9 	bl	800a116 <z_impl_k_busy_wait>
	 * alimentacion del modulo esta al limite, espaciar un poco las
	 * escrituras reduce la probabilidad de que esos picos se sumen.
	 * No sustituye revisar VCC/GND si el problema persiste.
	 */
	k_busy_wait(50);
}
 8001344:	bd70      	pop	{r4, r5, r6, pc}
 8001346:	bf00      	nop
 8001348:	20000d50 	.word	0x20000d50

0800134c <recv_byte>:
{
 800134c:	b570      	push	{r4, r5, r6, lr}
	gpio_pin_configure_dt(&tm.dio, GPIO_INPUT);
 800134e:	f44f 3180 	mov.w	r1, #65536	@ 0x10000
 8001352:	4814      	ldr	r0, [pc, #80]	@ (80013a4 <recv_byte+0x58>)
 8001354:	f006 ffea 	bl	800832c <gpio_pin_configure_dt>
	for (int i = 0; i < 8; i++) {
 8001358:	2500      	movs	r5, #0
	uint8_t b = 0;
 800135a:	462e      	mov	r6, r5
	for (int i = 0; i < 8; i++) {
 800135c:	e009      	b.n	8001372 <recv_byte+0x26>
 800135e:	4b12      	ldr	r3, [pc, #72]	@ (80013a8 <recv_byte+0x5c>)
 8001360:	2201      	movs	r2, #1
 8001362:	7b19      	ldrb	r1, [r3, #12]
 8001364:	6898      	ldr	r0, [r3, #8]
 8001366:	f007 f81a 	bl	800839e <gpio_pin_set>
 800136a:	2001      	movs	r0, #1
 800136c:	f008 fed3 	bl	800a116 <z_impl_k_busy_wait>
 8001370:	3501      	adds	r5, #1
 8001372:	2d07      	cmp	r5, #7
 8001374:	dc13      	bgt.n	800139e <recv_byte+0x52>
 8001376:	4c0c      	ldr	r4, [pc, #48]	@ (80013a8 <recv_byte+0x5c>)
 8001378:	2200      	movs	r2, #0
 800137a:	7b21      	ldrb	r1, [r4, #12]
 800137c:	68a0      	ldr	r0, [r4, #8]
 800137e:	f007 f80e 	bl	800839e <gpio_pin_set>
 8001382:	2001      	movs	r0, #1
 8001384:	f008 fec7 	bl	800a116 <z_impl_k_busy_wait>
	return gpio_pin_get(spec->port, spec->pin);
 8001388:	7d21      	ldrb	r1, [r4, #20]
 800138a:	6920      	ldr	r0, [r4, #16]
 800138c:	f006 ffe5 	bl	800835a <gpio_pin_get>
		if (gpio_pin_get_dt(&tm.dio)) {
 8001390:	2800      	cmp	r0, #0
 8001392:	d0e4      	beq.n	800135e <recv_byte+0x12>
			b |= (1 << i);
 8001394:	2301      	movs	r3, #1
 8001396:	40ab      	lsls	r3, r5
 8001398:	431e      	orrs	r6, r3
 800139a:	b2f6      	uxtb	r6, r6
 800139c:	e7df      	b.n	800135e <recv_byte+0x12>
}
 800139e:	4630      	mov	r0, r6
 80013a0:	bd70      	pop	{r4, r5, r6, pc}
 80013a2:	bf00      	nop
 80013a4:	20000d60 	.word	0x20000d60
 80013a8:	20000d50 	.word	0x20000d50

080013ac <scan_keys_raw>:

/* Lee el estado crudo (sin antirrebote) de los 8 botones. */
static uint8_t scan_keys_raw(void)
{
 80013ac:	b510      	push	{r4, lr}
 80013ae:	b082      	sub	sp, #8
	return gpio_pin_set(spec->port, spec->pin, value);
 80013b0:	4b1e      	ldr	r3, [pc, #120]	@ (800142c <scan_keys_raw+0x80>)
 80013b2:	2200      	movs	r2, #0
 80013b4:	7919      	ldrb	r1, [r3, #4]
 80013b6:	6818      	ldr	r0, [r3, #0]
 80013b8:	f006 fff1 	bl	800839e <gpio_pin_set>
	uint8_t keys = 0;
	uint8_t buf[4];

	gpio_pin_set_dt(&tm.stb, 0);
	send_byte(0x42);
 80013bc:	2042      	movs	r0, #66	@ 0x42
 80013be:	f7ff ff6d 	bl	800129c <send_byte>
	for (int i = 0; i < 4; i++) {
 80013c2:	2400      	movs	r4, #0
 80013c4:	e007      	b.n	80013d6 <scan_keys_raw+0x2a>
		buf[i] = recv_byte();
 80013c6:	f7ff ffc1 	bl	800134c <recv_byte>
 80013ca:	f104 0308 	add.w	r3, r4, #8
 80013ce:	446b      	add	r3, sp
 80013d0:	f803 0c04 	strb.w	r0, [r3, #-4]
	for (int i = 0; i < 4; i++) {
 80013d4:	3401      	adds	r4, #1
 80013d6:	2c03      	cmp	r4, #3
 80013d8:	ddf5      	ble.n	80013c6 <scan_keys_raw+0x1a>
 80013da:	4c14      	ldr	r4, [pc, #80]	@ (800142c <scan_keys_raw+0x80>)
 80013dc:	2201      	movs	r2, #1
 80013de:	7921      	ldrb	r1, [r4, #4]
 80013e0:	6820      	ldr	r0, [r4, #0]
 80013e2:	f006 ffdc 	bl	800839e <gpio_pin_set>
	}
	gpio_pin_set_dt(&tm.stb, 1);
	gpio_pin_configure_dt(&tm.dio, GPIO_OUTPUT);
 80013e6:	f44f 3100 	mov.w	r1, #131072	@ 0x20000
 80013ea:	f104 0010 	add.w	r0, r4, #16
 80013ee:	f006 ff9d 	bl	800832c <gpio_pin_configure_dt>
	 * buf[i] bit0 -> boton (i+1)  [botones 1-4]
	 * buf[i] bit4 -> boton (i+5)  [botones 5-8]
	 * (no es buf[i] bit0/bit4 -> botones (2i+1)/(2i+2) como en la
	 * version anterior -- esa agrupacion daba impares/pares cruzados).
	 */
	for (int i = 0; i < 4; i++) {
 80013f2:	2300      	movs	r3, #0
	uint8_t keys = 0;
 80013f4:	4618      	mov	r0, r3
	for (int i = 0; i < 4; i++) {
 80013f6:	e000      	b.n	80013fa <scan_keys_raw+0x4e>
 80013f8:	3301      	adds	r3, #1
 80013fa:	2b03      	cmp	r3, #3
 80013fc:	dc14      	bgt.n	8001428 <scan_keys_raw+0x7c>
		if (buf[i] & 0x01) {
 80013fe:	f103 0208 	add.w	r2, r3, #8
 8001402:	446a      	add	r2, sp
 8001404:	f812 2c04 	ldrb.w	r2, [r2, #-4]
 8001408:	f012 0f01 	tst.w	r2, #1
 800140c:	d003      	beq.n	8001416 <scan_keys_raw+0x6a>
			keys |= (1 << i);
 800140e:	2101      	movs	r1, #1
 8001410:	4099      	lsls	r1, r3
 8001412:	4308      	orrs	r0, r1
 8001414:	b2c0      	uxtb	r0, r0
		}
		if (buf[i] & 0x10) {
 8001416:	f012 0f10 	tst.w	r2, #16
 800141a:	d0ed      	beq.n	80013f8 <scan_keys_raw+0x4c>
			keys |= (1 << (i + 4));
 800141c:	1d19      	adds	r1, r3, #4
 800141e:	2201      	movs	r2, #1
 8001420:	408a      	lsls	r2, r1
 8001422:	4310      	orrs	r0, r2
 8001424:	b2c0      	uxtb	r0, r0
 8001426:	e7e7      	b.n	80013f8 <scan_keys_raw+0x4c>
		}
	}
	return keys;
}
 8001428:	b002      	add	sp, #8
 800142a:	bd10      	pop	{r4, pc}
 800142c:	20000d50 	.word	0x20000d50

08001430 <tm1638_set_brightness>:
	tm1638_set_brightness(4);
	return 0;
}

int tm1638_set_brightness(uint8_t level)
{
 8001430:	b538      	push	{r3, r4, r5, lr}
	if (!tm.initialized) {
 8001432:	4b0e      	ldr	r3, [pc, #56]	@ (800146c <tm1638_set_brightness+0x3c>)
 8001434:	7e1b      	ldrb	r3, [r3, #24]
 8001436:	b19b      	cbz	r3, 8001460 <tm1638_set_brightness+0x30>
 8001438:	4604      	mov	r4, r0
		return -EIO;
	}
	if (level > 7) {
 800143a:	2807      	cmp	r0, #7
 800143c:	d813      	bhi.n	8001466 <tm1638_set_brightness+0x36>
 800143e:	4d0b      	ldr	r5, [pc, #44]	@ (800146c <tm1638_set_brightness+0x3c>)
 8001440:	2200      	movs	r2, #0
 8001442:	7929      	ldrb	r1, [r5, #4]
 8001444:	6828      	ldr	r0, [r5, #0]
 8001446:	f006 ffaa 	bl	800839e <gpio_pin_set>
		return -EINVAL;
	}

	gpio_pin_set_dt(&tm.stb, 0);
	send_byte(0x88 | level); /* bit3=1 -> pantalla encendida */
 800144a:	f044 0088 	orr.w	r0, r4, #136	@ 0x88
 800144e:	f7ff ff25 	bl	800129c <send_byte>
 8001452:	2201      	movs	r2, #1
 8001454:	7929      	ldrb	r1, [r5, #4]
 8001456:	6828      	ldr	r0, [r5, #0]
 8001458:	f006 ffa1 	bl	800839e <gpio_pin_set>
	gpio_pin_set_dt(&tm.stb, 1);
	return 0;
 800145c:	2000      	movs	r0, #0
}
 800145e:	bd38      	pop	{r3, r4, r5, pc}
		return -EIO;
 8001460:	f06f 0004 	mvn.w	r0, #4
 8001464:	e7fb      	b.n	800145e <tm1638_set_brightness+0x2e>
		return -EINVAL;
 8001466:	f06f 0015 	mvn.w	r0, #21
 800146a:	e7f8      	b.n	800145e <tm1638_set_brightness+0x2e>
 800146c:	20000d50 	.word	0x20000d50

08001470 <tm1638_set_digit>:

int tm1638_set_digit(int digit, uint8_t segments)
{
 8001470:	b508      	push	{r3, lr}
	if (!tm.initialized) {
 8001472:	4b09      	ldr	r3, [pc, #36]	@ (8001498 <tm1638_set_digit+0x28>)
 8001474:	7e1b      	ldrb	r3, [r3, #24]
 8001476:	b143      	cbz	r3, 800148a <tm1638_set_digit+0x1a>
		return -EIO;
	}
	if (digit < 0 || digit > 7) {
 8001478:	2807      	cmp	r0, #7
 800147a:	d809      	bhi.n	8001490 <tm1638_set_digit+0x20>
		return -EINVAL;
	}

	write_at((uint8_t)digit * 2, segments);
 800147c:	0040      	lsls	r0, r0, #1
 800147e:	f000 00fe 	and.w	r0, r0, #254	@ 0xfe
 8001482:	f7ff ff35 	bl	80012f0 <write_at>
	return 0;
 8001486:	2000      	movs	r0, #0
}
 8001488:	bd08      	pop	{r3, pc}
		return -EIO;
 800148a:	f06f 0004 	mvn.w	r0, #4
 800148e:	e7fb      	b.n	8001488 <tm1638_set_digit+0x18>
		return -EINVAL;
 8001490:	f06f 0015 	mvn.w	r0, #21
 8001494:	e7f8      	b.n	8001488 <tm1638_set_digit+0x18>
 8001496:	bf00      	nop
 8001498:	20000d50 	.word	0x20000d50

0800149c <tm1638_clear>:
	return 0;
}

int tm1638_clear(void)
{
	if (!tm.initialized) {
 800149c:	4b09      	ldr	r3, [pc, #36]	@ (80014c4 <tm1638_clear+0x28>)
 800149e:	7e1b      	ldrb	r3, [r3, #24]
 80014a0:	b113      	cbz	r3, 80014a8 <tm1638_clear+0xc>
{
 80014a2:	b510      	push	{r4, lr}
		return -EIO;
	}
	for (uint8_t addr = 0; addr < 16; addr++) {
 80014a4:	2400      	movs	r4, #0
 80014a6:	e008      	b.n	80014ba <tm1638_clear+0x1e>
		return -EIO;
 80014a8:	f06f 0004 	mvn.w	r0, #4
		write_at(addr, 0x00);
	}
	return 0;
}
 80014ac:	4770      	bx	lr
		write_at(addr, 0x00);
 80014ae:	2100      	movs	r1, #0
 80014b0:	4620      	mov	r0, r4
 80014b2:	f7ff ff1d 	bl	80012f0 <write_at>
	for (uint8_t addr = 0; addr < 16; addr++) {
 80014b6:	3401      	adds	r4, #1
 80014b8:	b2e4      	uxtb	r4, r4
 80014ba:	2c0f      	cmp	r4, #15
 80014bc:	d9f7      	bls.n	80014ae <tm1638_clear+0x12>
	return 0;
 80014be:	2000      	movs	r0, #0
}
 80014c0:	bd10      	pop	{r4, pc}
 80014c2:	bf00      	nop
 80014c4:	20000d50 	.word	0x20000d50

080014c8 <tm1638_init>:
{
 80014c8:	b530      	push	{r4, r5, lr}
 80014ca:	b085      	sub	sp, #20
 80014cc:	f10d 0c08 	add.w	ip, sp, #8
 80014d0:	e88c 0003 	stmia.w	ip, {r0, r1}
 80014d4:	e9cd 2300 	strd	r2, r3, [sp]
	tm.stb = stb;
 80014d8:	4a35      	ldr	r2, [pc, #212]	@ (80015b0 <tm1638_init+0xe8>)
 80014da:	e89c 0003 	ldmia.w	ip, {r0, r1}
 80014de:	e882 0003 	stmia.w	r2, {r0, r1}
	tm.clk = clk;
 80014e2:	f102 0508 	add.w	r5, r2, #8
 80014e6:	e9dd 0100 	ldrd	r0, r1, [sp]
 80014ea:	e885 0009 	stmia.w	r5, {r0, r3}
	tm.dio = dio;
 80014ee:	f102 0310 	add.w	r3, r2, #16
 80014f2:	a908      	add	r1, sp, #32
 80014f4:	c903      	ldmia	r1, {r0, r1}
 80014f6:	e883 0003 	stmia.w	r3, {r0, r1}
	tm.initialized = false;
 80014fa:	2400      	movs	r4, #0
 80014fc:	7614      	strb	r4, [r2, #24]
	tm.keys_raw_prev = 0;
 80014fe:	7654      	strb	r4, [r2, #25]
	tm.keys_stable = 0;
 8001500:	7694      	strb	r4, [r2, #26]
	return z_impl_k_uptime_ticks();
 8001502:	f009 f8b8 	bl	800a676 <z_impl_k_uptime_ticks>
 *
 * @return Current uptime in milliseconds.
 */
static inline int64_t k_uptime_get(void)
{
	return k_ticks_to_ms_floor64(k_uptime_ticks());
 8001506:	1843      	adds	r3, r0, r1
 8001508:	d249      	bcs.n	800159e <tm1638_init+0xd6>
 800150a:	4423      	add	r3, r4
 800150c:	4a29      	ldr	r2, [pc, #164]	@ (80015b4 <tm1638_init+0xec>)
 800150e:	fba2 4503 	umull	r4, r5, r2, r3
 8001512:	f025 0403 	bic.w	r4, r5, #3
 8001516:	eb04 0495 	add.w	r4, r4, r5, lsr #2
 800151a:	1b1b      	subs	r3, r3, r4
 800151c:	1ac0      	subs	r0, r0, r3
 800151e:	f161 0100 	sbc.w	r1, r1, #0
 8001522:	f04f 33cc 	mov.w	r3, #3435973836	@ 0xcccccccc
 8001526:	fb00 f303 	mul.w	r3, r0, r3
 800152a:	fb02 3301 	mla	r3, r2, r1, r3
 800152e:	fba0 0202 	umull	r0, r2, r0, r2
 8001532:	4413      	add	r3, r2
 8001534:	0840      	lsrs	r0, r0, #1
 8001536:	ea40 70c3 	orr.w	r0, r0, r3, lsl #31
 800153a:	085b      	lsrs	r3, r3, #1
	tm.keys_change_ts = k_uptime_get();
 800153c:	4a1c      	ldr	r2, [pc, #112]	@ (80015b0 <tm1638_init+0xe8>)
 800153e:	6210      	str	r0, [r2, #32]
 8001540:	6253      	str	r3, [r2, #36]	@ 0x24
	return device_is_ready(spec->port);
 8001542:	6810      	ldr	r0, [r2, #0]
 8001544:	f008 fe10 	bl	800a168 <z_impl_device_is_ready>
	if (!gpio_is_ready_dt(&tm.stb) || !gpio_is_ready_dt(&tm.clk) ||
 8001548:	b358      	cbz	r0, 80015a2 <tm1638_init+0xda>
 800154a:	4b19      	ldr	r3, [pc, #100]	@ (80015b0 <tm1638_init+0xe8>)
 800154c:	6898      	ldr	r0, [r3, #8]
 800154e:	f008 fe0b 	bl	800a168 <z_impl_device_is_ready>
 8001552:	b330      	cbz	r0, 80015a2 <tm1638_init+0xda>
 8001554:	4b16      	ldr	r3, [pc, #88]	@ (80015b0 <tm1638_init+0xe8>)
 8001556:	6918      	ldr	r0, [r3, #16]
 8001558:	f008 fe06 	bl	800a168 <z_impl_device_is_ready>
 800155c:	b308      	cbz	r0, 80015a2 <tm1638_init+0xda>
	ret = gpio_pin_configure_dt(&tm.stb, GPIO_OUTPUT_ACTIVE);
 800155e:	4d14      	ldr	r5, [pc, #80]	@ (80015b0 <tm1638_init+0xe8>)
 8001560:	f44f 11d0 	mov.w	r1, #1703936	@ 0x1a0000
 8001564:	4628      	mov	r0, r5
 8001566:	f006 fee1 	bl	800832c <gpio_pin_configure_dt>
 800156a:	4604      	mov	r4, r0
	ret |= gpio_pin_configure_dt(&tm.clk, GPIO_OUTPUT_ACTIVE);
 800156c:	f44f 11d0 	mov.w	r1, #1703936	@ 0x1a0000
 8001570:	f105 0008 	add.w	r0, r5, #8
 8001574:	f006 feda 	bl	800832c <gpio_pin_configure_dt>
 8001578:	4304      	orrs	r4, r0
	ret |= gpio_pin_configure_dt(&tm.dio, GPIO_OUTPUT_ACTIVE);
 800157a:	f44f 11d0 	mov.w	r1, #1703936	@ 0x1a0000
 800157e:	f105 0010 	add.w	r0, r5, #16
 8001582:	f006 fed3 	bl	800832c <gpio_pin_configure_dt>
	if (ret) {
 8001586:	4304      	orrs	r4, r0
 8001588:	d10e      	bne.n	80015a8 <tm1638_init+0xe0>
	tm.initialized = true;
 800158a:	2201      	movs	r2, #1
 800158c:	762a      	strb	r2, [r5, #24]
	tm1638_clear();
 800158e:	f7ff ff85 	bl	800149c <tm1638_clear>
	tm1638_set_brightness(4);
 8001592:	2004      	movs	r0, #4
 8001594:	f7ff ff4c 	bl	8001430 <tm1638_set_brightness>
}
 8001598:	4620      	mov	r0, r4
 800159a:	b005      	add	sp, #20
 800159c:	bd30      	pop	{r4, r5, pc}
 800159e:	2401      	movs	r4, #1
 80015a0:	e7b3      	b.n	800150a <tm1638_init+0x42>
		return -ENODEV;
 80015a2:	f06f 0412 	mvn.w	r4, #18
 80015a6:	e7f7      	b.n	8001598 <tm1638_init+0xd0>
		return -EIO;
 80015a8:	f06f 0404 	mvn.w	r4, #4
 80015ac:	e7f4      	b.n	8001598 <tm1638_init+0xd0>
 80015ae:	bf00      	nop
 80015b0:	20000d50 	.word	0x20000d50
 80015b4:	cccccccd 	.word	0xcccccccd

080015b8 <tm1638_clear_digits>:

int tm1638_clear_digits(void)
{
	if (!tm.initialized) {
 80015b8:	4b0a      	ldr	r3, [pc, #40]	@ (80015e4 <tm1638_clear_digits+0x2c>)
 80015ba:	7e1b      	ldrb	r3, [r3, #24]
 80015bc:	b113      	cbz	r3, 80015c4 <tm1638_clear_digits+0xc>
{
 80015be:	b510      	push	{r4, lr}
		return -EIO;
	}
	for (uint8_t pos = 0; pos < 8; pos++) {
 80015c0:	2400      	movs	r4, #0
 80015c2:	e00a      	b.n	80015da <tm1638_clear_digits+0x22>
		return -EIO;
 80015c4:	f06f 0004 	mvn.w	r0, #4
		write_at(pos * 2, 0x00);
	}
	return 0;
}
 80015c8:	4770      	bx	lr
		write_at(pos * 2, 0x00);
 80015ca:	0060      	lsls	r0, r4, #1
 80015cc:	2100      	movs	r1, #0
 80015ce:	f000 00fe 	and.w	r0, r0, #254	@ 0xfe
 80015d2:	f7ff fe8d 	bl	80012f0 <write_at>
	for (uint8_t pos = 0; pos < 8; pos++) {
 80015d6:	3401      	adds	r4, #1
 80015d8:	b2e4      	uxtb	r4, r4
 80015da:	2c07      	cmp	r4, #7
 80015dc:	d9f5      	bls.n	80015ca <tm1638_clear_digits+0x12>
	return 0;
 80015de:	2000      	movs	r0, #0
}
 80015e0:	bd10      	pop	{r4, pc}
 80015e2:	bf00      	nop
 80015e4:	20000d50 	.word	0x20000d50

080015e8 <tm1638_display>:
	if (!tm.initialized) {
 80015e8:	4b19      	ldr	r3, [pc, #100]	@ (8001650 <tm1638_display+0x68>)
 80015ea:	7e1b      	ldrb	r3, [r3, #24]
 80015ec:	b353      	cbz	r3, 8001644 <tm1638_display+0x5c>
{
 80015ee:	b570      	push	{r4, r5, r6, lr}
	if (value < 0 || value > TM1638_MAX_VALUE) {
 80015f0:	4604      	mov	r4, r0
 80015f2:	4b18      	ldr	r3, [pc, #96]	@ (8001654 <tm1638_display+0x6c>)
 80015f4:	4298      	cmp	r0, r3
 80015f6:	d823      	bhi.n	8001640 <tm1638_display+0x58>
	tm1638_clear_digits();
 80015f8:	f7ff ffde 	bl	80015b8 <tm1638_clear_digits>
	int pos = 7;
 80015fc:	2507      	movs	r5, #7
		tm1638_set_digit(pos, digit_font[v % 10]);
 80015fe:	4b16      	ldr	r3, [pc, #88]	@ (8001658 <tm1638_display+0x70>)
 8001600:	fba3 2304 	umull	r2, r3, r3, r4
 8001604:	08db      	lsrs	r3, r3, #3
 8001606:	461e      	mov	r6, r3
 8001608:	eb03 0383 	add.w	r3, r3, r3, lsl #2
 800160c:	eba4 0343 	sub.w	r3, r4, r3, lsl #1
 8001610:	4a12      	ldr	r2, [pc, #72]	@ (800165c <tm1638_display+0x74>)
 8001612:	5cd1      	ldrb	r1, [r2, r3]
 8001614:	4628      	mov	r0, r5
 8001616:	f7ff ff2b 	bl	8001470 <tm1638_set_digit>
		v /= 10;
 800161a:	4623      	mov	r3, r4
 800161c:	4634      	mov	r4, r6
		pos--;
 800161e:	3d01      	subs	r5, #1
	} while (v > 0 && pos >= 0);
 8001620:	2b09      	cmp	r3, #9
 8001622:	d912      	bls.n	800164a <tm1638_display+0x62>
 8001624:	2d00      	cmp	r5, #0
 8001626:	daea      	bge.n	80015fe <tm1638_display+0x16>
	return 0;
 8001628:	2000      	movs	r0, #0
}
 800162a:	bd70      	pop	{r4, r5, r6, pc}
			tm1638_set_digit(pos, 0x40);
 800162c:	2140      	movs	r1, #64	@ 0x40
 800162e:	4620      	mov	r0, r4
 8001630:	f7ff ff1e 	bl	8001470 <tm1638_set_digit>
		for (int pos = 0; pos < 8; pos++) {
 8001634:	3401      	adds	r4, #1
 8001636:	2c07      	cmp	r4, #7
 8001638:	ddf8      	ble.n	800162c <tm1638_display+0x44>
		return -EINVAL;
 800163a:	f06f 0015 	mvn.w	r0, #21
 800163e:	e7f4      	b.n	800162a <tm1638_display+0x42>
		for (int pos = 0; pos < 8; pos++) {
 8001640:	2400      	movs	r4, #0
 8001642:	e7f8      	b.n	8001636 <tm1638_display+0x4e>
		return -EIO;
 8001644:	f06f 0004 	mvn.w	r0, #4
}
 8001648:	4770      	bx	lr
	return 0;
 800164a:	2000      	movs	r0, #0
 800164c:	e7ed      	b.n	800162a <tm1638_display+0x42>
 800164e:	bf00      	nop
 8001650:	20000d50 	.word	0x20000d50
 8001654:	05f5e0ff 	.word	0x05f5e0ff
 8001658:	cccccccd 	.word	0xcccccccd
 800165c:	0800c1ec 	.word	0x0800c1ec

08001660 <tm1638_get_button>:
	return 0;
}

int tm1638_get_button(void)
{
	if (!tm.initialized) {
 8001660:	4b2a      	ldr	r3, [pc, #168]	@ (800170c <tm1638_get_button+0xac>)
 8001662:	7e1b      	ldrb	r3, [r3, #24]
 8001664:	2b00      	cmp	r3, #0
 8001666:	d04c      	beq.n	8001702 <tm1638_get_button+0xa2>
{
 8001668:	b510      	push	{r4, lr}
		return -EIO;
	}

	uint8_t raw = scan_keys_raw();
 800166a:	f7ff fe9f 	bl	80013ac <scan_keys_raw>
 800166e:	4604      	mov	r4, r0
 8001670:	f009 f801 	bl	800a676 <z_impl_k_uptime_ticks>
 8001674:	4603      	mov	r3, r0
 8001676:	2000      	movs	r0, #0
 8001678:	185a      	adds	r2, r3, r1
 800167a:	d22f      	bcs.n	80016dc <tm1638_get_button+0x7c>
 800167c:	4402      	add	r2, r0
 800167e:	4824      	ldr	r0, [pc, #144]	@ (8001710 <tm1638_get_button+0xb0>)
 8001680:	fba0 ce02 	umull	ip, lr, r0, r2
 8001684:	f02e 0c03 	bic.w	ip, lr, #3
 8001688:	eb0c 0c9e 	add.w	ip, ip, lr, lsr #2
 800168c:	eba2 020c 	sub.w	r2, r2, ip
 8001690:	1a9b      	subs	r3, r3, r2
 8001692:	f161 0100 	sbc.w	r1, r1, #0
 8001696:	f04f 32cc 	mov.w	r2, #3435973836	@ 0xcccccccc
 800169a:	fb03 f202 	mul.w	r2, r3, r2
 800169e:	fb00 2201 	mla	r2, r0, r1, r2
 80016a2:	fba3 3000 	umull	r3, r0, r3, r0
 80016a6:	4402      	add	r2, r0
 80016a8:	085b      	lsrs	r3, r3, #1
 80016aa:	ea43 73c2 	orr.w	r3, r3, r2, lsl #31
 80016ae:	0852      	lsrs	r2, r2, #1
 80016b0:	4619      	mov	r1, r3
	int64_t now = k_uptime_get();

	if (raw != tm.keys_raw_prev) {
 80016b2:	4816      	ldr	r0, [pc, #88]	@ (800170c <tm1638_get_button+0xac>)
 80016b4:	7e40      	ldrb	r0, [r0, #25]
 80016b6:	42a0      	cmp	r0, r4
 80016b8:	d012      	beq.n	80016e0 <tm1638_get_button+0x80>
		/* Cambio detectado: reinicia el temporizador de estabilidad.
		 * Todavia NO se acepta como valido -- podria ser rebote.
		 */
		tm.keys_raw_prev = raw;
 80016ba:	4914      	ldr	r1, [pc, #80]	@ (800170c <tm1638_get_button+0xac>)
 80016bc:	764c      	strb	r4, [r1, #25]
		tm.keys_change_ts = now;
 80016be:	620b      	str	r3, [r1, #32]
 80016c0:	624a      	str	r2, [r1, #36]	@ 0x24
		 * ahora si se acepta como el estado "estable" real.
		 */
		tm.keys_stable = raw;
	}

	if (tm.keys_stable == 0) {
 80016c2:	4b12      	ldr	r3, [pc, #72]	@ (800170c <tm1638_get_button+0xac>)
 80016c4:	7e9a      	ldrb	r2, [r3, #26]
 80016c6:	b1fa      	cbz	r2, 8001708 <tm1638_get_button+0xa8>
		return 0;
	}

	/* Varios botones a la vez: se prioriza el de menor numero. */
	for (int i = 0; i < 8; i++) {
 80016c8:	2000      	movs	r0, #0
 80016ca:	2807      	cmp	r0, #7
 80016cc:	dc17      	bgt.n	80016fe <tm1638_get_button+0x9e>
		if (tm.keys_stable & BIT(i)) {
 80016ce:	fa22 f300 	lsr.w	r3, r2, r0
 80016d2:	f013 0f01 	tst.w	r3, #1
 80016d6:	d110      	bne.n	80016fa <tm1638_get_button+0x9a>
	for (int i = 0; i < 8; i++) {
 80016d8:	3001      	adds	r0, #1
 80016da:	e7f6      	b.n	80016ca <tm1638_get_button+0x6a>
 80016dc:	2001      	movs	r0, #1
 80016de:	e7cd      	b.n	800167c <tm1638_get_button+0x1c>
	} else if ((now - tm.keys_change_ts) >= TM1638_DEBOUNCE_MS) {
 80016e0:	480a      	ldr	r0, [pc, #40]	@ (800170c <tm1638_get_button+0xac>)
 80016e2:	6a03      	ldr	r3, [r0, #32]
 80016e4:	6a40      	ldr	r0, [r0, #36]	@ 0x24
 80016e6:	1ac9      	subs	r1, r1, r3
 80016e8:	eb62 0200 	sbc.w	r2, r2, r0
 80016ec:	291e      	cmp	r1, #30
 80016ee:	f172 0200 	sbcs.w	r2, r2, #0
 80016f2:	dbe6      	blt.n	80016c2 <tm1638_get_button+0x62>
		tm.keys_stable = raw;
 80016f4:	4b05      	ldr	r3, [pc, #20]	@ (800170c <tm1638_get_button+0xac>)
 80016f6:	769c      	strb	r4, [r3, #26]
 80016f8:	e7e3      	b.n	80016c2 <tm1638_get_button+0x62>
			return i + 1;
 80016fa:	3001      	adds	r0, #1
 80016fc:	e000      	b.n	8001700 <tm1638_get_button+0xa0>
		}
	}

	return 0;
 80016fe:	2000      	movs	r0, #0
}
 8001700:	bd10      	pop	{r4, pc}
		return -EIO;
 8001702:	f06f 0004 	mvn.w	r0, #4
}
 8001706:	4770      	bx	lr
		return 0;
 8001708:	2000      	movs	r0, #0
 800170a:	e7f9      	b.n	8001700 <tm1638_get_button+0xa0>
 800170c:	20000d50 	.word	0x20000d50
 8001710:	cccccccd 	.word	0xcccccccd

08001714 <tm1638_set_number>:

int tm1638_set_number(int digit_pos, int number)
{
 8001714:	b508      	push	{r3, lr}
	if (!tm.initialized) {
 8001716:	4b0a      	ldr	r3, [pc, #40]	@ (8001740 <tm1638_set_number+0x2c>)
 8001718:	7e1b      	ldrb	r3, [r3, #24]
 800171a:	b143      	cbz	r3, 800172e <tm1638_set_number+0x1a>
		return -EIO;
	}
	if (digit_pos < 0 || digit_pos > 7) {
 800171c:	2807      	cmp	r0, #7
 800171e:	d809      	bhi.n	8001734 <tm1638_set_number+0x20>
		return -EINVAL;
	}
	if (number < 0 || number > 9) {
 8001720:	2909      	cmp	r1, #9
 8001722:	d80a      	bhi.n	800173a <tm1638_set_number+0x26>
		return -EINVAL;
	}

	return tm1638_set_digit(digit_pos, digit_font[number]);
 8001724:	4b07      	ldr	r3, [pc, #28]	@ (8001744 <tm1638_set_number+0x30>)
 8001726:	5c59      	ldrb	r1, [r3, r1]
 8001728:	f7ff fea2 	bl	8001470 <tm1638_set_digit>
 800172c:	bd08      	pop	{r3, pc}
		return -EIO;
 800172e:	f06f 0004 	mvn.w	r0, #4
 8001732:	e7fb      	b.n	800172c <tm1638_set_number+0x18>
		return -EINVAL;
 8001734:	f06f 0015 	mvn.w	r0, #21
 8001738:	e7f8      	b.n	800172c <tm1638_set_number+0x18>
		return -EINVAL;
 800173a:	f06f 0015 	mvn.w	r0, #21
 800173e:	e7f5      	b.n	800172c <tm1638_set_number+0x18>
 8001740:	20000d50 	.word	0x20000d50
 8001744:	0800c1ec 	.word	0x0800c1ec

08001748 <cbvprintf_package>:
	return cb(str, strl, ctx);
}

int cbvprintf_package(void *packaged, size_t len, uint32_t flags,
		      const char *fmt, va_list ap)
{
 8001748:	e92d 4ff0 	stmdb	sp!, {r4, r5, r6, r7, r8, r9, sl, fp, lr}
 800174c:	b091      	sub	sp, #68	@ 0x44
 800174e:	9205      	str	r2, [sp, #20]
 8001750:	9303      	str	r3, [sp, #12]
	const char *s;
	bool parsing = false;
	/* Flag indicates that rw strings are stored as array with positions,
	 * instead of appending them to the package.
	 */
	bool rws_pos_en = !!(flags & CBPRINTF_PACKAGE_ADD_RW_STR_POS);
 8001752:	4613      	mov	r3, r2
 8001754:	f002 0204 	and.w	r2, r2, #4
 8001758:	9200      	str	r2, [sp, #0]
	/* Get number of first read only strings present in the string.
	 * There is always at least 1 (fmt) but flags can indicate more, e.g
	 * fixed prefix appended to all strings.
	 */
	int fros_cnt = 1 + Z_CBPRINTF_PACKAGE_FIRST_RO_STR_CNT_GET(flags);
 800175a:	f3c3 02c2 	ubfx	r2, r3, #3, #3
	bool is_str_arg = false;
	union cbprintf_package_hdr *pkg_hdr = packaged;

	/* Buffer must be aligned at least to size of a pointer. */
	if ((uintptr_t)packaged % sizeof(void *)) {
 800175e:	f010 0303 	ands.w	r3, r0, #3
 8001762:	9301      	str	r3, [sp, #4]
 8001764:	f040 821b 	bne.w	8001b9e <cbvprintf_package+0x456>
 8001768:	4607      	mov	r7, r0
 800176a:	4689      	mov	r9, r1
 800176c:	3201      	adds	r2, #1
	 * which is guaranteed to be at least 4 bytes, we just reserve
	 * multiple of pointer size for the above to preserve alignment.
	 *
	 * Refer to union cbprintf_package_hdr for more details.
	 */
	buf += sizeof(*pkg_hdr);
 800176e:	1d04      	adds	r4, r0, #4
	 * When buf0 is NULL we don't store anything.
	 * Instead we count the needed space to store the data.
	 * In this case, incoming len argument indicates the anticipated
	 * buffer "misalignment" offset.
	 */
	if (buf0 == NULL) {
 8001770:	2800      	cmp	r0, #0
 8001772:	d048      	beq.n	8001806 <cbvprintf_package+0xbe>

	/*
	 * Otherwise we must ensure we can store at least
	 * the pointer to the format string itself.
	 */
	if ((buf0 != NULL) && (BUF_OFFSET + sizeof(char *)) > len) {
 8001774:	2907      	cmp	r1, #7
 8001776:	f240 8215 	bls.w	8001ba4 <cbvprintf_package+0x45c>
	 * which is in the middle of the following while() loop. That's the
	 * reason for the post-decrement on fmt as it will be incremented
	 * prior to the next (actually first) round of that loop.
	 */
	s = fmt;
	--fmt;
 800177a:	9b03      	ldr	r3, [sp, #12]
 800177c:	1e5d      	subs	r5, r3, #1
	unsigned int s_ro_cnt = 0; /* number of ro strings */
 800177e:	f8dd b004 	ldr.w	fp, [sp, #4]
 8001782:	f8cd b010 	str.w	fp, [sp, #16]
	unsigned int s_rw_cnt = 0; /* number of rw strings */
 8001786:	f8cd b018 	str.w	fp, [sp, #24]
	bool parsing = false;
 800178a:	2600      	movs	r6, #0
	int arg_idx	      = -1; /* Argument index. Preincremented thus starting from -1.*/
 800178c:	f04f 3aff 	mov.w	sl, #4294967295
	align = VA_STACK_ALIGN(char *);
 8001790:	f04f 0804 	mov.w	r8, #4
 8001794:	f8cd b008 	str.w	fp, [sp, #8]
 8001798:	46c3      	mov	fp, r8

		/* copy va_list data over to our buffer */
		if (is_str_arg) {
			s = va_arg(ap, char *);
process_string:
			if (buf0 != NULL) {
 800179a:	b10f      	cbz	r7, 80017a0 <cbvprintf_package+0x58>
				*(const char **)buf = s;
 800179c:	9b03      	ldr	r3, [sp, #12]
 800179e:	6023      	str	r3, [r4, #0]
			}

			bool is_ro = (fros_cnt-- > 0) ? true : ptr_in_rodata(s);
 80017a0:	1e53      	subs	r3, r2, #1
 80017a2:	9307      	str	r3, [sp, #28]
 80017a4:	2a00      	cmp	r2, #0
 80017a6:	f340 815d 	ble.w	8001a64 <cbvprintf_package+0x31c>
			bool do_ro = !!(flags & CBPRINTF_PACKAGE_ADD_RO_STR_POS);

			if (is_ro && !do_ro) {
 80017aa:	9b05      	ldr	r3, [sp, #20]
 80017ac:	f013 0202 	ands.w	r2, r3, #2
 80017b0:	d026      	beq.n	8001800 <cbvprintf_package+0xb8>
			bool is_ro = (fros_cnt-- > 0) ? true : ptr_in_rodata(s);
 80017b2:	2001      	movs	r0, #1
				/* nothing to do */
			} else {
				uint32_t s_ptr_idx = BUF_OFFSET / sizeof(int);
 80017b4:	1be1      	subs	r1, r4, r7
 80017b6:	088b      	lsrs	r3, r1, #2
				 * In the do_ro case we must consider
				 * room for possible STR_POS_RO_FLAG.
				 * Otherwise the index range is 8 bits
				 * and any overflow is caught later.
				 */
				if (do_ro && s_ptr_idx > STR_POS_MASK) {
 80017b8:	b11a      	cbz	r2, 80017c2 <cbvprintf_package+0x7a>
 80017ba:	f5b1 7f00 	cmp.w	r1, #512	@ 0x200
 80017be:	f080 81f7 	bcs.w	8001bb0 <cbvprintf_package+0x468>
					__ASSERT(false, "String with too many arguments");
					return -EINVAL;
				}

				if (s_idx >= ARRAY_SIZE(str_ptr_pos)) {
 80017c2:	9902      	ldr	r1, [sp, #8]
 80017c4:	290f      	cmp	r1, #15
 80017c6:	f200 81f6 	bhi.w	8001bb6 <cbvprintf_package+0x46e>
					__ASSERT(false, "str_ptr_pos[] too small");
					return -EINVAL;
				}

				if (buf0 != NULL) {
 80017ca:	2f00      	cmp	r7, #0
 80017cc:	f000 815b 	beq.w	8001a86 <cbvprintf_package+0x33e>
					/*
					 * Remember string pointer location.
					 * We will append non-ro strings later.
					 */
					str_ptr_pos[s_idx] = s_ptr_idx;
 80017d0:	b2db      	uxtb	r3, r3
 80017d2:	f101 0240 	add.w	r2, r1, #64	@ 0x40
 80017d6:	446a      	add	r2, sp
 80017d8:	f802 3c10 	strb.w	r3, [r2, #-16]
					str_ptr_arg[s_idx] = arg_idx;
 80017dc:	f802 ac20 	strb.w	sl, [r2, #-32]
					if (is_ro) {
 80017e0:	2800      	cmp	r0, #0
 80017e2:	f000 814c 	beq.w	8001a7e <cbvprintf_package+0x336>
						/* flag read-only string. */
						str_ptr_pos[s_idx] |= STR_POS_RO_FLAG;
 80017e6:	f063 037f 	orn	r3, r3, #127	@ 0x7f
 80017ea:	f101 0240 	add.w	r2, r1, #64	@ 0x40
 80017ee:	446a      	add	r2, sp
 80017f0:	f802 3c10 	strb.w	r3, [r2, #-16]
						s_ro_cnt++;
 80017f4:	9b04      	ldr	r3, [sp, #16]
 80017f6:	3301      	adds	r3, #1
 80017f8:	9304      	str	r3, [sp, #16]
					 * and size of the pointer position prefix.
					 */
					len += strlen(s) + 1 + 1;
				}

				s_idx++;
 80017fa:	9b02      	ldr	r3, [sp, #8]
 80017fc:	3301      	adds	r3, #1
 80017fe:	9302      	str	r3, [sp, #8]
			}
			buf += sizeof(char *);
 8001800:	3404      	adds	r4, #4

			is_str_arg = false;
 8001802:	2200      	movs	r2, #0
 8001804:	e03e      	b.n	8001884 <cbvprintf_package+0x13c>
		buf += len % CBPRINTF_PACKAGE_ALIGNMENT;
 8001806:	f001 0307 	and.w	r3, r1, #7
 800180a:	441c      	add	r4, r3
		len = CBPRINTF_PACKAGE_ALIGNMENT - (len % CBPRINTF_PACKAGE_ALIGNMENT);
 800180c:	f1c3 0908 	rsb	r9, r3, #8
	if ((buf0 != NULL) && (BUF_OFFSET + sizeof(char *)) > len) {
 8001810:	e7b3      	b.n	800177a <cbvprintf_package+0x32>
				parsing = false;
 8001812:	2600      	movs	r6, #0
 8001814:	e035      	b.n	8001882 <cbvprintf_package+0x13a>
 8001816:	2600      	movs	r6, #0
 8001818:	e033      	b.n	8001882 <cbvprintf_package+0x13a>
 800181a:	2600      	movs	r6, #0
 800181c:	e031      	b.n	8001882 <cbvprintf_package+0x13a>
				align = VA_STACK_ALIGN(intmax_t);
 800181e:	f04f 0808 	mov.w	r8, #8
				size = sizeof(intmax_t);
 8001822:	46c3      	mov	fp, r8
 8001824:	e02d      	b.n	8001882 <cbvprintf_package+0x13a>
				if (*fmt == '%') {
 8001826:	2925      	cmp	r1, #37	@ 0x25
 8001828:	d12b      	bne.n	8001882 <cbvprintf_package+0x13a>
					arg_idx++;
 800182a:	f10a 0a01 	add.w	sl, sl, #1
					parsing = true;
 800182e:	2601      	movs	r6, #1
					align = VA_STACK_ALIGN(int);
 8001830:	f04f 0804 	mov.w	r8, #4
					size = sizeof(int);
 8001834:	46c3      	mov	fp, r8
				continue;
 8001836:	e024      	b.n	8001882 <cbvprintf_package+0x13a>
			switch (*fmt) {
 8001838:	2947      	cmp	r1, #71	@ 0x47
 800183a:	d8ec      	bhi.n	8001816 <cbvprintf_package+0xce>
 800183c:	292a      	cmp	r1, #42	@ 0x2a
 800183e:	d312      	bcc.n	8001866 <cbvprintf_package+0x11e>
 8001840:	392a      	subs	r1, #42	@ 0x2a
 8001842:	b2c9      	uxtb	r1, r1
 8001844:	2001      	movs	r0, #1
 8001846:	fa00 f101 	lsl.w	r1, r0, r1
 800184a:	f64f 70da 	movw	r0, #65498	@ 0xffda
 800184e:	4201      	tst	r1, r0
 8001850:	d117      	bne.n	8001882 <cbvprintf_package+0x13a>
 8001852:	f011 5f62 	tst.w	r1, #947912704	@ 0x38800000
 8001856:	f040 80c3 	bne.w	80019e0 <cbvprintf_package+0x298>
 800185a:	f011 0f01 	tst.w	r1, #1
 800185e:	f040 808d 	bne.w	800197c <cbvprintf_package+0x234>
				parsing = false;
 8001862:	2600      	movs	r6, #0
 8001864:	e00d      	b.n	8001882 <cbvprintf_package+0x13a>
			switch (*fmt) {
 8001866:	2925      	cmp	r1, #37	@ 0x25
 8001868:	d103      	bne.n	8001872 <cbvprintf_package+0x12a>
				arg_idx--;
 800186a:	f10a 3aff 	add.w	sl, sl, #4294967295
				parsing = false;
 800186e:	2600      	movs	r6, #0
				continue;
 8001870:	e007      	b.n	8001882 <cbvprintf_package+0x13a>
			switch (*fmt) {
 8001872:	d8d2      	bhi.n	800181a <cbvprintf_package+0xd2>
 8001874:	2920      	cmp	r1, #32
 8001876:	d004      	beq.n	8001882 <cbvprintf_package+0x13a>
 8001878:	2923      	cmp	r1, #35	@ 0x23
 800187a:	d002      	beq.n	8001882 <cbvprintf_package+0x13a>
				parsing = false;
 800187c:	2600      	movs	r6, #0
 800187e:	e000      	b.n	8001882 <cbvprintf_package+0x13a>
 8001880:	2600      	movs	r6, #0
 8001882:	461d      	mov	r5, r3
			if (*++fmt == '\0') {
 8001884:	1c6b      	adds	r3, r5, #1
 8001886:	7869      	ldrb	r1, [r5, #1]
 8001888:	2900      	cmp	r1, #0
 800188a:	f000 8115 	beq.w	8001ab8 <cbvprintf_package+0x370>
			if (!parsing) {
 800188e:	2e00      	cmp	r6, #0
 8001890:	d0c9      	beq.n	8001826 <cbvprintf_package+0xde>
			switch (*fmt) {
 8001892:	297a      	cmp	r1, #122	@ 0x7a
 8001894:	d8bd      	bhi.n	8001812 <cbvprintf_package+0xca>
 8001896:	294c      	cmp	r1, #76	@ 0x4c
 8001898:	d3ce      	bcc.n	8001838 <cbvprintf_package+0xf0>
 800189a:	394c      	subs	r1, #76	@ 0x4c
 800189c:	292e      	cmp	r1, #46	@ 0x2e
 800189e:	d8ef      	bhi.n	8001880 <cbvprintf_package+0x138>
 80018a0:	a001      	add	r0, pc, #4	@ (adr r0, 80018a8 <cbvprintf_package+0x160>)
 80018a2:	f850 f021 	ldr.w	pc, [r0, r1, lsl #2]
 80018a6:	bf00      	nop
 80018a8:	08001883 	.word	0x08001883
 80018ac:	08001881 	.word	0x08001881
 80018b0:	08001881 	.word	0x08001881
 80018b4:	08001881 	.word	0x08001881
 80018b8:	08001881 	.word	0x08001881
 80018bc:	08001881 	.word	0x08001881
 80018c0:	08001881 	.word	0x08001881
 80018c4:	08001881 	.word	0x08001881
 80018c8:	08001881 	.word	0x08001881
 80018cc:	08001881 	.word	0x08001881
 80018d0:	08001881 	.word	0x08001881
 80018d4:	08001881 	.word	0x08001881
 80018d8:	08001975 	.word	0x08001975
 80018dc:	08001881 	.word	0x08001881
 80018e0:	08001881 	.word	0x08001881
 80018e4:	08001881 	.word	0x08001881
 80018e8:	08001881 	.word	0x08001881
 80018ec:	08001881 	.word	0x08001881
 80018f0:	08001881 	.word	0x08001881
 80018f4:	08001881 	.word	0x08001881
 80018f8:	08001881 	.word	0x08001881
 80018fc:	080019e1 	.word	0x080019e1
 8001900:	08001881 	.word	0x08001881
 8001904:	08001975 	.word	0x08001975
 8001908:	08001975 	.word	0x08001975
 800190c:	080019e1 	.word	0x080019e1
 8001910:	080019e1 	.word	0x080019e1
 8001914:	080019e1 	.word	0x080019e1
 8001918:	08001883 	.word	0x08001883
 800191c:	08001975 	.word	0x08001975
 8001920:	0800181f 	.word	0x0800181f
 8001924:	08001881 	.word	0x08001881
 8001928:	08001883 	.word	0x08001883
 800192c:	08001881 	.word	0x08001881
 8001930:	08001a3f 	.word	0x08001a3f
 8001934:	08001975 	.word	0x08001975
 8001938:	08001a3f 	.word	0x08001a3f
 800193c:	08001881 	.word	0x08001881
 8001940:	08001881 	.word	0x08001881
 8001944:	08001a49 	.word	0x08001a49
 8001948:	0800196d 	.word	0x0800196d
 800194c:	08001975 	.word	0x08001975
 8001950:	08001881 	.word	0x08001881
 8001954:	08001881 	.word	0x08001881
 8001958:	08001975 	.word	0x08001975
 800195c:	08001881 	.word	0x08001881
 8001960:	08001965 	.word	0x08001965
				align = VA_STACK_ALIGN(size_t);
 8001964:	f04f 0804 	mov.w	r8, #4
				size = sizeof(size_t);
 8001968:	46c3      	mov	fp, r8
				continue;
 800196a:	e78a      	b.n	8001882 <cbvprintf_package+0x13a>
				align = VA_STACK_ALIGN(ptrdiff_t);
 800196c:	f04f 0804 	mov.w	r8, #4
				size = sizeof(ptrdiff_t);
 8001970:	46c3      	mov	fp, r8
				continue;
 8001972:	e786      	b.n	8001882 <cbvprintf_package+0x13a>
				if (fmt[-1] == 'l') {
 8001974:	7829      	ldrb	r1, [r5, #0]
 8001976:	296c      	cmp	r1, #108	@ 0x6c
 8001978:	d024      	beq.n	80019c4 <cbvprintf_package+0x27c>
				parsing = false;
 800197a:	2600      	movs	r6, #0
		buf = ROUND_UP(buf, align);
 800197c:	4444      	add	r4, r8
 800197e:	3c01      	subs	r4, #1
 8001980:	fbb4 f4f8 	udiv	r4, r4, r8
 8001984:	fb08 f404 	mul.w	r4, r8, r4
		if ((buf0 != NULL) && (BUF_OFFSET + size) > len) {
 8001988:	b127      	cbz	r7, 8001994 <cbvprintf_package+0x24c>
 800198a:	1be1      	subs	r1, r4, r7
 800198c:	4459      	add	r1, fp
 800198e:	4549      	cmp	r1, r9
 8001990:	f200 810b 	bhi.w	8001baa <cbvprintf_package+0x462>
		if (is_str_arg) {
 8001994:	2a00      	cmp	r2, #0
 8001996:	d15d      	bne.n	8001a54 <cbvprintf_package+0x30c>
		} else if (size == sizeof(int)) {
 8001998:	f1bb 0f04 	cmp.w	fp, #4
 800199c:	f000 8084 	beq.w	8001aa8 <cbvprintf_package+0x360>

			if (buf0 != NULL) {
				*(long *)buf = v;
			}
			buf += sizeof(long);
		} else if (size == sizeof(long long)) {
 80019a0:	f1bb 0f08 	cmp.w	fp, #8
 80019a4:	f040 810a 	bne.w	8001bbc <cbvprintf_package+0x474>
			long long v = va_arg(ap, long long);
 80019a8:	991a      	ldr	r1, [sp, #104]	@ 0x68
 80019aa:	3107      	adds	r1, #7
 80019ac:	f021 0107 	bic.w	r1, r1, #7
 80019b0:	f101 0008 	add.w	r0, r1, #8
 80019b4:	901a      	str	r0, [sp, #104]	@ 0x68
 80019b6:	e9d1 0100 	ldrd	r0, r1, [r1]

			if (buf0 != NULL) {
 80019ba:	b10f      	cbz	r7, 80019c0 <cbvprintf_package+0x278>
				if (Z_CBPRINTF_VA_STACK_LL_DBL_MEMCPY) {
					memcpy((void *)buf, (uint8_t *)&v, sizeof(long long));
				} else {
					*(long long *)buf = v;
 80019bc:	e9c4 0100 	strd	r0, r1, [r4]
				}
			}
			buf += sizeof(long long);
 80019c0:	3408      	adds	r4, #8
 80019c2:	e75e      	b.n	8001882 <cbvprintf_package+0x13a>
					if (fmt[-2] == 'l') {
 80019c4:	f813 1c02 	ldrb.w	r1, [r3, #-2]
 80019c8:	296c      	cmp	r1, #108	@ 0x6c
 80019ca:	d004      	beq.n	80019d6 <cbvprintf_package+0x28e>
				parsing = false;
 80019cc:	2600      	movs	r6, #0
						align = VA_STACK_ALIGN(long);
 80019ce:	f04f 0804 	mov.w	r8, #4
						size = sizeof(long);
 80019d2:	46c3      	mov	fp, r8
 80019d4:	e7d2      	b.n	800197c <cbvprintf_package+0x234>
				parsing = false;
 80019d6:	2600      	movs	r6, #0
						align = VA_STACK_ALIGN(long long);
 80019d8:	f04f 0808 	mov.w	r8, #8
						size = sizeof(long long);
 80019dc:	46c3      	mov	fp, r8
 80019de:	e7cd      	b.n	800197c <cbvprintf_package+0x234>
				if (fmt[-1] == 'L') {
 80019e0:	7829      	ldrb	r1, [r5, #0]
 80019e2:	294c      	cmp	r1, #76	@ 0x4c
 80019e4:	d01b      	beq.n	8001a1e <cbvprintf_package+0x2d6>
					v.d = va_arg(ap, double);
 80019e6:	991a      	ldr	r1, [sp, #104]	@ 0x68
 80019e8:	3107      	adds	r1, #7
 80019ea:	f021 0107 	bic.w	r1, r1, #7
 80019ee:	f101 0008 	add.w	r0, r1, #8
 80019f2:	901a      	str	r0, [sp, #104]	@ 0x68
 80019f4:	e9d1 0100 	ldrd	r0, r1, [r1]
				buf = ROUND_UP(buf, align);
 80019f8:	3407      	adds	r4, #7
 80019fa:	f024 0407 	bic.w	r4, r4, #7
				if (buf0 != NULL) {
 80019fe:	b147      	cbz	r7, 8001a12 <cbvprintf_package+0x2ca>
					if (BUF_OFFSET + size > len) {
 8001a00:	1be6      	subs	r6, r4, r7
 8001a02:	3608      	adds	r6, #8
 8001a04:	454e      	cmp	r6, r9
 8001a06:	d814      	bhi.n	8001a32 <cbvprintf_package+0x2ea>
					} else if (fmt[-1] == 'L') {
 8001a08:	782d      	ldrb	r5, [r5, #0]
 8001a0a:	2d4c      	cmp	r5, #76	@ 0x4c
 8001a0c:	d014      	beq.n	8001a38 <cbvprintf_package+0x2f0>
						*(double *)buf = v.d;
 8001a0e:	e9c4 0100 	strd	r0, r1, [r4]
				buf += size;
 8001a12:	3408      	adds	r4, #8
				parsing = false;
 8001a14:	2600      	movs	r6, #0
				continue;
 8001a16:	f04f 0808 	mov.w	r8, #8
 8001a1a:	46c3      	mov	fp, r8
 8001a1c:	e731      	b.n	8001882 <cbvprintf_package+0x13a>
					v.ld = va_arg(ap, long double);
 8001a1e:	991a      	ldr	r1, [sp, #104]	@ 0x68
 8001a20:	3107      	adds	r1, #7
 8001a22:	f021 0107 	bic.w	r1, r1, #7
 8001a26:	f101 0008 	add.w	r0, r1, #8
 8001a2a:	901a      	str	r0, [sp, #104]	@ 0x68
 8001a2c:	e9d1 0100 	ldrd	r0, r1, [r1]
					size = sizeof(long double);
 8001a30:	e7e2      	b.n	80019f8 <cbvprintf_package+0x2b0>
						return -ENOSPC;
 8001a32:	f06f 001b 	mvn.w	r0, #27
 8001a36:	e0af      	b.n	8001b98 <cbvprintf_package+0x450>
						*(long double *)buf = v.ld;
 8001a38:	e9c4 0100 	strd	r0, r1, [r4]
 8001a3c:	e7e9      	b.n	8001a12 <cbvprintf_package+0x2ca>
				parsing = false;
 8001a3e:	2600      	movs	r6, #0
				align = VA_STACK_ALIGN(void *);
 8001a40:	f04f 0804 	mov.w	r8, #4
				size = sizeof(void *);
 8001a44:	46c3      	mov	fp, r8
 8001a46:	e799      	b.n	800197c <cbvprintf_package+0x234>
				is_str_arg = true;
 8001a48:	4632      	mov	r2, r6
				parsing = false;
 8001a4a:	2600      	movs	r6, #0
				align = VA_STACK_ALIGN(void *);
 8001a4c:	f04f 0804 	mov.w	r8, #4
				size = sizeof(void *);
 8001a50:	46c3      	mov	fp, r8
 8001a52:	e793      	b.n	800197c <cbvprintf_package+0x234>
			s = va_arg(ap, char *);
 8001a54:	9a1a      	ldr	r2, [sp, #104]	@ 0x68
 8001a56:	1d11      	adds	r1, r2, #4
 8001a58:	911a      	str	r1, [sp, #104]	@ 0x68
 8001a5a:	6812      	ldr	r2, [r2, #0]
 8001a5c:	9203      	str	r2, [sp, #12]
			bool is_ro = (fros_cnt-- > 0) ? true : ptr_in_rodata(s);
 8001a5e:	9a07      	ldr	r2, [sp, #28]
			if (*++fmt == '\0') {
 8001a60:	461d      	mov	r5, r3
 8001a62:	e69a      	b.n	800179a <cbvprintf_package+0x52>
#else
#define RO_START 0
#define RO_END   0
#endif

	return (((const char *)addr >= (const char *)RO_START) &&
 8001a64:	4b5b      	ldr	r3, [pc, #364]	@ (8001bd4 <cbvprintf_package+0x48c>)
 8001a66:	9a03      	ldr	r2, [sp, #12]
 8001a68:	429a      	cmp	r2, r3
 8001a6a:	d303      	bcc.n	8001a74 <cbvprintf_package+0x32c>
 8001a6c:	4b5a      	ldr	r3, [pc, #360]	@ (8001bd8 <cbvprintf_package+0x490>)
 8001a6e:	429a      	cmp	r2, r3
 8001a70:	f4ff ae9b 	bcc.w	80017aa <cbvprintf_package+0x62>
			bool do_ro = !!(flags & CBPRINTF_PACKAGE_ADD_RO_STR_POS);
 8001a74:	9b05      	ldr	r3, [sp, #20]
 8001a76:	f003 0202 	and.w	r2, r3, #2
			bool is_ro = (fros_cnt-- > 0) ? true : ptr_in_rodata(s);
 8001a7a:	2000      	movs	r0, #0
 8001a7c:	e69a      	b.n	80017b4 <cbvprintf_package+0x6c>
						s_rw_cnt++;
 8001a7e:	9b06      	ldr	r3, [sp, #24]
 8001a80:	3301      	adds	r3, #1
 8001a82:	9306      	str	r3, [sp, #24]
 8001a84:	e6b9      	b.n	80017fa <cbvprintf_package+0xb2>
				} else if (is_ro) {
 8001a86:	b110      	cbz	r0, 8001a8e <cbvprintf_package+0x346>
					len += 1;
 8001a88:	f109 0901 	add.w	r9, r9, #1
 8001a8c:	e6b5      	b.n	80017fa <cbvprintf_package+0xb2>
				} else if (rws_pos_en) {
 8001a8e:	9b00      	ldr	r3, [sp, #0]
 8001a90:	b113      	cbz	r3, 8001a98 <cbvprintf_package+0x350>
					len += 2;
 8001a92:	f109 0902 	add.w	r9, r9, #2
 8001a96:	e6b0      	b.n	80017fa <cbvprintf_package+0xb2>
					len += strlen(s) + 1 + 1;
 8001a98:	9803      	ldr	r0, [sp, #12]
 8001a9a:	f7fe fb71 	bl	8000180 <strlen>
 8001a9e:	eb09 0300 	add.w	r3, r9, r0
 8001aa2:	f103 0902 	add.w	r9, r3, #2
 8001aa6:	e6a8      	b.n	80017fa <cbvprintf_package+0xb2>
			int v = va_arg(ap, int);
 8001aa8:	991a      	ldr	r1, [sp, #104]	@ 0x68
 8001aaa:	1d08      	adds	r0, r1, #4
 8001aac:	901a      	str	r0, [sp, #104]	@ 0x68
 8001aae:	6809      	ldr	r1, [r1, #0]
			if (buf0 != NULL) {
 8001ab0:	b107      	cbz	r7, 8001ab4 <cbvprintf_package+0x36c>
				*(int *)buf = v;
 8001ab2:	6021      	str	r1, [r4, #0]
			buf += sizeof(int);
 8001ab4:	3404      	adds	r4, #4
 8001ab6:	e6e4      	b.n	8001882 <cbvprintf_package+0x13a>
	 * We remember the size of the argument list as a multiple of
	 * sizeof(int) and limit it to a 8-bit field. That means 1020 bytes
	 * worth of va_list, or about 127 arguments on a 64-bit system
	 * (twice that on 32-bit systems). That ought to be good enough.
	 */
	if ((BUF_OFFSET / sizeof(int)) > 255) {
 8001ab8:	f8dd b008 	ldr.w	fp, [sp, #8]
 8001abc:	1be3      	subs	r3, r4, r7
 8001abe:	f5b3 6f80 	cmp.w	r3, #1024	@ 0x400
 8001ac2:	d27e      	bcs.n	8001bc2 <cbvprintf_package+0x47a>

	/*
	 * If all we wanted was to count required buffer size
	 * then we have it now.
	 */
	if (buf0 == NULL) {
 8001ac4:	b187      	cbz	r7, 8001ae8 <cbvprintf_package+0x3a0>
		return BUF_OFFSET + len - CBPRINTF_PACKAGE_ALIGNMENT;
	}

	/* Clear our buffer header. We made room for it initially. */
	*(char **)buf0 = NULL;
 8001ac6:	2200      	movs	r2, #0
 8001ac8:	603a      	str	r2, [r7, #0]

	/* Record end of argument list. */
	pkg_hdr->desc.len = BUF_OFFSET / sizeof(int);
 8001aca:	089b      	lsrs	r3, r3, #2
 8001acc:	703b      	strb	r3, [r7, #0]

	if (rws_pos_en) {
 8001ace:	9b00      	ldr	r3, [sp, #0]
 8001ad0:	b173      	cbz	r3, 8001af0 <cbvprintf_package+0x3a8>
		/* Strings are appended, update location counter. */
		pkg_hdr->desc.str_cnt = 0;
		pkg_hdr->desc.rw_str_cnt = s_rw_cnt;
 8001ad2:	9b06      	ldr	r3, [sp, #24]
 8001ad4:	70fb      	strb	r3, [r7, #3]
		/* Strings are appended, update append counter. */
		pkg_hdr->desc.str_cnt = s_rw_cnt;
		pkg_hdr->desc.rw_str_cnt = 0;
	}

	pkg_hdr->desc.ro_str_cnt = s_ro_cnt;
 8001ad6:	9b04      	ldr	r3, [sp, #16]
 8001ad8:	70bb      	strb	r3, [r7, #2]
#ifdef CONFIG_CBPRINTF_PACKAGE_HEADER_STORE_CREATION_FLAGS
	pkg_hdr->desc.pkg_flags = flags;
#endif

	/* Store strings pointer locations of read only strings. */
	if (s_ro_cnt != 0U) {
 8001ada:	bb0b      	cbnz	r3, 8001b20 <cbvprintf_package+0x3d8>
		if (s_ro_cnt && str_ptr_pos[i] & STR_POS_RO_FLAG) {
			continue;
		}

		if (rws_pos_en) {
			size = 0;
 8001adc:	9d01      	ldr	r5, [sp, #4]
 8001ade:	f8dd a010 	ldr.w	sl, [sp, #16]
 8001ae2:	f8dd 800c 	ldr.w	r8, [sp, #12]
 8001ae6:	e03a      	b.n	8001b5e <cbvprintf_package+0x416>
		return BUF_OFFSET + len - CBPRINTF_PACKAGE_ALIGNMENT;
 8001ae8:	444b      	add	r3, r9
 8001aea:	f1a3 0008 	sub.w	r0, r3, #8
 8001aee:	e053      	b.n	8001b98 <cbvprintf_package+0x450>
		pkg_hdr->desc.str_cnt = s_rw_cnt;
 8001af0:	9b06      	ldr	r3, [sp, #24]
 8001af2:	707b      	strb	r3, [r7, #1]
		pkg_hdr->desc.rw_str_cnt = 0;
 8001af4:	e7ef      	b.n	8001ad6 <cbvprintf_package+0x38e>
		for (i = 0; i < s_idx; i++) {
 8001af6:	3301      	adds	r3, #1
 8001af8:	459b      	cmp	fp, r3
 8001afa:	d9ef      	bls.n	8001adc <cbvprintf_package+0x394>
			if (!(str_ptr_pos[i] & STR_POS_RO_FLAG)) {
 8001afc:	f103 0240 	add.w	r2, r3, #64	@ 0x40
 8001b00:	446a      	add	r2, sp
 8001b02:	f812 1c10 	ldrb.w	r1, [r2, #-16]
 8001b06:	f912 2c10 	ldrsb.w	r2, [r2, #-16]
 8001b0a:	2a00      	cmp	r2, #0
 8001b0c:	daf3      	bge.n	8001af6 <cbvprintf_package+0x3ae>
			uint8_t pos = str_ptr_pos[i] & STR_POS_MASK;
 8001b0e:	f001 017f 	and.w	r1, r1, #127	@ 0x7f
			if ((BUF_OFFSET + 1) > len) {
 8001b12:	1be2      	subs	r2, r4, r7
 8001b14:	3201      	adds	r2, #1
 8001b16:	454a      	cmp	r2, r9
 8001b18:	d856      	bhi.n	8001bc8 <cbvprintf_package+0x480>
			*(uint8_t *)buf = pos;
 8001b1a:	f804 1b01 	strb.w	r1, [r4], #1
			++buf;
 8001b1e:	e7ea      	b.n	8001af6 <cbvprintf_package+0x3ae>
		for (i = 0; i < s_idx; i++) {
 8001b20:	9b01      	ldr	r3, [sp, #4]
 8001b22:	e7e9      	b.n	8001af8 <cbvprintf_package+0x3b0>
		if (rws_pos_en) {
 8001b24:	9b00      	ldr	r3, [sp, #0]
 8001b26:	b33b      	cbz	r3, 8001b78 <cbvprintf_package+0x430>
			*(uint8_t *)buf = str_ptr_arg[i];
 8001b28:	f105 0340 	add.w	r3, r5, #64	@ 0x40
 8001b2c:	446b      	add	r3, sp
 8001b2e:	f813 3c20 	ldrb.w	r3, [r3, #-32]
 8001b32:	f804 3b01 	strb.w	r3, [r4], #1
			size = 0;
 8001b36:	9e01      	ldr	r6, [sp, #4]
			/* find the string length including terminating '\0' */
			size = strlen(s) + 1;
		}

		/* make sure it fits */
		if ((BUF_OFFSET + 1 + size) > len) {
 8001b38:	1be3      	subs	r3, r4, r7
 8001b3a:	4433      	add	r3, r6
 8001b3c:	3301      	adds	r3, #1
 8001b3e:	454b      	cmp	r3, r9
 8001b40:	d845      	bhi.n	8001bce <cbvprintf_package+0x486>
			return -ENOSPC;
		}
		/* store the pointer position prefix */
		*(uint8_t *)buf = str_ptr_pos[i];
 8001b42:	f105 0340 	add.w	r3, r5, #64	@ 0x40
 8001b46:	446b      	add	r3, sp
 8001b48:	f813 3c10 	ldrb.w	r3, [r3, #-16]
 8001b4c:	f804 3b01 	strb.w	r3, [r4], #1
		++buf;
		/* copy the string with its terminating '\0' */
		memcpy((void *)buf, (uint8_t *)s, size);
 8001b50:	4632      	mov	r2, r6
 8001b52:	4641      	mov	r1, r8
 8001b54:	4620      	mov	r0, r4
 8001b56:	f7fe fb7f 	bl	8000258 <__aeabi_memcpy>
		buf += size;
 8001b5a:	4434      	add	r4, r6
	for (i = 0; i < s_idx; i++) {
 8001b5c:	3501      	adds	r5, #1
 8001b5e:	45ab      	cmp	fp, r5
 8001b60:	d919      	bls.n	8001b96 <cbvprintf_package+0x44e>
		if (s_ro_cnt && str_ptr_pos[i] & STR_POS_RO_FLAG) {
 8001b62:	f1ba 0f00 	cmp.w	sl, #0
 8001b66:	d0dd      	beq.n	8001b24 <cbvprintf_package+0x3dc>
 8001b68:	f105 0340 	add.w	r3, r5, #64	@ 0x40
 8001b6c:	446b      	add	r3, sp
 8001b6e:	f913 3c10 	ldrsb.w	r3, [r3, #-16]
 8001b72:	2b00      	cmp	r3, #0
 8001b74:	dad6      	bge.n	8001b24 <cbvprintf_package+0x3dc>
 8001b76:	e7f1      	b.n	8001b5c <cbvprintf_package+0x414>
			s = *(char **)(buf0 + str_ptr_pos[i] * sizeof(int));
 8001b78:	f105 0340 	add.w	r3, r5, #64	@ 0x40
 8001b7c:	446b      	add	r3, sp
 8001b7e:	f813 3c10 	ldrb.w	r3, [r3, #-16]
 8001b82:	f857 8023 	ldr.w	r8, [r7, r3, lsl #2]
			*(char **)(buf0 + str_ptr_pos[i] * sizeof(int)) = NULL;
 8001b86:	2200      	movs	r2, #0
 8001b88:	f847 2023 	str.w	r2, [r7, r3, lsl #2]
			size = strlen(s) + 1;
 8001b8c:	4640      	mov	r0, r8
 8001b8e:	f7fe faf7 	bl	8000180 <strlen>
 8001b92:	1c46      	adds	r6, r0, #1
 8001b94:	e7d0      	b.n	8001b38 <cbvprintf_package+0x3f0>
	/*
	 * TODO: remove pointers for appended strings since they're useless.
	 * TODO: explore leveraging same mechanism to remove alignment padding
	 */

	return BUF_OFFSET;
 8001b96:	1be0      	subs	r0, r4, r7

#undef BUF_OFFSET
#undef STR_POS_RO_FLAG
#undef STR_POS_MASK
}
 8001b98:	b011      	add	sp, #68	@ 0x44
 8001b9a:	e8bd 8ff0 	ldmia.w	sp!, {r4, r5, r6, r7, r8, r9, sl, fp, pc}
		return -EFAULT;
 8001b9e:	f06f 000d 	mvn.w	r0, #13
 8001ba2:	e7f9      	b.n	8001b98 <cbvprintf_package+0x450>
		return -ENOSPC;
 8001ba4:	f06f 001b 	mvn.w	r0, #27
 8001ba8:	e7f6      	b.n	8001b98 <cbvprintf_package+0x450>
			return -ENOSPC;
 8001baa:	f06f 001b 	mvn.w	r0, #27
 8001bae:	e7f3      	b.n	8001b98 <cbvprintf_package+0x450>
					return -EINVAL;
 8001bb0:	f06f 0015 	mvn.w	r0, #21
 8001bb4:	e7f0      	b.n	8001b98 <cbvprintf_package+0x450>
					return -EINVAL;
 8001bb6:	f06f 0015 	mvn.w	r0, #21
 8001bba:	e7ed      	b.n	8001b98 <cbvprintf_package+0x450>
			return -EINVAL;
 8001bbc:	f06f 0015 	mvn.w	r0, #21
 8001bc0:	e7ea      	b.n	8001b98 <cbvprintf_package+0x450>
		return -EINVAL;
 8001bc2:	f06f 0015 	mvn.w	r0, #21
 8001bc6:	e7e7      	b.n	8001b98 <cbvprintf_package+0x450>
				return -ENOSPC;
 8001bc8:	f06f 001b 	mvn.w	r0, #27
 8001bcc:	e7e4      	b.n	8001b98 <cbvprintf_package+0x450>
			return -ENOSPC;
 8001bce:	f06f 001b 	mvn.w	r0, #27
 8001bd2:	e7e1      	b.n	8001b98 <cbvprintf_package+0x450>
 8001bd4:	0800a6b4 	.word	0x0800a6b4
 8001bd8:	0800c828 	.word	0x0800c828

08001bdc <cbprintf_package_convert>:
			     cbprintf_convert_cb cb,
			     void *ctx,
			     uint32_t flags,
			     uint16_t *strl,
			     size_t strl_len)
{
 8001bdc:	e92d 4ff0 	stmdb	sp!, {r4, r5, r6, r7, r8, r9, sl, fp, lr}
 8001be0:	b097      	sub	sp, #92	@ 0x5c
 8001be2:	af00      	add	r7, sp, #0
 8001be4:	4683      	mov	fp, r0
 8001be6:	61ba      	str	r2, [r7, #24]
 8001be8:	617b      	str	r3, [r7, #20]
	__ASSERT_NO_MSG(in_packaged != NULL);

	uint8_t *buf = in_packaged;
	uint32_t *buf32 = in_packaged;
	unsigned int args_size, ros_nbr, rws_nbr;
	bool fmt_present = flags & CBPRINTF_PACKAGE_CONVERT_PTR_CHECK ? true : false;
 8001bea:	f8d7 3080 	ldr.w	r3, [r7, #128]	@ 0x80
 8001bee:	f3c3 03c0 	ubfx	r3, r3, #3, #1
 8001bf2:	623b      	str	r3, [r7, #32]
	bool rw_cpy;
	bool ro_cpy;
	struct cbprintf_package_desc *in_desc = in_packaged;

	in_len = in_len != 0 ? in_len : get_package_len(in_packaged);
 8001bf4:	60f9      	str	r1, [r7, #12]
 8001bf6:	b911      	cbnz	r1, 8001bfe <cbprintf_package_convert+0x22>
 8001bf8:	f006 fc64 	bl	80084c4 <get_package_len>
 8001bfc:	60f8      	str	r0, [r7, #12]

	/* Get number of RO string indexes in the package and check if copying
	 * includes appending those strings.
	 */
	ros_nbr = in_desc->ro_str_cnt;
 8001bfe:	f89b 6002 	ldrb.w	r6, [fp, #2]
 8001c02:	46b1      	mov	r9, r6
	ro_cpy = ros_nbr &&
 8001c04:	b136      	cbz	r6, 8001c14 <cbprintf_package_convert+0x38>
 8001c06:	f8d7 3080 	ldr.w	r3, [r7, #128]	@ 0x80
 8001c0a:	f013 0f01 	tst.w	r3, #1
 8001c0e:	d129      	bne.n	8001c64 <cbprintf_package_convert+0x88>
 8001c10:	2300      	movs	r3, #0
 8001c12:	e000      	b.n	8001c16 <cbprintf_package_convert+0x3a>
 8001c14:	2300      	movs	r3, #0
		(flags & CBPRINTF_PACKAGE_CONVERT_RO_STR) == CBPRINTF_PACKAGE_CONVERT_RO_STR;

	/* Get number of RW string indexes in the package and check if copying
	 * includes appending those strings.
	 */
	rws_nbr = in_desc->rw_str_cnt;
 8001c16:	f89b 2003 	ldrb.w	r2, [fp, #3]
 8001c1a:	627a      	str	r2, [r7, #36]	@ 0x24
	rw_cpy = rws_nbr > 0 &&
 8001c1c:	b122      	cbz	r2, 8001c28 <cbprintf_package_convert+0x4c>
 8001c1e:	f8d7 2080 	ldr.w	r2, [r7, #128]	@ 0x80
 8001c22:	f012 0f02 	tst.w	r2, #2
 8001c26:	d100      	bne.n	8001c2a <cbprintf_package_convert+0x4e>

	/* If flags are not set or appending request without rw string indexes
	 * present is chosen, just do a simple copy (or length calculation).
	 * Assuming that it is the most common case.
	 */
	if (!rw_cpy && !ro_cpy) {
 8001c28:	b1f3      	cbz	r3, 8001c68 <cbprintf_package_convert+0x8c>

	/* If we got here, it means that coping will be more complex and will be
	 * done with strings appending.
	 * Retrieve the size of the arg list.
	 */
	args_size = in_desc->len * sizeof(int);
 8001c2a:	f89b 5000 	ldrb.w	r5, [fp]
 8001c2e:	00aa      	lsls	r2, r5, #2
 8001c30:	60ba      	str	r2, [r7, #8]
	int out_len;

	/* Pointer to array with string locations. Array starts with read-only
	 * string locations.
	 */
	const char *fmt = *(const char **)(buf + sizeof(void *));
 8001c32:	f8db 2004 	ldr.w	r2, [fp, #4]
 8001c36:	613a      	str	r2, [r7, #16]
	uint8_t *str_pos = &buf[args_size];
 8001c38:	eb0b 0585 	add.w	r5, fp, r5, lsl #2
	size_t strl_cnt = 0;

	/* If null destination, just calculate output length. */
	if (cb == NULL) {
 8001c3c:	69ba      	ldr	r2, [r7, #24]
 8001c3e:	b1fa      	cbz	r2, 8001c80 <cbprintf_package_convert+0xa4>

	/* If read-only strings shall be appended to the output package copy
	 * their indexes to the local array, otherwise indicate that indexes
	 * shall remain in the output package.
	 */
	if (ro_cpy) {
 8001c40:	2b00      	cmp	r3, #0
 8001c42:	f040 8105 	bne.w	8001e50 <cbprintf_package_convert+0x274>
		scpy_cnt = ros_nbr;
		keep_cnt = 0;
		dst = cpy_str_pos;
	} else if (ros_nbr && flags & CBPRINTF_PACKAGE_CONVERT_KEEP_RO_STR) {
 8001c46:	f1b9 0f00 	cmp.w	r9, #0
 8001c4a:	f000 810f 	beq.w	8001e6c <cbprintf_package_convert+0x290>
 8001c4e:	f8d7 3080 	ldr.w	r3, [r7, #128]	@ 0x80
 8001c52:	f013 0f04 	tst.w	r3, #4
 8001c56:	f000 810c 	beq.w	8001e72 <cbprintf_package_convert+0x296>
		scpy_cnt = 0;
		keep_cnt = ros_nbr;
 8001c5a:	61fe      	str	r6, [r7, #28]
		scpy_cnt = 0;
 8001c5c:	2600      	movs	r6, #0
		dst = keep_str_pos;
 8001c5e:	f107 0034 	add.w	r0, r7, #52	@ 0x34
 8001c62:	e0f9      	b.n	8001e58 <cbprintf_package_convert+0x27c>
	ro_cpy = ros_nbr &&
 8001c64:	2301      	movs	r3, #1
 8001c66:	e7d6      	b.n	8001c16 <cbprintf_package_convert+0x3a>
		if (cb) {
 8001c68:	69bb      	ldr	r3, [r7, #24]
 8001c6a:	b11b      	cbz	r3, 8001c74 <cbprintf_package_convert+0x98>
			cb(in_packaged, in_len, ctx);
 8001c6c:	697a      	ldr	r2, [r7, #20]
 8001c6e:	68f9      	ldr	r1, [r7, #12]
 8001c70:	4658      	mov	r0, fp
 8001c72:	4798      	blx	r3
		return in_len;
 8001c74:	68fc      	ldr	r4, [r7, #12]

	/* Empty call (can be interpreted as flushing) */
	(void)cb(NULL, 0, ctx);

	return out_len;
}
 8001c76:	4620      	mov	r0, r4
 8001c78:	375c      	adds	r7, #92	@ 0x5c
 8001c7a:	46bd      	mov	sp, r7
 8001c7c:	e8bd 8ff0 	ldmia.w	sp!, {r4, r5, r6, r7, r8, r9, sl, fp, pc}
		out_len = (int)in_len;
 8001c80:	68fc      	ldr	r4, [r7, #12]
		if (ro_cpy) {
 8001c82:	b9e3      	cbnz	r3, 8001cbe <cbprintf_package_convert+0xe2>
			str_pos += ros_nbr;
 8001c84:	444d      	add	r5, r9
	size_t strl_cnt = 0;
 8001c86:	2300      	movs	r3, #0
 8001c88:	617b      	str	r3, [r7, #20]
 8001c8a:	e023      	b.n	8001cd4 <cbprintf_package_convert+0xf8>
				out_len += len;
 8001c8c:	4404      	add	r4, r0
				str_pos++;
 8001c8e:	3501      	adds	r5, #1
			for (unsigned int i = 0; i < ros_nbr; i++) {
 8001c90:	3601      	adds	r6, #1
 8001c92:	454e      	cmp	r6, r9
 8001c94:	d21a      	bcs.n	8001ccc <cbprintf_package_convert+0xf0>
				const char *str = *(const char **)&buf32[*str_pos];
 8001c96:	782a      	ldrb	r2, [r5, #0]
				int len = append_string(cb, NULL, str, 0);
 8001c98:	2300      	movs	r3, #0
 8001c9a:	f85b 2022 	ldr.w	r2, [fp, r2, lsl #2]
 8001c9e:	4619      	mov	r1, r3
 8001ca0:	69b8      	ldr	r0, [r7, #24]
 8001ca2:	f006 fc24 	bl	80084ee <append_string>
				if (strl && strl_cnt < strl_len) {
 8001ca6:	f1ba 0f00 	cmp.w	sl, #0
 8001caa:	d0ef      	beq.n	8001c8c <cbprintf_package_convert+0xb0>
 8001cac:	f8d7 3088 	ldr.w	r3, [r7, #136]	@ 0x88
 8001cb0:	4598      	cmp	r8, r3
 8001cb2:	d2eb      	bcs.n	8001c8c <cbprintf_package_convert+0xb0>
					strl[strl_cnt++] = (uint16_t)len;
 8001cb4:	f82a 0018 	strh.w	r0, [sl, r8, lsl #1]
 8001cb8:	f108 0801 	add.w	r8, r8, #1
 8001cbc:	e7e6      	b.n	8001c8c <cbprintf_package_convert+0xb0>
			for (unsigned int i = 0; i < ros_nbr; i++) {
 8001cbe:	2600      	movs	r6, #0
	size_t strl_cnt = 0;
 8001cc0:	f8c7 801c 	str.w	r8, [r7, #28]
 8001cc4:	46b0      	mov	r8, r6
 8001cc6:	f8d7 a084 	ldr.w	sl, [r7, #132]	@ 0x84
 8001cca:	e7e2      	b.n	8001c92 <cbprintf_package_convert+0xb6>
 8001ccc:	f8c7 8014 	str.w	r8, [r7, #20]
 8001cd0:	f8d7 801c 	ldr.w	r8, [r7, #28]
		bool drop_ro_str_pos = !(flags &
 8001cd4:	f8d7 3080 	ldr.w	r3, [r7, #128]	@ 0x80
 8001cd8:	f003 0305 	and.w	r3, r3, #5
 8001cdc:	60fb      	str	r3, [r7, #12]
		for (unsigned int i = 0; i < rws_nbr; i++) {
 8001cde:	f04f 0a00 	mov.w	sl, #0
 8001ce2:	46a1      	mov	r9, r4
 8001ce4:	f8c7 b01c 	str.w	fp, [r7, #28]
 8001ce8:	e09c      	b.n	8001e24 <cbprintf_package_convert+0x248>
 8001cea:	2500      	movs	r5, #0
			if (IS_ENABLED(CONFIG_CBPRINTF_CONVERT_CHECK_PTR) &&
 8001cec:	6a3b      	ldr	r3, [r7, #32]
 8001cee:	b97b      	cbnz	r3, 8001d10 <cbprintf_package_convert+0x134>
			if (is_ro) {
 8001cf0:	2d00      	cmp	r5, #0
 8001cf2:	d079      	beq.n	8001de8 <cbprintf_package_convert+0x20c>
				if (flags & CBPRINTF_PACKAGE_CONVERT_RO_STR) {
 8001cf4:	f8d7 3080 	ldr.w	r3, [r7, #128]	@ 0x80
 8001cf8:	f013 0f01 	tst.w	r3, #1
 8001cfc:	d179      	bne.n	8001df2 <cbprintf_package_convert+0x216>
					out_len -= drop_ro_str_pos ? 2 : 1;
 8001cfe:	68fb      	ldr	r3, [r7, #12]
 8001d00:	2b00      	cmp	r3, #0
 8001d02:	d16f      	bne.n	8001de4 <cbprintf_package_convert+0x208>
 8001d04:	2302      	movs	r3, #2
 8001d06:	eba9 0903 	sub.w	r9, r9, r3
 8001d0a:	e088      	b.n	8001e1e <cbprintf_package_convert+0x242>
 8001d0c:	2501      	movs	r5, #1
 8001d0e:	e7ed      	b.n	8001cec <cbprintf_package_convert+0x110>
			    fmt_present && is_ptr(fmt, arg_idx)) {
 8001d10:	4659      	mov	r1, fp
 8001d12:	6938      	ldr	r0, [r7, #16]
 8001d14:	f006 fc31 	bl	800857a <is_ptr>
 8001d18:	2800      	cmp	r0, #0
 8001d1a:	d0e9      	beq.n	8001cf0 <cbprintf_package_convert+0x114>
				LOG_WRN("(unsigned) char * used for %%p argument. "
 8001d1c:	466c      	mov	r4, sp
 8001d1e:	2300      	movs	r3, #0
 8001d20:	f887 302c 	strb.w	r3, [r7, #44]	@ 0x2c
 8001d24:	2302      	movs	r3, #2
 8001d26:	f887 302d 	strb.w	r3, [r7, #45]	@ 0x2d
 8001d2a:	b08a      	sub	sp, #40	@ 0x28
 8001d2c:	4669      	mov	r1, sp
 8001d2e:	f111 0210 	adds.w	r2, r1, #16
 8001d32:	d037      	beq.n	8001da4 <cbprintf_package_convert+0x1c8>
 8001d34:	2512      	movs	r5, #18
 8001d36:	b11a      	cbz	r2, 8001d40 <cbprintf_package_convert+0x164>
 8001d38:	2d04      	cmp	r5, #4
 8001d3a:	dd01      	ble.n	8001d40 <cbprintf_package_convert+0x164>
 8001d3c:	4bb1      	ldr	r3, [pc, #708]	@ (8002004 <cbprintf_package_convert+0x428>)
 8001d3e:	614b      	str	r3, [r1, #20]
 8001d40:	2300      	movs	r3, #0
 8001d42:	f887 3028 	strb.w	r3, [r7, #40]	@ 0x28
 8001d46:	2302      	movs	r3, #2
 8001d48:	f887 3029 	strb.w	r3, [r7, #41]	@ 0x29
 8001d4c:	bb6a      	cbnz	r2, 8001daa <cbprintf_package_convert+0x1ce>
 8001d4e:	2d11      	cmp	r5, #17
 8001d50:	dd45      	ble.n	8001dde <cbprintf_package_convert+0x202>
 8001d52:	2312      	movs	r3, #18
 8001d54:	b162      	cbz	r2, 8001d70 <cbprintf_package_convert+0x194>
 8001d56:	2004      	movs	r0, #4
 8001d58:	f887 002c 	strb.w	r0, [r7, #44]	@ 0x2c
 8001d5c:	2000      	movs	r0, #0
 8001d5e:	f887 002d 	strb.w	r0, [r7, #45]	@ 0x2d
 8001d62:	f887 002e 	strb.w	r0, [r7, #46]	@ 0x2e
 8001d66:	2001      	movs	r0, #1
 8001d68:	f887 002f 	strb.w	r0, [r7, #47]	@ 0x2f
 8001d6c:	6af8      	ldr	r0, [r7, #44]	@ 0x2c
 8001d6e:	6108      	str	r0, [r1, #16]
 8001d70:	f028 0801 	bic.w	r8, r8, #1
 8001d74:	f028 0802 	bic.w	r8, r8, #2
 8001d78:	f028 0804 	bic.w	r8, r8, #4
 8001d7c:	f028 0838 	bic.w	r8, r8, #56	@ 0x38
 8001d80:	2102      	movs	r1, #2
 8001d82:	f361 1888 	bfi	r8, r1, #6, #3
 8001d86:	f3c3 030a 	ubfx	r3, r3, #0, #11
 8001d8a:	f363 2853 	bfi	r8, r3, #9, #11
 8001d8e:	f3c8 0813 	ubfx	r8, r8, #0, #20
	z_impl_z_log_msg_static_create(source, desc, package, data);
 8001d92:	2300      	movs	r3, #0
 8001d94:	4641      	mov	r1, r8
 8001d96:	489c      	ldr	r0, [pc, #624]	@ (8002008 <cbprintf_package_convert+0x42c>)
 8001d98:	f000 fdb4 	bl	8002904 <z_impl_z_log_msg_static_create>
 8001d9c:	46a5      	mov	sp, r4
				out_len -= 2;
 8001d9e:	f1a9 0902 	sub.w	r9, r9, #2
				continue;
 8001da2:	e03c      	b.n	8001e1e <cbprintf_package_convert+0x242>
				LOG_WRN("(unsigned) char * used for %%p argument. "
 8001da4:	f06f 4500 	mvn.w	r5, #2147483648	@ 0x80000000
 8001da8:	e7c5      	b.n	8001d36 <cbprintf_package_convert+0x15a>
 8001daa:	462b      	mov	r3, r5
 8001dac:	2d08      	cmp	r5, #8
 8001dae:	dd01      	ble.n	8001db4 <cbprintf_package_convert+0x1d8>
 8001db0:	6938      	ldr	r0, [r7, #16]
 8001db2:	6188      	str	r0, [r1, #24]
 8001db4:	2b0c      	cmp	r3, #12
 8001db6:	dd01      	ble.n	8001dbc <cbprintf_package_convert+0x1e0>
 8001db8:	f8c1 b01c 	str.w	fp, [r1, #28]
 8001dbc:	f101 0320 	add.w	r3, r1, #32
 8001dc0:	2000      	movs	r0, #0
 8001dc2:	e009      	b.n	8001dd8 <cbprintf_package_convert+0x1fc>
 8001dc4:	f100 0c30 	add.w	ip, r0, #48	@ 0x30
 8001dc8:	f107 0e28 	add.w	lr, r7, #40	@ 0x28
 8001dcc:	44f4      	add	ip, lr
 8001dce:	f81c cc30 	ldrb.w	ip, [ip, #-48]
 8001dd2:	f803 cb01 	strb.w	ip, [r3], #1
 8001dd6:	3001      	adds	r0, #1
 8001dd8:	2801      	cmp	r0, #1
 8001dda:	d9f3      	bls.n	8001dc4 <cbprintf_package_convert+0x1e8>
 8001ddc:	e7b7      	b.n	8001d4e <cbprintf_package_convert+0x172>
 8001dde:	f06f 031b 	mvn.w	r3, #27
 8001de2:	e7b7      	b.n	8001d54 <cbprintf_package_convert+0x178>
					out_len -= drop_ro_str_pos ? 2 : 1;
 8001de4:	2301      	movs	r3, #1
 8001de6:	e78e      	b.n	8001d06 <cbprintf_package_convert+0x12a>
			} else if (flags & CBPRINTF_PACKAGE_CONVERT_RW_STR) {
 8001de8:	f8d7 3080 	ldr.w	r3, [r7, #128]	@ 0x80
 8001dec:	f013 0f02 	tst.w	r3, #2
 8001df0:	d015      	beq.n	8001e1e <cbprintf_package_convert+0x242>
				len = append_string(cb, NULL, str, 0);
 8001df2:	2300      	movs	r3, #0
 8001df4:	4622      	mov	r2, r4
 8001df6:	4619      	mov	r1, r3
 8001df8:	69b8      	ldr	r0, [r7, #24]
 8001dfa:	f006 fb78 	bl	80084ee <append_string>
				if (strl && strl_cnt < strl_len) {
 8001dfe:	f8d7 3084 	ldr.w	r3, [r7, #132]	@ 0x84
 8001e02:	b153      	cbz	r3, 8001e1a <cbprintf_package_convert+0x23e>
 8001e04:	697b      	ldr	r3, [r7, #20]
 8001e06:	f8d7 2088 	ldr.w	r2, [r7, #136]	@ 0x88
 8001e0a:	4293      	cmp	r3, r2
 8001e0c:	d205      	bcs.n	8001e1a <cbprintf_package_convert+0x23e>
					strl[strl_cnt++] = (uint16_t)len;
 8001e0e:	f8d7 2084 	ldr.w	r2, [r7, #132]	@ 0x84
 8001e12:	f822 0013 	strh.w	r0, [r2, r3, lsl #1]
 8001e16:	3301      	adds	r3, #1
 8001e18:	617b      	str	r3, [r7, #20]
				out_len += (len - 1);
 8001e1a:	3801      	subs	r0, #1
 8001e1c:	4481      	add	r9, r0
		for (unsigned int i = 0; i < rws_nbr; i++) {
 8001e1e:	f10a 0a01 	add.w	sl, sl, #1
			uint8_t arg_pos = *str_pos++;
 8001e22:	4635      	mov	r5, r6
		for (unsigned int i = 0; i < rws_nbr; i++) {
 8001e24:	6a7b      	ldr	r3, [r7, #36]	@ 0x24
 8001e26:	459a      	cmp	sl, r3
 8001e28:	d210      	bcs.n	8001e4c <cbprintf_package_convert+0x270>
			uint8_t arg_idx = *str_pos++;
 8001e2a:	462e      	mov	r6, r5
 8001e2c:	f816 bb02 	ldrb.w	fp, [r6], #2
			uint8_t arg_pos = *str_pos++;
 8001e30:	786b      	ldrb	r3, [r5, #1]
			const char *str = *(const char **)&buf32[arg_pos];
 8001e32:	69fa      	ldr	r2, [r7, #28]
 8001e34:	f852 4023 	ldr.w	r4, [r2, r3, lsl #2]
 8001e38:	4b74      	ldr	r3, [pc, #464]	@ (800200c <cbprintf_package_convert+0x430>)
 8001e3a:	429c      	cmp	r4, r3
 8001e3c:	f4ff af55 	bcc.w	8001cea <cbprintf_package_convert+0x10e>
 8001e40:	4b73      	ldr	r3, [pc, #460]	@ (8002010 <cbprintf_package_convert+0x434>)
 8001e42:	429c      	cmp	r4, r3
 8001e44:	f4ff af62 	bcc.w	8001d0c <cbprintf_package_convert+0x130>
 8001e48:	2500      	movs	r5, #0
 8001e4a:	e74f      	b.n	8001cec <cbprintf_package_convert+0x110>
 8001e4c:	464c      	mov	r4, r9
 8001e4e:	e712      	b.n	8001c76 <cbprintf_package_convert+0x9a>
		dst = cpy_str_pos;
 8001e50:	f107 0044 	add.w	r0, r7, #68	@ 0x44
		keep_cnt = 0;
 8001e54:	2300      	movs	r3, #0
 8001e56:	61fb      	str	r3, [r7, #28]
		memcpy(dst, str_pos, ros_nbr);
 8001e58:	464a      	mov	r2, r9
 8001e5a:	4629      	mov	r1, r5
 8001e5c:	f7fe f9fc 	bl	8000258 <__aeabi_memcpy>
	str_pos += ros_nbr;
 8001e60:	444d      	add	r5, r9
	for (unsigned int i = 0; i < rws_nbr; i++) {
 8001e62:	f04f 0800 	mov.w	r8, #0
 8001e66:	f8c7 9004 	str.w	r9, [r7, #4]
 8001e6a:	e01b      	b.n	8001ea4 <cbprintf_package_convert+0x2c8>
		scpy_cnt = 0;
 8001e6c:	2600      	movs	r6, #0
		keep_cnt = 0;
 8001e6e:	61fe      	str	r6, [r7, #28]
 8001e70:	e7f6      	b.n	8001e60 <cbprintf_package_convert+0x284>
		scpy_cnt = 0;
 8001e72:	2600      	movs	r6, #0
		keep_cnt = 0;
 8001e74:	61fe      	str	r6, [r7, #28]
 8001e76:	e7f3      	b.n	8001e60 <cbprintf_package_convert+0x284>
 8001e78:	2500      	movs	r5, #0
		if (IS_ENABLED(CONFIG_CBPRINTF_CONVERT_CHECK_PTR) &&
 8001e7a:	6a3b      	ldr	r3, [r7, #32]
 8001e7c:	bb33      	cbnz	r3, 8001ecc <cbprintf_package_convert+0x2f0>
		if (is_ro) {
 8001e7e:	2d00      	cmp	r5, #0
 8001e80:	d03b      	beq.n	8001efa <cbprintf_package_convert+0x31e>
			if (flags & CBPRINTF_PACKAGE_CONVERT_RO_STR) {
 8001e82:	f8d7 3080 	ldr.w	r3, [r7, #128]	@ 0x80
 8001e86:	f013 0f01 	tst.w	r3, #1
 8001e8a:	d026      	beq.n	8001eda <cbprintf_package_convert+0x2fe>
				cpy_str_pos[scpy_cnt++] = arg_pos;
 8001e8c:	1c73      	adds	r3, r6, #1
 8001e8e:	f106 0230 	add.w	r2, r6, #48	@ 0x30
 8001e92:	f107 0128 	add.w	r1, r7, #40	@ 0x28
 8001e96:	1856      	adds	r6, r2, r1
 8001e98:	f806 9c14 	strb.w	r9, [r6, #-20]
 8001e9c:	b2de      	uxtb	r6, r3
	for (unsigned int i = 0; i < rws_nbr; i++) {
 8001e9e:	f108 0801 	add.w	r8, r8, #1
		uint8_t arg_pos = *str_pos++;
 8001ea2:	4625      	mov	r5, r4
	for (unsigned int i = 0; i < rws_nbr; i++) {
 8001ea4:	6a7b      	ldr	r3, [r7, #36]	@ 0x24
 8001ea6:	4598      	cmp	r8, r3
 8001ea8:	d24a      	bcs.n	8001f40 <cbprintf_package_convert+0x364>
		uint8_t arg_idx = *str_pos++;
 8001eaa:	462c      	mov	r4, r5
 8001eac:	f814 ab02 	ldrb.w	sl, [r4], #2
		uint8_t arg_pos = *str_pos++;
 8001eb0:	f895 9001 	ldrb.w	r9, [r5, #1]
		const char *str = *(const char **)&buf32[arg_pos];
 8001eb4:	f85b 3029 	ldr.w	r3, [fp, r9, lsl #2]
 8001eb8:	4a54      	ldr	r2, [pc, #336]	@ (800200c <cbprintf_package_convert+0x430>)
 8001eba:	4293      	cmp	r3, r2
 8001ebc:	d3dc      	bcc.n	8001e78 <cbprintf_package_convert+0x29c>
 8001ebe:	4a54      	ldr	r2, [pc, #336]	@ (8002010 <cbprintf_package_convert+0x434>)
 8001ec0:	4293      	cmp	r3, r2
 8001ec2:	d301      	bcc.n	8001ec8 <cbprintf_package_convert+0x2ec>
 8001ec4:	2500      	movs	r5, #0
 8001ec6:	e7d8      	b.n	8001e7a <cbprintf_package_convert+0x29e>
 8001ec8:	2501      	movs	r5, #1
 8001eca:	e7d6      	b.n	8001e7a <cbprintf_package_convert+0x29e>
		    fmt_present && is_ptr(fmt, arg_idx)) {
 8001ecc:	4651      	mov	r1, sl
 8001ece:	6938      	ldr	r0, [r7, #16]
 8001ed0:	f006 fb53 	bl	800857a <is_ptr>
 8001ed4:	2800      	cmp	r0, #0
 8001ed6:	d0d2      	beq.n	8001e7e <cbprintf_package_convert+0x2a2>
 8001ed8:	e7e1      	b.n	8001e9e <cbprintf_package_convert+0x2c2>
			} else if (flags & CBPRINTF_PACKAGE_CONVERT_KEEP_RO_STR) {
 8001eda:	f8d7 3080 	ldr.w	r3, [r7, #128]	@ 0x80
 8001ede:	f013 0f04 	tst.w	r3, #4
 8001ee2:	d0dc      	beq.n	8001e9e <cbprintf_package_convert+0x2c2>
				keep_str_pos[keep_cnt++] = arg_pos;
 8001ee4:	69fa      	ldr	r2, [r7, #28]
 8001ee6:	1c53      	adds	r3, r2, #1
 8001ee8:	3230      	adds	r2, #48	@ 0x30
 8001eea:	f107 0128 	add.w	r1, r7, #40	@ 0x28
 8001eee:	440a      	add	r2, r1
 8001ef0:	f802 9c24 	strb.w	r9, [r2, #-36]
 8001ef4:	b2db      	uxtb	r3, r3
 8001ef6:	61fb      	str	r3, [r7, #28]
 8001ef8:	e7d1      	b.n	8001e9e <cbprintf_package_convert+0x2c2>
			if (flags & CBPRINTF_PACKAGE_CONVERT_RW_STR) {
 8001efa:	f8d7 3080 	ldr.w	r3, [r7, #128]	@ 0x80
 8001efe:	f013 0f02 	tst.w	r3, #2
 8001f02:	d009      	beq.n	8001f18 <cbprintf_package_convert+0x33c>
				cpy_str_pos[scpy_cnt++] = arg_pos;
 8001f04:	1c73      	adds	r3, r6, #1
 8001f06:	f106 0230 	add.w	r2, r6, #48	@ 0x30
 8001f0a:	f107 0128 	add.w	r1, r7, #40	@ 0x28
 8001f0e:	1856      	adds	r6, r2, r1
 8001f10:	f806 9c14 	strb.w	r9, [r6, #-20]
 8001f14:	b2de      	uxtb	r6, r3
 8001f16:	e7c2      	b.n	8001e9e <cbprintf_package_convert+0x2c2>
				keep_str_pos[keep_cnt++] = arg_idx;
 8001f18:	69f8      	ldr	r0, [r7, #28]
 8001f1a:	1c43      	adds	r3, r0, #1
 8001f1c:	f100 0130 	add.w	r1, r0, #48	@ 0x30
 8001f20:	f107 0228 	add.w	r2, r7, #40	@ 0x28
 8001f24:	188a      	adds	r2, r1, r2
 8001f26:	f802 ac24 	strb.w	sl, [r2, #-36]
				keep_str_pos[keep_cnt++] = arg_pos;
 8001f2a:	4602      	mov	r2, r0
 8001f2c:	3202      	adds	r2, #2
 8001f2e:	b2d2      	uxtb	r2, r2
 8001f30:	61fa      	str	r2, [r7, #28]
 8001f32:	f107 0258 	add.w	r2, r7, #88	@ 0x58
 8001f36:	fa52 f383 	uxtab	r3, r2, r3
 8001f3a:	f803 9c24 	strb.w	r9, [r3, #-36]
 8001f3e:	e7ae      	b.n	8001e9e <cbprintf_package_convert+0x2c2>
	out_desc.len = in_desc->len;
 8001f40:	f8d7 9004 	ldr.w	r9, [r7, #4]
 8001f44:	f89b 3000 	ldrb.w	r3, [fp]
 8001f48:	f887 3054 	strb.w	r3, [r7, #84]	@ 0x54
	out_desc.str_cnt = in_desc->str_cnt + scpy_cnt;
 8001f4c:	f89b 3001 	ldrb.w	r3, [fp, #1]
 8001f50:	4433      	add	r3, r6
 8001f52:	f887 3055 	strb.w	r3, [r7, #85]	@ 0x55
	out_desc.rw_str_cnt = (flags & CBPRINTF_PACKAGE_CONVERT_RW_STR) ? 0 : (keep_cnt / 2);
 8001f56:	f8d7 3080 	ldr.w	r3, [r7, #128]	@ 0x80
 8001f5a:	f013 0f02 	tst.w	r3, #2
 8001f5e:	d10e      	bne.n	8001f7e <cbprintf_package_convert+0x3a2>
 8001f60:	69fb      	ldr	r3, [r7, #28]
 8001f62:	f3c3 0347 	ubfx	r3, r3, #1, #8
 8001f66:	f887 3057 	strb.w	r3, [r7, #87]	@ 0x57
	out_desc.ro_str_cnt = (flags & CBPRINTF_PACKAGE_CONVERT_RO_STR) ? 0 :
 8001f6a:	f8d7 3080 	ldr.w	r3, [r7, #128]	@ 0x80
 8001f6e:	f013 0f01 	tst.w	r3, #1
 8001f72:	d106      	bne.n	8001f82 <cbprintf_package_convert+0x3a6>
 8001f74:	f013 0f04 	tst.w	r3, #4
 8001f78:	d13e      	bne.n	8001ff8 <cbprintf_package_convert+0x41c>
 8001f7a:	2300      	movs	r3, #0
 8001f7c:	e002      	b.n	8001f84 <cbprintf_package_convert+0x3a8>
	out_desc.rw_str_cnt = (flags & CBPRINTF_PACKAGE_CONVERT_RW_STR) ? 0 : (keep_cnt / 2);
 8001f7e:	2300      	movs	r3, #0
 8001f80:	e7f1      	b.n	8001f66 <cbprintf_package_convert+0x38a>
	out_desc.ro_str_cnt = (flags & CBPRINTF_PACKAGE_CONVERT_RO_STR) ? 0 :
 8001f82:	2300      	movs	r3, #0
 8001f84:	f887 3056 	strb.w	r3, [r7, #86]	@ 0x56
	struct cbprintf_package_desc in_desc_backup = *in_desc;
 8001f88:	f8db 0000 	ldr.w	r0, [fp]
 8001f8c:	6338      	str	r0, [r7, #48]	@ 0x30
	*in_desc = out_desc;
 8001f8e:	6d78      	ldr	r0, [r7, #84]	@ 0x54
 8001f90:	f8cb 0000 	str.w	r0, [fp]
	rv = cb(in_packaged, args_size, ctx);
 8001f94:	f8d7 8014 	ldr.w	r8, [r7, #20]
 8001f98:	4642      	mov	r2, r8
 8001f9a:	68b9      	ldr	r1, [r7, #8]
 8001f9c:	4658      	mov	r0, fp
 8001f9e:	f8d7 a018 	ldr.w	sl, [r7, #24]
 8001fa2:	47d0      	blx	sl
	if (rv < 0) {
 8001fa4:	1e04      	subs	r4, r0, #0
 8001fa6:	f6ff ae66 	blt.w	8001c76 <cbprintf_package_convert+0x9a>
	*in_desc = in_desc_backup;
 8001faa:	6b38      	ldr	r0, [r7, #48]	@ 0x30
 8001fac:	f8cb 0000 	str.w	r0, [fp]
	rv = cb(keep_str_pos, keep_cnt, ctx);
 8001fb0:	f8c7 8014 	str.w	r8, [r7, #20]
 8001fb4:	4642      	mov	r2, r8
 8001fb6:	69f9      	ldr	r1, [r7, #28]
 8001fb8:	f107 0034 	add.w	r0, r7, #52	@ 0x34
 8001fbc:	47d0      	blx	sl
	if (rv < 0) {
 8001fbe:	2800      	cmp	r0, #0
 8001fc0:	db5f      	blt.n	8002082 <cbprintf_package_convert+0x4a6>
	out_len += rv;
 8001fc2:	eb04 0800 	add.w	r8, r4, r0
	size_t strs_len = in_len - (args_size + ros_nbr + 2 * rws_nbr);
 8001fc6:	68b9      	ldr	r1, [r7, #8]
 8001fc8:	4449      	add	r1, r9
 8001fca:	6a7b      	ldr	r3, [r7, #36]	@ 0x24
 8001fcc:	eb01 0143 	add.w	r1, r1, r3, lsl #1
	rv = cb(str_pos, strs_len, ctx);
 8001fd0:	f8d7 9014 	ldr.w	r9, [r7, #20]
 8001fd4:	464a      	mov	r2, r9
 8001fd6:	68fb      	ldr	r3, [r7, #12]
 8001fd8:	1a59      	subs	r1, r3, r1
 8001fda:	4628      	mov	r0, r5
 8001fdc:	47d0      	blx	sl
	if (rv < 0) {
 8001fde:	1e04      	subs	r4, r0, #0
 8001fe0:	f6ff ae49 	blt.w	8001c76 <cbprintf_package_convert+0x9a>
	out_len += rv;
 8001fe4:	eb08 0504 	add.w	r5, r8, r4
	for (unsigned int i = 0; i < scpy_cnt; i++) {
 8001fe8:	f04f 0800 	mov.w	r8, #0
 8001fec:	f8c7 b024 	str.w	fp, [r7, #36]	@ 0x24
 8001ff0:	46b3      	mov	fp, r6
 8001ff2:	4654      	mov	r4, sl
 8001ff4:	46ca      	mov	sl, r9
 8001ff6:	e022      	b.n	800203e <cbprintf_package_convert+0x462>
	out_desc.ro_str_cnt = (flags & CBPRINTF_PACKAGE_CONVERT_RO_STR) ? 0 :
 8001ff8:	69fb      	ldr	r3, [r7, #28]
 8001ffa:	e7c3      	b.n	8001f84 <cbprintf_package_convert+0x3a8>
		uint16_t str_len = (strl && (i < strl_len)) ? strl[i] : 0;
 8001ffc:	f04f 0900 	mov.w	r9, #0
 8002000:	e00a      	b.n	8002018 <cbprintf_package_convert+0x43c>
 8002002:	bf00      	nop
 8002004:	0800b1bc 	.word	0x0800b1bc
 8002008:	0800aec8 	.word	0x0800aec8
 800200c:	0800a6b4 	.word	0x0800a6b4
 8002010:	0800c828 	.word	0x0800c828
 8002014:	f04f 0900 	mov.w	r9, #0
		rv = cb(&loc, 1, ctx);
 8002018:	4652      	mov	r2, sl
 800201a:	2101      	movs	r1, #1
 800201c:	f107 002c 	add.w	r0, r7, #44	@ 0x2c
 8002020:	47a0      	blx	r4
		if (rv < 0) {
 8002022:	2800      	cmp	r0, #0
 8002024:	db2f      	blt.n	8002086 <cbprintf_package_convert+0x4aa>
		out_len += rv;
 8002026:	4405      	add	r5, r0
		rv = append_string(cb, ctx, str, str_len);
 8002028:	464b      	mov	r3, r9
 800202a:	4632      	mov	r2, r6
 800202c:	4651      	mov	r1, sl
 800202e:	4620      	mov	r0, r4
 8002030:	f006 fa5d 	bl	80084ee <append_string>
		if (rv < 0) {
 8002034:	2800      	cmp	r0, #0
 8002036:	db28      	blt.n	800208a <cbprintf_package_convert+0x4ae>
		out_len += rv;
 8002038:	4405      	add	r5, r0
	for (unsigned int i = 0; i < scpy_cnt; i++) {
 800203a:	f108 0801 	add.w	r8, r8, #1
 800203e:	45d8      	cmp	r8, fp
 8002040:	d218      	bcs.n	8002074 <cbprintf_package_convert+0x498>
		uint8_t loc = cpy_str_pos[i];
 8002042:	f108 0330 	add.w	r3, r8, #48	@ 0x30
 8002046:	f107 0228 	add.w	r2, r7, #40	@ 0x28
 800204a:	4413      	add	r3, r2
 800204c:	f813 3c14 	ldrb.w	r3, [r3, #-20]
 8002050:	f887 302c 	strb.w	r3, [r7, #44]	@ 0x2c
		const char *str = *(const char **)&buf32[loc];
 8002054:	6a7a      	ldr	r2, [r7, #36]	@ 0x24
 8002056:	f852 6023 	ldr.w	r6, [r2, r3, lsl #2]
		uint16_t str_len = (strl && (i < strl_len)) ? strl[i] : 0;
 800205a:	f8d7 3084 	ldr.w	r3, [r7, #132]	@ 0x84
 800205e:	2b00      	cmp	r3, #0
 8002060:	d0cc      	beq.n	8001ffc <cbprintf_package_convert+0x420>
 8002062:	f8d7 3088 	ldr.w	r3, [r7, #136]	@ 0x88
 8002066:	4598      	cmp	r8, r3
 8002068:	d2d4      	bcs.n	8002014 <cbprintf_package_convert+0x438>
 800206a:	f8d7 3084 	ldr.w	r3, [r7, #132]	@ 0x84
 800206e:	f833 9018 	ldrh.w	r9, [r3, r8, lsl #1]
 8002072:	e7d1      	b.n	8002018 <cbprintf_package_convert+0x43c>
	(void)cb(NULL, 0, ctx);
 8002074:	697a      	ldr	r2, [r7, #20]
 8002076:	2100      	movs	r1, #0
 8002078:	4608      	mov	r0, r1
 800207a:	69bb      	ldr	r3, [r7, #24]
 800207c:	4798      	blx	r3
	return out_len;
 800207e:	462c      	mov	r4, r5
 8002080:	e5f9      	b.n	8001c76 <cbprintf_package_convert+0x9a>
		return rv;
 8002082:	4604      	mov	r4, r0
 8002084:	e5f7      	b.n	8001c76 <cbprintf_package_convert+0x9a>
 8002086:	4604      	mov	r4, r0
 8002088:	e5f5      	b.n	8001c76 <cbprintf_package_convert+0x9a>
 800208a:	4604      	mov	r4, r0
 800208c:	e5f3      	b.n	8001c76 <cbprintf_package_convert+0x9a>
 800208e:	bf00      	nop

08002090 <__printk_hook_install>:

static printk_hook_fn_t _char_out = arch_printk_char_out;

void __printk_hook_install(printk_hook_fn_t fn)
{
	_char_out = fn;
 8002090:	4b01      	ldr	r3, [pc, #4]	@ (8002098 <__printk_hook_install+0x8>)
 8002092:	6018      	str	r0, [r3, #0]
}
 8002094:	4770      	bx	lr
 8002096:	bf00      	nop
 8002098:	200000a8 	.word	0x200000a8

0800209c <z_thread_entry>:
 * This routine does not return, and is marked as such so the compiler won't
 * generate preamble code that is only used by functions that actually return.
 */
FUNC_NORETURN void z_thread_entry(k_thread_entry_t entry,
				 void *p1, void *p2, void *p3)
{
 800209c:	b580      	push	{r7, lr}
 800209e:	4605      	mov	r5, r0
 80020a0:	460e      	mov	r6, r1
 80020a2:	4617      	mov	r7, r2
 80020a4:	4698      	mov	r8, r3
	return z_impl_k_sched_current_thread_query();
 80020a6:	f004 fe5d 	bl	8006d64 <z_impl_k_sched_current_thread_query>
 80020aa:	4603      	mov	r3, r0
 * otherwise lead to reading invalid memory and cause faults during
 * unwinding or debugging.
 */
	ARCH_CFI_UNDEFINED_RETURN_ADDRESS();
#ifdef CONFIG_CURRENT_THREAD_USE_TLS
	z_tls_current = k_sched_current_thread_query();
 80020ac:	f001 fcf8 	bl	8003aa0 <__aeabi_read_tp>
 80020b0:	4604      	mov	r4, r0
 80020b2:	f8df 9018 	ldr.w	r9, [pc, #24]	@ 80020cc <z_thread_entry+0x30>
 80020b6:	f849 3000 	str.w	r3, [r9, r0]

	sys_rand_get((uint8_t *)&stack_guard, sizeof(stack_guard));
	__stack_chk_guard = stack_guard;
	__stack_chk_guard <<= 8;
#endif	/* CONFIG_STACK_CANARIES */
	entry(p1, p2, p3);
 80020ba:	4642      	mov	r2, r8
 80020bc:	4639      	mov	r1, r7
 80020be:	4630      	mov	r0, r6
 80020c0:	47a8      	blx	r5
	return z_tls_current;
 80020c2:	f854 0009 	ldr.w	r0, [r4, r9]
	z_impl_k_thread_abort(thread);
 80020c6:	f001 fc75 	bl	80039b4 <z_impl_k_thread_abort>
	/*
	 * Compiler can't tell that k_thread_abort() won't return and issues a
	 * warning unless we tell it that control never gets this far.
	 */

	CODE_UNREACHABLE; /* LCOV_EXCL_LINE */
 80020ca:	bf00      	nop
 80020cc:	00000008 	.word	0x00000008

080020d0 <st_stm32_common_config>:
  * @rmtoll DBGMCU_CR    DBG_STOP      LL_DBGMCU_DisableDBGStopMode
  * @retval None
  */
__STATIC_INLINE void LL_DBGMCU_DisableDBGStopMode(void)
{
  CLEAR_BIT(DBGMCU->CR, DBGMCU_CR_DBG_STOP);
 80020d0:	4a03      	ldr	r2, [pc, #12]	@ (80020e0 <st_stm32_common_config+0x10>)
 80020d2:	6853      	ldr	r3, [r2, #4]
 80020d4:	f023 0302 	bic.w	r3, r3, #2
 80020d8:	6053      	str	r3, [r2, #4]
#elif defined(LL_APB2_GRP1_PERIPH_DBGMCU)
	LL_APB2_GRP1_DisableClock(LL_APB2_GRP1_PERIPH_DBGMCU);
#endif /* LL_APB1_GRP1_PERIPH_DBGMCU */

	return 0;
}
 80020da:	2000      	movs	r0, #0
 80020dc:	4770      	bx	lr
 80020de:	bf00      	nop
 80020e0:	e0042000 	.word	0xe0042000

080020e4 <stm32_gpioport_pm_action>:
	return 0;
}

static int stm32_gpioport_pm_action(const struct device *dev,
				    enum pm_device_action action)
{
 80020e4:	b508      	push	{r3, lr}
 80020e6:	460b      	mov	r3, r1
	const struct device *const clk = DEVICE_DT_GET(STM32_CLOCK_CONTROL_NODE);
	const struct gpio_stm32_config *cfg = dev->config;
 80020e8:	6841      	ldr	r1, [r0, #4]
	clock_control_subsys_t subsys = (void *)&cfg->pclken;
 80020ea:	310c      	adds	r1, #12

	switch (action) {
 80020ec:	2b01      	cmp	r3, #1
 80020ee:	d014      	beq.n	800211a <stm32_gpioport_pm_action+0x36>
 80020f0:	d80a      	bhi.n	8002108 <stm32_gpioport_pm_action+0x24>
 80020f2:	b933      	cbnz	r3, 8002102 <stm32_gpioport_pm_action+0x1e>
 * @return 0 on success, negative errno on failure.
 */
static inline int clock_control_off(const struct device *dev,
				    clock_control_subsys_t sys)
{
	const struct clock_control_driver_api *api =
 80020f4:	4b0f      	ldr	r3, [pc, #60]	@ (8002134 <stm32_gpioport_pm_action+0x50>)
 80020f6:	689b      	ldr	r3, [r3, #8]
		(const struct clock_control_driver_api *)dev->api;

	if (api->off == NULL) {
 80020f8:	685b      	ldr	r3, [r3, #4]
 80020fa:	b1c3      	cbz	r3, 800212e <stm32_gpioport_pm_action+0x4a>
		return -ENOSYS;
	}

	return api->off(dev, sys);
 80020fc:	480d      	ldr	r0, [pc, #52]	@ (8002134 <stm32_gpioport_pm_action+0x50>)
 80020fe:	4798      	blx	r3
 8002100:	e007      	b.n	8002112 <stm32_gpioport_pm_action+0x2e>
 8002102:	f06f 0085 	mvn.w	r0, #133	@ 0x85
 8002106:	e004      	b.n	8002112 <stm32_gpioport_pm_action+0x2e>
 8002108:	3b02      	subs	r3, #2
 800210a:	b2db      	uxtb	r3, r3
 800210c:	2b01      	cmp	r3, #1
 800210e:	d801      	bhi.n	8002114 <stm32_gpioport_pm_action+0x30>
		break;
	default:
		return -ENOTSUP;
	}

	return 0;
 8002110:	2000      	movs	r0, #0
}
 8002112:	bd08      	pop	{r3, pc}
	switch (action) {
 8002114:	f06f 0085 	mvn.w	r0, #133	@ 0x85
 8002118:	e7fb      	b.n	8002112 <stm32_gpioport_pm_action+0x2e>
	const struct clock_control_driver_api *api =
 800211a:	4b06      	ldr	r3, [pc, #24]	@ (8002134 <stm32_gpioport_pm_action+0x50>)
 800211c:	689b      	ldr	r3, [r3, #8]
	if (api->on == NULL) {
 800211e:	681b      	ldr	r3, [r3, #0]
 8002120:	b113      	cbz	r3, 8002128 <stm32_gpioport_pm_action+0x44>
	return api->on(dev, sys);
 8002122:	4804      	ldr	r0, [pc, #16]	@ (8002134 <stm32_gpioport_pm_action+0x50>)
 8002124:	4798      	blx	r3
 8002126:	e7f4      	b.n	8002112 <stm32_gpioport_pm_action+0x2e>
		return -ENOSYS;
 8002128:	f06f 0057 	mvn.w	r0, #87	@ 0x57
 800212c:	e7f1      	b.n	8002112 <stm32_gpioport_pm_action+0x2e>
		return -ENOSYS;
 800212e:	f06f 0057 	mvn.w	r0, #87	@ 0x57
 8002132:	e7ee      	b.n	8002112 <stm32_gpioport_pm_action+0x2e>
 8002134:	0800a774 	.word	0x0800a774

08002138 <stm32_gpioport_init>:

__maybe_unused static int stm32_gpioport_init(const struct device *dev)
{
 8002138:	b508      	push	{r3, lr}
	LL_PWR_EnableVddIO2();
#endif
	z_stm32_hsem_unlock(CFG_HW_RCC_SEMID);
#endif

	return pm_device_driver_init(dev, stm32_gpioport_pm_action);
 800213a:	4902      	ldr	r1, [pc, #8]	@ (8002144 <stm32_gpioport_init+0xc>)
 800213c:	f006 fd5f 	bl	8008bfe <pm_device_driver_init>
}
 8002140:	bd08      	pop	{r3, pc}
 8002142:	bf00      	nop
 8002144:	080020e5 	.word	0x080020e5

08002148 <stm32_gpioport_get>:
{
 8002148:	b510      	push	{r4, lr}
	if (port_index >= ARRAY_SIZE(gpio_ports)) {
 800214a:	2819      	cmp	r0, #25
 800214c:	d808      	bhi.n	8002160 <stm32_gpioport_get+0x18>
	dev = gpio_ports[port_index];
 800214e:	4b06      	ldr	r3, [pc, #24]	@ (8002168 <stm32_gpioport_get+0x20>)
 8002150:	f853 4020 	ldr.w	r4, [r3, r0, lsl #2]
 8002154:	4620      	mov	r0, r4
 8002156:	f008 f807 	bl	800a168 <z_impl_device_is_ready>
	return device_is_ready(dev) ? dev : NULL;
 800215a:	b118      	cbz	r0, 8002164 <stm32_gpioport_get+0x1c>
}
 800215c:	4620      	mov	r0, r4
 800215e:	bd10      	pop	{r4, pc}
		return NULL;
 8002160:	2400      	movs	r4, #0
 8002162:	e7fb      	b.n	800215c <stm32_gpioport_get+0x14>
	return device_is_ready(dev) ? dev : NULL;
 8002164:	2400      	movs	r4, #0
 8002166:	e7f9      	b.n	800215c <stm32_gpioport_get+0x14>
 8002168:	0800c298 	.word	0x0800c298

0800216c <stm32_backup_domain_enable_access>:
 */
__STATIC_FORCEINLINE uint32_t __get_BASEPRI(void)
{
  uint32_t result;

  __ASM volatile ("MRS %0, basepri" : "=r" (result) );
 800216c:	f3ef 8211 	mrs	r2, BASEPRI
           or the new value increases the BASEPRI priority level.
  \param [in]    basePri  Base Priority value to set
 */
__STATIC_FORCEINLINE void __set_BASEPRI_MAX(uint32_t basePri)
{
  __ASM volatile ("MSR basepri_max, %0" : : "r" (basePri) : "memory");
 8002170:	2310      	movs	r3, #16
 8002172:	f383 8812 	msr	BASEPRI_MAX, r3
           so that all instructions following the ISB are fetched from cache or memory,
           after the instruction has been completed.
 */
__STATIC_FORCEINLINE void __ISB(void)
{
  __ASM volatile ("isb 0xF":::"memory");
 8002176:	f3bf 8f6f 	isb	sy

void stm32_backup_domain_enable_access(void)
{
	k_spinlock_key_t key = k_spin_lock(&lock);

	if (refcount == 0U) {
 800217a:	4b0b      	ldr	r3, [pc, #44]	@ (80021a8 <stm32_backup_domain_enable_access+0x3c>)
 800217c:	681b      	ldr	r3, [r3, #0]
 800217e:	b94b      	cbnz	r3, 8002194 <stm32_backup_domain_enable_access+0x28>
  * @rmtoll CR    DBP       LL_PWR_EnableBkUpAccess
  * @retval None
  */
__STATIC_INLINE void LL_PWR_EnableBkUpAccess(void)
{
  SET_BIT(PWR->CR, PWR_CR_DBP);
 8002180:	490a      	ldr	r1, [pc, #40]	@ (80021ac <stm32_backup_domain_enable_access+0x40>)
 8002182:	680b      	ldr	r3, [r1, #0]
 8002184:	f443 7380 	orr.w	r3, r3, #256	@ 0x100
 8002188:	600b      	str	r3, [r1, #0]
  * @rmtoll CR    DBP       LL_PWR_IsEnabledBkUpAccess
  * @retval State of bit (1 or 0).
  */
__STATIC_INLINE uint32_t LL_PWR_IsEnabledBkUpAccess(void)
{
  return (READ_BIT(PWR->CR, PWR_CR_DBP) == (PWR_CR_DBP));
 800218a:	4b08      	ldr	r3, [pc, #32]	@ (80021ac <stm32_backup_domain_enable_access+0x40>)
 800218c:	681b      	ldr	r3, [r3, #0]
		ENABLE_BKUP_ACCESS();
		while (!IS_ENABLED_BKUP_ACCESS()) {
 800218e:	f413 7f80 	tst.w	r3, #256	@ 0x100
 8002192:	d0fa      	beq.n	800218a <stm32_backup_domain_enable_access+0x1e>
		}
	}
	refcount++;
 8002194:	4904      	ldr	r1, [pc, #16]	@ (80021a8 <stm32_backup_domain_enable_access+0x3c>)
 8002196:	680b      	ldr	r3, [r1, #0]
 8002198:	3301      	adds	r3, #1
 800219a:	600b      	str	r3, [r1, #0]
  __ASM volatile ("MSR basepri, %0" : : "r" (basePri) : "memory");
 800219c:	f382 8811 	msr	BASEPRI, r2
 80021a0:	f3bf 8f6f 	isb	sy

	k_spin_unlock(&lock, key);
}
 80021a4:	4770      	bx	lr
 80021a6:	bf00      	nop
 80021a8:	2000152c 	.word	0x2000152c
 80021ac:	40007000 	.word	0x40007000

080021b0 <stm32_backup_domain_disable_access>:

void stm32_backup_domain_disable_access(void)
{
 80021b0:	b510      	push	{r4, lr}
  __ASM volatile ("MRS %0, basepri" : "=r" (result) );
 80021b2:	f3ef 8411 	mrs	r4, BASEPRI
  __ASM volatile ("MSR basepri_max, %0" : : "r" (basePri) : "memory");
 80021b6:	2310      	movs	r3, #16
 80021b8:	f383 8812 	msr	BASEPRI_MAX, r3
 80021bc:	f3bf 8f6f 	isb	sy
	k_spinlock_key_t key = k_spin_lock(&lock);

	if (refcount == 0U) {
 80021c0:	4b14      	ldr	r3, [pc, #80]	@ (8002214 <stm32_backup_domain_disable_access+0x64>)
 80021c2:	681b      	ldr	r3, [r3, #0]
 80021c4:	b9a3      	cbnz	r3, 80021f0 <stm32_backup_domain_disable_access+0x40>
/* Included from <atomic.h> */

static inline bool atomic_cas(atomic_t *target, atomic_val_t old_value,
			  atomic_val_t new_value)
{
	return __atomic_compare_exchange_n(target, &old_value, new_value,
 80021c6:	4b14      	ldr	r3, [pc, #80]	@ (8002218 <stm32_backup_domain_disable_access+0x68>)
 80021c8:	2201      	movs	r2, #1
 80021ca:	f3bf 8f5b 	dmb	ish
 80021ce:	e853 1f00 	ldrex	r1, [r3]
 80021d2:	2900      	cmp	r1, #0
 80021d4:	d103      	bne.n	80021de <stm32_backup_domain_disable_access+0x2e>
 80021d6:	e843 2000 	strex	r0, r2, [r3]
 80021da:	2800      	cmp	r0, #0
 80021dc:	d1f7      	bne.n	80021ce <stm32_backup_domain_disable_access+0x1e>
 80021de:	f3bf 8f5b 	dmb	ish
		LOG_WRN_ONCE("Unbalanced backup domain access refcount");
 80021e2:	d10b      	bne.n	80021fc <stm32_backup_domain_disable_access+0x4c>
	z_impl_z_log_msg_simple_create_0(source, level, fmt);
 80021e4:	4a0d      	ldr	r2, [pc, #52]	@ (800221c <stm32_backup_domain_disable_access+0x6c>)
 80021e6:	2102      	movs	r1, #2
 80021e8:	480d      	ldr	r0, [pc, #52]	@ (8002220 <stm32_backup_domain_disable_access+0x70>)
 80021ea:	f006 feb1 	bl	8008f50 <z_impl_z_log_msg_simple_create_0>
 80021ee:	e005      	b.n	80021fc <stm32_backup_domain_disable_access+0x4c>
	} else {
		if (refcount == 1U) {
 80021f0:	2b01      	cmp	r3, #1
 80021f2:	d008      	beq.n	8002206 <stm32_backup_domain_disable_access+0x56>
			DISABLE_BKUP_ACCESS();
		}
		refcount--;
 80021f4:	4a07      	ldr	r2, [pc, #28]	@ (8002214 <stm32_backup_domain_disable_access+0x64>)
 80021f6:	6813      	ldr	r3, [r2, #0]
 80021f8:	3b01      	subs	r3, #1
 80021fa:	6013      	str	r3, [r2, #0]
  __ASM volatile ("MSR basepri, %0" : : "r" (basePri) : "memory");
 80021fc:	f384 8811 	msr	BASEPRI, r4
 8002200:	f3bf 8f6f 	isb	sy
	}

	k_spin_unlock(&lock, key);
}
 8002204:	bd10      	pop	{r4, pc}
  CLEAR_BIT(PWR->CR, PWR_CR_DBP);
 8002206:	4a07      	ldr	r2, [pc, #28]	@ (8002224 <stm32_backup_domain_disable_access+0x74>)
 8002208:	6813      	ldr	r3, [r2, #0]
 800220a:	f423 7380 	bic.w	r3, r3, #256	@ 0x100
 800220e:	6013      	str	r3, [r2, #0]
}
 8002210:	e7f0      	b.n	80021f4 <stm32_backup_domain_disable_access+0x44>
 8002212:	bf00      	nop
 8002214:	2000152c 	.word	0x2000152c
 8002218:	20001528 	.word	0x20001528
 800221c:	0800b300 	.word	0x0800b300
 8002220:	0800af28 	.word	0x0800af28
 8002224:	40007000 	.word	0x40007000

08002228 <soc_early_init_hook>:
  * @rmtoll FLASH_ACR    PRFTEN        LL_FLASH_EnablePrefetch
  * @retval None
  */
__STATIC_INLINE void LL_FLASH_EnablePrefetch(void)
{
  SET_BIT(FLASH->ACR, FLASH_ACR_PRFTEN);
 8002228:	4b08      	ldr	r3, [pc, #32]	@ (800224c <soc_early_init_hook+0x24>)
 800222a:	681a      	ldr	r2, [r3, #0]
 800222c:	f442 7280 	orr.w	r2, r2, #256	@ 0x100
 8002230:	601a      	str	r2, [r3, #0]
  * @rmtoll FLASH_ACR    ICEN          LL_FLASH_EnableInstCache
  * @retval None
  */
__STATIC_INLINE void LL_FLASH_EnableInstCache(void)
{
  SET_BIT(FLASH->ACR, FLASH_ACR_ICEN);
 8002232:	681a      	ldr	r2, [r3, #0]
 8002234:	f442 7200 	orr.w	r2, r2, #512	@ 0x200
 8002238:	601a      	str	r2, [r3, #0]
  * @rmtoll FLASH_ACR    DCEN          LL_FLASH_EnableDataCache
  * @retval None
  */
__STATIC_INLINE void LL_FLASH_EnableDataCache(void)
{
  SET_BIT(FLASH->ACR, FLASH_ACR_DCEN);
 800223a:	681a      	ldr	r2, [r3, #0]
 800223c:	f442 6280 	orr.w	r2, r2, #1024	@ 0x400
 8002240:	601a      	str	r2, [r3, #0]
	LL_FLASH_EnableInstCache();
	LL_FLASH_EnableDataCache();

	/* Update CMSIS SystemCoreClock variable (HCLK) */
	/* At reset, system core clock is set to 16 MHz from HSI */
	SystemCoreClock = 16000000;
 8002242:	4b03      	ldr	r3, [pc, #12]	@ (8002250 <soc_early_init_hook+0x28>)
 8002244:	4a03      	ldr	r2, [pc, #12]	@ (8002254 <soc_early_init_hook+0x2c>)
 8002246:	601a      	str	r2, [r3, #0]
#if CONFIG_PM
	stm32_power_init();
#endif
}
 8002248:	4770      	bx	lr
 800224a:	bf00      	nop
 800224c:	40023c00 	.word	0x40023c00
 8002250:	20000108 	.word	0x20000108
 8002254:	00f42400 	.word	0x00f42400

08002258 <msg_process>:
		return true;
	}
}

static void msg_process(union log_msg_generic *msg)
{
 8002258:	b538      	push	{r3, r4, r5, lr}
 800225a:	4605      	mov	r5, r0
	STRUCT_SECTION_FOREACH(log_backend, backend) {
 800225c:	4c0b      	ldr	r4, [pc, #44]	@ (800228c <msg_process+0x34>)
 800225e:	e000      	b.n	8002262 <msg_process+0xa>
 8002260:	3410      	adds	r4, #16
 8002262:	4b0b      	ldr	r3, [pc, #44]	@ (8002290 <msg_process+0x38>)
 8002264:	429c      	cmp	r4, r3
 8002266:	d20f      	bcs.n	8002288 <msg_process+0x30>
 */
static inline bool log_backend_is_active(
				const struct log_backend *const backend)
{
	__ASSERT_NO_MSG(backend != NULL);
	return backend->cb->active;
 8002268:	6863      	ldr	r3, [r4, #4]
 800226a:	795b      	ldrb	r3, [r3, #5]
		if (log_backend_is_active(backend) &&
 800226c:	2b00      	cmp	r3, #0
 800226e:	d0f7      	beq.n	8002260 <msg_process+0x8>
		    msg_filter_check(backend, msg)) {
 8002270:	4629      	mov	r1, r5
 8002272:	4620      	mov	r0, r4
 8002274:	f006 fdc0 	bl	8008df8 <msg_filter_check>
		if (log_backend_is_active(backend) &&
 8002278:	2800      	cmp	r0, #0
 800227a:	d0f1      	beq.n	8002260 <msg_process+0x8>
	backend->api->process(backend, msg);
 800227c:	6823      	ldr	r3, [r4, #0]
 800227e:	681b      	ldr	r3, [r3, #0]
 8002280:	4629      	mov	r1, r5
 8002282:	4620      	mov	r0, r4
 8002284:	4798      	blx	r3
}
 8002286:	e7eb      	b.n	8002260 <msg_process+0x8>
			log_backend_msg_process(backend, msg);
		}
	}
}
 8002288:	bd38      	pop	{r3, r4, r5, pc}
 800228a:	bf00      	nop
 800228c:	0800af40 	.word	0x0800af40
 8002290:	0800af50 	.word	0x0800af50

08002294 <log_backend_notify_all>:
	return mpsc_pbuf_get_max_utilization(&log_buffer, max);
}

static void log_backend_notify_all(enum log_backend_evt event,
				   union log_backend_evt_arg *arg)
{
 8002294:	b570      	push	{r4, r5, r6, lr}
 8002296:	4606      	mov	r6, r0
 8002298:	460d      	mov	r5, r1
	STRUCT_SECTION_FOREACH(log_backend, backend) {
 800229a:	4c08      	ldr	r4, [pc, #32]	@ (80022bc <log_backend_notify_all+0x28>)
 800229c:	e000      	b.n	80022a0 <log_backend_notify_all+0xc>
 800229e:	3410      	adds	r4, #16
 80022a0:	4b07      	ldr	r3, [pc, #28]	@ (80022c0 <log_backend_notify_all+0x2c>)
 80022a2:	429c      	cmp	r4, r3
 80022a4:	d208      	bcs.n	80022b8 <log_backend_notify_all+0x24>
				      enum log_backend_evt event,
				      union log_backend_evt_arg *arg)
{
	__ASSERT_NO_MSG(backend != NULL);

	if (backend->api->notify) {
 80022a6:	6823      	ldr	r3, [r4, #0]
 80022a8:	699b      	ldr	r3, [r3, #24]
 80022aa:	2b00      	cmp	r3, #0
 80022ac:	d0f7      	beq.n	800229e <log_backend_notify_all+0xa>
		backend->api->notify(backend, event, arg);
 80022ae:	462a      	mov	r2, r5
 80022b0:	4631      	mov	r1, r6
 80022b2:	4620      	mov	r0, r4
 80022b4:	4798      	blx	r3
 80022b6:	e7f2      	b.n	800229e <log_backend_notify_all+0xa>
		log_backend_notify(backend, event, arg);
	}
}
 80022b8:	bd70      	pop	{r4, r5, r6, pc}
 80022ba:	bf00      	nop
 80022bc:	0800af40 	.word	0x0800af40
 80022c0:	0800af50 	.word	0x0800af50

080022c4 <default_lf_get_timestamp>:
{
 80022c4:	b508      	push	{r3, lr}
	return z_impl_k_uptime_ticks();
 80022c6:	f008 f9d6 	bl	800a676 <z_impl_k_uptime_ticks>
	return k_ticks_to_ms_floor64(k_uptime_ticks());
 80022ca:	2200      	movs	r2, #0
 80022cc:	1843      	adds	r3, r0, r1
 80022ce:	d219      	bcs.n	8002304 <default_lf_get_timestamp+0x40>
 80022d0:	4413      	add	r3, r2
 80022d2:	4a0d      	ldr	r2, [pc, #52]	@ (8002308 <default_lf_get_timestamp+0x44>)
 80022d4:	fba2 ce03 	umull	ip, lr, r2, r3
 80022d8:	f02e 0c03 	bic.w	ip, lr, #3
 80022dc:	eb0c 0c9e 	add.w	ip, ip, lr, lsr #2
 80022e0:	eba3 030c 	sub.w	r3, r3, ip
 80022e4:	1ac0      	subs	r0, r0, r3
 80022e6:	f161 0100 	sbc.w	r1, r1, #0
 80022ea:	f04f 33cc 	mov.w	r3, #3435973836	@ 0xcccccccc
 80022ee:	fb00 f303 	mul.w	r3, r0, r3
 80022f2:	fb02 3301 	mla	r3, r2, r1, r3
 80022f6:	fba0 0202 	umull	r0, r2, r0, r2
 80022fa:	4413      	add	r3, r2
 80022fc:	0840      	lsrs	r0, r0, #1
}
 80022fe:	ea40 70c3 	orr.w	r0, r0, r3, lsl #31
 8002302:	bd08      	pop	{r3, pc}
 8002304:	2201      	movs	r2, #1
 8002306:	e7e3      	b.n	80022d0 <default_lf_get_timestamp+0xc>
 8002308:	cccccccd 	.word	0xcccccccd

0800230c <activate_foreach_backend>:
{
 800230c:	e92d 41f0 	stmdb	sp!, {r4, r5, r6, r7, r8, lr}
 8002310:	4607      	mov	r7, r0
	uint32_t mask_cpy = mask;
 8002312:	4605      	mov	r5, r0
	while (mask_cpy) {
 8002314:	e00a      	b.n	800232c <activate_foreach_backend+0x20>
			mask &= ~BIT(i);
 8002316:	ea07 0708 	and.w	r7, r7, r8
			log_backend_enable(backend, backend->cb->ctx, level);
 800231a:	4b14      	ldr	r3, [pc, #80]	@ (800236c <activate_foreach_backend+0x60>)
 800231c:	eb03 1306 	add.w	r3, r3, r6, lsl #4
 8002320:	685b      	ldr	r3, [r3, #4]
 8002322:	2204      	movs	r2, #4
 8002324:	6819      	ldr	r1, [r3, #0]
 8002326:	4620      	mov	r0, r4
 8002328:	f006 fda6 	bl	8008e78 <log_backend_enable>
	while (mask_cpy) {
 800232c:	b1d5      	cbz	r5, 8002364 <activate_foreach_backend+0x58>
		uint32_t i = __builtin_ctz(mask_cpy);
 800232e:	fa95 f6a5 	rbit	r6, r5
 8002332:	fab6 f686 	clz	r6, r6
	STRUCT_SECTION_GET(log_backend, idx, &backend);
 8002336:	4c0d      	ldr	r4, [pc, #52]	@ (800236c <activate_foreach_backend+0x60>)
 8002338:	eb04 1406 	add.w	r4, r4, r6, lsl #4
		mask_cpy &= ~BIT(i);
 800233c:	2301      	movs	r3, #1
 800233e:	40b3      	lsls	r3, r6
 8002340:	ea6f 0803 	mvn.w	r8, r3
 8002344:	ea25 0503 	bic.w	r5, r5, r3
		if (backend->autostart && (log_backend_is_ready(backend) == 0)) {
 8002348:	7b23      	ldrb	r3, [r4, #12]
 800234a:	2b00      	cmp	r3, #0
 800234c:	d0ee      	beq.n	800232c <activate_foreach_backend+0x20>
	if (backend->api->is_ready != NULL) {
 800234e:	0133      	lsls	r3, r6, #4
 8002350:	4a06      	ldr	r2, [pc, #24]	@ (800236c <activate_foreach_backend+0x60>)
 8002352:	58d3      	ldr	r3, [r2, r3]
 8002354:	691b      	ldr	r3, [r3, #16]
 8002356:	2b00      	cmp	r3, #0
 8002358:	d0dd      	beq.n	8002316 <activate_foreach_backend+0xa>
		return backend->api->is_ready(backend);
 800235a:	4620      	mov	r0, r4
 800235c:	4798      	blx	r3
 800235e:	2800      	cmp	r0, #0
 8002360:	d1e4      	bne.n	800232c <activate_foreach_backend+0x20>
 8002362:	e7d8      	b.n	8002316 <activate_foreach_backend+0xa>
}
 8002364:	4638      	mov	r0, r7
 8002366:	e8bd 81f0 	ldmia.w	sp!, {r4, r5, r6, r7, r8, pc}
 800236a:	bf00      	nop
 800236c:	0800af40 	.word	0x0800af40

08002370 <z_log_init>:
{
 8002370:	e92d 41f0 	stmdb	sp!, {r4, r5, r6, r7, r8, lr}
 8002374:	4680      	mov	r8, r0
 8002376:	460f      	mov	r7, r1
					   __ATOMIC_SEQ_CST);
}

static inline atomic_val_t atomic_add(atomic_t *target, atomic_val_t value)
{
	return __atomic_fetch_add(target, value, __ATOMIC_SEQ_CST);
 8002378:	4b1f      	ldr	r3, [pc, #124]	@ (80023f8 <z_log_init+0x88>)
 800237a:	f3bf 8f5b 	dmb	ish
 800237e:	e853 5f00 	ldrex	r5, [r3]
 8002382:	1c6a      	adds	r2, r5, #1
 8002384:	e843 2100 	strex	r1, r2, [r3]
 8002388:	2900      	cmp	r1, #0
 800238a:	d1f8      	bne.n	800237e <z_log_init+0xe>
 800238c:	f3bf 8f5b 	dmb	ish
	if (atomic_inc(&initialized) != 0) {
 8002390:	bb6d      	cbnz	r5, 80023ee <z_log_init+0x7e>
	STRUCT_SECTION_FOREACH(log_backend, backend) {
 8002392:	4c1a      	ldr	r4, [pc, #104]	@ (80023fc <z_log_init+0x8c>)
	int backend_index = 0;
 8002394:	2600      	movs	r6, #0
 8002396:	e007      	b.n	80023a8 <z_log_init+0x38>
				log_backend_enable(backend, backend->cb->ctx, level);
 8002398:	6863      	ldr	r3, [r4, #4]
 800239a:	2204      	movs	r2, #4
 800239c:	6819      	ldr	r1, [r3, #0]
 800239e:	4620      	mov	r0, r4
 80023a0:	f006 fd6a 	bl	8008e78 <log_backend_enable>
		++backend_index;
 80023a4:	3601      	adds	r6, #1
	STRUCT_SECTION_FOREACH(log_backend, backend) {
 80023a6:	3410      	adds	r4, #16
 80023a8:	4b15      	ldr	r3, [pc, #84]	@ (8002400 <z_log_init+0x90>)
 80023aa:	429c      	cmp	r4, r3
 80023ac:	d211      	bcs.n	80023d2 <z_log_init+0x62>
		if (backend->autostart) {
 80023ae:	7b23      	ldrb	r3, [r4, #12]
 80023b0:	2b00      	cmp	r3, #0
 80023b2:	d0f7      	beq.n	80023a4 <z_log_init+0x34>
			log_backend_init(backend);
 80023b4:	4620      	mov	r0, r4
 80023b6:	f006 fd13 	bl	8008de0 <log_backend_init>
	if (backend->api->is_ready != NULL) {
 80023ba:	6823      	ldr	r3, [r4, #0]
 80023bc:	691b      	ldr	r3, [r3, #16]
 80023be:	2b00      	cmp	r3, #0
 80023c0:	d0ea      	beq.n	8002398 <z_log_init+0x28>
		return backend->api->is_ready(backend);
 80023c2:	4620      	mov	r0, r4
 80023c4:	4798      	blx	r3
			if (log_backend_is_ready(backend) == 0) {
 80023c6:	2800      	cmp	r0, #0
 80023c8:	d0e6      	beq.n	8002398 <z_log_init+0x28>
				mask |= BIT(backend_index);
 80023ca:	2301      	movs	r3, #1
 80023cc:	40b3      	lsls	r3, r6
 80023ce:	431d      	orrs	r5, r3
 80023d0:	e7e8      	b.n	80023a4 <z_log_init+0x34>
	if (blocking) {
 80023d2:	f1b8 0f00 	cmp.w	r8, #0
 80023d6:	d00b      	beq.n	80023f0 <z_log_init+0x80>
		while (mask) {
 80023d8:	b155      	cbz	r5, 80023f0 <z_log_init+0x80>
			mask = activate_foreach_backend(mask);
 80023da:	4628      	mov	r0, r5
 80023dc:	f7ff ff96 	bl	800230c <activate_foreach_backend>
 80023e0:	4605      	mov	r5, r0
			if (IS_ENABLED(CONFIG_MULTITHREADING) && can_sleep) {
 80023e2:	2f00      	cmp	r7, #0
 80023e4:	d0f8      	beq.n	80023d8 <z_log_init+0x68>
				k_msleep(10);
 80023e6:	200a      	movs	r0, #10
 80023e8:	f006 fd08 	bl	8008dfc <k_msleep>
 80023ec:	e7f4      	b.n	80023d8 <z_log_init+0x68>
		return 0;
 80023ee:	2500      	movs	r5, #0
}
 80023f0:	4628      	mov	r0, r5
 80023f2:	e8bd 81f0 	ldmia.w	sp!, {r4, r5, r6, r7, r8, pc}
 80023f6:	bf00      	nop
 80023f8:	20001544 	.word	0x20001544
 80023fc:	0800af40 	.word	0x0800af40
 8002400:	0800af50 	.word	0x0800af50

08002404 <thread_set>:
{
 8002404:	b508      	push	{r3, lr}
	proc_tid = process_tid;
 8002406:	4b06      	ldr	r3, [pc, #24]	@ (8002420 <thread_set+0x1c>)
 8002408:	6018      	str	r0, [r3, #0]
	if (CONFIG_LOG_PROCESS_TRIGGER_THRESHOLD &&
 800240a:	b118      	cbz	r0, 8002414 <thread_set+0x10>
	    buffered_cnt >= CONFIG_LOG_PROCESS_TRIGGER_THRESHOLD) {
 800240c:	4b05      	ldr	r3, [pc, #20]	@ (8002424 <thread_set+0x20>)
 800240e:	681b      	ldr	r3, [r3, #0]
	    process_tid &&
 8002410:	2b09      	cmp	r3, #9
 8002412:	dc00      	bgt.n	8002416 <thread_set+0x12>
}
 8002414:	bd08      	pop	{r3, pc}
	z_impl_k_sem_give(sem);
 8002416:	4804      	ldr	r0, [pc, #16]	@ (8002428 <thread_set+0x24>)
 8002418:	f004 f814 	bl	8006444 <z_impl_k_sem_give>
}
 800241c:	e7fa      	b.n	8002414 <thread_set+0x10>
 800241e:	bf00      	nop
 8002420:	20001538 	.word	0x20001538
 8002424:	20001540 	.word	0x20001540
 8002428:	2000039c 	.word	0x2000039c

0800242c <log_process_thread_timer_expiry_fn>:

static void log_process_thread_timer_expiry_fn(struct k_timer *timer)
{
 800242c:	b508      	push	{r3, lr}
	z_impl_k_sem_give(sem);
 800242e:	4802      	ldr	r0, [pc, #8]	@ (8002438 <log_process_thread_timer_expiry_fn+0xc>)
 8002430:	f004 f808 	bl	8006444 <z_impl_k_sem_give>
	k_sem_give(&log_process_thread_sem);
}
 8002434:	bd08      	pop	{r3, pc}
 8002436:	bf00      	nop
 8002438:	2000039c 	.word	0x2000039c

0800243c <enable_logger>:

K_KERNEL_STACK_DEFINE(logging_stack, CONFIG_LOG_PROCESS_THREAD_STACK_SIZE);
struct k_thread logging_thread;

static int enable_logger(void)
{
 800243c:	b530      	push	{r4, r5, lr}
 800243e:	b089      	sub	sp, #36	@ 0x24
	if (IS_ENABLED(CONFIG_LOG_PROCESS_THREAD)) {
		k_timer_init(&log_process_thread_timer,
 8002440:	2200      	movs	r2, #0
 8002442:	490f      	ldr	r1, [pc, #60]	@ (8002480 <enable_logger+0x44>)
 8002444:	480f      	ldr	r0, [pc, #60]	@ (8002484 <enable_logger+0x48>)
 8002446:	f008 f91a 	bl	800a67e <k_timer_init>
	return z_impl_k_thread_create(new_thread, stack, stack_size, entry, p1, p2, p3, prio, options, delay);
 800244a:	4d0f      	ldr	r5, [pc, #60]	@ (8002488 <enable_logger+0x4c>)
 800244c:	2200      	movs	r2, #0
 800244e:	2300      	movs	r3, #0
 8002450:	e9cd 2306 	strd	r2, r3, [sp, #24]
 8002454:	2400      	movs	r4, #0
 8002456:	9404      	str	r4, [sp, #16]
 8002458:	230e      	movs	r3, #14
 800245a:	9303      	str	r3, [sp, #12]
 800245c:	9402      	str	r4, [sp, #8]
 800245e:	9401      	str	r4, [sp, #4]
 8002460:	9400      	str	r4, [sp, #0]
 8002462:	4b0a      	ldr	r3, [pc, #40]	@ (800248c <enable_logger+0x50>)
 8002464:	f44f 7240 	mov.w	r2, #768	@ 0x300
 8002468:	4909      	ldr	r1, [pc, #36]	@ (8002490 <enable_logger+0x54>)
 800246a:	4628      	mov	r0, r5
 800246c:	f007 ff72 	bl	800a354 <z_impl_k_thread_create>
	return z_impl_k_thread_name_set(thread, str);
 8002470:	4908      	ldr	r1, [pc, #32]	@ (8002494 <enable_logger+0x58>)
 8002472:	4628      	mov	r0, r5
 8002474:	f004 f852 	bl	800651c <z_impl_k_thread_name_set>
	} else {
		(void)z_log_init(false, false);
	}

	return 0;
}
 8002478:	4620      	mov	r0, r4
 800247a:	b009      	add	sp, #36	@ 0x24
 800247c:	bd30      	pop	{r4, r5, pc}
 800247e:	bf00      	nop
 8002480:	0800242d 	.word	0x0800242d
 8002484:	20001230 	.word	0x20001230
 8002488:	20000d78 	.word	0x20000d78
 800248c:	0800282d 	.word	0x0800282d
 8002490:	20003600 	.word	0x20003600
 8002494:	0800b340 	.word	0x0800b340

08002498 <log_format_func_t_get>:
}
 8002498:	4b01      	ldr	r3, [pc, #4]	@ (80024a0 <log_format_func_t_get+0x8>)
 800249a:	f853 0020 	ldr.w	r0, [r3, r0, lsl #2]
 800249e:	4770      	bx	lr
 80024a0:	0800c314 	.word	0x0800c314

080024a4 <log_set_timestamp_func>:
	if (timestamp_getter == NULL) {
 80024a4:	b148      	cbz	r0, 80024ba <log_set_timestamp_func+0x16>
{
 80024a6:	b508      	push	{r3, lr}
	timestamp_func = timestamp_getter;
 80024a8:	4a05      	ldr	r2, [pc, #20]	@ (80024c0 <log_set_timestamp_func+0x1c>)
 80024aa:	6010      	str	r0, [r2, #0]
	timestamp_freq = freq;
 80024ac:	4b05      	ldr	r3, [pc, #20]	@ (80024c4 <log_set_timestamp_func+0x20>)
 80024ae:	6019      	str	r1, [r3, #0]
		log_output_timestamp_freq_set(freq);
 80024b0:	4608      	mov	r0, r1
 80024b2:	f000 fd21 	bl	8002ef8 <log_output_timestamp_freq_set>
	return 0;
 80024b6:	2000      	movs	r0, #0
}
 80024b8:	bd08      	pop	{r3, pc}
		return -EINVAL;
 80024ba:	f06f 0015 	mvn.w	r0, #21
}
 80024be:	4770      	bx	lr
 80024c0:	200000ac 	.word	0x200000ac
 80024c4:	20001534 	.word	0x20001534

080024c8 <z_log_notify_backend_enabled>:
{
 80024c8:	b508      	push	{r3, lr}
	if (IS_ENABLED(CONFIG_LOG_PROCESS_THREAD) && !backend_attached) {
 80024ca:	4b05      	ldr	r3, [pc, #20]	@ (80024e0 <z_log_notify_backend_enabled+0x18>)
 80024cc:	781b      	ldrb	r3, [r3, #0]
 80024ce:	b11b      	cbz	r3, 80024d8 <z_log_notify_backend_enabled+0x10>
	backend_attached = true;
 80024d0:	4b03      	ldr	r3, [pc, #12]	@ (80024e0 <z_log_notify_backend_enabled+0x18>)
 80024d2:	2201      	movs	r2, #1
 80024d4:	701a      	strb	r2, [r3, #0]
}
 80024d6:	bd08      	pop	{r3, pc}
	z_impl_k_sem_give(sem);
 80024d8:	4802      	ldr	r0, [pc, #8]	@ (80024e4 <z_log_notify_backend_enabled+0x1c>)
 80024da:	f003 ffb3 	bl	8006444 <z_impl_k_sem_give>
}
 80024de:	e7f7      	b.n	80024d0 <z_log_notify_backend_enabled+0x8>
 80024e0:	20001654 	.word	0x20001654
 80024e4:	2000039c 	.word	0x2000039c

080024e8 <z_log_dropped>:
{
 80024e8:	b508      	push	{r3, lr}
 80024ea:	4b10      	ldr	r3, [pc, #64]	@ (800252c <z_log_dropped+0x44>)
 80024ec:	f3bf 8f5b 	dmb	ish
 80024f0:	e853 1f00 	ldrex	r1, [r3]
 80024f4:	3101      	adds	r1, #1
 80024f6:	e843 1200 	strex	r2, r1, [r3]
 80024fa:	2a00      	cmp	r2, #0
 80024fc:	d1f8      	bne.n	80024f0 <z_log_dropped+0x8>
 80024fe:	f3bf 8f5b 	dmb	ish
	if (buffered) {
 8002502:	b930      	cbnz	r0, 8002512 <z_log_dropped+0x2a>
	z_impl_k_timer_stop(timer);
 8002504:	480a      	ldr	r0, [pc, #40]	@ (8002530 <z_log_dropped+0x48>)
 8002506:	f004 ff9d 	bl	8007444 <z_impl_k_timer_stop>
	z_impl_k_sem_give(sem);
 800250a:	480a      	ldr	r0, [pc, #40]	@ (8002534 <z_log_dropped+0x4c>)
 800250c:	f003 ff9a 	bl	8006444 <z_impl_k_sem_give>
}
 8002510:	bd08      	pop	{r3, pc}
}

static inline atomic_val_t atomic_sub(atomic_t *target, atomic_val_t value)
{
	return __atomic_fetch_sub(target, value, __ATOMIC_SEQ_CST);
 8002512:	4b09      	ldr	r3, [pc, #36]	@ (8002538 <z_log_dropped+0x50>)
 8002514:	f3bf 8f5b 	dmb	ish
 8002518:	e853 1f00 	ldrex	r1, [r3]
 800251c:	3901      	subs	r1, #1
 800251e:	e843 1200 	strex	r2, r1, [r3]
 8002522:	2a00      	cmp	r2, #0
 8002524:	d1f8      	bne.n	8002518 <z_log_dropped+0x30>
 8002526:	f3bf 8f5b 	dmb	ish
	return atomic_add(target, 1);
}

static inline atomic_val_t atomic_dec(atomic_t *target)
{
	return atomic_sub(target, 1);
 800252a:	e7eb      	b.n	8002504 <z_log_dropped+0x1c>
 800252c:	2000153c 	.word	0x2000153c
 8002530:	20001230 	.word	0x20001230
 8002534:	2000039c 	.word	0x2000039c
 8002538:	20001540 	.word	0x20001540

0800253c <z_log_dropped_read_and_clear>:
{
	/* This builtin, as described by Intel, is not a traditional
	 * test-and-set operation, but rather an atomic exchange operation. It
	 * writes value into *ptr, and returns the previous contents of *ptr.
	 */
	return __atomic_exchange_n(target, value, __ATOMIC_SEQ_CST);
 800253c:	4b06      	ldr	r3, [pc, #24]	@ (8002558 <z_log_dropped_read_and_clear+0x1c>)
}
 800253e:	2200      	movs	r2, #0
 8002540:	f3bf 8f5b 	dmb	ish
 8002544:	e853 0f00 	ldrex	r0, [r3]
 8002548:	e843 2100 	strex	r1, r2, [r3]
 800254c:	2900      	cmp	r1, #0
 800254e:	d1f9      	bne.n	8002544 <z_log_dropped_read_and_clear+0x8>
 8002550:	f3bf 8f5b 	dmb	ish
 8002554:	4770      	bx	lr
 8002556:	bf00      	nop
 8002558:	2000153c 	.word	0x2000153c

0800255c <dropped_notify>:
{
 800255c:	b538      	push	{r3, r4, r5, lr}
	uint32_t dropped = z_log_dropped_read_and_clear();
 800255e:	f7ff ffed 	bl	800253c <z_log_dropped_read_and_clear>
 8002562:	4605      	mov	r5, r0
	STRUCT_SECTION_FOREACH(log_backend, backend) {
 8002564:	4c09      	ldr	r4, [pc, #36]	@ (800258c <dropped_notify+0x30>)
 8002566:	e000      	b.n	800256a <dropped_notify+0xe>
 8002568:	3410      	adds	r4, #16
 800256a:	4b09      	ldr	r3, [pc, #36]	@ (8002590 <dropped_notify+0x34>)
 800256c:	429c      	cmp	r4, r3
 800256e:	d20b      	bcs.n	8002588 <dropped_notify+0x2c>
	return backend->cb->active;
 8002570:	6863      	ldr	r3, [r4, #4]
 8002572:	795b      	ldrb	r3, [r3, #5]
		if (log_backend_is_active(backend)) {
 8002574:	2b00      	cmp	r3, #0
 8002576:	d0f7      	beq.n	8002568 <dropped_notify+0xc>
	if (backend->api->dropped != NULL) {
 8002578:	6823      	ldr	r3, [r4, #0]
 800257a:	685b      	ldr	r3, [r3, #4]
 800257c:	2b00      	cmp	r3, #0
 800257e:	d0f3      	beq.n	8002568 <dropped_notify+0xc>
		backend->api->dropped(backend, cnt);
 8002580:	4629      	mov	r1, r5
 8002582:	4620      	mov	r0, r4
 8002584:	4798      	blx	r3
 8002586:	e7ef      	b.n	8002568 <dropped_notify+0xc>
}
 8002588:	bd38      	pop	{r3, r4, r5, pc}
 800258a:	bf00      	nop
 800258c:	0800af40 	.word	0x0800af40
 8002590:	0800af50 	.word	0x0800af50

08002594 <z_log_dropped_pending>:
	return dropped_cnt > 0;
 8002594:	4b03      	ldr	r3, [pc, #12]	@ (80025a4 <z_log_dropped_pending+0x10>)
 8002596:	6818      	ldr	r0, [r3, #0]
}
 8002598:	2800      	cmp	r0, #0
 800259a:	bfd4      	ite	le
 800259c:	2000      	movle	r0, #0
 800259e:	2001      	movgt	r0, #1
 80025a0:	4770      	bx	lr
 80025a2:	bf00      	nop
 80025a4:	2000153c 	.word	0x2000153c

080025a8 <z_log_msg_init>:
{
 80025a8:	b510      	push	{r4, lr}
	mpsc_pbuf_init(&log_buffer, &mpsc_config);
 80025aa:	4c04      	ldr	r4, [pc, #16]	@ (80025bc <z_log_msg_init+0x14>)
 80025ac:	4904      	ldr	r1, [pc, #16]	@ (80025c0 <z_log_msg_init+0x18>)
 80025ae:	4620      	mov	r0, r4
 80025b0:	f006 f973 	bl	800889a <mpsc_pbuf_init>
	curr_log_buffer = &log_buffer;
 80025b4:	4b03      	ldr	r3, [pc, #12]	@ (80025c4 <z_log_msg_init+0x1c>)
 80025b6:	601c      	str	r4, [r3, #0]
}
 80025b8:	bd10      	pop	{r4, pc}
 80025ba:	bf00      	nop
 80025bc:	2000013c 	.word	0x2000013c
 80025c0:	0800c300 	.word	0x0800c300
 80025c4:	20001530 	.word	0x20001530

080025c8 <log_core_init>:
{
 80025c8:	b508      	push	{r3, lr}
	panic_mode = false;
 80025ca:	2300      	movs	r3, #0
 80025cc:	4a0c      	ldr	r2, [pc, #48]	@ (8002600 <log_core_init+0x38>)
 80025ce:	7013      	strb	r3, [r2, #0]
	dropped_cnt = 0;
 80025d0:	4a0c      	ldr	r2, [pc, #48]	@ (8002604 <log_core_init+0x3c>)
 80025d2:	6013      	str	r3, [r2, #0]
	buffered_cnt = 0;
 80025d4:	4a0c      	ldr	r2, [pc, #48]	@ (8002608 <log_core_init+0x40>)
 80025d6:	6013      	str	r3, [r2, #0]
		log_set_timestamp_func(default_lf_get_timestamp, 1000U);
 80025d8:	f44f 717a 	mov.w	r1, #1000	@ 0x3e8
 80025dc:	480b      	ldr	r0, [pc, #44]	@ (800260c <log_core_init+0x44>)
 80025de:	f7ff ff61 	bl	80024a4 <log_set_timestamp_func>
		z_log_msg_init();
 80025e2:	f7ff ffe1 	bl	80025a8 <z_log_msg_init>
	STRUCT_SECTION_FOREACH(log_backend, backend) {
 80025e6:	4a0a      	ldr	r2, [pc, #40]	@ (8002610 <log_core_init+0x48>)
 80025e8:	e006      	b.n	80025f8 <log_core_init+0x30>
		id += backend - log_backend_get(0);
 80025ea:	4b09      	ldr	r3, [pc, #36]	@ (8002610 <log_core_init+0x48>)
 80025ec:	1ad3      	subs	r3, r2, r3
 80025ee:	111b      	asrs	r3, r3, #4
 80025f0:	3301      	adds	r3, #1
	backend->cb->id = id;
 80025f2:	6851      	ldr	r1, [r2, #4]
 80025f4:	710b      	strb	r3, [r1, #4]
	STRUCT_SECTION_FOREACH(log_backend, backend) {
 80025f6:	3210      	adds	r2, #16
 80025f8:	4b06      	ldr	r3, [pc, #24]	@ (8002614 <log_core_init+0x4c>)
 80025fa:	429a      	cmp	r2, r3
 80025fc:	d3f5      	bcc.n	80025ea <log_core_init+0x22>
}
 80025fe:	bd08      	pop	{r3, pc}
 8002600:	20001655 	.word	0x20001655
 8002604:	2000153c 	.word	0x2000153c
 8002608:	20001540 	.word	0x20001540
 800260c:	080022c5 	.word	0x080022c5
 8002610:	0800af40 	.word	0x0800af40
 8002614:	0800af50 	.word	0x0800af50

08002618 <z_log_msg_alloc>:
{
 8002618:	b508      	push	{r3, lr}
 800261a:	4601      	mov	r1, r0
	return msg_alloc(&log_buffer, wlen);
 800261c:	4801      	ldr	r0, [pc, #4]	@ (8002624 <z_log_msg_alloc+0xc>)
 800261e:	f006 fbfd 	bl	8008e1c <msg_alloc>
}
 8002622:	bd08      	pop	{r3, pc}
 8002624:	2000013c 	.word	0x2000013c

08002628 <z_log_msg_local_claim>:
{
 8002628:	b508      	push	{r3, lr}
	return (union log_msg_generic *)mpsc_pbuf_claim(&log_buffer);
 800262a:	4802      	ldr	r0, [pc, #8]	@ (8002634 <z_log_msg_local_claim+0xc>)
 800262c:	f006 fa18 	bl	8008a60 <mpsc_pbuf_claim>
}
 8002630:	bd08      	pop	{r3, pc}
 8002632:	bf00      	nop
 8002634:	2000013c 	.word	0x2000013c

08002638 <z_log_msg_free>:
{
 8002638:	b508      	push	{r3, lr}
 800263a:	4601      	mov	r1, r0
	msg_free(curr_log_buffer, msg);
 800263c:	4b02      	ldr	r3, [pc, #8]	@ (8002648 <z_log_msg_free+0x10>)
 800263e:	6818      	ldr	r0, [r3, #0]
 8002640:	f006 fbf2 	bl	8008e28 <msg_free>
}
 8002644:	bd08      	pop	{r3, pc}
 8002646:	bf00      	nop
 8002648:	20001530 	.word	0x20001530

0800264c <z_log_msg_pending>:
{
 800264c:	b508      	push	{r3, lr}
		return msg_pending(&log_buffer);
 800264e:	4802      	ldr	r0, [pc, #8]	@ (8002658 <z_log_msg_pending+0xc>)
 8002650:	f006 fbee 	bl	8008e30 <msg_pending>
}
 8002654:	bd08      	pop	{r3, pc}
 8002656:	bf00      	nop
 8002658:	2000013c 	.word	0x2000013c

0800265c <z_impl_log_process>:
{
 800265c:	b510      	push	{r4, lr}
 800265e:	b082      	sub	sp, #8
	k_timeout_t backoff = K_NO_WAIT;
 8002660:	2200      	movs	r2, #0
 8002662:	2300      	movs	r3, #0
 8002664:	e9cd 2300 	strd	r2, r3, [sp]
	if (!backend_attached) {
 8002668:	4b30      	ldr	r3, [pc, #192]	@ (800272c <z_impl_log_process+0xd0>)
 800266a:	7818      	ldrb	r0, [r3, #0]
 800266c:	b908      	cbnz	r0, 8002672 <z_impl_log_process+0x16>
}
 800266e:	b002      	add	sp, #8
 8002670:	bd10      	pop	{r4, pc}
	msg = z_log_msg_claim(&backoff);
 8002672:	4668      	mov	r0, sp
 8002674:	f006 fbf4 	bl	8008e60 <z_log_msg_claim>
	if (msg) {
 8002678:	4604      	mov	r4, r0
 800267a:	b180      	cbz	r0, 800269e <z_impl_log_process+0x42>
		msg_process(msg);
 800267c:	f7ff fdec 	bl	8002258 <msg_process>
		z_log_msg_free(msg);
 8002680:	4620      	mov	r0, r4
 8002682:	f7ff ffd9 	bl	8002638 <z_log_msg_free>
	return __atomic_fetch_sub(target, value, __ATOMIC_SEQ_CST);
 8002686:	4b2a      	ldr	r3, [pc, #168]	@ (8002730 <z_impl_log_process+0xd4>)
 8002688:	f3bf 8f5b 	dmb	ish
 800268c:	e853 1f00 	ldrex	r1, [r3]
 8002690:	3901      	subs	r1, #1
 8002692:	e843 1200 	strex	r2, r1, [r3]
 8002696:	2a00      	cmp	r2, #0
 8002698:	d1f8      	bne.n	800268c <z_impl_log_process+0x30>
 800269a:	f3bf 8f5b 	dmb	ish
		bool dropped_pend = z_log_dropped_pending();
 800269e:	f7ff ff79 	bl	8002594 <z_log_dropped_pending>
		if ((dropped_pend || unordered_pend) &&
 80026a2:	b970      	cbnz	r0, 80026c2 <z_impl_log_process+0x66>
		last_failure_report += CONFIG_LOG_FAILURE_REPORT_PERIOD;
 80026a4:	4a23      	ldr	r2, [pc, #140]	@ (8002734 <z_impl_log_process+0xd8>)
 80026a6:	6813      	ldr	r3, [r2, #0]
 80026a8:	6851      	ldr	r1, [r2, #4]
 80026aa:	f513 737a 	adds.w	r3, r3, #1000	@ 0x3e8
 80026ae:	f141 0100 	adc.w	r1, r1, #0
 80026b2:	6013      	str	r3, [r2, #0]
 80026b4:	6051      	str	r1, [r2, #4]
	return msg != NULL && z_log_msg_pending();
 80026b6:	b3a4      	cbz	r4, 8002722 <z_impl_log_process+0xc6>
 80026b8:	f7ff ffc8 	bl	800264c <z_log_msg_pending>
 80026bc:	b398      	cbz	r0, 8002726 <z_impl_log_process+0xca>
 80026be:	2001      	movs	r0, #1
 80026c0:	e7d5      	b.n	800266e <z_impl_log_process+0x12>
	return z_impl_k_uptime_ticks();
 80026c2:	f007 ffd8 	bl	800a676 <z_impl_k_uptime_ticks>
 80026c6:	2200      	movs	r2, #0
 80026c8:	1843      	adds	r3, r0, r1
 80026ca:	d228      	bcs.n	800271e <z_impl_log_process+0xc2>
 80026cc:	4413      	add	r3, r2
 80026ce:	4a1a      	ldr	r2, [pc, #104]	@ (8002738 <z_impl_log_process+0xdc>)
 80026d0:	fba2 ce03 	umull	ip, lr, r2, r3
 80026d4:	f02e 0c03 	bic.w	ip, lr, #3
 80026d8:	eb0c 0c9e 	add.w	ip, ip, lr, lsr #2
 80026dc:	eba3 030c 	sub.w	r3, r3, ip
 80026e0:	1ac0      	subs	r0, r0, r3
 80026e2:	f161 0100 	sbc.w	r1, r1, #0
 80026e6:	f04f 33cc 	mov.w	r3, #3435973836	@ 0xcccccccc
 80026ea:	fb00 f303 	mul.w	r3, r0, r3
 80026ee:	fb02 3301 	mla	r3, r2, r1, r3
 80026f2:	fba0 0202 	umull	r0, r2, r0, r2
 80026f6:	4413      	add	r3, r2
 80026f8:	0840      	lsrs	r0, r0, #1
 80026fa:	ea40 70c3 	orr.w	r0, r0, r3, lsl #31
 80026fe:	085b      	lsrs	r3, r3, #1
		   (k_uptime_get() - last_failure_report) > CONFIG_LOG_FAILURE_REPORT_PERIOD) {
 8002700:	490c      	ldr	r1, [pc, #48]	@ (8002734 <z_impl_log_process+0xd8>)
 8002702:	680a      	ldr	r2, [r1, #0]
 8002704:	6849      	ldr	r1, [r1, #4]
 8002706:	1a80      	subs	r0, r0, r2
 8002708:	eb63 0301 	sbc.w	r3, r3, r1
		if ((dropped_pend || unordered_pend) &&
 800270c:	f240 32e9 	movw	r2, #1001	@ 0x3e9
 8002710:	4290      	cmp	r0, r2
 8002712:	f173 0300 	sbcs.w	r3, r3, #0
 8002716:	d3c5      	bcc.n	80026a4 <z_impl_log_process+0x48>
				dropped_notify();
 8002718:	f7ff ff20 	bl	800255c <dropped_notify>
			if (unordered_pend) {
 800271c:	e7c2      	b.n	80026a4 <z_impl_log_process+0x48>
 800271e:	2201      	movs	r2, #1
 8002720:	e7d4      	b.n	80026cc <z_impl_log_process+0x70>
	return msg != NULL && z_log_msg_pending();
 8002722:	2000      	movs	r0, #0
 8002724:	e7a3      	b.n	800266e <z_impl_log_process+0x12>
 8002726:	2000      	movs	r0, #0
 8002728:	e7a1      	b.n	800266e <z_impl_log_process+0x12>
 800272a:	bf00      	nop
 800272c:	20001654 	.word	0x20001654
 8002730:	20001540 	.word	0x20001540
 8002734:	20001228 	.word	0x20001228
 8002738:	cccccccd 	.word	0xcccccccd

0800273c <z_impl_log_panic>:
	if (panic_mode) {
 800273c:	4b0f      	ldr	r3, [pc, #60]	@ (800277c <z_impl_log_panic+0x40>)
 800273e:	781b      	ldrb	r3, [r3, #0]
 8002740:	b103      	cbz	r3, 8002744 <z_impl_log_panic+0x8>
 8002742:	4770      	bx	lr
{
 8002744:	b510      	push	{r4, lr}
	(void)z_log_init(true, false);
 8002746:	2100      	movs	r1, #0
 8002748:	2001      	movs	r0, #1
 800274a:	f7ff fe11 	bl	8002370 <z_log_init>
	STRUCT_SECTION_FOREACH(log_backend, backend) {
 800274e:	4c0c      	ldr	r4, [pc, #48]	@ (8002780 <z_impl_log_panic+0x44>)
 8002750:	e000      	b.n	8002754 <z_impl_log_panic+0x18>
 8002752:	3410      	adds	r4, #16
 8002754:	4b0b      	ldr	r3, [pc, #44]	@ (8002784 <z_impl_log_panic+0x48>)
 8002756:	429c      	cmp	r4, r3
 8002758:	d208      	bcs.n	800276c <z_impl_log_panic+0x30>
	return backend->cb->active;
 800275a:	6863      	ldr	r3, [r4, #4]
 800275c:	795b      	ldrb	r3, [r3, #5]
		if (log_backend_is_active(backend)) {
 800275e:	2b00      	cmp	r3, #0
 8002760:	d0f7      	beq.n	8002752 <z_impl_log_panic+0x16>
	backend->api->panic(backend);
 8002762:	6823      	ldr	r3, [r4, #0]
 8002764:	689b      	ldr	r3, [r3, #8]
 8002766:	4620      	mov	r0, r4
 8002768:	4798      	blx	r3
}
 800276a:	e7f2      	b.n	8002752 <z_impl_log_panic+0x16>
	if (z_syscall_trap()) {
		return (bool) arch_syscall_invoke0(K_SYSCALL_LOG_PROCESS);
	}
#endif
	compiler_barrier();
	return z_impl_log_process();
 800276c:	f7ff ff76 	bl	800265c <z_impl_log_process>
		while (log_process() == true) {
 8002770:	2800      	cmp	r0, #0
 8002772:	d1fb      	bne.n	800276c <z_impl_log_panic+0x30>
	panic_mode = true;
 8002774:	4b01      	ldr	r3, [pc, #4]	@ (800277c <z_impl_log_panic+0x40>)
 8002776:	2201      	movs	r2, #1
 8002778:	701a      	strb	r2, [r3, #0]
}
 800277a:	bd10      	pop	{r4, pc}
 800277c:	20001655 	.word	0x20001655
 8002780:	0800af40 	.word	0x0800af40
 8002784:	0800af50 	.word	0x0800af50

08002788 <z_log_msg_post_finalize>:
{
 8002788:	b510      	push	{r4, lr}
 800278a:	b082      	sub	sp, #8
	return __atomic_fetch_add(target, value, __ATOMIC_SEQ_CST);
 800278c:	4b1a      	ldr	r3, [pc, #104]	@ (80027f8 <z_log_msg_post_finalize+0x70>)
 800278e:	f3bf 8f5b 	dmb	ish
 8002792:	e853 2f00 	ldrex	r2, [r3]
 8002796:	1c51      	adds	r1, r2, #1
 8002798:	e843 1000 	strex	r0, r1, [r3]
 800279c:	2800      	cmp	r0, #0
 800279e:	d1f8      	bne.n	8002792 <z_log_msg_post_finalize+0xa>
 80027a0:	f3bf 8f5b 	dmb	ish
	if (panic_mode) {
 80027a4:	4b15      	ldr	r3, [pc, #84]	@ (80027fc <z_log_msg_post_finalize+0x74>)
 80027a6:	781b      	ldrb	r3, [r3, #0]
 80027a8:	b963      	cbnz	r3, 80027c4 <z_log_msg_post_finalize+0x3c>
	} else if (proc_tid != NULL) {
 80027aa:	4b15      	ldr	r3, [pc, #84]	@ (8002800 <z_log_msg_post_finalize+0x78>)
 80027ac:	681b      	ldr	r3, [r3, #0]
 80027ae:	b1b3      	cbz	r3, 80027de <z_log_msg_post_finalize+0x56>
			if (cnt == 0) {
 80027b0:	b1ba      	cbz	r2, 80027e2 <z_log_msg_post_finalize+0x5a>
			} else if (CONFIG_LOG_PROCESS_TRIGGER_THRESHOLD &&
 80027b2:	2a09      	cmp	r2, #9
 80027b4:	d113      	bne.n	80027de <z_log_msg_post_finalize+0x56>
	z_impl_k_timer_stop(timer);
 80027b6:	4813      	ldr	r0, [pc, #76]	@ (8002804 <z_log_msg_post_finalize+0x7c>)
 80027b8:	f004 fe44 	bl	8007444 <z_impl_k_timer_stop>
	z_impl_k_sem_give(sem);
 80027bc:	4812      	ldr	r0, [pc, #72]	@ (8002808 <z_log_msg_post_finalize+0x80>)
 80027be:	f003 fe41 	bl	8006444 <z_impl_k_sem_give>
}
 80027c2:	e00c      	b.n	80027de <z_log_msg_post_finalize+0x56>
  __ASM volatile ("MRS %0, basepri" : "=r" (result) );
 80027c4:	f3ef 8411 	mrs	r4, BASEPRI
  __ASM volatile ("MSR basepri_max, %0" : : "r" (basePri) : "memory");
 80027c8:	2310      	movs	r3, #16
 80027ca:	f383 8812 	msr	BASEPRI_MAX, r3
 80027ce:	f3bf 8f6f 	isb	sy
 80027d2:	f7ff ff43 	bl	800265c <z_impl_log_process>
  __ASM volatile ("MSR basepri, %0" : : "r" (basePri) : "memory");
 80027d6:	f384 8811 	msr	BASEPRI, r4
 80027da:	f3bf 8f6f 	isb	sy
 80027de:	b002      	add	sp, #8
 80027e0:	bd10      	pop	{r4, pc}
	z_impl_k_timer_start(timer, duration, period);
 80027e2:	2200      	movs	r2, #0
 80027e4:	2300      	movs	r3, #0
 80027e6:	e9cd 2300 	strd	r2, r3, [sp]
 80027ea:	f242 7210 	movw	r2, #10000	@ 0x2710
 80027ee:	2300      	movs	r3, #0
 80027f0:	4804      	ldr	r0, [pc, #16]	@ (8002804 <z_log_msg_post_finalize+0x7c>)
 80027f2:	f004 fded 	bl	80073d0 <z_impl_k_timer_start>
 80027f6:	e7f2      	b.n	80027de <z_log_msg_post_finalize+0x56>
 80027f8:	20001540 	.word	0x20001540
 80027fc:	20001655 	.word	0x20001655
 8002800:	20001538 	.word	0x20001538
 8002804:	20001230 	.word	0x20001230
 8002808:	2000039c 	.word	0x2000039c

0800280c <z_log_msg_commit>:
{
 800280c:	b510      	push	{r4, lr}
 800280e:	4604      	mov	r4, r0
	msg->hdr.timestamp = timestamp_func();
 8002810:	4b04      	ldr	r3, [pc, #16]	@ (8002824 <z_log_msg_commit+0x18>)
 8002812:	681b      	ldr	r3, [r3, #0]
 8002814:	4798      	blx	r3
 8002816:	60a0      	str	r0, [r4, #8]
	msg_commit(&log_buffer, msg);
 8002818:	4621      	mov	r1, r4
 800281a:	4803      	ldr	r0, [pc, #12]	@ (8002828 <z_log_msg_commit+0x1c>)
 800281c:	f006 fb24 	bl	8008e68 <msg_commit>
}
 8002820:	bd10      	pop	{r4, pc}
 8002822:	bf00      	nop
 8002824:	200000ac 	.word	0x200000ac
 8002828:	2000013c 	.word	0x2000013c

0800282c <log_process_thread_func>:
{
 800282c:	e92d 41f0 	stmdb	sp!, {r4, r5, r6, r7, r8, lr}
	uint32_t activate_mask = z_log_init(false, false);
 8002830:	2100      	movs	r1, #0
 8002832:	4608      	mov	r0, r1
 8002834:	f7ff fd9c 	bl	8002370 <z_log_init>
	k_timeout_t timeout = (activate_mask != 0) ? K_MSEC(50) : K_FOREVER;
 8002838:	4680      	mov	r8, r0
 800283a:	b150      	cbz	r0, 8002852 <log_process_thread_func+0x26>
 800283c:	f44f 76fa 	mov.w	r6, #500	@ 0x1f4
 8002840:	2700      	movs	r7, #0
	return z_tls_current;
 8002842:	f001 f92d 	bl	8003aa0 <__aeabi_read_tp>
	thread_set(k_current_get());
 8002846:	4b15      	ldr	r3, [pc, #84]	@ (800289c <log_process_thread_func+0x70>)
 8002848:	5818      	ldr	r0, [r3, r0]
 800284a:	f7ff fddb 	bl	8002404 <thread_set>
	bool processed_any = false;
 800284e:	2500      	movs	r5, #0
 8002850:	e015      	b.n	800287e <log_process_thread_func+0x52>
	k_timeout_t timeout = (activate_mask != 0) ? K_MSEC(50) : K_FOREVER;
 8002852:	f04f 36ff 	mov.w	r6, #4294967295
 8002856:	f04f 37ff 	mov.w	r7, #4294967295
 800285a:	e7f2      	b.n	8002842 <log_process_thread_func+0x16>
			activate_mask = activate_foreach_backend(activate_mask);
 800285c:	4640      	mov	r0, r8
 800285e:	f7ff fd55 	bl	800230c <activate_foreach_backend>
			if (!activate_mask) {
 8002862:	4680      	mov	r8, r0
 8002864:	b970      	cbnz	r0, 8002884 <log_process_thread_func+0x58>
				timeout = K_FOREVER;
 8002866:	f04f 36ff 	mov.w	r6, #4294967295
 800286a:	f04f 37ff 	mov.w	r7, #4294967295
 800286e:	e009      	b.n	8002884 <log_process_thread_func+0x58>
 8002870:	462c      	mov	r4, r5
	return z_impl_k_sem_take(sem, timeout);
 8002872:	4632      	mov	r2, r6
 8002874:	463b      	mov	r3, r7
 8002876:	480a      	ldr	r0, [pc, #40]	@ (80028a0 <log_process_thread_func+0x74>)
 8002878:	f003 fe1a 	bl	80064b0 <z_impl_k_sem_take>
{
 800287c:	4625      	mov	r5, r4
		if (activate_mask) {
 800287e:	f1b8 0f00 	cmp.w	r8, #0
 8002882:	d1eb      	bne.n	800285c <log_process_thread_func+0x30>
 8002884:	f7ff feea 	bl	800265c <z_impl_log_process>
		if (log_process() == false) {
 8002888:	4604      	mov	r4, r0
 800288a:	2800      	cmp	r0, #0
 800288c:	d1f6      	bne.n	800287c <log_process_thread_func+0x50>
			if (processed_any) {
 800288e:	2d00      	cmp	r5, #0
 8002890:	d0ee      	beq.n	8002870 <log_process_thread_func+0x44>
				log_backend_notify_all(LOG_BACKEND_EVT_PROCESS_THREAD_DONE, NULL);
 8002892:	2100      	movs	r1, #0
 8002894:	4608      	mov	r0, r1
 8002896:	f7ff fcfd 	bl	8002294 <log_backend_notify_all>
 800289a:	e7ea      	b.n	8002872 <log_process_thread_func+0x46>
 800289c:	00000008 	.word	0x00000008
 80028a0:	2000039c 	.word	0x2000039c

080028a4 <log_src_cnt_get>:
	if (z_log_is_local_domain(domain_id)) {
		return z_log_sources_count();
	}

	return link_source_count(domain_id);
}
 80028a4:	4802      	ldr	r0, [pc, #8]	@ (80028b0 <log_src_cnt_get+0xc>)
 80028a6:	4b03      	ldr	r3, [pc, #12]	@ (80028b4 <log_src_cnt_get+0x10>)
 80028a8:	1ac0      	subs	r0, r0, r3
 80028aa:	08c0      	lsrs	r0, r0, #3
 80028ac:	4770      	bx	lr
 80028ae:	bf00      	nop
 80028b0:	0800af40 	.word	0x0800af40
 80028b4:	0800aec0 	.word	0x0800aec0

080028b8 <log_source_name_get>:

	return (const char *)cached;
}

const char *log_source_name_get(uint32_t domain_id, uint32_t source_id)
{
 80028b8:	b510      	push	{r4, lr}
 80028ba:	460c      	mov	r4, r1
	if (z_log_is_local_domain(domain_id)) {
		if (IS_ENABLED(CONFIG_LOG_FMT_SECTION_STRIP)) {
			return "unknown";
		}
		if (source_id < log_src_cnt_get(domain_id)) {
 80028bc:	f7ff fff2 	bl	80028a4 <log_src_cnt_get>
 80028c0:	42a0      	cmp	r0, r4
 80028c2:	d903      	bls.n	80028cc <log_source_name_get+0x14>
			return TYPE_SECTION_START(log_const)[source_id].name;
 80028c4:	4b02      	ldr	r3, [pc, #8]	@ (80028d0 <log_source_name_get+0x18>)
 80028c6:	f853 0034 	ldr.w	r0, [r3, r4, lsl #3]
			return NULL;
		}
	}

	return link_source_name_get(domain_id, source_id);
}
 80028ca:	bd10      	pop	{r4, pc}
			return NULL;
 80028cc:	2000      	movs	r0, #0
 80028ce:	e7fc      	b.n	80028ca <log_source_name_get+0x12>
 80028d0:	0800aec0 	.word	0x0800aec0

080028d4 <cbprintf_package_copy>:
					void *packaged,
					size_t len,
					uint32_t flags,
					uint16_t *strl,
					size_t strl_len)
{
 80028d4:	b500      	push	{lr}
 80028d6:	b089      	sub	sp, #36	@ 0x24
	struct z_cbprintf_buf_desc buf_desc = {
 80028d8:	9205      	str	r2, [sp, #20]
 80028da:	9306      	str	r3, [sp, #24]
 80028dc:	2300      	movs	r3, #0
 80028de:	9307      	str	r3, [sp, #28]
		.buf = packaged,
		.size = len,
		.off = 0,
	};

	return cbprintf_package_convert(in_packaged, in_len,
 80028e0:	b162      	cbz	r2, 80028fc <cbprintf_package_copy+0x28>
 80028e2:	4a07      	ldr	r2, [pc, #28]	@ (8002900 <cbprintf_package_copy+0x2c>)
 80028e4:	9b0c      	ldr	r3, [sp, #48]	@ 0x30
 80028e6:	9302      	str	r3, [sp, #8]
 80028e8:	9b0b      	ldr	r3, [sp, #44]	@ 0x2c
 80028ea:	9301      	str	r3, [sp, #4]
 80028ec:	9b0a      	ldr	r3, [sp, #40]	@ 0x28
 80028ee:	9300      	str	r3, [sp, #0]
 80028f0:	ab05      	add	r3, sp, #20
 80028f2:	f7ff f973 	bl	8001bdc <cbprintf_package_convert>
					packaged ? z_cbprintf_cpy : NULL, &buf_desc,
					flags, strl, strl_len);
}
 80028f6:	b009      	add	sp, #36	@ 0x24
 80028f8:	f85d fb04 	ldr.w	pc, [sp], #4
	return cbprintf_package_convert(in_packaged, in_len,
 80028fc:	2200      	movs	r2, #0
 80028fe:	e7f1      	b.n	80028e4 <cbprintf_package_copy+0x10>
 8002900:	08008e8f 	.word	0x08008e8f

08002904 <z_impl_z_log_msg_static_create>:
}

void z_impl_z_log_msg_static_create(const void *source,
			      const struct log_msg_desc desc,
			      uint8_t *package, const void *data)
{
 8002904:	e92d 4ff0 	stmdb	sp!, {r4, r5, r6, r7, r8, r9, sl, fp, lr}
 8002908:	b08b      	sub	sp, #44	@ 0x2c
 800290a:	af04      	add	r7, sp, #16
 800290c:	4605      	mov	r5, r0
 800290e:	461e      	mov	r6, r3

	if (!BACKENDS_IN_USE()) {
		return;
	}

	struct log_msg_desc out_desc = desc;
 8002910:	4688      	mov	r8, r1
	int inlen = desc.package_len;
 8002912:	f3c1 244a 	ubfx	r4, r1, #9, #11
	struct log_msg *msg;

	if (inlen > 0) {
 8002916:	2c00      	cmp	r4, #0
 8002918:	f000 8089 	beq.w	8002a2e <z_impl_z_log_msg_static_create+0x12a>
 800291c:	4691      	mov	r9, r2
	struct z_cbprintf_buf_desc buf_desc = {
 800291e:	2200      	movs	r2, #0
 8002920:	60fa      	str	r2, [r7, #12]
 8002922:	613a      	str	r2, [r7, #16]
 8002924:	617a      	str	r2, [r7, #20]
	return cbprintf_package_convert(in_packaged, in_len,
 8002926:	2304      	movs	r3, #4
 8002928:	9302      	str	r3, [sp, #8]
 800292a:	18fb      	adds	r3, r7, r3
 800292c:	9301      	str	r3, [sp, #4]
 800292e:	230a      	movs	r3, #10
 8002930:	9300      	str	r3, [sp, #0]
 8002932:	f107 030c 	add.w	r3, r7, #12
 8002936:	4621      	mov	r1, r4
 8002938:	4648      	mov	r0, r9
 800293a:	f7ff f94f 	bl	8001bdc <cbprintf_package_convert>

		len = cbprintf_package_copy(package, inlen,
					    NULL, 0, flags,
					    strl, ARRAY_SIZE(strl));

		if (len > Z_LOG_MSG_MAX_PACKAGE) {
 800293e:	f5b0 6f00 	cmp.w	r0, #2048	@ 0x800
 8002942:	d358      	bcc.n	80029f6 <z_impl_z_log_msg_static_create+0xf2>
			struct cbprintf_package_hdr_ext *pkg =
				(struct cbprintf_package_hdr_ext *)package;

			LOG_WRN("Message (\"%s\") dropped because it exceeds size limitation (%u)",
 8002944:	f8d9 1004 	ldr.w	r1, [r9, #4]
 8002948:	466d      	mov	r5, sp
 800294a:	2300      	movs	r3, #0
 800294c:	733b      	strb	r3, [r7, #12]
 800294e:	2302      	movs	r3, #2
 8002950:	737b      	strb	r3, [r7, #13]
 8002952:	b08a      	sub	sp, #40	@ 0x28
 8002954:	ac04      	add	r4, sp, #16
 8002956:	f114 0210 	adds.w	r2, r4, #16
 800295a:	d017      	beq.n	800298c <z_impl_z_log_msg_static_create+0x88>
 800295c:	2012      	movs	r0, #18
 800295e:	b11a      	cbz	r2, 8002968 <z_impl_z_log_msg_static_create+0x64>
 8002960:	2804      	cmp	r0, #4
 8002962:	dd01      	ble.n	8002968 <z_impl_z_log_msg_static_create+0x64>
 8002964:	4b3b      	ldr	r3, [pc, #236]	@ (8002a54 <z_impl_z_log_msg_static_create+0x150>)
 8002966:	6163      	str	r3, [r4, #20]
 8002968:	2300      	movs	r3, #0
 800296a:	703b      	strb	r3, [r7, #0]
 800296c:	2302      	movs	r3, #2
 800296e:	707b      	strb	r3, [r7, #1]
 8002970:	b1ca      	cbz	r2, 80029a6 <z_impl_z_log_msg_static_create+0xa2>
 8002972:	4603      	mov	r3, r0
 8002974:	2808      	cmp	r0, #8
 8002976:	dd00      	ble.n	800297a <z_impl_z_log_msg_static_create+0x76>
 8002978:	61a1      	str	r1, [r4, #24]
 800297a:	2b0c      	cmp	r3, #12
 800297c:	dd02      	ble.n	8002984 <z_impl_z_log_msg_static_create+0x80>
 800297e:	f240 73ff 	movw	r3, #2047	@ 0x7ff
 8002982:	61e3      	str	r3, [r4, #28]
 8002984:	f104 0320 	add.w	r3, r4, #32
 8002988:	2100      	movs	r1, #0
 800298a:	e00a      	b.n	80029a2 <z_impl_z_log_msg_static_create+0x9e>
 800298c:	f06f 4000 	mvn.w	r0, #2147483648	@ 0x80000000
 8002990:	e7e5      	b.n	800295e <z_impl_z_log_msg_static_create+0x5a>
 8002992:	f101 0618 	add.w	r6, r1, #24
 8002996:	443e      	add	r6, r7
 8002998:	f816 6c18 	ldrb.w	r6, [r6, #-24]
 800299c:	f803 6b01 	strb.w	r6, [r3], #1
 80029a0:	3101      	adds	r1, #1
 80029a2:	2901      	cmp	r1, #1
 80029a4:	d9f5      	bls.n	8002992 <z_impl_z_log_msg_static_create+0x8e>
 80029a6:	2811      	cmp	r0, #17
 80029a8:	dd22      	ble.n	80029f0 <z_impl_z_log_msg_static_create+0xec>
 80029aa:	2312      	movs	r3, #18
 80029ac:	b142      	cbz	r2, 80029c0 <z_impl_z_log_msg_static_create+0xbc>
 80029ae:	2104      	movs	r1, #4
 80029b0:	7339      	strb	r1, [r7, #12]
 80029b2:	2100      	movs	r1, #0
 80029b4:	7379      	strb	r1, [r7, #13]
 80029b6:	73b9      	strb	r1, [r7, #14]
 80029b8:	2101      	movs	r1, #1
 80029ba:	73f9      	strb	r1, [r7, #15]
 80029bc:	68f8      	ldr	r0, [r7, #12]
 80029be:	6120      	str	r0, [r4, #16]
 80029c0:	2100      	movs	r1, #0
 80029c2:	f021 0101 	bic.w	r1, r1, #1
 80029c6:	f021 0102 	bic.w	r1, r1, #2
 80029ca:	f021 0104 	bic.w	r1, r1, #4
 80029ce:	f021 0138 	bic.w	r1, r1, #56	@ 0x38
 80029d2:	2002      	movs	r0, #2
 80029d4:	f360 1188 	bfi	r1, r0, #6, #3
 80029d8:	f3c3 030a 	ubfx	r3, r3, #0, #11
 80029dc:	f363 2153 	bfi	r1, r3, #9, #11
 80029e0:	2300      	movs	r3, #0
 80029e2:	f3c1 0113 	ubfx	r1, r1, #0, #20
 80029e6:	481c      	ldr	r0, [pc, #112]	@ (8002a58 <z_impl_z_log_msg_static_create+0x154>)
 80029e8:	f006 fad4 	bl	8008f94 <z_log_msg_static_create>
 80029ec:	46ad      	mov	sp, r5
				pkg->fmt, (uint32_t)Z_LOG_MSG_MAX_PACKAGE);
			return;
 80029ee:	e02d      	b.n	8002a4c <z_impl_z_log_msg_static_create+0x148>
			LOG_WRN("Message (\"%s\") dropped because it exceeds size limitation (%u)",
 80029f0:	f06f 031b 	mvn.w	r3, #27
 80029f4:	e7da      	b.n	80029ac <z_impl_z_log_msg_static_create+0xa8>
		}
		/* Update package length with calculated value (which may be extended
		 * when strings are copied into the package.
		 */
		out_desc.package_len = len;
 80029f6:	f360 2853 	bfi	r8, r0, #9, #11
 *
 * @return Length.
 */
static inline uint32_t log_msg_get_total_wlen(const struct log_msg_desc desc)
{
	return Z_LOG_MSG_ALIGNED_WLEN(desc.package_len, desc.data_len);
 80029fa:	f3c0 0a0a 	ubfx	sl, r0, #0, #11
 80029fe:	eb0a 5018 	add.w	r0, sl, r8, lsr #20
 8002a02:	3017      	adds	r0, #23
 8002a04:	f020 0007 	bic.w	r0, r0, #7
		msg = z_log_msg_alloc(log_msg_get_total_wlen(out_desc));
 8002a08:	0880      	lsrs	r0, r0, #2
 8002a0a:	f7ff fe05 	bl	8002618 <z_log_msg_alloc>
		if (msg) {
 8002a0e:	4683      	mov	fp, r0
 8002a10:	b1b0      	cbz	r0, 8002a40 <z_impl_z_log_msg_static_create+0x13c>
			len = cbprintf_package_copy(package, inlen,
 8002a12:	2304      	movs	r3, #4
 8002a14:	9302      	str	r3, [sp, #8]
 8002a16:	18fb      	adds	r3, r7, r3
 8002a18:	9301      	str	r3, [sp, #4]
 8002a1a:	230a      	movs	r3, #10
 8002a1c:	9300      	str	r3, [sp, #0]
 8002a1e:	4653      	mov	r3, sl
 8002a20:	f100 0210 	add.w	r2, r0, #16
 8002a24:	4621      	mov	r1, r4
 8002a26:	4648      	mov	r0, r9
 8002a28:	f7ff ff54 	bl	80028d4 <cbprintf_package_copy>
						    msg->data, out_desc.package_len,
						    flags, strl, ARRAY_SIZE(strl));
			__ASSERT_NO_MSG(len >= 0);
 8002a2c:	e008      	b.n	8002a40 <z_impl_z_log_msg_static_create+0x13c>
 8002a2e:	eb04 5411 	add.w	r4, r4, r1, lsr #20
 8002a32:	3417      	adds	r4, #23
 8002a34:	f024 0407 	bic.w	r4, r4, #7
		}
	} else {
		msg = z_log_msg_alloc(log_msg_get_total_wlen(out_desc));
 8002a38:	08a0      	lsrs	r0, r4, #2
 8002a3a:	f7ff fded 	bl	8002618 <z_log_msg_alloc>
 8002a3e:	4683      	mov	fp, r0
	}

	z_log_msg_finalize(msg, source, out_desc, data);
 8002a40:	4633      	mov	r3, r6
 8002a42:	4642      	mov	r2, r8
 8002a44:	4629      	mov	r1, r5
 8002a46:	4658      	mov	r0, fp
 8002a48:	f006 fa3a 	bl	8008ec0 <z_log_msg_finalize>
}
 8002a4c:	371c      	adds	r7, #28
 8002a4e:	46bd      	mov	sp, r7
 8002a50:	e8bd 8ff0 	ldmia.w	sp!, {r4, r5, r6, r7, r8, r9, sl, fp, pc}
 8002a54:	0800b358 	.word	0x0800b358
 8002a58:	0800aed8 	.word	0x0800aed8

08002a5c <z_log_msg_runtime_vcreate>:
#endif

void z_log_msg_runtime_vcreate(uint8_t domain_id, const void *source,
				uint8_t level, const void *data, size_t dlen,
				uint32_t package_flags, const char *fmt, va_list ap)
{
 8002a5c:	e92d 4ff0 	stmdb	sp!, {r4, r5, r6, r7, r8, r9, sl, fp, lr}
 8002a60:	b085      	sub	sp, #20
 8002a62:	4681      	mov	r9, r0
 8002a64:	460e      	mov	r6, r1
 8002a66:	4690      	mov	r8, r2
 8002a68:	461f      	mov	r7, r3
 8002a6a:	f8dd b038 	ldr.w	fp, [sp, #56]	@ 0x38
 8002a6e:	f8dd a040 	ldr.w	sl, [sp, #64]	@ 0x40
	int plen;

	if (fmt) {
 8002a72:	f1ba 0f00 	cmp.w	sl, #0
 8002a76:	d041      	beq.n	8002afc <z_log_msg_runtime_vcreate+0xa0>
		va_list ap2;

		va_copy(ap2, ap);
 8002a78:	9b11      	ldr	r3, [sp, #68]	@ 0x44
 8002a7a:	9303      	str	r3, [sp, #12]
		plen = cbvprintf_package(NULL, Z_LOG_MSG_ALIGN_OFFSET,
 8002a7c:	9300      	str	r3, [sp, #0]
 8002a7e:	4653      	mov	r3, sl
 8002a80:	9a0f      	ldr	r2, [sp, #60]	@ 0x3c
 8002a82:	2110      	movs	r1, #16
 8002a84:	2000      	movs	r0, #0
 8002a86:	f7fe fe5f 	bl	8001748 <cbvprintf_package>
 8002a8a:	4605      	mov	r5, r0
		va_end(ap2);
	} else {
		plen = 0;
	}

	if (plen > Z_LOG_MSG_MAX_PACKAGE) {
 8002a8c:	f5b0 6f00 	cmp.w	r0, #2048	@ 0x800
 8002a90:	d22c      	bcs.n	8002aec <z_log_msg_runtime_vcreate+0x90>
		LOG_WRN("Message dropped because it exceeds size limitation (%u)",
			(uint32_t)Z_LOG_MSG_MAX_PACKAGE);
		return;
	}

	size_t msg_wlen = Z_LOG_MSG_ALIGNED_WLEN(plen, dlen);
 8002a92:	eb0b 0005 	add.w	r0, fp, r5
 8002a96:	3017      	adds	r0, #23
 8002a98:	f020 0007 	bic.w	r0, r0, #7
 8002a9c:	0880      	lsrs	r0, r0, #2
	struct log_msg *msg;
	uint8_t *pkg;
	struct log_msg_desc desc =
 8002a9e:	2400      	movs	r4, #0
 8002aa0:	f024 0401 	bic.w	r4, r4, #1
 8002aa4:	f024 0402 	bic.w	r4, r4, #2
 8002aa8:	f024 0404 	bic.w	r4, r4, #4
 8002aac:	f369 04c5 	bfi	r4, r9, #3, #3
 8002ab0:	f368 1488 	bfi	r4, r8, #6, #3
 8002ab4:	f365 2453 	bfi	r4, r5, #9, #11
 8002ab8:	f36b 541f 	bfi	r4, fp, #20, #12
	if (k_is_user_context()) {
		pkg = alloca(plen);
		msg = NULL;
	} else if (IS_ENABLED(CONFIG_LOG_MODE_DEFERRED) && BACKENDS_IN_USE()) {
		compiler_barrier();
		msg = z_log_msg_alloc(msg_wlen);
 8002abc:	f7ff fdac 	bl	8002618 <z_log_msg_alloc>
		if (IS_ENABLED(CONFIG_LOG_FRONTEND) && msg == NULL) {
			pkg = alloca(plen);
		} else {
			pkg = msg ? msg->data : NULL;
 8002ac0:	4680      	mov	r8, r0
 8002ac2:	b150      	cbz	r0, 8002ada <z_log_msg_runtime_vcreate+0x7e>
 8002ac4:	3010      	adds	r0, #16
		compiler_barrier();
		msg = alloca(msg_wlen * sizeof(int));
		pkg = msg->data;
	}

	if (pkg && fmt) {
 8002ac6:	f1ba 0f00 	cmp.w	sl, #0
 8002aca:	d006      	beq.n	8002ada <z_log_msg_runtime_vcreate+0x7e>
		plen = cbvprintf_package(pkg, (size_t)plen, package_flags, fmt, ap);
 8002acc:	9b11      	ldr	r3, [sp, #68]	@ 0x44
 8002ace:	9300      	str	r3, [sp, #0]
 8002ad0:	4653      	mov	r3, sl
 8002ad2:	9a0f      	ldr	r2, [sp, #60]	@ 0x3c
 8002ad4:	4629      	mov	r1, r5
 8002ad6:	f7fe fe37 	bl	8001748 <cbvprintf_package>
		    frontend_runtime_filtering(source, desc.level)) {
			log_frontend_msg(source, desc, pkg, data);
		}

		if (BACKENDS_IN_USE()) {
			z_log_msg_finalize(msg, source, desc, data);
 8002ada:	463b      	mov	r3, r7
 8002adc:	4622      	mov	r2, r4
 8002ade:	4631      	mov	r1, r6
 8002ae0:	4640      	mov	r0, r8
 8002ae2:	f006 f9ed 	bl	8008ec0 <z_log_msg_finalize>
		}
	}
}
 8002ae6:	b005      	add	sp, #20
 8002ae8:	e8bd 8ff0 	ldmia.w	sp!, {r4, r5, r6, r7, r8, r9, sl, fp, pc}
	z_impl_z_log_msg_simple_create_1(source, level, fmt, arg);
 8002aec:	f240 73ff 	movw	r3, #2047	@ 0x7ff
 8002af0:	4a03      	ldr	r2, [pc, #12]	@ (8002b00 <z_log_msg_runtime_vcreate+0xa4>)
 8002af2:	2102      	movs	r1, #2
 8002af4:	4803      	ldr	r0, [pc, #12]	@ (8002b04 <z_log_msg_runtime_vcreate+0xa8>)
 8002af6:	f006 fa35 	bl	8008f64 <z_impl_z_log_msg_simple_create_1>
		return;
 8002afa:	e7f4      	b.n	8002ae6 <z_log_msg_runtime_vcreate+0x8a>
		plen = 0;
 8002afc:	2500      	movs	r5, #0
 8002afe:	e7c8      	b.n	8002a92 <z_log_msg_runtime_vcreate+0x36>
 8002b00:	0800b398 	.word	0x0800b398
 8002b04:	0800aed8 	.word	0x0800aed8

08002b08 <log_msg_get_source_id>:
 *
 * @return Pointer to the source data.
 */
static inline const void *log_msg_get_source(struct log_msg *msg)
{
	return msg->hdr.source;
 8002b08:	6840      	ldr	r0, [r0, #4]
		return (int16_t)(uintptr_t)log_msg_get_source(msg);
	}

	void *source = (void *)log_msg_get_source(msg);

	if (source != NULL) {
 8002b0a:	b120      	cbz	r0, 8002b16 <log_msg_get_source_id+0xe>
 * @return Source ID.
 */
static inline uint32_t log_const_source_id(
				const struct log_source_const_data *data)
{
	return ((const uint8_t *)data - (uint8_t *)TYPE_SECTION_START(log_const))/
 8002b0c:	4b03      	ldr	r3, [pc, #12]	@ (8002b1c <log_msg_get_source_id+0x14>)
 8002b0e:	1ac0      	subs	r0, r0, r3
		return log_source_id(source);
 8002b10:	f340 00cf 	sbfx	r0, r0, #3, #16
 8002b14:	4770      	bx	lr
	}

	return -1;
 8002b16:	f04f 30ff 	mov.w	r0, #4294967295
}
 8002b1a:	4770      	bx	lr
 8002b1c:	0800aec0 	.word	0x0800aec0

08002b20 <print_formatted>:
	return 0;
}

static int print_formatted(const struct log_output *output,
			   const char *fmt, ...)
{
 8002b20:	b40e      	push	{r1, r2, r3}
 8002b22:	b500      	push	{lr}
 8002b24:	b082      	sub	sp, #8
 8002b26:	4601      	mov	r1, r0
 8002b28:	ab03      	add	r3, sp, #12
 8002b2a:	f853 2b04 	ldr.w	r2, [r3], #4
	va_list args;
	int length = 0;

	va_start(args, fmt);
 8002b2e:	9301      	str	r3, [sp, #4]
	length = cbvprintf(out_func, (void *)output, fmt, args);
 8002b30:	4803      	ldr	r0, [pc, #12]	@ (8002b40 <print_formatted+0x20>)
 8002b32:	f001 f8bd 	bl	8003cb0 <cbvprintf>
	va_end(args);

	return length;
}
 8002b36:	b002      	add	sp, #8
 8002b38:	f85d eb04 	ldr.w	lr, [sp], #4
 8002b3c:	b003      	add	sp, #12
 8002b3e:	4770      	bx	lr
 8002b40:	08008fcb 	.word	0x08008fcb

08002b44 <timestamp_print>:

static int timestamp_print(const struct log_output *output,
			   uint32_t flags, log_timestamp_t timestamp)
{
 8002b44:	b510      	push	{r4, lr}
 8002b46:	b084      	sub	sp, #16
		(flags & LOG_OUTPUT_FLAG_FORMAT_SYSLOG) |
		IS_ENABLED(CONFIG_LOG_OUTPUT_FORMAT_LINUX_TIMESTAMP) |
		IS_ENABLED(CONFIG_LOG_OUTPUT_FORMAT_CUSTOM_TIMESTAMP);


	if (!format) {
 8002b48:	f011 0f44 	tst.w	r1, #68	@ 0x44
 8002b4c:	d005      	beq.n	8002b5a <timestamp_print+0x16>
#ifndef CONFIG_LOG_TIMESTAMP_64BIT
		length = print_formatted(output, "[%08lu] ", timestamp);
#else
		length = print_formatted(output, "[%016llu] ", timestamp);
#endif
	} else if (freq != 0U) {
 8002b4e:	4b1a      	ldr	r3, [pc, #104]	@ (8002bb8 <timestamp_print+0x74>)
 8002b50:	681b      	ldr	r3, [r3, #0]
 8002b52:	b933      	cbnz	r3, 8002b62 <timestamp_print+0x1e>
							"[%02u:%02u:%02u.%03u,%03u] ",
							hours, mins, seconds, ms, us);
			}
		}
	} else {
		length = 0;
 8002b54:	2000      	movs	r0, #0
	}

	return length;
}
 8002b56:	b004      	add	sp, #16
 8002b58:	bd10      	pop	{r4, pc}
		length = print_formatted(output, "[%08lu] ", timestamp);
 8002b5a:	4918      	ldr	r1, [pc, #96]	@ (8002bbc <timestamp_print+0x78>)
 8002b5c:	f7ff ffe0 	bl	8002b20 <print_formatted>
 8002b60:	e7f9      	b.n	8002b56 <timestamp_print+0x12>
		timestamp /= timestamp_div;
 8002b62:	4917      	ldr	r1, [pc, #92]	@ (8002bc0 <timestamp_print+0x7c>)
 8002b64:	6809      	ldr	r1, [r1, #0]
 8002b66:	fbb2 f2f1 	udiv	r2, r2, r1
		total_seconds = timestamp / freq;
 8002b6a:	fbb2 fcf3 	udiv	ip, r2, r3
		remainder = timestamp % freq;
 8002b6e:	fb03 221c 	mls	r2, r3, ip, r2
		ms = (remainder * 1000U) / freq;
 8002b72:	f44f 7e7a 	mov.w	lr, #1000	@ 0x3e8
 8002b76:	fb0e f202 	mul.w	r2, lr, r2
 8002b7a:	fbb2 f4f3 	udiv	r4, r2, r3
		us = (1000 * (remainder * 1000U - (ms * freq))) / freq;
 8002b7e:	fb03 2114 	mls	r1, r3, r4, r2
 8002b82:	fb0e f101 	mul.w	r1, lr, r1
 8002b86:	fbb1 f1f3 	udiv	r1, r1, r3
				hours = seconds / 3600U;
 8002b8a:	4a0e      	ldr	r2, [pc, #56]	@ (8002bc4 <timestamp_print+0x80>)
 8002b8c:	fba2 320c 	umull	r3, r2, r2, ip
 8002b90:	0ad2      	lsrs	r2, r2, #11
				seconds -= hours * 3600U;
 8002b92:	f44f 6361 	mov.w	r3, #3600	@ 0xe10
 8002b96:	fb03 cc12 	mls	ip, r3, r2, ip
				mins = seconds / 60U;
 8002b9a:	4b0b      	ldr	r3, [pc, #44]	@ (8002bc8 <timestamp_print+0x84>)
 8002b9c:	fba3 e30c 	umull	lr, r3, r3, ip
 8002ba0:	095b      	lsrs	r3, r3, #5
				length = print_formatted(output,
 8002ba2:	9102      	str	r1, [sp, #8]
 8002ba4:	9401      	str	r4, [sp, #4]
 8002ba6:	ebc3 1103 	rsb	r1, r3, r3, lsl #4
 8002baa:	ebac 0181 	sub.w	r1, ip, r1, lsl #2
 8002bae:	9100      	str	r1, [sp, #0]
 8002bb0:	4906      	ldr	r1, [pc, #24]	@ (8002bcc <timestamp_print+0x88>)
 8002bb2:	f7ff ffb5 	bl	8002b20 <print_formatted>
 8002bb6:	e7ce      	b.n	8002b56 <timestamp_print+0x12>
 8002bb8:	2000154c 	.word	0x2000154c
 8002bbc:	0800b3d0 	.word	0x0800b3d0
 8002bc0:	20001548 	.word	0x20001548
 8002bc4:	91a2b3c5 	.word	0x91a2b3c5
 8002bc8:	88888889 	.word	0x88888889
 8002bcc:	0800b3dc 	.word	0x0800b3dc

08002bd0 <color_print>:

static void color_print(const struct log_output *output,
			bool color, bool start, uint32_t level)
{
	if (color) {
 8002bd0:	b161      	cbz	r1, 8002bec <color_print+0x1c>
{
 8002bd2:	b508      	push	{r3, lr}
		const char *log_color = start && (colors[level] != NULL) ?
				colors[level] : LOG_COLOR_CODE_DEFAULT;
 8002bd4:	b12a      	cbz	r2, 8002be2 <color_print+0x12>
		const char *log_color = start && (colors[level] != NULL) ?
 8002bd6:	4a06      	ldr	r2, [pc, #24]	@ (8002bf0 <color_print+0x20>)
 8002bd8:	f852 2023 	ldr.w	r2, [r2, r3, lsl #2]
 8002bdc:	b912      	cbnz	r2, 8002be4 <color_print+0x14>
				colors[level] : LOG_COLOR_CODE_DEFAULT;
 8002bde:	4a05      	ldr	r2, [pc, #20]	@ (8002bf4 <color_print+0x24>)
 8002be0:	e000      	b.n	8002be4 <color_print+0x14>
 8002be2:	4a04      	ldr	r2, [pc, #16]	@ (8002bf4 <color_print+0x24>)
		print_formatted(output, "%s", log_color);
 8002be4:	4904      	ldr	r1, [pc, #16]	@ (8002bf8 <color_print+0x28>)
 8002be6:	f7ff ff9b 	bl	8002b20 <print_formatted>
	}
}
 8002bea:	bd08      	pop	{r3, pc}
 8002bec:	4770      	bx	lr
 8002bee:	bf00      	nop
 8002bf0:	0800c34c 	.word	0x0800c34c
 8002bf4:	0800b3f8 	.word	0x0800b3f8
 8002bf8:	0800b400 	.word	0x0800b400

08002bfc <ids_print>:
		     const char *domain,
		     const char *source,
		     k_tid_t tid,
		     uint8_t core_id,
		     uint32_t level)
{
 8002bfc:	e92d 41f0 	stmdb	sp!, {r4, r5, r6, r7, r8, lr}
 8002c00:	4605      	mov	r5, r0
 8002c02:	4617      	mov	r7, r2
 8002c04:	9e07      	ldr	r6, [sp, #28]
 8002c06:	f8dd 8020 	ldr.w	r8, [sp, #32]
	int total = 0;

	if (level_on) {
 8002c0a:	b981      	cbnz	r1, 8002c2e <ids_print+0x32>
	int total = 0;
 8002c0c:	2400      	movs	r4, #0

	if (IS_ENABLED(CONFIG_LOG_CORE_ID_PREFIX) && core_on) {
		total += print_formatted(output, "[core %d] ", core_id);
	}

	if (domain) {
 8002c0e:	b12e      	cbz	r6, 8002c1c <ids_print+0x20>
		total += print_formatted(output, "%s/", domain);
 8002c10:	4632      	mov	r2, r6
 8002c12:	4911      	ldr	r1, [pc, #68]	@ (8002c58 <ids_print+0x5c>)
 8002c14:	4628      	mov	r0, r5
 8002c16:	f7ff ff83 	bl	8002b20 <print_formatted>
 8002c1a:	4404      	add	r4, r0
	}

	if (source) {
 8002c1c:	f1b8 0f00 	cmp.w	r8, #0
 8002c20:	d014      	beq.n	8002c4c <ids_print+0x50>
		total += print_formatted(output,
 8002c22:	b16f      	cbz	r7, 8002c40 <ids_print+0x44>
				(func_on &&
 8002c24:	9b0b      	ldr	r3, [sp, #44]	@ 0x2c
 8002c26:	2b04      	cmp	r3, #4
 8002c28:	d013      	beq.n	8002c52 <ids_print+0x56>
		total += print_formatted(output,
 8002c2a:	490c      	ldr	r1, [pc, #48]	@ (8002c5c <ids_print+0x60>)
 8002c2c:	e009      	b.n	8002c42 <ids_print+0x46>
		total += print_formatted(output, "<%s> ", severity[level]);
 8002c2e:	4b0c      	ldr	r3, [pc, #48]	@ (8002c60 <ids_print+0x64>)
 8002c30:	9a0b      	ldr	r2, [sp, #44]	@ 0x2c
 8002c32:	f853 2022 	ldr.w	r2, [r3, r2, lsl #2]
 8002c36:	490b      	ldr	r1, [pc, #44]	@ (8002c64 <ids_print+0x68>)
 8002c38:	f7ff ff72 	bl	8002b20 <print_formatted>
 8002c3c:	4604      	mov	r4, r0
 8002c3e:	e7e6      	b.n	8002c0e <ids_print+0x12>
		total += print_formatted(output,
 8002c40:	4906      	ldr	r1, [pc, #24]	@ (8002c5c <ids_print+0x60>)
 8002c42:	4642      	mov	r2, r8
 8002c44:	4628      	mov	r0, r5
 8002c46:	f7ff ff6b 	bl	8002b20 <print_formatted>
 8002c4a:	4404      	add	r4, r0
				"%s." : "%s: ",
				source);
	}

	return total;
}
 8002c4c:	4620      	mov	r0, r4
 8002c4e:	e8bd 81f0 	ldmia.w	sp!, {r4, r5, r6, r7, r8, pc}
		total += print_formatted(output,
 8002c52:	4905      	ldr	r1, [pc, #20]	@ (8002c68 <ids_print+0x6c>)
 8002c54:	e7f5      	b.n	8002c42 <ids_print+0x46>
 8002c56:	bf00      	nop
 8002c58:	0800b418 	.word	0x0800b418
 8002c5c:	0800b408 	.word	0x0800b408
 8002c60:	0800c360 	.word	0x0800c360
 8002c64:	0800b410 	.word	0x0800b410
 8002c68:	0800b404 	.word	0x0800b404

08002c6c <prefix_print>:
			     const char *domain,
			     const char *source,
			     k_tid_t tid,
			     uint8_t core_id,
			     uint8_t level)
{
 8002c6c:	e92d 4ff0 	stmdb	sp!, {r4, r5, r6, r7, r8, r9, sl, fp, lr}
 8002c70:	b089      	sub	sp, #36	@ 0x24
 8002c72:	4605      	mov	r5, r0
 8002c74:	460c      	mov	r4, r1
 8002c76:	9206      	str	r2, [sp, #24]
 8002c78:	9307      	str	r3, [sp, #28]
 8002c7a:	f89d 7058 	ldrb.w	r7, [sp, #88]	@ 0x58
	__ASSERT_NO_MSG(level <= LOG_LEVEL_DBG);
	uint32_t length = 0U;

	bool stamp = flags & LOG_OUTPUT_FLAG_TIMESTAMP;
 8002c7e:	f001 0b02 	and.w	fp, r1, #2
	bool colors_on = flags & LOG_OUTPUT_FLAG_COLORS;
 8002c82:	f001 0a01 	and.w	sl, r1, #1
	bool level_on = flags & LOG_OUTPUT_FLAG_LEVEL;
 8002c86:	f3c1 08c0 	ubfx	r8, r1, #3, #1
	bool thread_on = IS_ENABLED(CONFIG_LOG_THREAD_ID_PREFIX) &&
			 (flags & LOG_OUTPUT_FLAG_THREAD);
	bool core_on = IS_ENABLED(CONFIG_LOG_CORE_ID_PREFIX) &&
			 (flags & LOG_OUTPUT_FLAG_CORE);
	bool source_off = flags & LOG_OUTPUT_FLAG_SKIP_SOURCE;
 8002c8a:	f401 7980 	and.w	r9, r1, #256	@ 0x100
	const char *tag = IS_ENABLED(CONFIG_LOG) ? z_log_get_tag() : NULL;
 8002c8e:	f006 f8f1 	bl	8008e74 <z_log_get_tag>
			"<%d>1 ",
			facility * 8 +
			level_to_rfc5424_severity(level));
	}

	if (tag) {
 8002c92:	b338      	cbz	r0, 8002ce4 <prefix_print+0x78>
 8002c94:	4602      	mov	r2, r0
		length += print_formatted(output, "%s ", tag);
 8002c96:	4918      	ldr	r1, [pc, #96]	@ (8002cf8 <prefix_print+0x8c>)
 8002c98:	4628      	mov	r0, r5
 8002c9a:	f7ff ff41 	bl	8002b20 <print_formatted>
 8002c9e:	4606      	mov	r6, r0
	}

	if (stamp) {
 8002ca0:	f1bb 0f00 	cmp.w	fp, #0
 8002ca4:	d120      	bne.n	8002ce8 <prefix_print+0x7c>
	if (IS_ENABLED(CONFIG_LOG_BACKEND_NET) &&
	    flags & LOG_OUTPUT_FLAG_FORMAT_SYSLOG) {
		length += syslog_print(output, level_on, func_on, &thread_on, domain,
				       source_off ? NULL : source, tid, level, length);
	} else {
		color_prefix(output, colors_on, level);
 8002ca6:	463a      	mov	r2, r7
 8002ca8:	4651      	mov	r1, sl
 8002caa:	4628      	mov	r0, r5
 8002cac:	f006 f9b8 	bl	8009020 <color_prefix>
	}

	length += ids_print(output, level_on, func_on, thread_on, core_on, domain,
 8002cb0:	f1b9 0f00 	cmp.w	r9, #0
 8002cb4:	d001      	beq.n	8002cba <prefix_print+0x4e>
 8002cb6:	2300      	movs	r3, #0
 8002cb8:	9313      	str	r3, [sp, #76]	@ 0x4c
 8002cba:	9705      	str	r7, [sp, #20]
 8002cbc:	f89d 3054 	ldrb.w	r3, [sp, #84]	@ 0x54
 8002cc0:	9304      	str	r3, [sp, #16]
 8002cc2:	9b14      	ldr	r3, [sp, #80]	@ 0x50
 8002cc4:	9303      	str	r3, [sp, #12]
 8002cc6:	9b13      	ldr	r3, [sp, #76]	@ 0x4c
 8002cc8:	9302      	str	r3, [sp, #8]
 8002cca:	9b12      	ldr	r3, [sp, #72]	@ 0x48
 8002ccc:	9301      	str	r3, [sp, #4]
 8002cce:	2300      	movs	r3, #0
 8002cd0:	9300      	str	r3, [sp, #0]
 8002cd2:	9a06      	ldr	r2, [sp, #24]
 8002cd4:	4641      	mov	r1, r8
 8002cd6:	4628      	mov	r0, r5
 8002cd8:	f7ff ff90 	bl	8002bfc <ids_print>
			    source_off ? NULL : source, tid, core_id, level);

	return length;
}
 8002cdc:	4430      	add	r0, r6
 8002cde:	b009      	add	sp, #36	@ 0x24
 8002ce0:	e8bd 8ff0 	ldmia.w	sp!, {r4, r5, r6, r7, r8, r9, sl, fp, pc}
	uint32_t length = 0U;
 8002ce4:	2600      	movs	r6, #0
 8002ce6:	e7db      	b.n	8002ca0 <prefix_print+0x34>
		length += timestamp_print(output, flags, timestamp);
 8002ce8:	9a07      	ldr	r2, [sp, #28]
 8002cea:	4621      	mov	r1, r4
 8002cec:	4628      	mov	r0, r5
 8002cee:	f7ff ff29 	bl	8002b44 <timestamp_print>
 8002cf2:	4406      	add	r6, r0
 8002cf4:	e7d7      	b.n	8002ca6 <prefix_print+0x3a>
 8002cf6:	bf00      	nop
 8002cf8:	0800b41c 	.word	0x0800b41c

08002cfc <newline_print>:
	if ((flags & LOG_OUTPUT_FLAG_CRLF_NONE) != 0U) {
 8002cfc:	f011 0f10 	tst.w	r1, #16
 8002d00:	d10b      	bne.n	8002d1a <newline_print+0x1e>
{
 8002d02:	b508      	push	{r3, lr}
	if ((flags & LOG_OUTPUT_FLAG_CRLF_LFONLY) != 0U) {
 8002d04:	f011 0f20 	tst.w	r1, #32
 8002d08:	d003      	beq.n	8002d12 <newline_print+0x16>
		print_formatted(ctx, "\n");
 8002d0a:	4904      	ldr	r1, [pc, #16]	@ (8002d1c <newline_print+0x20>)
 8002d0c:	f7ff ff08 	bl	8002b20 <print_formatted>
}
 8002d10:	bd08      	pop	{r3, pc}
		print_formatted(ctx, "\r\n");
 8002d12:	4903      	ldr	r1, [pc, #12]	@ (8002d20 <newline_print+0x24>)
 8002d14:	f7ff ff04 	bl	8002b20 <print_formatted>
 8002d18:	e7fa      	b.n	8002d10 <newline_print+0x14>
 8002d1a:	4770      	bx	lr
 8002d1c:	0800b420 	.word	0x0800b420
 8002d20:	0800b424 	.word	0x0800b424

08002d24 <hexdump_line_print>:
{
 8002d24:	e92d 41f0 	stmdb	sp!, {r4, r5, r6, r7, r8, lr}
 8002d28:	4605      	mov	r5, r0
 8002d2a:	460f      	mov	r7, r1
 8002d2c:	4616      	mov	r6, r2
 8002d2e:	4698      	mov	r8, r3
	newline_print(output, flags);
 8002d30:	9906      	ldr	r1, [sp, #24]
 8002d32:	f7ff ffe3 	bl	8002cfc <newline_print>
	for (int i = 0; i < prefix_offset; i++) {
 8002d36:	2400      	movs	r4, #0
 8002d38:	e004      	b.n	8002d44 <hexdump_line_print+0x20>
		print_formatted(output, " ");
 8002d3a:	4925      	ldr	r1, [pc, #148]	@ (8002dd0 <hexdump_line_print+0xac>)
 8002d3c:	4628      	mov	r0, r5
 8002d3e:	f7ff feef 	bl	8002b20 <print_formatted>
	for (int i = 0; i < prefix_offset; i++) {
 8002d42:	3401      	adds	r4, #1
 8002d44:	4544      	cmp	r4, r8
 8002d46:	dbf8      	blt.n	8002d3a <hexdump_line_print+0x16>
	for (int i = 0; i < HEXDUMP_BYTES_IN_LINE; i++) {
 8002d48:	2400      	movs	r4, #0
 8002d4a:	e009      	b.n	8002d60 <hexdump_line_print+0x3c>
			print_formatted(output, " ");
 8002d4c:	4920      	ldr	r1, [pc, #128]	@ (8002dd0 <hexdump_line_print+0xac>)
 8002d4e:	4628      	mov	r0, r5
 8002d50:	f7ff fee6 	bl	8002b20 <print_formatted>
 8002d54:	e00b      	b.n	8002d6e <hexdump_line_print+0x4a>
			print_formatted(output, "   ");
 8002d56:	491f      	ldr	r1, [pc, #124]	@ (8002dd4 <hexdump_line_print+0xb0>)
 8002d58:	4628      	mov	r0, r5
 8002d5a:	f7ff fee1 	bl	8002b20 <print_formatted>
	for (int i = 0; i < HEXDUMP_BYTES_IN_LINE; i++) {
 8002d5e:	3401      	adds	r4, #1
 8002d60:	2c0f      	cmp	r4, #15
 8002d62:	dc0c      	bgt.n	8002d7e <hexdump_line_print+0x5a>
		if (i > 0 && !(i % 8)) {
 8002d64:	2c00      	cmp	r4, #0
 8002d66:	dd02      	ble.n	8002d6e <hexdump_line_print+0x4a>
 8002d68:	f014 0f07 	tst.w	r4, #7
 8002d6c:	d0ee      	beq.n	8002d4c <hexdump_line_print+0x28>
		if (i < length) {
 8002d6e:	42b4      	cmp	r4, r6
 8002d70:	d2f1      	bcs.n	8002d56 <hexdump_line_print+0x32>
			print_formatted(output, "%02x ", data[i]);
 8002d72:	5d3a      	ldrb	r2, [r7, r4]
 8002d74:	4918      	ldr	r1, [pc, #96]	@ (8002dd8 <hexdump_line_print+0xb4>)
 8002d76:	4628      	mov	r0, r5
 8002d78:	f7ff fed2 	bl	8002b20 <print_formatted>
 8002d7c:	e7ef      	b.n	8002d5e <hexdump_line_print+0x3a>
	print_formatted(output, "|");
 8002d7e:	4917      	ldr	r1, [pc, #92]	@ (8002ddc <hexdump_line_print+0xb8>)
 8002d80:	4628      	mov	r0, r5
 8002d82:	f7ff fecd 	bl	8002b20 <print_formatted>
	for (int i = 0; i < HEXDUMP_BYTES_IN_LINE; i++) {
 8002d86:	2400      	movs	r4, #0
 8002d88:	e009      	b.n	8002d9e <hexdump_line_print+0x7a>
			print_formatted(output, " ");
 8002d8a:	4911      	ldr	r1, [pc, #68]	@ (8002dd0 <hexdump_line_print+0xac>)
 8002d8c:	4628      	mov	r0, r5
 8002d8e:	f7ff fec7 	bl	8002b20 <print_formatted>
 8002d92:	e00b      	b.n	8002dac <hexdump_line_print+0x88>
			print_formatted(output, "%c",
 8002d94:	4912      	ldr	r1, [pc, #72]	@ (8002de0 <hexdump_line_print+0xbc>)
 8002d96:	4628      	mov	r0, r5
 8002d98:	f7ff fec2 	bl	8002b20 <print_formatted>
	for (int i = 0; i < HEXDUMP_BYTES_IN_LINE; i++) {
 8002d9c:	3401      	adds	r4, #1
 8002d9e:	2c0f      	cmp	r4, #15
 8002da0:	dc13      	bgt.n	8002dca <hexdump_line_print+0xa6>
		if (i > 0 && !(i % 8)) {
 8002da2:	2c00      	cmp	r4, #0
 8002da4:	dd02      	ble.n	8002dac <hexdump_line_print+0x88>
 8002da6:	f014 0f07 	tst.w	r4, #7
 8002daa:	d0ee      	beq.n	8002d8a <hexdump_line_print+0x66>
		if (i < length) {
 8002dac:	42b4      	cmp	r4, r6
 8002dae:	d207      	bcs.n	8002dc0 <hexdump_line_print+0x9c>
			unsigned char c = (unsigned char)data[i];
 8002db0:	5d3a      	ldrb	r2, [r7, r4]
			      isprint((int)c) != 0 ? c : '.');
 8002db2:	4b0c      	ldr	r3, [pc, #48]	@ (8002de4 <hexdump_line_print+0xc0>)
 8002db4:	5c9b      	ldrb	r3, [r3, r2]
			print_formatted(output, "%c",
 8002db6:	f013 0f97 	tst.w	r3, #151	@ 0x97
 8002dba:	d1eb      	bne.n	8002d94 <hexdump_line_print+0x70>
 8002dbc:	222e      	movs	r2, #46	@ 0x2e
 8002dbe:	e7e9      	b.n	8002d94 <hexdump_line_print+0x70>
			print_formatted(output, " ");
 8002dc0:	4903      	ldr	r1, [pc, #12]	@ (8002dd0 <hexdump_line_print+0xac>)
 8002dc2:	4628      	mov	r0, r5
 8002dc4:	f7ff feac 	bl	8002b20 <print_formatted>
 8002dc8:	e7e8      	b.n	8002d9c <hexdump_line_print+0x78>
}
 8002dca:	e8bd 81f0 	ldmia.w	sp!, {r4, r5, r6, r7, r8, pc}
 8002dce:	bf00      	nop
 8002dd0:	0800b428 	.word	0x0800b428
 8002dd4:	0800b434 	.word	0x0800b434
 8002dd8:	0800b42c 	.word	0x0800b42c
 8002ddc:	0800b438 	.word	0x0800b438
 8002de0:	0800b43c 	.word	0x0800b43c
 8002de4:	0800c728 	.word	0x0800c728

08002de8 <log_output_process>:
			uint8_t level,
			const uint8_t *package,
			const uint8_t *data,
			size_t data_len,
			uint32_t flags)
{
 8002de8:	e92d 41f0 	stmdb	sp!, {r4, r5, r6, r7, r8, lr}
 8002dec:	b086      	sub	sp, #24
 8002dee:	4604      	mov	r4, r0
 8002df0:	f89d 5038 	ldrb.w	r5, [sp, #56]	@ 0x38
 8002df4:	9f0f      	ldr	r7, [sp, #60]	@ 0x3c
 8002df6:	9e11      	ldr	r6, [sp, #68]	@ 0x44
	bool raw_string = (level == LOG_LEVEL_INTERNAL_RAW_STRING);
	uint32_t prefix_offset;
	cbprintf_cb cb;

	if (!raw_string) {
 8002df8:	b995      	cbnz	r5, 8002e20 <log_output_process+0x38>
		prefix_offset = 0;
		/* source set to 1 indicates raw string and contrary to printk
		 * case it should not append anything to the output (printk is
		 * appending <CR> to the new line character).
		 */
		cb = ((uintptr_t)source == 1) ? out_func : cr_out_func;
 8002dfa:	2b01      	cmp	r3, #1
 8002dfc:	d021      	beq.n	8002e42 <log_output_process+0x5a>
 8002dfe:	481a      	ldr	r0, [pc, #104]	@ (8002e68 <log_output_process+0x80>)
		prefix_offset = 0;
 8002e00:	f04f 0800 	mov.w	r8, #0
	}

	if (package) {
 8002e04:	b127      	cbz	r7, 8002e10 <log_output_process+0x28>
		return cbpprintf_external(out, cbvprintf_tagged_args,
					  ctx, packaged);
	}
#endif

	return cbpprintf_external(out, cbvprintf, ctx, packaged);
 8002e06:	463b      	mov	r3, r7
 8002e08:	4622      	mov	r2, r4
 8002e0a:	4918      	ldr	r1, [pc, #96]	@ (8002e6c <log_output_process+0x84>)
 8002e0c:	f005 fb85 	bl	800851a <cbpprintf_external>

		(void)err;
		__ASSERT_NO_MSG(err >= 0);
	}

	if (data_len) {
 8002e10:	b9de      	cbnz	r6, 8002e4a <log_output_process+0x62>
		log_msg_hexdump(output, (uint8_t *)data, data_len, prefix_offset, flags);
	}

	if (!raw_string) {
 8002e12:	bb1d      	cbnz	r5, 8002e5c <log_output_process+0x74>
		postfix_print(output, flags, level);
	}

	log_output_flush(output);
 8002e14:	4620      	mov	r0, r4
 8002e16:	f006 f8c1 	bl	8008f9c <log_output_flush>
}
 8002e1a:	b006      	add	sp, #24
 8002e1c:	e8bd 81f0 	ldmia.w	sp!, {r4, r5, r6, r7, r8, pc}
		prefix_offset = prefix_print(output, flags, 0, timestamp,
 8002e20:	9504      	str	r5, [sp, #16]
 8002e22:	f89d 0034 	ldrb.w	r0, [sp, #52]	@ 0x34
 8002e26:	9003      	str	r0, [sp, #12]
 8002e28:	980c      	ldr	r0, [sp, #48]	@ 0x30
 8002e2a:	9002      	str	r0, [sp, #8]
 8002e2c:	9301      	str	r3, [sp, #4]
 8002e2e:	9200      	str	r2, [sp, #0]
 8002e30:	460b      	mov	r3, r1
 8002e32:	2200      	movs	r2, #0
 8002e34:	9912      	ldr	r1, [sp, #72]	@ 0x48
 8002e36:	4620      	mov	r0, r4
 8002e38:	f7ff ff18 	bl	8002c6c <prefix_print>
 8002e3c:	4680      	mov	r8, r0
		cb = out_func;
 8002e3e:	480c      	ldr	r0, [pc, #48]	@ (8002e70 <log_output_process+0x88>)
 8002e40:	e7e0      	b.n	8002e04 <log_output_process+0x1c>
		cb = ((uintptr_t)source == 1) ? out_func : cr_out_func;
 8002e42:	480b      	ldr	r0, [pc, #44]	@ (8002e70 <log_output_process+0x88>)
		prefix_offset = 0;
 8002e44:	f04f 0800 	mov.w	r8, #0
 8002e48:	e7dc      	b.n	8002e04 <log_output_process+0x1c>
		log_msg_hexdump(output, (uint8_t *)data, data_len, prefix_offset, flags);
 8002e4a:	9b12      	ldr	r3, [sp, #72]	@ 0x48
 8002e4c:	9300      	str	r3, [sp, #0]
 8002e4e:	4643      	mov	r3, r8
 8002e50:	4632      	mov	r2, r6
 8002e52:	9910      	ldr	r1, [sp, #64]	@ 0x40
 8002e54:	4620      	mov	r0, r4
 8002e56:	f006 f8fb 	bl	8009050 <log_msg_hexdump>
 8002e5a:	e7da      	b.n	8002e12 <log_output_process+0x2a>
		postfix_print(output, flags, level);
 8002e5c:	462a      	mov	r2, r5
 8002e5e:	9912      	ldr	r1, [sp, #72]	@ 0x48
 8002e60:	4620      	mov	r0, r4
 8002e62:	f006 f8e9 	bl	8009038 <postfix_print>
 8002e66:	e7d5      	b.n	8002e14 <log_output_process+0x2c>
 8002e68:	08009003 	.word	0x08009003
 8002e6c:	08003cb1 	.word	0x08003cb1
 8002e70:	08008fcb 	.word	0x08008fcb

08002e74 <log_output_dropped_process>:
			   log_msg_get_core_id(msg), level,
			   plen > 0 ? package : NULL, data, dlen, flags);
}

void log_output_dropped_process(const struct log_output *output, uint32_t cnt)
{
 8002e74:	e92d 43f0 	stmdb	sp!, {r4, r5, r6, r7, r8, r9, lr}
 8002e78:	b083      	sub	sp, #12
 8002e7a:	4606      	mov	r6, r0
	char buf[5];
	int len;
	static const char prefix[] = DROPPED_COLOR_PREFIX "--- ";
	static const char postfix[] =
			" messages dropped ---\r\n" DROPPED_COLOR_POSTFIX;
	log_output_func_t outf = output->func;
 8002e7c:	6805      	ldr	r5, [r0, #0]

	cnt = MIN(cnt, 9999);
	len = snprintk(buf, sizeof(buf), "%d", cnt);
 8002e7e:	f242 730f 	movw	r3, #9999	@ 0x270f
 8002e82:	428b      	cmp	r3, r1
 8002e84:	bf28      	it	cs
 8002e86:	460b      	movcs	r3, r1
 8002e88:	4a18      	ldr	r2, [pc, #96]	@ (8002eec <log_output_dropped_process+0x78>)
 8002e8a:	2105      	movs	r1, #5
 8002e8c:	4668      	mov	r0, sp
 8002e8e:	f004 fbbf 	bl	8007610 <snprintf>
 8002e92:	4604      	mov	r4, r0

	log_output_write(outf, (uint8_t *)prefix, sizeof(prefix) - 1, output->control_block->ctx);
 8002e94:	6873      	ldr	r3, [r6, #4]
 8002e96:	f8d3 9004 	ldr.w	r9, [r3, #4]
 */
static inline void log_output_write(log_output_func_t outf, uint8_t *buf, size_t len, void *ctx)
{
	int processed;

	while (len != 0) {
 8002e9a:	270b      	movs	r7, #11
 8002e9c:	f8df 8050 	ldr.w	r8, [pc, #80]	@ 8002ef0 <log_output_dropped_process+0x7c>
 8002ea0:	e005      	b.n	8002eae <log_output_dropped_process+0x3a>
		processed = outf(buf, len, ctx);
 8002ea2:	464a      	mov	r2, r9
 8002ea4:	4639      	mov	r1, r7
 8002ea6:	4640      	mov	r0, r8
 8002ea8:	47a8      	blx	r5
		len -= processed;
 8002eaa:	1a3f      	subs	r7, r7, r0
		buf += processed;
 8002eac:	4480      	add	r8, r0
	while (len != 0) {
 8002eae:	2f00      	cmp	r7, #0
 8002eb0:	d1f7      	bne.n	8002ea2 <log_output_dropped_process+0x2e>
	log_output_write(outf, buf, len, output->control_block->ctx);
 8002eb2:	6873      	ldr	r3, [r6, #4]
 8002eb4:	f8d3 8004 	ldr.w	r8, [r3, #4]
 8002eb8:	466f      	mov	r7, sp
 8002eba:	e005      	b.n	8002ec8 <log_output_dropped_process+0x54>
		processed = outf(buf, len, ctx);
 8002ebc:	4642      	mov	r2, r8
 8002ebe:	4621      	mov	r1, r4
 8002ec0:	4638      	mov	r0, r7
 8002ec2:	47a8      	blx	r5
		len -= processed;
 8002ec4:	1a24      	subs	r4, r4, r0
		buf += processed;
 8002ec6:	4407      	add	r7, r0
	while (len != 0) {
 8002ec8:	2c00      	cmp	r4, #0
 8002eca:	d1f7      	bne.n	8002ebc <log_output_dropped_process+0x48>
	log_output_write(outf, (uint8_t *)postfix, sizeof(postfix) - 1, output->control_block->ctx);
 8002ecc:	6873      	ldr	r3, [r6, #4]
 8002ece:	685f      	ldr	r7, [r3, #4]
 8002ed0:	241b      	movs	r4, #27
 8002ed2:	4e08      	ldr	r6, [pc, #32]	@ (8002ef4 <log_output_dropped_process+0x80>)
 8002ed4:	e005      	b.n	8002ee2 <log_output_dropped_process+0x6e>
		processed = outf(buf, len, ctx);
 8002ed6:	463a      	mov	r2, r7
 8002ed8:	4621      	mov	r1, r4
 8002eda:	4630      	mov	r0, r6
 8002edc:	47a8      	blx	r5
		len -= processed;
 8002ede:	1a24      	subs	r4, r4, r0
		buf += processed;
 8002ee0:	4406      	add	r6, r0
	while (len != 0) {
 8002ee2:	2c00      	cmp	r4, #0
 8002ee4:	d1f7      	bne.n	8002ed6 <log_output_dropped_process+0x62>
}
 8002ee6:	b003      	add	sp, #12
 8002ee8:	e8bd 83f0 	ldmia.w	sp!, {r4, r5, r6, r7, r8, r9, pc}
 8002eec:	0800b060 	.word	0x0800b060
 8002ef0:	0800c340 	.word	0x0800c340
 8002ef4:	0800c324 	.word	0x0800c324

08002ef8 <log_output_timestamp_freq_set>:

void log_output_timestamp_freq_set(uint32_t frequency)
{
	timestamp_div = 1U;
 8002ef8:	4b07      	ldr	r3, [pc, #28]	@ (8002f18 <log_output_timestamp_freq_set+0x20>)
 8002efa:	2201      	movs	r2, #1
 8002efc:	601a      	str	r2, [r3, #0]
	/* There is no point to have frequency higher than 1MHz (ns are not
	 * printed) and too high frequency leads to overflows in calculations.
	 */
	while (frequency > 1000000) {
 8002efe:	e004      	b.n	8002f0a <log_output_timestamp_freq_set+0x12>
		frequency /= 2U;
 8002f00:	0840      	lsrs	r0, r0, #1
		timestamp_div *= 2U;
 8002f02:	4a05      	ldr	r2, [pc, #20]	@ (8002f18 <log_output_timestamp_freq_set+0x20>)
 8002f04:	6813      	ldr	r3, [r2, #0]
 8002f06:	005b      	lsls	r3, r3, #1
 8002f08:	6013      	str	r3, [r2, #0]
	while (frequency > 1000000) {
 8002f0a:	4b04      	ldr	r3, [pc, #16]	@ (8002f1c <log_output_timestamp_freq_set+0x24>)
 8002f0c:	4298      	cmp	r0, r3
 8002f0e:	d8f7      	bhi.n	8002f00 <log_output_timestamp_freq_set+0x8>
	}

	freq = frequency;
 8002f10:	4b03      	ldr	r3, [pc, #12]	@ (8002f20 <log_output_timestamp_freq_set+0x28>)
 8002f12:	6018      	str	r0, [r3, #0]
}
 8002f14:	4770      	bx	lr
 8002f16:	bf00      	nop
 8002f18:	20001548 	.word	0x20001548
 8002f1c:	000f4240 	.word	0x000f4240
 8002f20:	2000154c 	.word	0x2000154c

08002f24 <char_out>:
		uart_poll_out(uart_dev, c);
	}
}

static int char_out(uint8_t *data, size_t length, void *ctx)
{
 8002f24:	b570      	push	{r4, r5, r6, lr}
 8002f26:	4606      	mov	r6, r0
 8002f28:	460d      	mov	r5, r1
		goto cleanup;
	}

	if (!IS_ENABLED(CONFIG_LOG_BACKEND_UART_ASYNC) || lb_data->in_panic ||
	    !lb_data->use_async) {
		for (size_t i = 0; i < length; i++) {
 8002f2a:	2400      	movs	r4, #0
 8002f2c:	e005      	b.n	8002f3a <char_out+0x16>
			uart_poll_out(uart_dev, data[i]);
 8002f2e:	5d31      	ldrb	r1, [r6, r4]
#endif
}

static inline void z_impl_uart_poll_out(const struct device *dev, unsigned char out_char)
{
	const struct uart_driver_api *api = (const struct uart_driver_api *)dev->api;
 8002f30:	4804      	ldr	r0, [pc, #16]	@ (8002f44 <char_out+0x20>)
 8002f32:	6883      	ldr	r3, [r0, #8]

	api->poll_out(dev, out_char);
 8002f34:	685b      	ldr	r3, [r3, #4]
 8002f36:	4798      	blx	r3
		for (size_t i = 0; i < length; i++) {
 8002f38:	3401      	adds	r4, #1
 8002f3a:	42ac      	cmp	r4, r5
 8002f3c:	d3f7      	bcc.n	8002f2e <char_out+0xa>
	 * As errors cannot be returned, ignore the return value
	 */
	(void)pm_device_runtime_put_async(uart_dev, K_MSEC(1));

	return length;
}
 8002f3e:	4628      	mov	r0, r5
 8002f40:	bd70      	pop	{r4, r5, r6, pc}
 8002f42:	bf00      	nop
 8002f44:	0800a8c4 	.word	0x0800a8c4

08002f48 <mem_attr_get_regions>:
	DT_MEMORY_ATTR_FOREACH_STATUS_OKAY_NODE(_BUILD_MEM_ATTR_REGION)
};

size_t mem_attr_get_regions(const struct mem_attr_region_t **region)
{
	*region = mem_attr_region;
 8002f48:	4b01      	ldr	r3, [pc, #4]	@ (8002f50 <mem_attr_get_regions+0x8>)
 8002f4a:	6003      	str	r3, [r0, #0]

	return ARRAY_SIZE(mem_attr_region);
}
 8002f4c:	2000      	movs	r0, #0
 8002f4e:	4770      	bx	lr
 8002f50:	0800c3a8 	.word	0x0800c3a8

08002f54 <arch_bss_zero>:
 *
 * This routine clears the BSS region, so all bytes are 0.
 */
__boot_func
void arch_bss_zero(void)
{
 8002f54:	b508      	push	{r3, lr}
	if (IS_ENABLED(CONFIG_SKIP_BSS_CLEAR)) {
		return;
	}

	arch_early_memset(__bss_start, 0, __bss_end - __bss_start);
 8002f56:	4803      	ldr	r0, [pc, #12]	@ (8002f64 <arch_bss_zero+0x10>)
 8002f58:	4a03      	ldr	r2, [pc, #12]	@ (8002f68 <arch_bss_zero+0x14>)
 8002f5a:	1a12      	subs	r2, r2, r0
 8002f5c:	2100      	movs	r1, #0
 8002f5e:	f006 f908 	bl	8009172 <arch_early_memset>
#endif /* CONFIG_COVERAGE_GCOV */
#ifdef CONFIG_NOCACHE_MEMORY
	arch_early_memset(&_nocache_ram_start, 0,
			(uintptr_t) &_nocache_ram_end - (uintptr_t) &_nocache_ram_start);
#endif
}
 8002f62:	bd08      	pop	{r3, pc}
 8002f64:	200003b0 	.word	0x200003b0
 8002f68:	20001658 	.word	0x20001658

08002f6c <arch_data_copy>:
 * @brief Copy the data section from ROM to RAM
 *
 * This routine copies the data section from ROM to RAM.
 */
void arch_data_copy(void)
{
 8002f6c:	b508      	push	{r3, lr}
	arch_early_memcpy(&__data_region_start, &__data_region_load_start,
		       __data_region_end - __data_region_start);
 8002f6e:	4806      	ldr	r0, [pc, #24]	@ (8002f88 <arch_data_copy+0x1c>)
	arch_early_memcpy(&__data_region_start, &__data_region_load_start,
 8002f70:	4a06      	ldr	r2, [pc, #24]	@ (8002f8c <arch_data_copy+0x20>)
 8002f72:	1a12      	subs	r2, r2, r0
 8002f74:	4906      	ldr	r1, [pc, #24]	@ (8002f90 <arch_data_copy+0x24>)
 8002f76:	f006 f900 	bl	800917a <arch_early_memcpy>
#ifdef CONFIG_ARCH_HAS_RAMFUNC_SUPPORT
	arch_early_memcpy(&__ramfunc_region_start, &__ramfunc_load_start,
		       __ramfunc_end - __ramfunc_region_start);
 8002f7a:	4806      	ldr	r0, [pc, #24]	@ (8002f94 <arch_data_copy+0x28>)
	arch_early_memcpy(&__ramfunc_region_start, &__ramfunc_load_start,
 8002f7c:	4a06      	ldr	r2, [pc, #24]	@ (8002f98 <arch_data_copy+0x2c>)
 8002f7e:	1a12      	subs	r2, r2, r0
 8002f80:	4906      	ldr	r1, [pc, #24]	@ (8002f9c <arch_data_copy+0x30>)
 8002f82:	f006 f8fa 	bl	800917a <arch_early_memcpy>
#else
	arch_early_memcpy(&_app_smem_start, &_app_smem_rom_start,
		       _app_smem_end - _app_smem_start);
#endif /* CONFIG_REQUIRES_STACK_CANARIES */
#endif /* CONFIG_USERSPACE */
}
 8002f86:	bd08      	pop	{r3, pc}
 8002f88:	20000000 	.word	0x20000000
 8002f8c:	200003ac 	.word	0x200003ac
 8002f90:	0800c828 	.word	0x0800c828
 8002f94:	20000000 	.word	0x20000000
 8002f98:	20000000 	.word	0x20000000
 8002f9c:	0800c828 	.word	0x0800c828

08002fa0 <esf_dump>:

extern void z_arm_unwind_stack(const struct arch_esf *esf);

#ifdef CONFIG_EXCEPTION_DEBUG
static void esf_dump(const struct arch_esf *esf)
{
 8002fa0:	e92d 41f0 	stmdb	sp!, {r4, r5, r6, r7, r8, lr}
 8002fa4:	b082      	sub	sp, #8
 8002fa6:	af00      	add	r7, sp, #0
 8002fa8:	4604      	mov	r4, r0
	EXCEPTION_DUMP("r0/a1:  0x%08x  r1/a2:  0x%08x  r2/a3:  0x%08x",
 8002faa:	f8d0 e000 	ldr.w	lr, [r0]
 8002fae:	f8d0 c004 	ldr.w	ip, [r0, #4]
 8002fb2:	6885      	ldr	r5, [r0, #8]
 8002fb4:	466e      	mov	r6, sp
 8002fb6:	b08a      	sub	sp, #40	@ 0x28
 8002fb8:	466b      	mov	r3, sp
 8002fba:	f113 0210 	adds.w	r2, r3, #16
 8002fbe:	f000 8088 	beq.w	80030d2 <esf_dump+0x132>
 8002fc2:	2114      	movs	r1, #20
 8002fc4:	b18a      	cbz	r2, 8002fea <esf_dump+0x4a>
 8002fc6:	4608      	mov	r0, r1
 8002fc8:	2904      	cmp	r1, #4
 8002fca:	dd03      	ble.n	8002fd4 <esf_dump+0x34>
 8002fcc:	f8df 811c 	ldr.w	r8, [pc, #284]	@ 80030ec <esf_dump+0x14c>
 8002fd0:	f8c3 8014 	str.w	r8, [r3, #20]
 8002fd4:	2808      	cmp	r0, #8
 8002fd6:	dd01      	ble.n	8002fdc <esf_dump+0x3c>
 8002fd8:	f8c3 e018 	str.w	lr, [r3, #24]
 8002fdc:	280c      	cmp	r0, #12
 8002fde:	dd01      	ble.n	8002fe4 <esf_dump+0x44>
 8002fe0:	f8c3 c01c 	str.w	ip, [r3, #28]
 8002fe4:	2810      	cmp	r0, #16
 8002fe6:	dd00      	ble.n	8002fea <esf_dump+0x4a>
 8002fe8:	621d      	str	r5, [r3, #32]
 8002fea:	2913      	cmp	r1, #19
 8002fec:	dd74      	ble.n	80030d8 <esf_dump+0x138>
 8002fee:	2514      	movs	r5, #20
 8002ff0:	b13a      	cbz	r2, 8003002 <esf_dump+0x62>
 8002ff2:	2105      	movs	r1, #5
 8002ff4:	7139      	strb	r1, [r7, #4]
 8002ff6:	2100      	movs	r1, #0
 8002ff8:	7179      	strb	r1, [r7, #5]
 8002ffa:	71b9      	strb	r1, [r7, #6]
 8002ffc:	71f9      	strb	r1, [r7, #7]
 8002ffe:	6878      	ldr	r0, [r7, #4]
 8003000:	6118      	str	r0, [r3, #16]
 8003002:	2100      	movs	r1, #0
 8003004:	f021 0101 	bic.w	r1, r1, #1
 8003008:	f021 0102 	bic.w	r1, r1, #2
 800300c:	f021 0104 	bic.w	r1, r1, #4
 8003010:	f021 0138 	bic.w	r1, r1, #56	@ 0x38
 8003014:	2301      	movs	r3, #1
 8003016:	f363 1188 	bfi	r1, r3, #6, #3
 800301a:	f3c5 050a 	ubfx	r5, r5, #0, #11
 800301e:	f365 2153 	bfi	r1, r5, #9, #11
 8003022:	f3c1 0113 	ubfx	r1, r1, #0, #20
	z_impl_z_log_msg_static_create(source, desc, package, data);
 8003026:	2300      	movs	r3, #0
 8003028:	4831      	ldr	r0, [pc, #196]	@ (80030f0 <esf_dump+0x150>)
 800302a:	f7ff fc6b 	bl	8002904 <z_impl_z_log_msg_static_create>
 800302e:	46b5      	mov	sp, r6
		esf->basic.a1, esf->basic.a2, esf->basic.a3);
	EXCEPTION_DUMP("r3/a4:  0x%08x r12/ip:  0x%08x r14/lr:  0x%08x",
 8003030:	f8d4 c00c 	ldr.w	ip, [r4, #12]
 8003034:	6926      	ldr	r6, [r4, #16]
 8003036:	6965      	ldr	r5, [r4, #20]
 8003038:	46e8      	mov	r8, sp
 800303a:	b08a      	sub	sp, #40	@ 0x28
 800303c:	466b      	mov	r3, sp
 800303e:	f113 0210 	adds.w	r2, r3, #16
 8003042:	d04c      	beq.n	80030de <esf_dump+0x13e>
 8003044:	2114      	movs	r1, #20
 8003046:	b182      	cbz	r2, 800306a <esf_dump+0xca>
 8003048:	4608      	mov	r0, r1
 800304a:	2904      	cmp	r1, #4
 800304c:	dd03      	ble.n	8003056 <esf_dump+0xb6>
 800304e:	f8df e0a4 	ldr.w	lr, [pc, #164]	@ 80030f4 <esf_dump+0x154>
 8003052:	f8c3 e014 	str.w	lr, [r3, #20]
 8003056:	2808      	cmp	r0, #8
 8003058:	dd01      	ble.n	800305e <esf_dump+0xbe>
 800305a:	f8c3 c018 	str.w	ip, [r3, #24]
 800305e:	280c      	cmp	r0, #12
 8003060:	dd00      	ble.n	8003064 <esf_dump+0xc4>
 8003062:	61de      	str	r6, [r3, #28]
 8003064:	2810      	cmp	r0, #16
 8003066:	dd00      	ble.n	800306a <esf_dump+0xca>
 8003068:	621d      	str	r5, [r3, #32]
 800306a:	2913      	cmp	r1, #19
 800306c:	dd3a      	ble.n	80030e4 <esf_dump+0x144>
 800306e:	2514      	movs	r5, #20
 8003070:	b13a      	cbz	r2, 8003082 <esf_dump+0xe2>
 8003072:	2105      	movs	r1, #5
 8003074:	7139      	strb	r1, [r7, #4]
 8003076:	2100      	movs	r1, #0
 8003078:	7179      	strb	r1, [r7, #5]
 800307a:	71b9      	strb	r1, [r7, #6]
 800307c:	71f9      	strb	r1, [r7, #7]
 800307e:	6878      	ldr	r0, [r7, #4]
 8003080:	6118      	str	r0, [r3, #16]
 8003082:	2100      	movs	r1, #0
 8003084:	f021 0101 	bic.w	r1, r1, #1
 8003088:	f021 0102 	bic.w	r1, r1, #2
 800308c:	f021 0104 	bic.w	r1, r1, #4
 8003090:	f021 0138 	bic.w	r1, r1, #56	@ 0x38
 8003094:	2601      	movs	r6, #1
 8003096:	f366 1188 	bfi	r1, r6, #6, #3
 800309a:	f3c5 050a 	ubfx	r5, r5, #0, #11
 800309e:	f365 2153 	bfi	r1, r5, #9, #11
 80030a2:	f3c1 0113 	ubfx	r1, r1, #0, #20
 80030a6:	4d12      	ldr	r5, [pc, #72]	@ (80030f0 <esf_dump+0x150>)
 80030a8:	2300      	movs	r3, #0
 80030aa:	4628      	mov	r0, r5
 80030ac:	f7ff fc2a 	bl	8002904 <z_impl_z_log_msg_static_create>
 80030b0:	46c5      	mov	sp, r8
		esf->basic.a4, esf->basic.ip, esf->basic.lr);
	EXCEPTION_DUMP(" xpsr:  0x%08x", esf->basic.xpsr);
 80030b2:	69e3      	ldr	r3, [r4, #28]
	z_impl_z_log_msg_simple_create_1(source, level, fmt, arg);
 80030b4:	4a10      	ldr	r2, [pc, #64]	@ (80030f8 <esf_dump+0x158>)
 80030b6:	4631      	mov	r1, r6
 80030b8:	4628      	mov	r0, r5
 80030ba:	f005 ff53 	bl	8008f64 <z_impl_z_log_msg_simple_create_1>
	}

	EXCEPTION_DUMP("EXC_RETURN: 0x%0x", esf->extra_info.exc_return);

#endif /* CONFIG_EXTRA_EXCEPTION_INFO */
	EXCEPTION_DUMP("Faulting instruction address (r15/pc): 0x%08x",
 80030be:	69a3      	ldr	r3, [r4, #24]
 80030c0:	4a0e      	ldr	r2, [pc, #56]	@ (80030fc <esf_dump+0x15c>)
 80030c2:	4631      	mov	r1, r6
 80030c4:	4628      	mov	r0, r5
 80030c6:	f005 ff4d 	bl	8008f64 <z_impl_z_log_msg_simple_create_1>
		esf->basic.pc);
}
 80030ca:	3708      	adds	r7, #8
 80030cc:	46bd      	mov	sp, r7
 80030ce:	e8bd 81f0 	ldmia.w	sp!, {r4, r5, r6, r7, r8, pc}
	EXCEPTION_DUMP("r0/a1:  0x%08x  r1/a2:  0x%08x  r2/a3:  0x%08x",
 80030d2:	f06f 4100 	mvn.w	r1, #2147483648	@ 0x80000000
 80030d6:	e775      	b.n	8002fc4 <esf_dump+0x24>
 80030d8:	f06f 051b 	mvn.w	r5, #27
 80030dc:	e788      	b.n	8002ff0 <esf_dump+0x50>
	EXCEPTION_DUMP("r3/a4:  0x%08x r12/ip:  0x%08x r14/lr:  0x%08x",
 80030de:	f06f 4100 	mvn.w	r1, #2147483648	@ 0x80000000
 80030e2:	e7b0      	b.n	8003046 <esf_dump+0xa6>
 80030e4:	f06f 051b 	mvn.w	r5, #27
 80030e8:	e7c2      	b.n	8003070 <esf_dump+0xd0>
 80030ea:	bf00      	nop
 80030ec:	0800b480 	.word	0x0800b480
 80030f0:	0800aef8 	.word	0x0800aef8
 80030f4:	0800b4b0 	.word	0x0800b4b0
 80030f8:	0800b4e0 	.word	0x0800b4e0
 80030fc:	0800b4f0 	.word	0x0800b4f0

08003100 <z_arm_fatal_error>:
#endif /* CONFIG_EXCEPTION_DEBUG */

void z_arm_fatal_error(unsigned int reason, const struct arch_esf *esf)
{
 8003100:	b538      	push	{r3, r4, r5, lr}
 8003102:	4604      	mov	r4, r0
#ifdef CONFIG_EXCEPTION_DEBUG
	if (esf != NULL) {
 8003104:	460d      	mov	r5, r1
 8003106:	b111      	cbz	r1, 800310e <z_arm_fatal_error+0xe>
		esf_dump(esf);
 8003108:	4608      	mov	r0, r1
 800310a:	f7ff ff49 	bl	8002fa0 <esf_dump>
	}
#endif /* CONFIG_EXCEPTION_DEBUG */

	/* LOG the IRQn that was unhandled */
#if defined(CONFIG_CPU_CORTEX_M)
	if (reason == K_ERR_SPURIOUS_IRQ) {
 800310e:	2c01      	cmp	r4, #1
 8003110:	d004      	beq.n	800311c <z_arm_fatal_error+0x1c>

#ifdef CONFIG_EXCEPTION_STACK_TRACE
	z_arm_unwind_stack(esf);
#endif /* CONFIG_EXCEPTION_STACK_TRACE */

	z_fatal_error(reason, esf);
 8003112:	4629      	mov	r1, r5
 8003114:	4620      	mov	r0, r4
 8003116:	f002 fd99 	bl	8005c4c <z_fatal_error>
}
 800311a:	bd38      	pop	{r3, r4, r5, pc}
  __ASM volatile ("MRS %0, ipsr" : "=r" (result) );
 800311c:	f3ef 8305 	mrs	r3, IPSR
		uint32_t irqn = __get_IPSR() - 16;
 8003120:	3b10      	subs	r3, #16
 8003122:	4a03      	ldr	r2, [pc, #12]	@ (8003130 <z_arm_fatal_error+0x30>)
 8003124:	2101      	movs	r1, #1
 8003126:	4803      	ldr	r0, [pc, #12]	@ (8003134 <z_arm_fatal_error+0x34>)
 8003128:	f005 ff1c 	bl	8008f64 <z_impl_z_log_msg_simple_create_1>
		EXCEPTION_DUMP("Unhandled IRQn: %d", irqn);
 800312c:	e7f1      	b.n	8003112 <z_arm_fatal_error+0x12>
 800312e:	bf00      	nop
 8003130:	0800b520 	.word	0x0800b520
 8003134:	0800aef8 	.word	0x0800aef8

08003138 <z_SysNmiOnReset>:
_ASM_FILE_PROLOGUE

GTEXT(z_SysNmiOnReset)

SECTION_FUNC(TEXT, z_SysNmiOnReset)
    wfi
 8003138:	bf30      	wfi
    b z_SysNmiOnReset
 800313a:	f7ff bffd 	b.w	8003138 <z_SysNmiOnReset>
 800313e:	bf00      	nop

08003140 <z_tls_copy>:
 * of TLS bss size after the data section.
 *
 * @param dest Pointer to destination
 */
static inline void z_tls_copy(char *dest)
{
 8003140:	b538      	push	{r3, r4, r5, lr}
 8003142:	4604      	mov	r4, r0
	/* Copy initialized data (tdata) */
	memcpy(dest, __tdata_start, (size_t)(uintptr_t)__tdata_size);
 8003144:	4d05      	ldr	r5, [pc, #20]	@ (800315c <z_tls_copy+0x1c>)
 8003146:	462a      	mov	r2, r5
 8003148:	4905      	ldr	r1, [pc, #20]	@ (8003160 <z_tls_copy+0x20>)
 800314a:	f7fd f885 	bl	8000258 <__aeabi_memcpy>

	/* Clear BSS data (tbss) */
	dest += (size_t)(uintptr_t)__tdata_size;
	memset(dest, 0, (size_t)(uintptr_t)__tbss_size);
 800314e:	4a05      	ldr	r2, [pc, #20]	@ (8003164 <z_tls_copy+0x24>)
 8003150:	2100      	movs	r1, #0
 8003152:	1960      	adds	r0, r4, r5
 8003154:	f004 f9c6 	bl	80074e4 <memset>
}
 8003158:	bd38      	pop	{r3, r4, r5, pc}
 800315a:	bf00      	nop
 800315c:	00000000 	.word	0x00000000
 8003160:	0800af94 	.word	0x0800af94
 8003164:	00000004 	.word	0x00000004

08003168 <arch_tls_stack_setup>:
 */
K_APP_DMEM(z_libc_partition) uintptr_t z_arm_tls_ptr;
#endif

size_t arch_tls_stack_setup(struct k_thread *new_thread, char *stack_ptr)
{
 8003168:	b570      	push	{r4, r5, r6, lr}
 800316a:	4606      	mov	r6, r0
	return (size_t)(uintptr_t)__tdata_size +
 800316c:	4d06      	ldr	r5, [pc, #24]	@ (8003188 <arch_tls_stack_setup+0x20>)
 800316e:	4b07      	ldr	r3, [pc, #28]	@ (800318c <arch_tls_stack_setup+0x24>)
 8003170:	441d      	add	r5, r3

	/*
	 * Since we are populating things backwards,
	 * setup the TLS data/bss area first.
	 */
	stack_ptr -= z_tls_data_size();
 8003172:	1b4c      	subs	r4, r1, r5
	z_tls_copy(stack_ptr);
 8003174:	4620      	mov	r0, r4
 8003176:	f7ff ffe3 	bl	8003140 <z_tls_copy>

#ifndef __IAR_SYSTEMS_ICC__
	/* Skip two pointers due to toolchain */
	stack_ptr -= sizeof(uintptr_t) * 2;
 800317a:	3c08      	subs	r4, #8

	/*
	 * Set thread TLS pointer which is used in
	 * context switch to point to TLS area.
	 */
	new_thread->tls = POINTER_TO_UINT(stack_ptr);
 800317c:	f8c6 40a4 	str.w	r4, [r6, #164]	@ 0xa4

	return (z_tls_data_size() + (sizeof(uintptr_t) * 2));
}
 8003180:	f105 0008 	add.w	r0, r5, #8
 8003184:	bd70      	pop	{r4, r5, r6, pc}
 8003186:	bf00      	nop
 8003188:	00000000 	.word	0x00000000
 800318c:	00000004 	.word	0x00000004

08003190 <z_arm_is_synchronous_svc>:
#error Unknown ARM architecture
#endif /* CONFIG_ARMV6_M_ARMV8_M_BASELINE */

static inline bool z_arm_is_synchronous_svc(struct arch_esf *esf)
{
	uint16_t *ret_addr = (uint16_t *)esf->basic.pc;
 8003190:	6981      	ldr	r1, [r0, #24]
	/* Note: ARMv6-M does not support CCR.BFHFNMIGN so this access
	 * could generate a fault if the pc was invalid.
	 */
	uint16_t fault_insn = *(ret_addr - 1);
#else
	SCB->CCR |= SCB_CCR_BFHFNMIGN_Msk;
 8003192:	4b10      	ldr	r3, [pc, #64]	@ (80031d4 <z_arm_is_synchronous_svc+0x44>)
 8003194:	695a      	ldr	r2, [r3, #20]
 8003196:	f442 7280 	orr.w	r2, r2, #256	@ 0x100
 800319a:	615a      	str	r2, [r3, #20]
  \details Acts as a special kind of Data Memory Barrier.
           It completes when all explicit memory accesses before this instruction complete.
 */
__STATIC_FORCEINLINE void __DSB(void)
{
  __ASM volatile ("dsb 0xF":::"memory");
 800319c:	f3bf 8f4f 	dsb	sy
  __ASM volatile ("isb 0xF":::"memory");
 80031a0:	f3bf 8f6f 	isb	sy
	barrier_dsync_fence_full();
	barrier_isync_fence_full();

	uint16_t fault_insn = *(ret_addr - 1);
 80031a4:	f831 1c02 	ldrh.w	r1, [r1, #-2]

	SCB->CCR &= ~SCB_CCR_BFHFNMIGN_Msk;
 80031a8:	695a      	ldr	r2, [r3, #20]
 80031aa:	f422 7280 	bic.w	r2, r2, #256	@ 0x100
 80031ae:	615a      	str	r2, [r3, #20]
  __ASM volatile ("dsb 0xF":::"memory");
 80031b0:	f3bf 8f4f 	dsb	sy
  __ASM volatile ("isb 0xF":::"memory");
 80031b4:	f3bf 8f6f 	isb	sy
	barrier_dsync_fence_full();
	barrier_isync_fence_full();
#endif /* ARMV6_M_ARMV8_M_BASELINE && !ARMV8_M_BASELINE */

	if (((fault_insn & 0xff00) == _SVC_OPCODE) &&
 80031b8:	f401 437f 	and.w	r3, r1, #65280	@ 0xff00
 80031bc:	f5b3 4f5f 	cmp.w	r3, #57088	@ 0xdf00
 80031c0:	d001      	beq.n	80031c6 <z_arm_is_synchronous_svc+0x36>
	    ((fault_insn & 0x00ff) == _SVC_CALL_RUNTIME_EXCEPT)) {
		return true;
	}
#undef _SVC_OPCODE
	return false;
 80031c2:	2000      	movs	r0, #0
 80031c4:	4770      	bx	lr
	if (((fault_insn & 0xff00) == _SVC_OPCODE) &&
 80031c6:	b2c9      	uxtb	r1, r1
 80031c8:	2902      	cmp	r1, #2
 80031ca:	d001      	beq.n	80031d0 <z_arm_is_synchronous_svc+0x40>
	return false;
 80031cc:	2000      	movs	r0, #0
 80031ce:	4770      	bx	lr
		return true;
 80031d0:	2001      	movs	r0, #1
}
 80031d2:	4770      	bx	lr
 80031d4:	e000ed00 	.word	0xe000ed00

080031d8 <get_esf>:
				       bool *nested_exc)
{
	bool alternative_state_exc = false;
	struct arch_esf *ptr_esf = NULL;

	*nested_exc = false;
 80031d8:	f04f 0c00 	mov.w	ip, #0
 80031dc:	f883 c000 	strb.w	ip, [r3]

	if ((exc_return & EXC_RETURN_INDICATOR_PREFIX) != EXC_RETURN_INDICATOR_PREFIX) {
 80031e0:	f002 4c7f 	and.w	ip, r2, #4278190080	@ 0xff000000
 80031e4:	f1bc 4f7f 	cmp.w	ip, #4278190080	@ 0xff000000
 80031e8:	d114      	bne.n	8003214 <get_esf+0x3c>
	}
#else
	/* The processor has a single execution state.
	 * We verify that the Thread mode is using PSP.
	 */
	if ((exc_return & EXC_RETURN_MODE_THREAD) && (!(exc_return & EXC_RETURN_SPSEL_PROCESS))) {
 80031ea:	f002 0c0c 	and.w	ip, r2, #12
 80031ee:	f1bc 0f08 	cmp.w	ip, #8
 80031f2:	d004      	beq.n	80031fe <get_esf+0x26>
		return NULL;
	}
#endif /* CONFIG_ARM_SECURE_FIRMWARE */

	if (!alternative_state_exc) {
		if (exc_return & EXC_RETURN_MODE_THREAD) {
 80031f4:	f012 0f08 	tst.w	r2, #8
 80031f8:	d009      	beq.n	800320e <get_esf+0x36>
			/* Returning to thread mode */
			ptr_esf = (struct arch_esf *)psp;
 80031fa:	4608      	mov	r0, r1
 80031fc:	4770      	bx	lr
{
 80031fe:	b508      	push	{r3, lr}
	z_impl_z_log_msg_simple_create_0(source, level, fmt);
 8003200:	4a05      	ldr	r2, [pc, #20]	@ (8003218 <get_esf+0x40>)
 8003202:	2101      	movs	r1, #1
 8003204:	4805      	ldr	r0, [pc, #20]	@ (800321c <get_esf+0x44>)
 8003206:	f005 fea3 	bl	8008f50 <z_impl_z_log_msg_simple_create_0>
		return NULL;
 800320a:	2000      	movs	r0, #0
			*nested_exc = true;
		}
	}

	return ptr_esf;
}
 800320c:	bd08      	pop	{r3, pc}
			*nested_exc = true;
 800320e:	2201      	movs	r2, #1
 8003210:	701a      	strb	r2, [r3, #0]
 8003212:	4770      	bx	lr
		return NULL;
 8003214:	2000      	movs	r0, #0
}
 8003216:	4770      	bx	lr
 8003218:	0800b534 	.word	0x0800b534
 800321c:	0800aef8 	.word	0x0800aef8

08003220 <usage_fault>:
{
 8003220:	b508      	push	{r3, lr}
 8003222:	4a2b      	ldr	r2, [pc, #172]	@ (80032d0 <usage_fault+0xb0>)
 8003224:	2101      	movs	r1, #1
 8003226:	482b      	ldr	r0, [pc, #172]	@ (80032d4 <usage_fault+0xb4>)
 8003228:	f005 fe92 	bl	8008f50 <z_impl_z_log_msg_simple_create_0>
	if ((SCB->CFSR & SCB_CFSR_DIVBYZERO_Msk) != 0) {
 800322c:	4b2a      	ldr	r3, [pc, #168]	@ (80032d8 <usage_fault+0xb8>)
 800322e:	6a9b      	ldr	r3, [r3, #40]	@ 0x28
 8003230:	f013 7f00 	tst.w	r3, #33554432	@ 0x2000000
 8003234:	d121      	bne.n	800327a <usage_fault+0x5a>
	uint32_t reason = K_ERR_ARM_USAGE_GENERIC;
 8003236:	201d      	movs	r0, #29
	if ((SCB->CFSR & SCB_CFSR_UNALIGNED_Msk) != 0) {
 8003238:	4b27      	ldr	r3, [pc, #156]	@ (80032d8 <usage_fault+0xb8>)
 800323a:	6a9b      	ldr	r3, [r3, #40]	@ 0x28
 800323c:	f013 7f80 	tst.w	r3, #16777216	@ 0x1000000
 8003240:	d122      	bne.n	8003288 <usage_fault+0x68>
	if ((SCB->CFSR & SCB_CFSR_NOCP_Msk) != 0) {
 8003242:	4b25      	ldr	r3, [pc, #148]	@ (80032d8 <usage_fault+0xb8>)
 8003244:	6a9b      	ldr	r3, [r3, #40]	@ 0x28
 8003246:	f413 2f00 	tst.w	r3, #524288	@ 0x80000
 800324a:	d124      	bne.n	8003296 <usage_fault+0x76>
	if ((SCB->CFSR & SCB_CFSR_INVPC_Msk) != 0) {
 800324c:	4b22      	ldr	r3, [pc, #136]	@ (80032d8 <usage_fault+0xb8>)
 800324e:	6a9b      	ldr	r3, [r3, #40]	@ 0x28
 8003250:	f413 2f80 	tst.w	r3, #262144	@ 0x40000
 8003254:	d126      	bne.n	80032a4 <usage_fault+0x84>
	if ((SCB->CFSR & SCB_CFSR_INVSTATE_Msk) != 0) {
 8003256:	4b20      	ldr	r3, [pc, #128]	@ (80032d8 <usage_fault+0xb8>)
 8003258:	6a9b      	ldr	r3, [r3, #40]	@ 0x28
 800325a:	f413 3f00 	tst.w	r3, #131072	@ 0x20000
 800325e:	d128      	bne.n	80032b2 <usage_fault+0x92>
	if ((SCB->CFSR & SCB_CFSR_UNDEFINSTR_Msk) != 0) {
 8003260:	4b1d      	ldr	r3, [pc, #116]	@ (80032d8 <usage_fault+0xb8>)
 8003262:	6a9b      	ldr	r3, [r3, #40]	@ 0x28
 8003264:	f413 3f80 	tst.w	r3, #65536	@ 0x10000
 8003268:	d12a      	bne.n	80032c0 <usage_fault+0xa0>
	SCB->CFSR |= SCB_CFSR_USGFAULTSR_Msk;
 800326a:	4a1b      	ldr	r2, [pc, #108]	@ (80032d8 <usage_fault+0xb8>)
 800326c:	6a93      	ldr	r3, [r2, #40]	@ 0x28
 800326e:	ea6f 4303 	mvn.w	r3, r3, lsl #16
 8003272:	ea6f 4313 	mvn.w	r3, r3, lsr #16
 8003276:	6293      	str	r3, [r2, #40]	@ 0x28
}
 8003278:	bd08      	pop	{r3, pc}
 800327a:	4a18      	ldr	r2, [pc, #96]	@ (80032dc <usage_fault+0xbc>)
 800327c:	2101      	movs	r1, #1
 800327e:	4815      	ldr	r0, [pc, #84]	@ (80032d4 <usage_fault+0xb4>)
 8003280:	f005 fe66 	bl	8008f50 <z_impl_z_log_msg_simple_create_0>
		reason = K_ERR_ARM_USAGE_DIV_0;
 8003284:	201e      	movs	r0, #30
		PR_FAULT_INFO("  Division by zero");
 8003286:	e7d7      	b.n	8003238 <usage_fault+0x18>
 8003288:	4a15      	ldr	r2, [pc, #84]	@ (80032e0 <usage_fault+0xc0>)
 800328a:	2101      	movs	r1, #1
 800328c:	4811      	ldr	r0, [pc, #68]	@ (80032d4 <usage_fault+0xb4>)
 800328e:	f005 fe5f 	bl	8008f50 <z_impl_z_log_msg_simple_create_0>
		reason = K_ERR_ARM_USAGE_UNALIGNED_ACCESS;
 8003292:	201f      	movs	r0, #31
		PR_FAULT_INFO("  Unaligned memory access");
 8003294:	e7d5      	b.n	8003242 <usage_fault+0x22>
 8003296:	4a13      	ldr	r2, [pc, #76]	@ (80032e4 <usage_fault+0xc4>)
 8003298:	2101      	movs	r1, #1
 800329a:	480e      	ldr	r0, [pc, #56]	@ (80032d4 <usage_fault+0xb4>)
 800329c:	f005 fe58 	bl	8008f50 <z_impl_z_log_msg_simple_create_0>
		reason = K_ERR_ARM_USAGE_NO_COPROCESSOR;
 80032a0:	2021      	movs	r0, #33	@ 0x21
		PR_FAULT_INFO("  No coprocessor instructions");
 80032a2:	e7d3      	b.n	800324c <usage_fault+0x2c>
 80032a4:	4a10      	ldr	r2, [pc, #64]	@ (80032e8 <usage_fault+0xc8>)
 80032a6:	2101      	movs	r1, #1
 80032a8:	480a      	ldr	r0, [pc, #40]	@ (80032d4 <usage_fault+0xb4>)
 80032aa:	f005 fe51 	bl	8008f50 <z_impl_z_log_msg_simple_create_0>
		reason = K_ERR_ARM_USAGE_ILLEGAL_EXC_RETURN;
 80032ae:	2022      	movs	r0, #34	@ 0x22
		PR_FAULT_INFO("  Illegal load of EXC_RETURN into PC");
 80032b0:	e7d1      	b.n	8003256 <usage_fault+0x36>
 80032b2:	4a0e      	ldr	r2, [pc, #56]	@ (80032ec <usage_fault+0xcc>)
 80032b4:	2101      	movs	r1, #1
 80032b6:	4807      	ldr	r0, [pc, #28]	@ (80032d4 <usage_fault+0xb4>)
 80032b8:	f005 fe4a 	bl	8008f50 <z_impl_z_log_msg_simple_create_0>
		reason = K_ERR_ARM_USAGE_ILLEGAL_EPSR;
 80032bc:	2023      	movs	r0, #35	@ 0x23
		PR_FAULT_INFO("  Illegal use of the EPSR");
 80032be:	e7cf      	b.n	8003260 <usage_fault+0x40>
 80032c0:	4a0b      	ldr	r2, [pc, #44]	@ (80032f0 <usage_fault+0xd0>)
 80032c2:	2101      	movs	r1, #1
 80032c4:	4803      	ldr	r0, [pc, #12]	@ (80032d4 <usage_fault+0xb4>)
 80032c6:	f005 fe43 	bl	8008f50 <z_impl_z_log_msg_simple_create_0>
		reason = K_ERR_ARM_USAGE_UNDEFINED_INSTRUCTION;
 80032ca:	2024      	movs	r0, #36	@ 0x24
		PR_FAULT_INFO("  Attempt to execute undefined instruction");
 80032cc:	e7cd      	b.n	800326a <usage_fault+0x4a>
 80032ce:	bf00      	nop
 80032d0:	0800b560 	.word	0x0800b560
 80032d4:	0800aef8 	.word	0x0800aef8
 80032d8:	e000ed00 	.word	0xe000ed00
 80032dc:	0800b578 	.word	0x0800b578
 80032e0:	0800b58c 	.word	0x0800b58c
 80032e4:	0800b5a8 	.word	0x0800b5a8
 80032e8:	0800b5c8 	.word	0x0800b5c8
 80032ec:	0800b5f0 	.word	0x0800b5f0
 80032f0:	0800b60c 	.word	0x0800b60c

080032f4 <debug_monitor>:
{
 80032f4:	b508      	push	{r3, lr}
	*recoverable = false;
 80032f6:	2300      	movs	r3, #0
 80032f8:	700b      	strb	r3, [r1, #0]
 80032fa:	4a03      	ldr	r2, [pc, #12]	@ (8003308 <debug_monitor+0x14>)
 80032fc:	2101      	movs	r1, #1
 80032fe:	4803      	ldr	r0, [pc, #12]	@ (800330c <debug_monitor+0x18>)
 8003300:	f005 fe26 	bl	8008f50 <z_impl_z_log_msg_simple_create_0>
}
 8003304:	bd08      	pop	{r3, pc}
 8003306:	bf00      	nop
 8003308:	0800b638 	.word	0x0800b638
 800330c:	0800aef8 	.word	0x0800aef8

08003310 <reserved_exception>:
{
 8003310:	b590      	push	{r4, r7, lr}
 8003312:	b083      	sub	sp, #12
 8003314:	af00      	add	r7, sp, #0
	PR_FAULT_INFO("***** %s %d) *****",
 8003316:	290f      	cmp	r1, #15
 8003318:	dc23      	bgt.n	8003362 <reserved_exception+0x52>
 800331a:	4c2f      	ldr	r4, [pc, #188]	@ (80033d8 <reserved_exception+0xc8>)
 800331c:	3910      	subs	r1, #16
 800331e:	2300      	movs	r3, #0
 8003320:	713b      	strb	r3, [r7, #4]
 8003322:	2302      	movs	r3, #2
 8003324:	717b      	strb	r3, [r7, #5]
 8003326:	b08a      	sub	sp, #40	@ 0x28
 8003328:	46ec      	mov	ip, sp
 800332a:	f11c 0210 	adds.w	r2, ip, #16
 800332e:	d01a      	beq.n	8003366 <reserved_exception+0x56>
 8003330:	2012      	movs	r0, #18
 8003332:	b122      	cbz	r2, 800333e <reserved_exception+0x2e>
 8003334:	2804      	cmp	r0, #4
 8003336:	dd02      	ble.n	800333e <reserved_exception+0x2e>
 8003338:	4b28      	ldr	r3, [pc, #160]	@ (80033dc <reserved_exception+0xcc>)
 800333a:	f8cc 3014 	str.w	r3, [ip, #20]
 800333e:	2300      	movs	r3, #0
 8003340:	703b      	strb	r3, [r7, #0]
 8003342:	2302      	movs	r3, #2
 8003344:	707b      	strb	r3, [r7, #1]
 8003346:	b1e2      	cbz	r2, 8003382 <reserved_exception+0x72>
 8003348:	4603      	mov	r3, r0
 800334a:	2808      	cmp	r0, #8
 800334c:	dd01      	ble.n	8003352 <reserved_exception+0x42>
 800334e:	f8cc 4018 	str.w	r4, [ip, #24]
 8003352:	2b0c      	cmp	r3, #12
 8003354:	dd01      	ble.n	800335a <reserved_exception+0x4a>
 8003356:	f8cc 101c 	str.w	r1, [ip, #28]
 800335a:	f10c 0320 	add.w	r3, ip, #32
 800335e:	2100      	movs	r1, #0
 8003360:	e00d      	b.n	800337e <reserved_exception+0x6e>
 8003362:	4c1f      	ldr	r4, [pc, #124]	@ (80033e0 <reserved_exception+0xd0>)
 8003364:	e7da      	b.n	800331c <reserved_exception+0xc>
 8003366:	f06f 4000 	mvn.w	r0, #2147483648	@ 0x80000000
 800336a:	e7e2      	b.n	8003332 <reserved_exception+0x22>
 800336c:	f101 0408 	add.w	r4, r1, #8
 8003370:	eb04 0e07 	add.w	lr, r4, r7
 8003374:	f81e ec08 	ldrb.w	lr, [lr, #-8]
 8003378:	f803 eb01 	strb.w	lr, [r3], #1
 800337c:	3101      	adds	r1, #1
 800337e:	2901      	cmp	r1, #1
 8003380:	d9f4      	bls.n	800336c <reserved_exception+0x5c>
 8003382:	2811      	cmp	r0, #17
 8003384:	dd24      	ble.n	80033d0 <reserved_exception+0xc0>
 8003386:	2312      	movs	r3, #18
 8003388:	b14a      	cbz	r2, 800339e <reserved_exception+0x8e>
 800338a:	2104      	movs	r1, #4
 800338c:	7139      	strb	r1, [r7, #4]
 800338e:	2100      	movs	r1, #0
 8003390:	7179      	strb	r1, [r7, #5]
 8003392:	71b9      	strb	r1, [r7, #6]
 8003394:	2101      	movs	r1, #1
 8003396:	71f9      	strb	r1, [r7, #7]
 8003398:	6878      	ldr	r0, [r7, #4]
 800339a:	f8cc 0010 	str.w	r0, [ip, #16]
 800339e:	2100      	movs	r1, #0
 80033a0:	f021 0101 	bic.w	r1, r1, #1
 80033a4:	f021 0102 	bic.w	r1, r1, #2
 80033a8:	f021 0104 	bic.w	r1, r1, #4
 80033ac:	f021 0138 	bic.w	r1, r1, #56	@ 0x38
 80033b0:	2001      	movs	r0, #1
 80033b2:	f360 1188 	bfi	r1, r0, #6, #3
 80033b6:	f3c3 030a 	ubfx	r3, r3, #0, #11
 80033ba:	f363 2153 	bfi	r1, r3, #9, #11
 80033be:	f3c1 0113 	ubfx	r1, r1, #0, #20
	z_impl_z_log_msg_static_create(source, desc, package, data);
 80033c2:	2300      	movs	r3, #0
 80033c4:	4807      	ldr	r0, [pc, #28]	@ (80033e4 <reserved_exception+0xd4>)
 80033c6:	f7ff fa9d 	bl	8002904 <z_impl_z_log_msg_static_create>
}
 80033ca:	370c      	adds	r7, #12
 80033cc:	46bd      	mov	sp, r7
 80033ce:	bd90      	pop	{r4, r7, pc}
	PR_FAULT_INFO("***** %s %d) *****",
 80033d0:	f06f 031b 	mvn.w	r3, #27
 80033d4:	e7d8      	b.n	8003388 <reserved_exception+0x78>
 80033d6:	bf00      	nop
 80033d8:	0800b65c 	.word	0x0800b65c
 80033dc:	0800b690 	.word	0x0800b690
 80033e0:	0800b674 	.word	0x0800b674
 80033e4:	0800aef8 	.word	0x0800aef8

080033e8 <bus_fault>:
{
 80033e8:	b5f8      	push	{r3, r4, r5, r6, r7, lr}
 80033ea:	4605      	mov	r5, r0
 80033ec:	460f      	mov	r7, r1
 80033ee:	4614      	mov	r4, r2
	z_impl_z_log_msg_simple_create_0(source, level, fmt);
 80033f0:	4a37      	ldr	r2, [pc, #220]	@ (80034d0 <bus_fault+0xe8>)
 80033f2:	2101      	movs	r1, #1
 80033f4:	4837      	ldr	r0, [pc, #220]	@ (80034d4 <bus_fault+0xec>)
 80033f6:	f005 fdab 	bl	8008f50 <z_impl_z_log_msg_simple_create_0>
	if (SCB->CFSR & SCB_CFSR_STKERR_Msk) {
 80033fa:	4b37      	ldr	r3, [pc, #220]	@ (80034d8 <bus_fault+0xf0>)
 80033fc:	6a9b      	ldr	r3, [r3, #40]	@ 0x28
 80033fe:	f413 5f80 	tst.w	r3, #4096	@ 0x1000
 8003402:	d125      	bne.n	8003450 <bus_fault+0x68>
	uint32_t reason = K_ERR_ARM_BUS_GENERIC;
 8003404:	2616      	movs	r6, #22
	if (SCB->CFSR & SCB_CFSR_UNSTKERR_Msk) {
 8003406:	4b34      	ldr	r3, [pc, #208]	@ (80034d8 <bus_fault+0xf0>)
 8003408:	6a9b      	ldr	r3, [r3, #40]	@ 0x28
 800340a:	f413 6f00 	tst.w	r3, #2048	@ 0x800
 800340e:	d126      	bne.n	800345e <bus_fault+0x76>
	if (SCB->CFSR & SCB_CFSR_PRECISERR_Msk) {
 8003410:	4b31      	ldr	r3, [pc, #196]	@ (80034d8 <bus_fault+0xf0>)
 8003412:	6a9b      	ldr	r3, [r3, #40]	@ 0x28
 8003414:	f413 7f00 	tst.w	r3, #512	@ 0x200
 8003418:	d128      	bne.n	800346c <bus_fault+0x84>
	if (SCB->CFSR & SCB_CFSR_IMPRECISERR_Msk) {
 800341a:	4b2f      	ldr	r3, [pc, #188]	@ (80034d8 <bus_fault+0xf0>)
 800341c:	6a9b      	ldr	r3, [r3, #40]	@ 0x28
 800341e:	f413 6f80 	tst.w	r3, #1024	@ 0x400
 8003422:	d13f      	bne.n	80034a4 <bus_fault+0xbc>
	if ((SCB->CFSR & SCB_CFSR_IBUSERR_Msk) != 0) {
 8003424:	4b2c      	ldr	r3, [pc, #176]	@ (80034d8 <bus_fault+0xf0>)
 8003426:	6a9b      	ldr	r3, [r3, #40]	@ 0x28
 8003428:	f413 7f80 	tst.w	r3, #256	@ 0x100
 800342c:	d141      	bne.n	80034b2 <bus_fault+0xca>
	} else if (SCB->CFSR & SCB_CFSR_LSPERR_Msk) {
 800342e:	4b2a      	ldr	r3, [pc, #168]	@ (80034d8 <bus_fault+0xf0>)
 8003430:	6a9b      	ldr	r3, [r3, #40]	@ 0x28
 8003432:	f413 5f00 	tst.w	r3, #8192	@ 0x2000
 8003436:	d143      	bne.n	80034c0 <bus_fault+0xd8>
	SCB->CFSR |= SCB_CFSR_BUSFAULTSR_Msk;
 8003438:	4a27      	ldr	r2, [pc, #156]	@ (80034d8 <bus_fault+0xf0>)
 800343a:	6a93      	ldr	r3, [r2, #40]	@ 0x28
 800343c:	f443 437f 	orr.w	r3, r3, #65280	@ 0xff00
 8003440:	6293      	str	r3, [r2, #40]	@ 0x28
	*recoverable = memory_fault_recoverable(esf, true);
 8003442:	2101      	movs	r1, #1
 8003444:	4628      	mov	r0, r5
 8003446:	f005 fea8 	bl	800919a <memory_fault_recoverable>
 800344a:	7020      	strb	r0, [r4, #0]
}
 800344c:	4630      	mov	r0, r6
 800344e:	bdf8      	pop	{r3, r4, r5, r6, r7, pc}
 8003450:	4a22      	ldr	r2, [pc, #136]	@ (80034dc <bus_fault+0xf4>)
 8003452:	2101      	movs	r1, #1
 8003454:	481f      	ldr	r0, [pc, #124]	@ (80034d4 <bus_fault+0xec>)
 8003456:	f005 fd7b 	bl	8008f50 <z_impl_z_log_msg_simple_create_0>
		reason = K_ERR_ARM_BUS_STACKING;
 800345a:	2617      	movs	r6, #23
		PR_FAULT_INFO("  Stacking error");
 800345c:	e7d3      	b.n	8003406 <bus_fault+0x1e>
 800345e:	4a20      	ldr	r2, [pc, #128]	@ (80034e0 <bus_fault+0xf8>)
 8003460:	2101      	movs	r1, #1
 8003462:	481c      	ldr	r0, [pc, #112]	@ (80034d4 <bus_fault+0xec>)
 8003464:	f005 fd74 	bl	8008f50 <z_impl_z_log_msg_simple_create_0>
		reason = K_ERR_ARM_BUS_UNSTACKING;
 8003468:	2618      	movs	r6, #24
		PR_FAULT_INFO("  Unstacking error");
 800346a:	e7d1      	b.n	8003410 <bus_fault+0x28>
 800346c:	4a1d      	ldr	r2, [pc, #116]	@ (80034e4 <bus_fault+0xfc>)
 800346e:	2101      	movs	r1, #1
 8003470:	4818      	ldr	r0, [pc, #96]	@ (80034d4 <bus_fault+0xec>)
 8003472:	f005 fd6d 	bl	8008f50 <z_impl_z_log_msg_simple_create_0>
		STORE_xFAR(bfar, SCB->BFAR);
 8003476:	4a18      	ldr	r2, [pc, #96]	@ (80034d8 <bus_fault+0xf0>)
 8003478:	6b93      	ldr	r3, [r2, #56]	@ 0x38
		if ((SCB->CFSR & SCB_CFSR_BFARVALID_Msk) != 0) {
 800347a:	6a92      	ldr	r2, [r2, #40]	@ 0x28
 800347c:	f412 4f00 	tst.w	r2, #32768	@ 0x8000
 8003480:	d101      	bne.n	8003486 <bus_fault+0x9e>
		reason = K_ERR_ARM_BUS_PRECISE_DATA_BUS;
 8003482:	2619      	movs	r6, #25
 8003484:	e7c9      	b.n	800341a <bus_fault+0x32>
	z_impl_z_log_msg_simple_create_1(source, level, fmt, arg);
 8003486:	4a18      	ldr	r2, [pc, #96]	@ (80034e8 <bus_fault+0x100>)
 8003488:	2101      	movs	r1, #1
 800348a:	4812      	ldr	r0, [pc, #72]	@ (80034d4 <bus_fault+0xec>)
 800348c:	f005 fd6a 	bl	8008f64 <z_impl_z_log_msg_simple_create_1>
			if (from_hard_fault != 0) {
 8003490:	b137      	cbz	r7, 80034a0 <bus_fault+0xb8>
				SCB->CFSR &= ~SCB_CFSR_BFARVALID_Msk;
 8003492:	4a11      	ldr	r2, [pc, #68]	@ (80034d8 <bus_fault+0xf0>)
 8003494:	6a93      	ldr	r3, [r2, #40]	@ 0x28
 8003496:	f423 4300 	bic.w	r3, r3, #32768	@ 0x8000
 800349a:	6293      	str	r3, [r2, #40]	@ 0x28
		reason = K_ERR_ARM_BUS_PRECISE_DATA_BUS;
 800349c:	2619      	movs	r6, #25
 800349e:	e7bc      	b.n	800341a <bus_fault+0x32>
 80034a0:	2619      	movs	r6, #25
 80034a2:	e7ba      	b.n	800341a <bus_fault+0x32>
	z_impl_z_log_msg_simple_create_0(source, level, fmt);
 80034a4:	4a11      	ldr	r2, [pc, #68]	@ (80034ec <bus_fault+0x104>)
 80034a6:	2101      	movs	r1, #1
 80034a8:	480a      	ldr	r0, [pc, #40]	@ (80034d4 <bus_fault+0xec>)
 80034aa:	f005 fd51 	bl	8008f50 <z_impl_z_log_msg_simple_create_0>
		reason = K_ERR_ARM_BUS_IMPRECISE_DATA_BUS;
 80034ae:	261a      	movs	r6, #26
		PR_FAULT_INFO("  Imprecise data bus error");
 80034b0:	e7b8      	b.n	8003424 <bus_fault+0x3c>
 80034b2:	4a0f      	ldr	r2, [pc, #60]	@ (80034f0 <bus_fault+0x108>)
 80034b4:	2101      	movs	r1, #1
 80034b6:	4807      	ldr	r0, [pc, #28]	@ (80034d4 <bus_fault+0xec>)
 80034b8:	f005 fd4a 	bl	8008f50 <z_impl_z_log_msg_simple_create_0>
		reason = K_ERR_ARM_BUS_INSTRUCTION_BUS;
 80034bc:	261b      	movs	r6, #27
		PR_FAULT_INFO("  Instruction bus error");
 80034be:	e7bb      	b.n	8003438 <bus_fault+0x50>
 80034c0:	4a0c      	ldr	r2, [pc, #48]	@ (80034f4 <bus_fault+0x10c>)
 80034c2:	2101      	movs	r1, #1
 80034c4:	4803      	ldr	r0, [pc, #12]	@ (80034d4 <bus_fault+0xec>)
 80034c6:	f005 fd43 	bl	8008f50 <z_impl_z_log_msg_simple_create_0>
		reason = K_ERR_ARM_BUS_FP_LAZY_STATE_PRESERVATION;
 80034ca:	261c      	movs	r6, #28
		PR_FAULT_INFO("  Floating-point lazy state preservation error");
 80034cc:	e7b4      	b.n	8003438 <bus_fault+0x50>
 80034ce:	bf00      	nop
 80034d0:	0800b6a4 	.word	0x0800b6a4
 80034d4:	0800aef8 	.word	0x0800aef8
 80034d8:	e000ed00 	.word	0xe000ed00
 80034dc:	0800b6bc 	.word	0x0800b6bc
 80034e0:	0800b6d0 	.word	0x0800b6d0
 80034e4:	0800b6e4 	.word	0x0800b6e4
 80034e8:	0800b700 	.word	0x0800b700
 80034ec:	0800b718 	.word	0x0800b718
 80034f0:	0800b734 	.word	0x0800b734
 80034f4:	0800b74c 	.word	0x0800b74c

080034f8 <mem_manage_fault>:
{
 80034f8:	e92d 41f0 	stmdb	sp!, {r4, r5, r6, r7, r8, lr}
 80034fc:	4604      	mov	r4, r0
 80034fe:	460f      	mov	r7, r1
 8003500:	4615      	mov	r5, r2
 8003502:	4a46      	ldr	r2, [pc, #280]	@ (800361c <mem_manage_fault+0x124>)
 8003504:	2101      	movs	r1, #1
 8003506:	4846      	ldr	r0, [pc, #280]	@ (8003620 <mem_manage_fault+0x128>)
 8003508:	f005 fd22 	bl	8008f50 <z_impl_z_log_msg_simple_create_0>
	if ((SCB->CFSR & SCB_CFSR_MSTKERR_Msk) != 0) {
 800350c:	4b45      	ldr	r3, [pc, #276]	@ (8003624 <mem_manage_fault+0x12c>)
 800350e:	6a9b      	ldr	r3, [r3, #40]	@ 0x28
 8003510:	f013 0f10 	tst.w	r3, #16
 8003514:	d13c      	bne.n	8003590 <mem_manage_fault+0x98>
	uint32_t reason = K_ERR_ARM_MEM_GENERIC;
 8003516:	2610      	movs	r6, #16
	if ((SCB->CFSR & SCB_CFSR_MUNSTKERR_Msk) != 0) {
 8003518:	4b42      	ldr	r3, [pc, #264]	@ (8003624 <mem_manage_fault+0x12c>)
 800351a:	6a9b      	ldr	r3, [r3, #40]	@ 0x28
 800351c:	f013 0f08 	tst.w	r3, #8
 8003520:	d13d      	bne.n	800359e <mem_manage_fault+0xa6>
	if ((SCB->CFSR & SCB_CFSR_DACCVIOL_Msk) != 0) {
 8003522:	4b40      	ldr	r3, [pc, #256]	@ (8003624 <mem_manage_fault+0x12c>)
 8003524:	6a9b      	ldr	r3, [r3, #40]	@ 0x28
 8003526:	f013 0f02 	tst.w	r3, #2
 800352a:	d13f      	bne.n	80035ac <mem_manage_fault+0xb4>
	uint32_t mmfar = -EINVAL;
 800352c:	f06f 0815 	mvn.w	r8, #21
	if ((SCB->CFSR & SCB_CFSR_IACCVIOL_Msk) != 0) {
 8003530:	4b3c      	ldr	r3, [pc, #240]	@ (8003624 <mem_manage_fault+0x12c>)
 8003532:	6a9b      	ldr	r3, [r3, #40]	@ 0x28
 8003534:	f013 0f01 	tst.w	r3, #1
 8003538:	d158      	bne.n	80035ec <mem_manage_fault+0xf4>
	if ((SCB->CFSR & SCB_CFSR_MLSPERR_Msk) != 0) {
 800353a:	4b3a      	ldr	r3, [pc, #232]	@ (8003624 <mem_manage_fault+0x12c>)
 800353c:	6a9b      	ldr	r3, [r3, #40]	@ 0x28
 800353e:	f013 0f20 	tst.w	r3, #32
 8003542:	d15a      	bne.n	80035fa <mem_manage_fault+0x102>
	if ((SCB->CFSR & SCB_CFSR_MSTKERR_Msk) || (SCB->CFSR & SCB_CFSR_DACCVIOL_Msk)) {
 8003544:	4b37      	ldr	r3, [pc, #220]	@ (8003624 <mem_manage_fault+0x12c>)
 8003546:	6a9b      	ldr	r3, [r3, #40]	@ 0x28
 8003548:	f013 0f10 	tst.w	r3, #16
 800354c:	d104      	bne.n	8003558 <mem_manage_fault+0x60>
 800354e:	4b35      	ldr	r3, [pc, #212]	@ (8003624 <mem_manage_fault+0x12c>)
 8003550:	6a9b      	ldr	r3, [r3, #40]	@ 0x28
 8003552:	f013 0f02 	tst.w	r3, #2
 8003556:	d004      	beq.n	8003562 <mem_manage_fault+0x6a>
		if (SCB->ICSR & SCB_ICSR_RETTOBASE_Msk) {
 8003558:	4b32      	ldr	r3, [pc, #200]	@ (8003624 <mem_manage_fault+0x12c>)
 800355a:	685b      	ldr	r3, [r3, #4]
 800355c:	f413 6f00 	tst.w	r3, #2048	@ 0x800
 8003560:	d152      	bne.n	8003608 <mem_manage_fault+0x110>
	if ((SCB->CFSR & SCB_CFSR_MLSPERR_Msk) != 0) {
 8003562:	4b30      	ldr	r3, [pc, #192]	@ (8003624 <mem_manage_fault+0x12c>)
 8003564:	6a9b      	ldr	r3, [r3, #40]	@ 0x28
 8003566:	f013 0f20 	tst.w	r3, #32
 800356a:	d004      	beq.n	8003576 <mem_manage_fault+0x7e>
		SCB->SHCSR &= ~SCB_SHCSR_MEMFAULTPENDED_Msk;
 800356c:	4a2d      	ldr	r2, [pc, #180]	@ (8003624 <mem_manage_fault+0x12c>)
 800356e:	6a53      	ldr	r3, [r2, #36]	@ 0x24
 8003570:	f423 5300 	bic.w	r3, r3, #8192	@ 0x2000
 8003574:	6253      	str	r3, [r2, #36]	@ 0x24
	SCB->CFSR |= SCB_CFSR_MEMFAULTSR_Msk;
 8003576:	4a2b      	ldr	r2, [pc, #172]	@ (8003624 <mem_manage_fault+0x12c>)
 8003578:	6a93      	ldr	r3, [r2, #40]	@ 0x28
 800357a:	f043 03ff 	orr.w	r3, r3, #255	@ 0xff
 800357e:	6293      	str	r3, [r2, #40]	@ 0x28
	*recoverable = memory_fault_recoverable(esf, true);
 8003580:	2101      	movs	r1, #1
 8003582:	4620      	mov	r0, r4
 8003584:	f005 fe09 	bl	800919a <memory_fault_recoverable>
 8003588:	7028      	strb	r0, [r5, #0]
}
 800358a:	4630      	mov	r0, r6
 800358c:	e8bd 81f0 	ldmia.w	sp!, {r4, r5, r6, r7, r8, pc}
 8003590:	4a25      	ldr	r2, [pc, #148]	@ (8003628 <mem_manage_fault+0x130>)
 8003592:	2101      	movs	r1, #1
 8003594:	4822      	ldr	r0, [pc, #136]	@ (8003620 <mem_manage_fault+0x128>)
 8003596:	f005 fcdb 	bl	8008f50 <z_impl_z_log_msg_simple_create_0>
		reason = K_ERR_ARM_MEM_STACKING;
 800359a:	2611      	movs	r6, #17
		PR_FAULT_INFO("  Stacking error (context area might be"
 800359c:	e7bc      	b.n	8003518 <mem_manage_fault+0x20>
 800359e:	4a23      	ldr	r2, [pc, #140]	@ (800362c <mem_manage_fault+0x134>)
 80035a0:	2101      	movs	r1, #1
 80035a2:	481f      	ldr	r0, [pc, #124]	@ (8003620 <mem_manage_fault+0x128>)
 80035a4:	f005 fcd4 	bl	8008f50 <z_impl_z_log_msg_simple_create_0>
		reason = K_ERR_ARM_MEM_UNSTACKING;
 80035a8:	2612      	movs	r6, #18
		PR_FAULT_INFO("  Unstacking error");
 80035aa:	e7ba      	b.n	8003522 <mem_manage_fault+0x2a>
 80035ac:	4a20      	ldr	r2, [pc, #128]	@ (8003630 <mem_manage_fault+0x138>)
 80035ae:	2101      	movs	r1, #1
 80035b0:	481b      	ldr	r0, [pc, #108]	@ (8003620 <mem_manage_fault+0x128>)
 80035b2:	f005 fccd 	bl	8008f50 <z_impl_z_log_msg_simple_create_0>
		uint32_t temp = SCB->MMFAR;
 80035b6:	4b1b      	ldr	r3, [pc, #108]	@ (8003624 <mem_manage_fault+0x12c>)
 80035b8:	f8d3 8034 	ldr.w	r8, [r3, #52]	@ 0x34
		if ((SCB->CFSR & SCB_CFSR_MMARVALID_Msk) != 0) {
 80035bc:	6a9b      	ldr	r3, [r3, #40]	@ 0x28
 80035be:	f013 0f80 	tst.w	r3, #128	@ 0x80
 80035c2:	d103      	bne.n	80035cc <mem_manage_fault+0xd4>
	uint32_t mmfar = -EINVAL;
 80035c4:	f06f 0815 	mvn.w	r8, #21
		reason = K_ERR_ARM_MEM_DATA_ACCESS;
 80035c8:	2613      	movs	r6, #19
 80035ca:	e7b1      	b.n	8003530 <mem_manage_fault+0x38>
	z_impl_z_log_msg_simple_create_1(source, level, fmt, arg);
 80035cc:	4643      	mov	r3, r8
 80035ce:	4a19      	ldr	r2, [pc, #100]	@ (8003634 <mem_manage_fault+0x13c>)
 80035d0:	2101      	movs	r1, #1
 80035d2:	4813      	ldr	r0, [pc, #76]	@ (8003620 <mem_manage_fault+0x128>)
 80035d4:	f005 fcc6 	bl	8008f64 <z_impl_z_log_msg_simple_create_1>
			if (from_hard_fault != 0) {
 80035d8:	b137      	cbz	r7, 80035e8 <mem_manage_fault+0xf0>
				SCB->CFSR &= ~SCB_CFSR_MMARVALID_Msk;
 80035da:	4a12      	ldr	r2, [pc, #72]	@ (8003624 <mem_manage_fault+0x12c>)
 80035dc:	6a93      	ldr	r3, [r2, #40]	@ 0x28
 80035de:	f023 0380 	bic.w	r3, r3, #128	@ 0x80
 80035e2:	6293      	str	r3, [r2, #40]	@ 0x28
		reason = K_ERR_ARM_MEM_DATA_ACCESS;
 80035e4:	2613      	movs	r6, #19
 80035e6:	e7a3      	b.n	8003530 <mem_manage_fault+0x38>
 80035e8:	2613      	movs	r6, #19
 80035ea:	e7a1      	b.n	8003530 <mem_manage_fault+0x38>
	z_impl_z_log_msg_simple_create_0(source, level, fmt);
 80035ec:	4a12      	ldr	r2, [pc, #72]	@ (8003638 <mem_manage_fault+0x140>)
 80035ee:	2101      	movs	r1, #1
 80035f0:	480b      	ldr	r0, [pc, #44]	@ (8003620 <mem_manage_fault+0x128>)
 80035f2:	f005 fcad 	bl	8008f50 <z_impl_z_log_msg_simple_create_0>
		reason = K_ERR_ARM_MEM_INSTRUCTION_ACCESS;
 80035f6:	2614      	movs	r6, #20
		PR_FAULT_INFO("  Instruction Access Violation");
 80035f8:	e79f      	b.n	800353a <mem_manage_fault+0x42>
 80035fa:	4a10      	ldr	r2, [pc, #64]	@ (800363c <mem_manage_fault+0x144>)
 80035fc:	2101      	movs	r1, #1
 80035fe:	4808      	ldr	r0, [pc, #32]	@ (8003620 <mem_manage_fault+0x128>)
 8003600:	f005 fca6 	bl	8008f50 <z_impl_z_log_msg_simple_create_0>
		reason = K_ERR_ARM_MEM_FP_LAZY_STATE_PRESERVATION;
 8003604:	2615      	movs	r6, #21
		PR_FAULT_INFO("  Floating-point lazy state preservation error");
 8003606:	e79d      	b.n	8003544 <mem_manage_fault+0x4c>
				z_check_thread_stack_fail(mmfar, ((uint32_t)&esf[0]));
 8003608:	4621      	mov	r1, r4
 800360a:	4640      	mov	r0, r8
 800360c:	f005 fdfd 	bl	800920a <z_check_thread_stack_fail>
			if (min_stack_ptr) {
 8003610:	2800      	cmp	r0, #0
 8003612:	d0a6      	beq.n	8003562 <mem_manage_fault+0x6a>
  __ASM volatile ("MSR psp, %0" : : "r" (topOfProcStack) : );
 8003614:	f380 8809 	msr	PSP, r0
				reason = K_ERR_STACK_CHK_FAIL;
 8003618:	2602      	movs	r6, #2
 800361a:	e7a2      	b.n	8003562 <mem_manage_fault+0x6a>
 800361c:	0800b77c 	.word	0x0800b77c
 8003620:	0800aef8 	.word	0x0800aef8
 8003624:	e000ed00 	.word	0xe000ed00
 8003628:	0800b794 	.word	0x0800b794
 800362c:	0800b6d0 	.word	0x0800b6d0
 8003630:	0800b7c8 	.word	0x0800b7c8
 8003634:	0800b7e0 	.word	0x0800b7e0
 8003638:	0800b7f8 	.word	0x0800b7f8
 800363c:	0800b74c 	.word	0x0800b74c

08003640 <hard_fault>:
{
 8003640:	b570      	push	{r4, r5, r6, lr}
 8003642:	4606      	mov	r6, r0
 8003644:	460d      	mov	r5, r1
 8003646:	4a2b      	ldr	r2, [pc, #172]	@ (80036f4 <hard_fault+0xb4>)
 8003648:	2101      	movs	r1, #1
 800364a:	482b      	ldr	r0, [pc, #172]	@ (80036f8 <hard_fault+0xb8>)
 800364c:	f005 fc80 	bl	8008f50 <z_impl_z_log_msg_simple_create_0>
	*recoverable = false;
 8003650:	2300      	movs	r3, #0
 8003652:	702b      	strb	r3, [r5, #0]
	if ((SCB->HFSR & SCB_HFSR_VECTTBL_Msk) != 0) {
 8003654:	4b29      	ldr	r3, [pc, #164]	@ (80036fc <hard_fault+0xbc>)
 8003656:	6adc      	ldr	r4, [r3, #44]	@ 0x2c
 8003658:	f014 0402 	ands.w	r4, r4, #2
 800365c:	d10a      	bne.n	8003674 <hard_fault+0x34>
	} else if ((SCB->HFSR & SCB_HFSR_DEBUGEVT_Msk) != 0) {
 800365e:	4b27      	ldr	r3, [pc, #156]	@ (80036fc <hard_fault+0xbc>)
 8003660:	6adb      	ldr	r3, [r3, #44]	@ 0x2c
 8003662:	2b00      	cmp	r3, #0
 8003664:	db0d      	blt.n	8003682 <hard_fault+0x42>
	} else if ((SCB->HFSR & SCB_HFSR_FORCED_Msk) != 0) {
 8003666:	4b25      	ldr	r3, [pc, #148]	@ (80036fc <hard_fault+0xbc>)
 8003668:	6adc      	ldr	r4, [r3, #44]	@ 0x2c
 800366a:	f014 4480 	ands.w	r4, r4, #1073741824	@ 0x40000000
 800366e:	d10e      	bne.n	800368e <hard_fault+0x4e>
}
 8003670:	4620      	mov	r0, r4
 8003672:	bd70      	pop	{r4, r5, r6, pc}
 8003674:	4a22      	ldr	r2, [pc, #136]	@ (8003700 <hard_fault+0xc0>)
 8003676:	2101      	movs	r1, #1
 8003678:	481f      	ldr	r0, [pc, #124]	@ (80036f8 <hard_fault+0xb8>)
 800367a:	f005 fc69 	bl	8008f50 <z_impl_z_log_msg_simple_create_0>
	uint32_t reason = K_ERR_CPU_EXCEPTION;
 800367e:	2400      	movs	r4, #0
		PR_EXC("  Bus fault on vector table read");
 8003680:	e7f6      	b.n	8003670 <hard_fault+0x30>
 8003682:	4a20      	ldr	r2, [pc, #128]	@ (8003704 <hard_fault+0xc4>)
 8003684:	2101      	movs	r1, #1
 8003686:	481c      	ldr	r0, [pc, #112]	@ (80036f8 <hard_fault+0xb8>)
 8003688:	f005 fc62 	bl	8008f50 <z_impl_z_log_msg_simple_create_0>
		PR_EXC("  Debug event");
 800368c:	e7f0      	b.n	8003670 <hard_fault+0x30>
 800368e:	4a1e      	ldr	r2, [pc, #120]	@ (8003708 <hard_fault+0xc8>)
 8003690:	2101      	movs	r1, #1
 8003692:	4819      	ldr	r0, [pc, #100]	@ (80036f8 <hard_fault+0xb8>)
 8003694:	f005 fc5c 	bl	8008f50 <z_impl_z_log_msg_simple_create_0>
		if (z_arm_is_synchronous_svc(esf)) {
 8003698:	4630      	mov	r0, r6
 800369a:	f7ff fd79 	bl	8003190 <z_arm_is_synchronous_svc>
 800369e:	b998      	cbnz	r0, 80036c8 <hard_fault+0x88>
		} else if ((SCB->CFSR & SCB_CFSR_MEMFAULTSR_Msk) != 0) {
 80036a0:	4b16      	ldr	r3, [pc, #88]	@ (80036fc <hard_fault+0xbc>)
 80036a2:	6a9b      	ldr	r3, [r3, #40]	@ 0x28
 80036a4:	f013 0fff 	tst.w	r3, #255	@ 0xff
 80036a8:	d116      	bne.n	80036d8 <hard_fault+0x98>
		} else if ((SCB->CFSR & SCB_CFSR_BUSFAULTSR_Msk) != 0) {
 80036aa:	4b14      	ldr	r3, [pc, #80]	@ (80036fc <hard_fault+0xbc>)
 80036ac:	6a9c      	ldr	r4, [r3, #40]	@ 0x28
 80036ae:	f414 447f 	ands.w	r4, r4, #65280	@ 0xff00
 80036b2:	d118      	bne.n	80036e6 <hard_fault+0xa6>
		} else if ((SCB->CFSR & SCB_CFSR_USGFAULTSR_Msk) != 0) {
 80036b4:	4b11      	ldr	r3, [pc, #68]	@ (80036fc <hard_fault+0xbc>)
 80036b6:	6a9b      	ldr	r3, [r3, #40]	@ 0x28
 80036b8:	f5b3 3f80 	cmp.w	r3, #65536	@ 0x10000
 80036bc:	d3d8      	bcc.n	8003670 <hard_fault+0x30>
			reason = usage_fault(esf);
 80036be:	4630      	mov	r0, r6
 80036c0:	f7ff fdae 	bl	8003220 <usage_fault>
 80036c4:	4604      	mov	r4, r0
	return reason;
 80036c6:	e7d3      	b.n	8003670 <hard_fault+0x30>
			PR_EXC("ARCH_EXCEPT with reason %x\n", esf->basic.r0);
 80036c8:	6833      	ldr	r3, [r6, #0]
	z_impl_z_log_msg_simple_create_1(source, level, fmt, arg);
 80036ca:	4a10      	ldr	r2, [pc, #64]	@ (800370c <hard_fault+0xcc>)
 80036cc:	2101      	movs	r1, #1
 80036ce:	480a      	ldr	r0, [pc, #40]	@ (80036f8 <hard_fault+0xb8>)
 80036d0:	f005 fc48 	bl	8008f64 <z_impl_z_log_msg_simple_create_1>
			reason = esf->basic.r0;
 80036d4:	6834      	ldr	r4, [r6, #0]
 80036d6:	e7cb      	b.n	8003670 <hard_fault+0x30>
			reason = mem_manage_fault(esf, 1, recoverable);
 80036d8:	462a      	mov	r2, r5
 80036da:	2101      	movs	r1, #1
 80036dc:	4630      	mov	r0, r6
 80036de:	f7ff ff0b 	bl	80034f8 <mem_manage_fault>
 80036e2:	4604      	mov	r4, r0
 80036e4:	e7c4      	b.n	8003670 <hard_fault+0x30>
			reason = bus_fault(esf, 1, recoverable);
 80036e6:	462a      	mov	r2, r5
 80036e8:	2101      	movs	r1, #1
 80036ea:	4630      	mov	r0, r6
 80036ec:	f7ff fe7c 	bl	80033e8 <bus_fault>
 80036f0:	4604      	mov	r4, r0
 80036f2:	e7bd      	b.n	8003670 <hard_fault+0x30>
 80036f4:	0800b818 	.word	0x0800b818
 80036f8:	0800aef8 	.word	0x0800aef8
 80036fc:	e000ed00 	.word	0xe000ed00
 8003700:	0800b830 	.word	0x0800b830
 8003704:	0800b854 	.word	0x0800b854
 8003708:	0800b864 	.word	0x0800b864
 800370c:	0800b884 	.word	0x0800b884

08003710 <z_arm_fault>:
 * @param exc_return EXC_RETURN value present in LR after exception entry.
 * @param callee_regs Callee-saved registers (R4-R11, PSP)
 *
 */
void z_arm_fault(uint32_t msp, uint32_t psp, uint32_t exc_return, _callee_saved_t *callee_regs)
{
 8003710:	b530      	push	{r4, r5, lr}
 8003712:	b08b      	sub	sp, #44	@ 0x2c
	uint32_t reason = K_ERR_CPU_EXCEPTION;
	int fault = SCB->ICSR & SCB_ICSR_VECTACTIVE_Msk;
 8003714:	4b1e      	ldr	r3, [pc, #120]	@ (8003790 <z_arm_fault+0x80>)
 8003716:	685d      	ldr	r5, [r3, #4]
 8003718:	f3c5 0508 	ubfx	r5, r5, #0, #9
  __ASM volatile ("MSR basepri, %0" : : "r" (basePri) : "memory");
 800371c:	2300      	movs	r3, #0
 800371e:	f383 8811 	msr	BASEPRI, r3
 8003722:	f3bf 8f6f 	isb	sy
	arch_irq_unlock(0);

	/* Retrieve the Exception Stack Frame (ESF) to be supplied
	 * as argument to the remainder of the fault handling process.
	 */
	esf = get_esf(msp, psp, exc_return, &nested_exc);
 8003726:	f10d 0326 	add.w	r3, sp, #38	@ 0x26
 800372a:	f7ff fd55 	bl	80031d8 <get_esf>
 800372e:	4604      	mov	r4, r0
	__ASSERT(esf != NULL, "ESF could not be retrieved successfully. Shall never occur.");

	z_arm_set_fault_sp(esf, exc_return);

	reason = fault_handle(esf, fault, &recoverable);
 8003730:	f10d 0227 	add.w	r2, sp, #39	@ 0x27
 8003734:	4629      	mov	r1, r5
 8003736:	f005 fd32 	bl	800919e <fault_handle>
	if (recoverable) {
 800373a:	f89d 3027 	ldrb.w	r3, [sp, #39]	@ 0x27
 800373e:	b10b      	cbz	r3, 8003744 <z_arm_fault+0x34>
	 */
	if ((exc_return & 0xf000000f) == 0xf000000d) {
		arm_m_exc_tail();
	}
#endif
}
 8003740:	b00b      	add	sp, #44	@ 0x2c
 8003742:	bd30      	pop	{r4, r5, pc}
 8003744:	4605      	mov	r5, r0
	memcpy(&esf_copy, esf, sizeof(struct arch_esf));
 8003746:	f10d 0c04 	add.w	ip, sp, #4
 800374a:	6820      	ldr	r0, [r4, #0]
 800374c:	6861      	ldr	r1, [r4, #4]
 800374e:	68a2      	ldr	r2, [r4, #8]
 8003750:	68e3      	ldr	r3, [r4, #12]
 8003752:	e8ac 000f 	stmia.w	ip!, {r0, r1, r2, r3}
 8003756:	6920      	ldr	r0, [r4, #16]
 8003758:	6961      	ldr	r1, [r4, #20]
 800375a:	69a2      	ldr	r2, [r4, #24]
 800375c:	69e3      	ldr	r3, [r4, #28]
 800375e:	e8ac 000f 	stmia.w	ip!, {r0, r1, r2, r3}
	if (nested_exc) {
 8003762:	f89d 3026 	ldrb.w	r3, [sp, #38]	@ 0x26
 8003766:	b14b      	cbz	r3, 800377c <z_arm_fault+0x6c>
		if ((esf_copy.basic.xpsr & IPSR_ISR_Msk) == 0) {
 8003768:	9b08      	ldr	r3, [sp, #32]
 800376a:	f3c3 0208 	ubfx	r2, r3, #0, #9
 800376e:	b94a      	cbnz	r2, 8003784 <z_arm_fault+0x74>
			esf_copy.basic.xpsr |= IPSR_ISR_Msk;
 8003770:	ea6f 2353 	mvn.w	r3, r3, lsr #9
 8003774:	ea6f 2343 	mvn.w	r3, r3, lsl #9
 8003778:	9308      	str	r3, [sp, #32]
 800377a:	e003      	b.n	8003784 <z_arm_fault+0x74>
		esf_copy.basic.xpsr &= ~(IPSR_ISR_Msk);
 800377c:	9b08      	ldr	r3, [sp, #32]
 800377e:	f36f 0308 	bfc	r3, #0, #9
 8003782:	9308      	str	r3, [sp, #32]
	z_arm_fatal_error(reason, &esf_copy);
 8003784:	a901      	add	r1, sp, #4
 8003786:	4628      	mov	r0, r5
 8003788:	f7ff fcba 	bl	8003100 <z_arm_fatal_error>
 800378c:	e7d8      	b.n	8003740 <z_arm_fault+0x30>
 800378e:	bf00      	nop
 8003790:	e000ed00 	.word	0xe000ed00

08003794 <z_arm_fault_init>:
 */
void z_arm_fault_init(void)
{
#if defined(CONFIG_ARMV6_M_ARMV8_M_BASELINE)
#elif defined(CONFIG_ARMV7_M_ARMV8_M_MAINLINE)
	SCB->CCR |= SCB_CCR_DIV_0_TRP_Msk;
 8003794:	4b04      	ldr	r3, [pc, #16]	@ (80037a8 <z_arm_fault_init+0x14>)
 8003796:	695a      	ldr	r2, [r3, #20]
 8003798:	f042 0210 	orr.w	r2, r2, #16
 800379c:	615a      	str	r2, [r3, #20]
	SCB->CCR |= SCB_CCR_STKOFHFNMIGN_Msk;
#endif /* CONFIG_BUILTIN_STACK_GUARD */
#ifdef CONFIG_TRAP_UNALIGNED_ACCESS
	SCB->CCR |= SCB_CCR_UNALIGN_TRP_Msk;
#else
	SCB->CCR &= ~SCB_CCR_UNALIGN_TRP_Msk;
 800379e:	695a      	ldr	r2, [r3, #20]
 80037a0:	f022 0208 	bic.w	r2, r2, #8
 80037a4:	615a      	str	r2, [r3, #20]
#endif /* CONFIG_TRAP_UNALIGNED_ACCESS */
}
 80037a6:	4770      	bx	lr
 80037a8:	e000ed00 	.word	0xe000ed00

080037ac <z_arm_bus_fault>:
#else
#error Unknown ARM architecture
#endif /* CONFIG_ARMV6_M_ARMV8_M_BASELINE */
SECTION_SUBSEC_FUNC(TEXT,__fault,z_arm_exc_spurious)

	mrs r0, MSP
 80037ac:	f3ef 8008 	mrs	r0, MSP
	mrs r1, PSP
 80037b0:	f3ef 8109 	mrs	r1, PSP
	push {r0, lr}
 80037b4:	b501      	push	{r0, lr}
#elif defined(CONFIG_ARMV7_M_ARMV8_M_MAINLINE)
	push {r4-r11}
#endif
	mov  r3, sp /* pointer to _callee_saved_t */
#endif /* CONFIG_EXTRA_EXCEPTION_INFO */
	mov r2, lr /* EXC_RETURN */
 80037b6:	4672      	mov	r2, lr
	bl z_arm_fault
 80037b8:	f7ff ffaa 	bl	8003710 <z_arm_fault>
	 * in this routine. Therefore, we can just reset
	 * the MSP to its value prior to entering the function
	 */
	add sp, #40
#endif
	pop {r0, pc}
 80037bc:	bd01      	pop	{r0, pc}
 80037be:	bf00      	nop

080037c0 <__start>:
     *
     * Since these scenarios cover most of the cases, we set MSP to
     * z_main_stack here.
     *
     */
    ldr r0, =z_main_stack + CONFIG_MAIN_STACK_SIZE
 80037c0:	480c      	ldr	r0, [pc, #48]	@ (80037f4 <__start+0x34>)
    msr msp, r0
 80037c2:	f380 8808 	msr	MSP, r0
     *       to avoid any issues with suspend/resume path.
     *       Refer issue #83660 for more details.
     */
#if defined(CONFIG_DEBUG_THREAD_INFO)
    /* Clear z_sys_post_kernel flag for RTOS aware debuggers */
    movs.n r0, #0
 80037c6:	2000      	movs	r0, #0
    ldr r1, =z_sys_post_kernel
 80037c8:	490b      	ldr	r1, [pc, #44]	@ (80037f8 <__start+0x38>)
    strb r0, [r1]
 80037ca:	7008      	strb	r0, [r1, #0]

    /* lock interrupts: will get unlocked when switch to main task */
#if defined(CONFIG_ARMV6_M_ARMV8_M_BASELINE)
    cpsid i
#elif defined(CONFIG_ARMV7_M_ARMV8_M_MAINLINE)
    movs.n r0, #_EXC_IRQ_DEFAULT_PRIO
 80037cc:	2010      	movs	r0, #16
    msr BASEPRI, r0
 80037ce:	f380 8811 	msr	BASEPRI, r0

    /*
     * Set PSP and use it to boot without using MSP, so that it
     * gets set to z_interrupt_stacks during initialization.
     */
    ldr r0, =z_interrupt_stacks
 80037d2:	480a      	ldr	r0, [pc, #40]	@ (80037fc <__start+0x3c>)
    ldr r1, =CONFIG_ISR_STACK_SIZE + MPU_GUARD_ALIGN_AND_SIZE
 80037d4:	f44f 6104 	mov.w	r1, #2112	@ 0x840
    adds r0, r0, r1
 80037d8:	1840      	adds	r0, r0, r1
    msr PSP, r0
 80037da:	f380 8809 	msr	PSP, r0
    mrs r0, CONTROL
 80037de:	f3ef 8014 	mrs	r0, CONTROL
    movs r1, #(2 | CONTROL_ARM_PAC_MASK | CONTROL_ARM_BTI_MASK)
 80037e2:	2102      	movs	r1, #2
    orrs r0, r1 /* CONTROL_SPSEL_Msk */
 80037e4:	4308      	orrs	r0, r1
    msr CONTROL, r0
 80037e6:	f380 8814 	msr	CONTROL, r0
    /*
     * When changing the stack pointer, software must use an ISB instruction
     * immediately after the MSR instruction. This ensures that instructions
     * after the ISB instruction execute using the new stack pointer.
     */
    isb
 80037ea:	f3bf 8f6f 	isb	sy
    /*
     * 'bl' jumps the furthest of the branch instructions that are
     * supported on all platforms. So it is used when jumping to z_prep_c
     * (even though we do not intend to return).
     */
    bl z_prep_c
 80037ee:	f000 f849 	bl	8003884 <z_prep_c>
 80037f2:	0000      	.short	0x0000
    ldr r0, =z_main_stack + CONFIG_MAIN_STACK_SIZE
 80037f4:	20004700 	.word	0x20004700
    ldr r1, =z_sys_post_kernel
 80037f8:	20001657 	.word	0x20001657
    ldr r0, =z_interrupt_stacks
 80037fc:	20003940 	.word	0x20003940

08003800 <z_arm_svc>:
  bne .L_stack_frame_endif
.L_stack_frame_msp:
  mrs r0, MSP
.L_stack_frame_endif:
#elif defined(CONFIG_ARMV7_M_ARMV8_M_MAINLINE)
    tst lr, #_EXC_RETURN_SPSEL_Msk /* did we come from thread mode ? */
 8003800:	f01e 0f04 	tst.w	lr, #4
    ite eq  /* if zero (equal), came from handler mode */
 8003804:	bf0c      	ite	eq
        mrseq r0, MSP   /* handler mode, stack frame is on MSP */
 8003806:	f3ef 8008 	mrseq	r0, MSP
        mrsne r0, PSP   /* thread mode, stack frame is on PSP */
 800380a:	f3ef 8009 	mrsne	r0, PSP
#endif


    /* Figure out what SVC call number was invoked */

    ldr r1, [r0, #24]   /* grab address of PC from stack frame */
 800380e:	6981      	ldr	r1, [r0, #24]
     */
#if defined(CONFIG_ARMV6_M_ARMV8_M_BASELINE)
    subs r1, r1, #2
    ldrb r1, [r1]
#elif defined(CONFIG_ARMV7_M_ARMV8_M_MAINLINE)
    ldrb r1, [r1, #-2]
 8003810:	f811 1c02 	ldrb.w	r1, [r1, #-2]
#endif
    bne .L_oops

#endif /* CONFIG_USERSPACE */

    cmp r1, #2
 8003814:	2902      	cmp	r1, #2
    beq .L_oops
 8003816:	d0ff      	beq.n	8003818 <z_arm_svc+0x18>
#endif

#endif

.L_oops:
    push {r0, lr}
 8003818:	b501      	push	{r0, lr}
#else
#error Unknown ARM architecture
#endif
    mov  r1, sp /* pointer to _callee_saved_t */
#endif /* CONFIG_EXTRA_EXCEPTION_INFO */
    mov r2, lr /* EXC_RETURN */
 800381a:	4672      	mov	r2, lr
    bl z_do_kernel_oops
 800381c:	f005 fcb1 	bl	8009182 <z_do_kernel_oops>

#ifdef CONFIG_USE_SWITCH
    bl arm_m_legacy_exit
#endif

    pop {r0, pc}
 8003820:	bd01      	pop	{r0, pc}
 8003822:	bf00      	nop

08003824 <__NVIC_EnableIRQ>:
  \param [in]      IRQn  Device specific interrupt number.
  \note    IRQn must not be negative.
 */
__STATIC_INLINE void __NVIC_EnableIRQ(IRQn_Type IRQn)
{
  if ((int32_t)(IRQn) >= 0)
 8003824:	2800      	cmp	r0, #0
 8003826:	db07      	blt.n	8003838 <__NVIC_EnableIRQ+0x14>
  {
    __COMPILER_BARRIER();
    NVIC->ISER[(((uint32_t)IRQn) >> 5UL)] = (uint32_t)(1UL << (((uint32_t)IRQn) & 0x1FUL));
 8003828:	f000 021f 	and.w	r2, r0, #31
 800382c:	0940      	lsrs	r0, r0, #5
 800382e:	2301      	movs	r3, #1
 8003830:	4093      	lsls	r3, r2
 8003832:	4a02      	ldr	r2, [pc, #8]	@ (800383c <__NVIC_EnableIRQ+0x18>)
 8003834:	f842 3020 	str.w	r3, [r2, r0, lsl #2]
    __COMPILER_BARRIER();
  }
}
 8003838:	4770      	bx	lr
 800383a:	bf00      	nop
 800383c:	e000e100 	.word	0xe000e100

08003840 <__NVIC_SetPriority>:
  \param [in]  priority  Priority to set.
  \note    The priority cannot be set for every processor exception.
 */
__STATIC_INLINE void __NVIC_SetPriority(IRQn_Type IRQn, uint32_t priority)
{
  if ((int32_t)(IRQn) >= 0)
 8003840:	2800      	cmp	r0, #0
 8003842:	db08      	blt.n	8003856 <__NVIC_SetPriority+0x16>
  {
    NVIC->IPR[((uint32_t)IRQn)]               = (uint8_t)((priority << (8U - __NVIC_PRIO_BITS)) & (uint32_t)0xFFUL);
 8003844:	0109      	lsls	r1, r1, #4
 8003846:	b2c9      	uxtb	r1, r1
 8003848:	f100 4060 	add.w	r0, r0, #3758096384	@ 0xe0000000
 800384c:	f500 4061 	add.w	r0, r0, #57600	@ 0xe100
 8003850:	f880 1300 	strb.w	r1, [r0, #768]	@ 0x300
 8003854:	4770      	bx	lr
  }
  else
  {
    SCB->SHPR[(((uint32_t)IRQn) & 0xFUL)-4UL] = (uint8_t)((priority << (8U - __NVIC_PRIO_BITS)) & (uint32_t)0xFFUL);
 8003856:	f000 000f 	and.w	r0, r0, #15
 800385a:	0109      	lsls	r1, r1, #4
 800385c:	b2c9      	uxtb	r1, r1
 800385e:	4b01      	ldr	r3, [pc, #4]	@ (8003864 <__NVIC_SetPriority+0x24>)
 8003860:	5419      	strb	r1, [r3, r0]
  }
}
 8003862:	4770      	bx	lr
 8003864:	e000ed14 	.word	0xe000ed14

08003868 <relocate_vector_table>:
	/* Copy vector table to its location in SRAM */
	size_t vector_size = (size_t)_vector_end - (size_t)_vector_start;

	arch_early_memcpy(_sram_vector_start, _vector_start, vector_size);
#endif
	SCB->VTOR = VECTOR_ADDRESS & VTOR_MASK;
 8003868:	4b04      	ldr	r3, [pc, #16]	@ (800387c <relocate_vector_table+0x14>)
 800386a:	f023 037f 	bic.w	r3, r3, #127	@ 0x7f
 800386e:	4a04      	ldr	r2, [pc, #16]	@ (8003880 <relocate_vector_table+0x18>)
 8003870:	6093      	str	r3, [r2, #8]
  __ASM volatile ("dsb 0xF":::"memory");
 8003872:	f3bf 8f4f 	dsb	sy
  __ASM volatile ("isb 0xF":::"memory");
 8003876:	f3bf 8f6f 	isb	sy
	barrier_dsync_fence_full();
	barrier_isync_fence_full();
}
 800387a:	4770      	bx	lr
 800387c:	08000000 	.word	0x08000000
 8003880:	e000ed00 	.word	0xe000ed00

08003884 <z_prep_c>:
 *
 * This routine prepares for the execution of and runs C code.
 *
 */
FUNC_NORETURN void z_prep_c(void)
{
 8003884:	b508      	push	{r3, lr}
	soc_prep_hook();

	relocate_vector_table();
 8003886:	f7ff ffef 	bl	8003868 <relocate_vector_table>
	SCB->CPACR &= (~(CPACR_CP10_Msk | CPACR_CP11_Msk));
 800388a:	4a0b      	ldr	r2, [pc, #44]	@ (80038b8 <z_prep_c+0x34>)
 800388c:	f8d2 3088 	ldr.w	r3, [r2, #136]	@ 0x88
 8003890:	f423 0370 	bic.w	r3, r3, #15728640	@ 0xf00000
 8003894:	f8c2 3088 	str.w	r3, [r2, #136]	@ 0x88
  __ASM volatile ("MRS %0, control" : "=r" (result) );
 8003898:	f3ef 8314 	mrs	r3, CONTROL
	__set_CONTROL(__get_CONTROL() & (~(CONTROL_FPCA_Msk)));
 800389c:	f023 0304 	bic.w	r3, r3, #4
  __ASM volatile ("MSR control, %0" : : "r" (control) : "memory");
 80038a0:	f383 8814 	msr	CONTROL, r3
 80038a4:	f3bf 8f6f 	isb	sy
#if defined(CONFIG_CPU_HAS_FPU)
	z_arm_floating_point_init();
#endif
	arch_bss_zero();
 80038a8:	f7ff fb54 	bl	8002f54 <arch_bss_zero>
	arch_data_copy();
 80038ac:	f7ff fb5e 	bl	8002f6c <arch_data_copy>
#if defined(CONFIG_ARM_CUSTOM_INTERRUPT_CONTROLLER)
	/* Invoke SoC-specific interrupt controller initialization */
	z_soc_irq_init();
#else
	z_arm_interrupt_init();
 80038b0:	f000 f8cc 	bl	8003a4c <z_arm_interrupt_init>
#endif

#ifdef CONFIG_NULL_POINTER_EXCEPTION_DETECTION_DWT
	z_arm_debug_enable_null_pointer_detection();
#endif
	z_cstart();
 80038b4:	f002 fbcc 	bl	8006050 <z_cstart>
 80038b8:	e000ed00 	.word	0xe000ed00

080038bc <min_stack>:
 *         thread stack corruption, otherwise return 0.
 */
static uint32_t min_stack(const uint32_t fault_addr, const uint32_t psp)
{
#if defined(CONFIG_MULTITHREADING)
	const struct k_thread *thread = _current;
 80038bc:	4b10      	ldr	r3, [pc, #64]	@ (8003900 <min_stack+0x44>)
 80038be:	689b      	ldr	r3, [r3, #8]

	if (thread == NULL) {
 80038c0:	b1bb      	cbz	r3, 80038f2 <min_stack+0x36>
			return thread->stack_info.start;
		}
	}
#else /* CONFIG_USERSPACE */
#if defined(CONFIG_MULTITHREADING)
	if (IS_MPU_GUARD_VIOLATION(thread->stack_info.start - guard_len, guard_len, fault_addr,
 80038c2:	f110 0f16 	cmn.w	r0, #22
 80038c6:	d00b      	beq.n	80038e0 <min_stack+0x24>
 80038c8:	f8d3 2094 	ldr.w	r2, [r3, #148]	@ 0x94
 80038cc:	f1a2 0c40 	sub.w	ip, r2, #64	@ 0x40
 80038d0:	4584      	cmp	ip, r0
 80038d2:	d810      	bhi.n	80038f6 <min_stack+0x3a>
 80038d4:	4282      	cmp	r2, r0
 80038d6:	d910      	bls.n	80038fa <min_stack+0x3e>
 80038d8:	428a      	cmp	r2, r1
 80038da:	d807      	bhi.n	80038ec <min_stack+0x30>
		return (uint32_t)K_THREAD_STACK_BUFFER(z_main_stack);
	}
#endif
#endif /* CONFIG_USERSPACE */

	return 0;
 80038dc:	2000      	movs	r0, #0
 80038de:	4770      	bx	lr
	if (IS_MPU_GUARD_VIOLATION(thread->stack_info.start - guard_len, guard_len, fault_addr,
 80038e0:	f8d3 2094 	ldr.w	r2, [r3, #148]	@ 0x94
 80038e4:	428a      	cmp	r2, r1
 80038e6:	d801      	bhi.n	80038ec <min_stack+0x30>
	return 0;
 80038e8:	2000      	movs	r0, #0
}
 80038ea:	4770      	bx	lr
		return thread->stack_info.start;
 80038ec:	f8d3 0094 	ldr.w	r0, [r3, #148]	@ 0x94
 80038f0:	4770      	bx	lr
		return 0;
 80038f2:	2000      	movs	r0, #0
 80038f4:	4770      	bx	lr
	return 0;
 80038f6:	2000      	movs	r0, #0
 80038f8:	4770      	bx	lr
 80038fa:	2000      	movs	r0, #0
 80038fc:	4770      	bx	lr
 80038fe:	bf00      	nop
 8003900:	20001620 	.word	0x20001620

08003904 <arch_new_thread>:
{
 8003904:	b410      	push	{r4}
	struct __basic_sf *iframe = Z_STACK_PTR_TO_FRAME(struct __basic_sf, stack_ptr);
 8003906:	f1a2 0420 	sub.w	r4, r2, #32
	iframe->pc = (uint32_t)entry_wrapper;
 800390a:	490e      	ldr	r1, [pc, #56]	@ (8003944 <arch_new_thread+0x40>)
 800390c:	f842 1c08 	str.w	r1, [r2, #-8]
	iframe->pc &= 0xfffffffe;
 8003910:	f021 0101 	bic.w	r1, r1, #1
 8003914:	f842 1c08 	str.w	r1, [r2, #-8]
	iframe->a1 = (uint32_t)entry;
 8003918:	f842 3c20 	str.w	r3, [r2, #-32]
	iframe->a2 = (uint32_t)p1;
 800391c:	9b01      	ldr	r3, [sp, #4]
 800391e:	f842 3c1c 	str.w	r3, [r2, #-28]
	iframe->a3 = (uint32_t)p2;
 8003922:	9b02      	ldr	r3, [sp, #8]
 8003924:	f842 3c18 	str.w	r3, [r2, #-24]
	iframe->a4 = (uint32_t)p3;
 8003928:	9b03      	ldr	r3, [sp, #12]
 800392a:	f842 3c14 	str.w	r3, [r2, #-20]
	iframe->xpsr = 0x01000000UL; /* clear all, thumb bit is 1, even if RO */
 800392e:	f04f 7380 	mov.w	r3, #16777216	@ 0x1000000
 8003932:	f842 3c04 	str.w	r3, [r2, #-4]
	thread->callee_saved.psp = (uint32_t)iframe;
 8003936:	6504      	str	r4, [r0, #80]	@ 0x50
	thread->arch.basepri = 0;
 8003938:	2300      	movs	r3, #0
 800393a:	f8c0 30a8 	str.w	r3, [r0, #168]	@ 0xa8
}
 800393e:	bc10      	pop	{r4}
 8003940:	4770      	bx	lr
 8003942:	bf00      	nop
 8003944:	0800209d 	.word	0x0800209d

08003948 <arch_switch_to_main_thread>:
#endif /* CONFIG_FPU */
}

void arch_switch_to_main_thread(struct k_thread *main_thread, char *stack_ptr,
				k_thread_entry_t _main)
{
 8003948:	b508      	push	{r3, lr}
 800394a:	460e      	mov	r6, r1
 800394c:	4615      	mov	r5, r2
	z_arm_prepare_switch_to_main();

	z_current_thread_set(main_thread);
 800394e:	4a0c      	ldr	r2, [pc, #48]	@ (8003980 <arch_switch_to_main_thread+0x38>)
 8003950:	6090      	str	r0, [r2, #8]
	 * thread for the first time, as the pointer is only set
	 * during context switching.
	 */
	extern uintptr_t z_arm_tls_ptr;

	z_arm_tls_ptr = main_thread->tls;
 8003952:	f8d0 20a4 	ldr.w	r2, [r0, #164]	@ 0xa4
 8003956:	4b0b      	ldr	r3, [pc, #44]	@ (8003984 <arch_switch_to_main_thread+0x3c>)
 8003958:	601a      	str	r2, [r3, #0]
#if defined(CONFIG_MPU_STACK_GUARD) || defined(CONFIG_USERSPACE)
	/*
	 * If stack protection is enabled, make sure to set it
	 * before jumping to thread entry function
	 */
	z_arm_configure_dynamic_mpu_regions(main_thread);
 800395a:	f000 f8b5 	bl	8003ac8 <z_arm_configure_dynamic_mpu_regions>
	 * with the thread entry process.
	 *
	 * When calling arch_irq_unlock_outlined, LR is lost which is fine since
	 * we do not intend to return after calling z_thread_entry.
	 */
	__asm__ volatile("mov   r4,  %0\n" /* force _main to be stored in a register */
 800395e:	462c      	mov	r4, r5
 8003960:	f386 8809 	msr	PSP, r6
 8003964:	2000      	movs	r0, #0
 8003966:	4b04      	ldr	r3, [pc, #16]	@ (8003978 <arch_switch_to_main_thread+0x30>)
 8003968:	4798      	blx	r3
 800396a:	4620      	mov	r0, r4
 800396c:	2100      	movs	r1, #0
 800396e:	2200      	movs	r2, #0
 8003970:	2300      	movs	r3, #0
 8003972:	4c02      	ldr	r4, [pc, #8]	@ (800397c <arch_switch_to_main_thread+0x34>)
 8003974:	4720      	bx	r4
 8003976:	0000      	.short	0x0000
 8003978:	08009219 	.word	0x08009219
 800397c:	0800209d 	.word	0x0800209d
#endif
			 :
			 : "r"(_main), "r"(stack_ptr)
			 : "r0", "r1", "r2", "r3", "r4", "ip", "lr", "memory");

	CODE_UNREACHABLE;
 8003980:	20001620 	.word	0x20001620
 8003984:	20001578 	.word	0x20001578

08003988 <z_arm_cpu_idle_init>:
 * Only called by arch_kernel_init(). Sets SEVONPEND bit once for the system's
 * duration.
 */
void z_arm_cpu_idle_init(void)
{
	SCB->SCR = SCB_SCR_SEVONPEND_Msk;
 8003988:	4b01      	ldr	r3, [pc, #4]	@ (8003990 <z_arm_cpu_idle_init+0x8>)
 800398a:	2210      	movs	r2, #16
 800398c:	611a      	str	r2, [r3, #16]
}
 800398e:	4770      	bx	lr
 8003990:	e000ed00 	.word	0xe000ed00

08003994 <z_arm_exc_exit>:
 *
 */
Z_GENERIC_SECTION(.text._HandlerModeExit) void z_arm_exc_exit(void)
{
#ifdef CONFIG_PREEMPT_ENABLED
	if (_kernel.ready_q.cache != _kernel.cpus->current) {
 8003994:	4b05      	ldr	r3, [pc, #20]	@ (80039ac <z_arm_exc_exit+0x18>)
 8003996:	695a      	ldr	r2, [r3, #20]
 8003998:	689b      	ldr	r3, [r3, #8]
 800399a:	429a      	cmp	r2, r3
 800399c:	d004      	beq.n	80039a8 <z_arm_exc_exit+0x14>
		SCB->ICSR |= SCB_ICSR_PENDSVSET_Msk;
 800399e:	4a04      	ldr	r2, [pc, #16]	@ (80039b0 <z_arm_exc_exit+0x1c>)
 80039a0:	6853      	ldr	r3, [r2, #4]
 80039a2:	f043 5380 	orr.w	r3, r3, #268435456	@ 0x10000000
 80039a6:	6053      	str	r3, [r2, #4]
#endif /* CONFIG_PREEMPT_ENABLED */

#ifdef CONFIG_STACK_SENTINEL
	z_check_stack_sentinel();
#endif /* CONFIG_STACK_SENTINEL */
}
 80039a8:	4770      	bx	lr
 80039aa:	bf00      	nop
 80039ac:	20001620 	.word	0x20001620
 80039b0:	e000ed00 	.word	0xe000ed00

080039b4 <z_impl_k_thread_abort>:
#include <zephyr/linker/sections.h>
#include <kswap.h>
#include <zephyr/sys/__assert.h>

void z_impl_k_thread_abort(k_tid_t thread)
{
 80039b4:	b508      	push	{r3, lr}
	SYS_PORT_TRACING_OBJ_FUNC_ENTER(k_thread, abort, thread);

	if (_current == thread) {
 80039b6:	4b0a      	ldr	r3, [pc, #40]	@ (80039e0 <z_impl_k_thread_abort+0x2c>)
 80039b8:	689b      	ldr	r3, [r3, #8]
 80039ba:	4283      	cmp	r3, r0
 80039bc:	d002      	beq.n	80039c4 <z_impl_k_thread_abort+0x10>
			 */
			SCB->SHCSR &= ~SCB_SHCSR_SVCALLPENDED_Msk;
		}
	}

	z_thread_abort(thread);
 80039be:	f003 f9d7 	bl	8006d70 <z_thread_abort>

	SYS_PORT_TRACING_OBJ_FUNC_EXIT(k_thread, abort, thread);
}
 80039c2:	bd08      	pop	{r3, pc}
  __ASM volatile ("MRS %0, ipsr" : "=r" (result) );
 80039c4:	f3ef 8305 	mrs	r3, IPSR
		if (arch_is_in_isr()) {
 80039c8:	2b00      	cmp	r3, #0
 80039ca:	d0f8      	beq.n	80039be <z_impl_k_thread_abort+0xa>
			SCB->ICSR |= SCB_ICSR_PENDSVSET_Msk;
 80039cc:	4b05      	ldr	r3, [pc, #20]	@ (80039e4 <z_impl_k_thread_abort+0x30>)
 80039ce:	685a      	ldr	r2, [r3, #4]
 80039d0:	f042 5280 	orr.w	r2, r2, #268435456	@ 0x10000000
 80039d4:	605a      	str	r2, [r3, #4]
			SCB->SHCSR &= ~SCB_SHCSR_SVCALLPENDED_Msk;
 80039d6:	6a5a      	ldr	r2, [r3, #36]	@ 0x24
 80039d8:	f422 4200 	bic.w	r2, r2, #32768	@ 0x8000
 80039dc:	625a      	str	r2, [r3, #36]	@ 0x24
 80039de:	e7ee      	b.n	80039be <z_impl_k_thread_abort+0xa>
 80039e0:	20001620 	.word	0x20001620
 80039e4:	e000ed00 	.word	0xe000ed00

080039e8 <z_arm_pendsv>:
    /* load _kernel into r1 and current k_thread into r2 */
#if defined(CONFIG_SLOW_FLASH_DATA)
    movw r1, #:lower16:_kernel
    movt r1, #:upper16:_kernel
#else
    ldr r1, =_kernel
 80039e8:	4915      	ldr	r1, [pc, #84]	@ (8003a40 <z_arm_pendsv+0x58>)
#endif
    ldr r2, [r1, #_kernel_offset_to_current]
 80039ea:	688a      	ldr	r2, [r1, #8]
    /* Store LSB of LR (EXC_RETURN) to the thread's 'mode' word. */
    strb lr, [r2, #_thread_offset_to_mode_exc_return]
#endif

    /* addr of callee-saved regs in thread in r0 */
    ldr r0, =_thread_offset_to_callee_saved
 80039ec:	f04f 0030 	mov.w	r0, #48	@ 0x30
    add r0, r2
 80039f0:	4410      	add	r0, r2

    /* save callee-saved + psp in thread */
    mrs ip, PSP
 80039f2:	f3ef 8c09 	mrs	ip, PSP
    mov r6, r11
    mov r7, ip
    /* store r8-12 */
    stmea r0!, {r3-r7}
#elif defined(CONFIG_ARMV7_M_ARMV8_M_MAINLINE)
    stmia r0, {r4-r11, ip}
 80039f6:	e880 1ff0 	stmia.w	r0, {r4, r5, r6, r7, r8, r9, sl, fp, ip}

    /* Protect the kernel state while we play with the thread lists */
#if defined(CONFIG_ARMV6_M_ARMV8_M_BASELINE)
    cpsid i
#elif defined(CONFIG_ARMV7_M_ARMV8_M_MAINLINE)
    movs.n r0, #_EXC_IRQ_DEFAULT_PRIO
 80039fa:	2010      	movs	r0, #16
    msr BASEPRI_MAX, r0
 80039fc:	f380 8812 	msr	BASEPRI_MAX, r0
    isb /* Make the effect of disabling interrupts be realized immediately */
 8003a00:	f3bf 8f6f 	isb	sy
     */
#if defined(CONFIG_SLOW_FLASH_DATA)
    movw r7, #:lower16:_SCS_ICSR
    movt r7, #:upper16:_SCS_ICSR
#else
    ldr r7, =_SCS_ICSR
 8003a04:	4f0f      	ldr	r7, [pc, #60]	@ (8003a44 <z_arm_pendsv+0x5c>)
#endif
    ldr r6, =_SCS_ICSR_UNPENDSV
 8003a06:	f04f 6600 	mov.w	r6, #134217728	@ 0x8000000

    /* _kernel is still in r1 */

    /* fetch the thread to run from the ready queue cache */
    ldr r2, [r1, #_kernel_offset_to_ready_q_cache]
 8003a0a:	694a      	ldr	r2, [r1, #20]

    str r2, [r1, #_kernel_offset_to_current]
 8003a0c:	608a      	str	r2, [r1, #8]
     * since they were based on the previous kernel state and this
     * has been handled.
     */

    /* _SCS_ICSR is still in r7 and _SCS_ICSR_UNPENDSV in r6 */
    str r6, [r7, #0]
 8003a0e:	603e      	str	r6, [r7, #0]
#if defined(CONFIG_ARMV6_M_ARMV8_M_BASELINE)
    ldr r4, =_thread_offset_to_tls
    adds r4, r2, r4
    ldr r0, [r4]
#else
    ldr r0, [r2, #_thread_offset_to_tls]
 8003a10:	f8d2 00a4 	ldr.w	r0, [r2, #164]	@ 0xa4

    /* For Cortex-M, store TLS pointer in a global variable,
     * as it lacks the process ID or thread ID register
     * to be used by toolchain to access thread data.
     */
    ldr r4, =z_arm_tls_ptr
 8003a14:	4c0c      	ldr	r4, [pc, #48]	@ (8003a48 <z_arm_pendsv+0x60>)
    str r0, [r4]
 8003a16:	6020      	str	r0, [r4, #0]

    ldr r0, [r4]
    movs.n r3, #0
    str r3, [r4]
#else
    ldr r0, [r2, #_thread_offset_to_basepri]
 8003a18:	f8d2 00a8 	ldr.w	r0, [r2, #168]	@ 0xa8
    movs r3, #0
 8003a1c:	2300      	movs	r3, #0
    str r3, [r2, #_thread_offset_to_basepri]
 8003a1e:	f8c2 30a8 	str.w	r3, [r2, #168]	@ 0xa8
    /* restore r4-r7, go back 9*4 bytes to the start of the stored block */
    subs r0, #36
    ldmia r0!, {r4-r7}
#elif defined(CONFIG_ARMV7_M_ARMV8_M_MAINLINE)
    /* restore BASEPRI for the incoming thread */
    msr BASEPRI, r0
 8003a22:	f380 8811 	msr	BASEPRI, r0
    isb
#endif

#if defined(CONFIG_MPU_STACK_GUARD) || defined(CONFIG_USERSPACE)
    /* Re-program dynamic memory map */
    push {r2,lr}
 8003a26:	b504      	push	{r2, lr}
    mov r0, r2 /* _current thread */
 8003a28:	4610      	mov	r0, r2
    bl z_arm_configure_dynamic_mpu_regions
 8003a2a:	f000 f84d 	bl	8003ac8 <z_arm_configure_dynamic_mpu_regions>
    pop {r2,lr}
 8003a2e:	e8bd 4004 	ldmia.w	sp!, {r2, lr}
    msr  PAC_KEY_P_3, r6
    clrm {r3-r6}
#endif /* CONFIG_ARM_PAC_PER_THREAD */

    /* load callee-saved + psp from thread */
    add r0, r2, #_thread_offset_to_callee_saved
 8003a32:	f102 0030 	add.w	r0, r2, #48	@ 0x30
    ldmia r0, {r4-r11, ip}
 8003a36:	e890 1ff0 	ldmia.w	r0, {r4, r5, r6, r7, r8, r9, sl, fp, ip}
#else
#error Unknown ARM architecture
#endif /* CONFIG_ARMV6_M_ARMV8_M_BASELINE */

    msr PSP, ip
 8003a3a:	f38c 8809 	msr	PSP, ip
#endif /* CONFIG_INSTRUMENT_THREAD_SWITCHING */

    /*
     * Cortex-M: return from PendSV exception
     */
    bx lr
 8003a3e:	4770      	bx	lr
    ldr r1, =_kernel
 8003a40:	20001620 	.word	0x20001620
    ldr r7, =_SCS_ICSR
 8003a44:	e000ed04 	.word	0xe000ed04
    ldr r4, =z_arm_tls_ptr
 8003a48:	20001578 	.word	0x20001578

08003a4c <z_arm_interrupt_init>:
 *
 */

void z_arm_interrupt_init(void)
{
	int irq = 0;
 8003a4c:	2200      	movs	r2, #0

/* CONFIG_2ND_LVL_ISR_TBL_OFFSET could be treated as total number of level1 interrupts */
#if defined(CONFIG_MULTI_LEVEL_INTERRUPTS) && defined(CONFIG_2ND_LVL_ISR_TBL_OFFSET)
	for (; irq < CONFIG_2ND_LVL_ISR_TBL_OFFSET; irq++) {
#else
	for (; irq < CONFIG_NUM_IRQS; irq++) {
 8003a4e:	e006      	b.n	8003a5e <z_arm_interrupt_init+0x12>
    SCB->SHPR[(((uint32_t)IRQn) & 0xFUL)-4UL] = (uint8_t)((priority << (8U - __NVIC_PRIO_BITS)) & (uint32_t)0xFFUL);
 8003a50:	f003 030f 	and.w	r3, r3, #15
 8003a54:	4909      	ldr	r1, [pc, #36]	@ (8003a7c <z_arm_interrupt_init+0x30>)
 8003a56:	4419      	add	r1, r3
 8003a58:	2310      	movs	r3, #16
 8003a5a:	760b      	strb	r3, [r1, #24]
 8003a5c:	3201      	adds	r2, #1
 8003a5e:	2a49      	cmp	r2, #73	@ 0x49
 8003a60:	dc0a      	bgt.n	8003a78 <z_arm_interrupt_init+0x2c>
#endif
		NVIC_SetPriority((IRQn_Type)irq, _IRQ_PRIO_OFFSET);
 8003a62:	b253      	sxtb	r3, r2
  if ((int32_t)(IRQn) >= 0)
 8003a64:	2b00      	cmp	r3, #0
 8003a66:	dbf3      	blt.n	8003a50 <z_arm_interrupt_init+0x4>
    NVIC->IPR[((uint32_t)IRQn)]               = (uint8_t)((priority << (8U - __NVIC_PRIO_BITS)) & (uint32_t)0xFFUL);
 8003a68:	f103 4360 	add.w	r3, r3, #3758096384	@ 0xe0000000
 8003a6c:	f503 4361 	add.w	r3, r3, #57600	@ 0xe100
 8003a70:	2110      	movs	r1, #16
 8003a72:	f883 1300 	strb.w	r1, [r3, #768]	@ 0x300
 8003a76:	e7f1      	b.n	8003a5c <z_arm_interrupt_init+0x10>
	}
}
 8003a78:	4770      	bx	lr
 8003a7a:	bf00      	nop
 8003a7c:	e000ecfc 	.word	0xe000ecfc

08003a80 <_isr_wrapper>:
 * z_arm_pendsv()) and pends the PendSV exception if so: the latter will
 * perform the context switch itself.
 *
 */
void _isr_wrapper(void)
{
 8003a80:	b508      	push	{r3, lr}
 8003a82:	f3ef 8305 	mrs	r3, IPSR
#endif
	/* _sw_isr_table does not map the core system exceptions,
	 * which take first 16 interrupt numbers, only the external
	 * interrupts.
	 */
	irq_number -= 16;
 8003a86:	3b10      	subs	r3, #16

	const struct _isr_table_entry *entry = &_sw_isr_table[irq_number];
	(entry->isr)(entry->arg);
 8003a88:	4a04      	ldr	r2, [pc, #16]	@ (8003a9c <_isr_wrapper+0x1c>)
 8003a8a:	eb02 01c3 	add.w	r1, r2, r3, lsl #3
 8003a8e:	6849      	ldr	r1, [r1, #4]
 8003a90:	f852 0033 	ldr.w	r0, [r2, r3, lsl #3]
 8003a94:	4788      	blx	r1

#ifdef CONFIG_TRACING_ISR
	sys_trace_isr_exit();
#endif /* CONFIG_TRACING_ISR */

	z_arm_exc_exit();
 8003a96:	f7ff ff7d 	bl	8003994 <z_arm_exc_exit>
}
 8003a9a:	bd08      	pop	{r3, pc}
 8003a9c:	0800a950 	.word	0x0800a950

08003aa0 <__aeabi_read_tp>:
 *
 * This can only be guaranteed by either implementing a naked C function with
 * inline assembly, or plain assembly.
 */
SECTION_FUNC(TEXT, __aeabi_read_tp)
	ldr r0, =z_arm_tls_ptr
 8003aa0:	4801      	ldr	r0, [pc, #4]	@ (8003aa8 <__aeabi_read_tp+0x8>)
	ldr r0, [r0]
 8003aa2:	6800      	ldr	r0, [r0, #0]
	bx lr
 8003aa4:	4770      	bx	lr
 8003aa6:	0000      	.short	0x0000
	ldr r0, =z_arm_tls_ptr
 8003aa8:	20001578 	.word	0x20001578

08003aac <z_arm_configure_static_mpu_regions>:
 *
 * For some MPU architectures, such as the unmodified ARMv8-M MPU,
 * the function must execute with MPU enabled.
 */
void z_arm_configure_static_mpu_regions(void)
{
 8003aac:	b508      	push	{r3, lr}
	 * into account the unused SRAM area, as well.
	 */
#ifdef CONFIG_AARCH32_ARMV8_R
	arm_core_mpu_disable();
#endif
	arm_core_mpu_configure_static_mpu_regions(static_regions,
 8003aae:	4b03      	ldr	r3, [pc, #12]	@ (8003abc <z_arm_configure_static_mpu_regions+0x10>)
 8003ab0:	4a03      	ldr	r2, [pc, #12]	@ (8003ac0 <z_arm_configure_static_mpu_regions+0x14>)
 8003ab2:	2101      	movs	r1, #1
 8003ab4:	4803      	ldr	r0, [pc, #12]	@ (8003ac4 <z_arm_configure_static_mpu_regions+0x18>)
 8003ab6:	f005 fcee 	bl	8009496 <arm_core_mpu_configure_static_mpu_regions>
	};

	arm_core_mpu_mark_areas_for_dynamic_regions(dyn_region_areas,
		ARRAY_SIZE(dyn_region_areas));
#endif /* CONFIG_MPU_REQUIRES_NON_OVERLAPPING_REGIONS */
}
 8003aba:	bd08      	pop	{r3, pc}
 8003abc:	20018000 	.word	0x20018000
 8003ac0:	20000000 	.word	0x20000000
 8003ac4:	0800c3a8 	.word	0x0800c3a8

08003ac8 <z_arm_configure_dynamic_mpu_regions>:
 *
 * This function is not inherently thread-safe, but the memory domain
 * spinlock needs to be held anyway.
 */
void z_arm_configure_dynamic_mpu_regions(struct k_thread *thread)
{
 8003ac8:	b508      	push	{r3, lr}
#endif /* CONFIG_USERSPACE */
	{
		/* A supervisor thread only has the normal thread stack to
		 * protect with a stack guard.
		 */
		guard_start = thread->stack_info.start - guard_size;
 8003aca:	f8d0 3094 	ldr.w	r3, [r0, #148]	@ 0x94
 8003ace:	3b40      	subs	r3, #64	@ 0x40
	}

	__ASSERT(region_num < _MAX_DYNAMIC_MPU_REGIONS_NUM,
		"Out-of-bounds error for dynamic region map.");

	dynamic_regions[region_num].start = guard_start;
 8003ad0:	4804      	ldr	r0, [pc, #16]	@ (8003ae4 <z_arm_configure_dynamic_mpu_regions+0x1c>)
 8003ad2:	6003      	str	r3, [r0, #0]
	dynamic_regions[region_num].size = guard_size;
 8003ad4:	2340      	movs	r3, #64	@ 0x40
 8003ad6:	6043      	str	r3, [r0, #4]
	dynamic_regions[region_num].attr = K_MEM_PARTITION_P_RO_U_NA;
 8003ad8:	4b03      	ldr	r3, [pc, #12]	@ (8003ae8 <z_arm_configure_dynamic_mpu_regions+0x20>)
 8003ada:	6083      	str	r3, [r0, #8]

	/* Configure the dynamic MPU regions */
#ifdef CONFIG_AARCH32_ARMV8_R
	arm_core_mpu_disable();
#endif
	arm_core_mpu_configure_dynamic_mpu_regions(dynamic_regions,
 8003adc:	2101      	movs	r1, #1
 8003ade:	f005 fcde 	bl	800949e <arm_core_mpu_configure_dynamic_mpu_regions>
						   region_num);
#ifdef CONFIG_AARCH32_ARMV8_R
	arm_core_mpu_enable();
#endif
}
 8003ae2:	bd08      	pop	{r3, pc}
 8003ae4:	2000157c 	.word	0x2000157c
 8003ae8:	150b0000 	.word	0x150b0000

08003aec <region_init>:
	return (uint8_t)type;
}

static inline void set_region_number(uint32_t index)
{
	MPU->RNR = index;
 8003aec:	4a08      	ldr	r2, [pc, #32]	@ (8003b10 <region_init+0x24>)
 8003aee:	f8c2 0098 	str.w	r0, [r2, #152]	@ 0x98

	set_region_base_address(region_conf->base & MPU_RBAR_ADDR_Msk);
	set_region_attributes(region_conf->attr.rasr);
	set_region_size(region_conf->size | MPU_RASR_ENABLE_Msk);
#else
	MPU->RBAR = (region_conf->base & MPU_RBAR_ADDR_Msk)
 8003af2:	680b      	ldr	r3, [r1, #0]
 8003af4:	f023 031f 	bic.w	r3, r3, #31
				| MPU_RBAR_VALID_Msk | index;
 8003af8:	4303      	orrs	r3, r0
 8003afa:	f043 0310 	orr.w	r3, r3, #16
	MPU->RBAR = (region_conf->base & MPU_RBAR_ADDR_Msk)
 8003afe:	f8c2 309c 	str.w	r3, [r2, #156]	@ 0x9c
	MPU->RASR = region_conf->attr.rasr | MPU_RASR_ENABLE_Msk;
 8003b02:	688b      	ldr	r3, [r1, #8]
 8003b04:	f043 0301 	orr.w	r3, r3, #1
 8003b08:	f8c2 30a0 	str.w	r3, [r2, #160]	@ 0xa0
	LOG_DBG("[%d] 0x%08x 0x%08x",
		index, region_conf->base, region_conf->attr.rasr);
#endif
}
 8003b0c:	4770      	bx	lr
 8003b0e:	bf00      	nop
 8003b10:	e000ed00 	.word	0xe000ed00

08003b14 <region_allocate_and_init>:
#error "Unsupported ARM CPU"
#endif

static int region_allocate_and_init(const uint8_t index,
	const struct arm_mpu_region *region_conf)
{
 8003b14:	b510      	push	{r4, lr}
 8003b16:	4604      	mov	r4, r0
	uint32_t type = MPU->TYPE;
 8003b18:	4b0a      	ldr	r3, [pc, #40]	@ (8003b44 <region_allocate_and_init+0x30>)
 8003b1a:	f8d3 3090 	ldr.w	r3, [r3, #144]	@ 0x90
	/* Attempt to allocate new region index. */
	if (index > (get_num_regions() - 1U)) {
 8003b1e:	f3c3 2307 	ubfx	r3, r3, #8, #8
 8003b22:	3b01      	subs	r3, #1
 8003b24:	4298      	cmp	r0, r3
 8003b26:	d803      	bhi.n	8003b30 <region_allocate_and_init+0x1c>
	}

	LOG_DBG("Program MPU region at index 0x%x", index);

	/* Program region */
	region_init(index, region_conf);
 8003b28:	f7ff ffe0 	bl	8003aec <region_init>

	return index;
 8003b2c:	4620      	mov	r0, r4
}
 8003b2e:	bd10      	pop	{r4, pc}
 8003b30:	4603      	mov	r3, r0
 8003b32:	4a05      	ldr	r2, [pc, #20]	@ (8003b48 <region_allocate_and_init+0x34>)
 8003b34:	2101      	movs	r1, #1
 8003b36:	4805      	ldr	r0, [pc, #20]	@ (8003b4c <region_allocate_and_init+0x38>)
 8003b38:	f005 fa14 	bl	8008f64 <z_impl_z_log_msg_simple_create_1>
		return -EINVAL;
 8003b3c:	f06f 0015 	mvn.w	r0, #21
 8003b40:	e7f5      	b.n	8003b2e <region_allocate_and_init+0x1a>
 8003b42:	bf00      	nop
 8003b44:	e000ed00 	.word	0xe000ed00
 8003b48:	0800b8a4 	.word	0x0800b8a4
 8003b4c:	0800aef0 	.word	0x0800aef0

08003b50 <mpu_configure_regions>:
 * coherence check of the memory regions to be programmed.
 */
static int mpu_configure_regions(const struct z_arm_mpu_partition
	regions[], uint8_t regions_num, uint8_t start_reg_index,
	bool do_coherence_check)
{
 8003b50:	e92d 43f8 	stmdb	sp!, {r3, r4, r5, r6, r7, r8, r9, lr}
 8003b54:	4680      	mov	r8, r0
 8003b56:	460f      	mov	r7, r1
 8003b58:	4699      	mov	r9, r3
	int i;
	int reg_index = start_reg_index;
 8003b5a:	4616      	mov	r6, r2

	for (i = 0; i < regions_num; i++) {
 8003b5c:	2500      	movs	r5, #0
 8003b5e:	e009      	b.n	8003b74 <mpu_configure_regions+0x24>
				(!mpu_partition_is_valid(&regions[i]))) {
			LOG_ERR("Partition %u: coherence check failed.", i);
			return -EINVAL;
		}

		reg_index = mpu_configure_region(reg_index, &regions[i]);
 8003b60:	4621      	mov	r1, r4
 8003b62:	b2f0      	uxtb	r0, r6
 8003b64:	f005 fb7d 	bl	8009262 <mpu_configure_region>
 8003b68:	4606      	mov	r6, r0

		if (reg_index == -EINVAL) {
 8003b6a:	f110 0f16 	cmn.w	r0, #22
 8003b6e:	d01a      	beq.n	8003ba6 <mpu_configure_regions+0x56>
			return reg_index;
		}

		/* Increment number of programmed MPU indices. */
		reg_index++;
 8003b70:	3601      	adds	r6, #1
	for (i = 0; i < regions_num; i++) {
 8003b72:	3501      	adds	r5, #1
 8003b74:	42bd      	cmp	r5, r7
 8003b76:	da16      	bge.n	8003ba6 <mpu_configure_regions+0x56>
		if (regions[i].size == 0U) {
 8003b78:	eb05 0445 	add.w	r4, r5, r5, lsl #1
 8003b7c:	eb08 0484 	add.w	r4, r8, r4, lsl #2
 8003b80:	6862      	ldr	r2, [r4, #4]
 8003b82:	2a00      	cmp	r2, #0
 8003b84:	d0f5      	beq.n	8003b72 <mpu_configure_regions+0x22>
		if (do_coherence_check &&
 8003b86:	f1b9 0f00 	cmp.w	r9, #0
 8003b8a:	d0e9      	beq.n	8003b60 <mpu_configure_regions+0x10>
				(!mpu_partition_is_valid(&regions[i]))) {
 8003b8c:	4620      	mov	r0, r4
 8003b8e:	f005 fb57 	bl	8009240 <mpu_partition_is_valid>
		if (do_coherence_check &&
 8003b92:	2800      	cmp	r0, #0
 8003b94:	d1e4      	bne.n	8003b60 <mpu_configure_regions+0x10>
 8003b96:	462b      	mov	r3, r5
 8003b98:	4a04      	ldr	r2, [pc, #16]	@ (8003bac <mpu_configure_regions+0x5c>)
 8003b9a:	2101      	movs	r1, #1
 8003b9c:	4804      	ldr	r0, [pc, #16]	@ (8003bb0 <mpu_configure_regions+0x60>)
 8003b9e:	f005 f9e1 	bl	8008f64 <z_impl_z_log_msg_simple_create_1>
			return -EINVAL;
 8003ba2:	f06f 0615 	mvn.w	r6, #21
	}

	return reg_index;
}
 8003ba6:	4630      	mov	r0, r6
 8003ba8:	e8bd 83f8 	ldmia.w	sp!, {r3, r4, r5, r6, r7, r8, r9, pc}
 8003bac:	0800b8cc 	.word	0x0800b8cc
 8003bb0:	0800aef0 	.word	0x0800aef0

08003bb4 <mpu_configure_static_mpu_regions>:
 */
static int mpu_configure_static_mpu_regions(const struct z_arm_mpu_partition
	static_regions[], const uint8_t regions_num,
	const uint32_t background_area_base,
	const uint32_t background_area_end)
{
 8003bb4:	b510      	push	{r4, lr}
	int mpu_reg_index = static_regions_num;
 8003bb6:	4c03      	ldr	r4, [pc, #12]	@ (8003bc4 <mpu_configure_static_mpu_regions+0x10>)
	 * programmed on top of SRAM region configuration.
	 */
	ARG_UNUSED(background_area_base);
	ARG_UNUSED(background_area_end);

	mpu_reg_index = mpu_configure_regions(static_regions,
 8003bb8:	2301      	movs	r3, #1
 8003bba:	7822      	ldrb	r2, [r4, #0]
 8003bbc:	f7ff ffc8 	bl	8003b50 <mpu_configure_regions>
		regions_num, mpu_reg_index, true);

	static_regions_num = mpu_reg_index;
 8003bc0:	7020      	strb	r0, [r4, #0]

	return mpu_reg_index;
}
 8003bc2:	bd10      	pop	{r4, pc}
 8003bc4:	20001656 	.word	0x20001656

08003bc8 <mpu_configure_dynamic_mpu_regions>:
 * If the dynamic MPU regions configuration has not been successfully
 * performed, the error signal is propagated to the caller of the function.
 */
static int mpu_configure_dynamic_mpu_regions(const struct z_arm_mpu_partition
	dynamic_regions[], uint8_t regions_num)
{
 8003bc8:	b508      	push	{r3, lr}

	/* In ARMv7-M architecture the dynamic regions are
	 * programmed on top of existing SRAM region configuration.
	 */

	mpu_reg_index = mpu_configure_regions(dynamic_regions,
 8003bca:	2300      	movs	r3, #0
 8003bcc:	4a0b      	ldr	r2, [pc, #44]	@ (8003bfc <mpu_configure_dynamic_mpu_regions+0x34>)
 8003bce:	7812      	ldrb	r2, [r2, #0]
 8003bd0:	f7ff ffbe 	bl	8003b50 <mpu_configure_regions>
		regions_num, mpu_reg_index, false);

	if (mpu_reg_index != -EINVAL) {
 8003bd4:	f110 0f16 	cmn.w	r0, #22
 8003bd8:	d00f      	beq.n	8003bfa <mpu_configure_dynamic_mpu_regions+0x32>

		/* Disable the non-programmed MPU regions. */
		for (int i = mpu_reg_index; i < get_num_regions(); i++) {
 8003bda:	4602      	mov	r2, r0
 8003bdc:	e006      	b.n	8003bec <mpu_configure_dynamic_mpu_regions+0x24>
/** Clear and disable the given MPU region.
* \param rnr Region number to be cleared.
*/
__STATIC_INLINE void ARM_MPU_ClrRegion(uint32_t rnr)
{
  MPU->RNR = rnr;
 8003bde:	4b08      	ldr	r3, [pc, #32]	@ (8003c00 <mpu_configure_dynamic_mpu_regions+0x38>)
 8003be0:	f8c3 2098 	str.w	r2, [r3, #152]	@ 0x98
  MPU->RASR = 0U;
 8003be4:	2100      	movs	r1, #0
 8003be6:	f8c3 10a0 	str.w	r1, [r3, #160]	@ 0xa0
 8003bea:	3201      	adds	r2, #1
 8003bec:	4b04      	ldr	r3, [pc, #16]	@ (8003c00 <mpu_configure_dynamic_mpu_regions+0x38>)
 8003bee:	f8d3 3090 	ldr.w	r3, [r3, #144]	@ 0x90
 8003bf2:	f3c3 2307 	ubfx	r3, r3, #8, #8
 8003bf6:	4293      	cmp	r3, r2
 8003bf8:	dcf1      	bgt.n	8003bde <mpu_configure_dynamic_mpu_regions+0x16>
			ARM_MPU_ClrRegion(i);
		}
	}

	return mpu_reg_index;
}
 8003bfa:	bd08      	pop	{r3, pc}
 8003bfc:	20001656 	.word	0x20001656
 8003c00:	e000ed00 	.word	0xe000ed00

08003c04 <arm_core_mpu_enable>:
	 * background region for privileged software access if desired.
	 */
#if defined(CONFIG_MPU_DISABLE_BACKGROUND_MAP)
	MPU->CTRL = MPU_CTRL_ENABLE_Msk;
#else
	MPU->CTRL = MPU_CTRL_ENABLE_Msk | MPU_CTRL_PRIVDEFENA_Msk;
 8003c04:	4b04      	ldr	r3, [pc, #16]	@ (8003c18 <arm_core_mpu_enable+0x14>)
 8003c06:	2205      	movs	r2, #5
 8003c08:	f8c3 2094 	str.w	r2, [r3, #148]	@ 0x94
  __ASM volatile ("dsb 0xF":::"memory");
 8003c0c:	f3bf 8f4f 	dsb	sy
  __ASM volatile ("isb 0xF":::"memory");
 8003c10:	f3bf 8f6f 	isb	sy
#endif

	/* Make sure that all the registers are set before proceeding */
	barrier_dsync_fence_full();
	barrier_isync_fence_full();
}
 8003c14:	4770      	bx	lr
 8003c16:	bf00      	nop
 8003c18:	e000ed00 	.word	0xe000ed00

08003c1c <arm_core_mpu_disable>:
  \details Ensures the apparent order of the explicit memory operations before
           and after the instruction, without ensuring their completion.
 */
__STATIC_FORCEINLINE void __DMB(void)
{
  __ASM volatile ("dmb 0xF":::"memory");
 8003c1c:	f3bf 8f5f 	dmb	sy
{
	/* Force any outstanding transfers to complete before disabling MPU */
	barrier_dmem_fence_full();

	/* Disable MPU */
	MPU->CTRL = 0;
 8003c20:	4b02      	ldr	r3, [pc, #8]	@ (8003c2c <arm_core_mpu_disable+0x10>)
 8003c22:	2200      	movs	r2, #0
 8003c24:	f8c3 2094 	str.w	r2, [r3, #148]	@ 0x94
}
 8003c28:	4770      	bx	lr
 8003c2a:	bf00      	nop
 8003c2c:	e000ed00 	.word	0xe000ed00

08003c30 <z_arm_mpu_init>:
 *
 * This function provides the default configuration mechanism for the Memory
 * Protection Unit (MPU).
 */
int z_arm_mpu_init(void)
{
 8003c30:	b538      	push	{r3, r4, r5, lr}
	uint32_t r_index;

	if (mpu_config.num_regions > get_num_regions()) {
 8003c32:	4b1c      	ldr	r3, [pc, #112]	@ (8003ca4 <z_arm_mpu_init+0x74>)
 8003c34:	681d      	ldr	r5, [r3, #0]
 8003c36:	4b1c      	ldr	r3, [pc, #112]	@ (8003ca8 <z_arm_mpu_init+0x78>)
 8003c38:	f8d3 3090 	ldr.w	r3, [r3, #144]	@ 0x90
 8003c3c:	f3c3 2307 	ubfx	r3, r3, #8, #8
 8003c40:	429d      	cmp	r5, r3
 8003c42:	d82b      	bhi.n	8003c9c <z_arm_mpu_init+0x6c>
		return -1;
	}

	LOG_DBG("total region count: %d", get_num_regions());

	arm_core_mpu_disable();
 8003c44:	f7ff ffea 	bl	8003c1c <arm_core_mpu_disable>

	/* Architecture-specific configuration */
	mpu_init();

	/* Program fixed regions configured at SOC definition. */
	for (r_index = 0U; r_index < mpu_config.num_regions; r_index++) {
 8003c48:	2400      	movs	r4, #0
 8003c4a:	e009      	b.n	8003c60 <z_arm_mpu_init+0x30>
		region_init(r_index, &mpu_config.mpu_regions[r_index]);
 8003c4c:	4b15      	ldr	r3, [pc, #84]	@ (8003ca4 <z_arm_mpu_init+0x74>)
 8003c4e:	685b      	ldr	r3, [r3, #4]
 8003c50:	eb04 0144 	add.w	r1, r4, r4, lsl #1
 8003c54:	eb03 0181 	add.w	r1, r3, r1, lsl #2
 8003c58:	4620      	mov	r0, r4
 8003c5a:	f7ff ff47 	bl	8003aec <region_init>
	for (r_index = 0U; r_index < mpu_config.num_regions; r_index++) {
 8003c5e:	3401      	adds	r4, #1
 8003c60:	42a5      	cmp	r5, r4
 8003c62:	d8f3      	bhi.n	8003c4c <z_arm_mpu_init+0x1c>
	}

	/* Update the number of programmed MPU regions. */
	static_regions_num = mpu_config.num_regions;
 8003c64:	4811      	ldr	r0, [pc, #68]	@ (8003cac <z_arm_mpu_init+0x7c>)
 8003c66:	7005      	strb	r5, [r0, #0]
#ifdef CONFIG_MEM_ATTR
	/* DT-defined MPU regions. */
	if (mpu_configure_regions_from_dt(&static_regions_num) == -EINVAL) {
 8003c68:	f005 fb1a 	bl	80092a0 <mpu_configure_regions_from_dt>
 8003c6c:	f110 0f16 	cmn.w	r0, #22
 8003c70:	d013      	beq.n	8003c9a <z_arm_mpu_init+0x6a>
		__ASSERT(0, "Failed to allocate MPU regions from DT\n");
		return -EINVAL;
	}
#endif /* CONFIG_MEM_ATTR */
	/* Clear all regions before enabling MPU */
	for (int i = static_regions_num; i < get_num_regions(); i++) {
 8003c72:	4b0e      	ldr	r3, [pc, #56]	@ (8003cac <z_arm_mpu_init+0x7c>)
 8003c74:	781a      	ldrb	r2, [r3, #0]
 8003c76:	4b0c      	ldr	r3, [pc, #48]	@ (8003ca8 <z_arm_mpu_init+0x78>)
 8003c78:	f8d3 3090 	ldr.w	r3, [r3, #144]	@ 0x90
 8003c7c:	f3c3 2307 	ubfx	r3, r3, #8, #8
 8003c80:	429a      	cmp	r2, r3
 8003c82:	da07      	bge.n	8003c94 <z_arm_mpu_init+0x64>
  MPU->RNR = rnr;
 8003c84:	4b08      	ldr	r3, [pc, #32]	@ (8003ca8 <z_arm_mpu_init+0x78>)
 8003c86:	f8c3 2098 	str.w	r2, [r3, #152]	@ 0x98
  MPU->RASR = 0U;
 8003c8a:	2100      	movs	r1, #0
 8003c8c:	f8c3 10a0 	str.w	r1, [r3, #160]	@ 0xa0
 8003c90:	3201      	adds	r2, #1
 8003c92:	e7f0      	b.n	8003c76 <z_arm_mpu_init+0x46>
		mpu_clear_region(i);
	}

	arm_core_mpu_enable();
 8003c94:	f7ff ffb6 	bl	8003c04 <arm_core_mpu_enable>
	__ASSERT(
		(MPU->TYPE & MPU_TYPE_DREGION_Msk) >> MPU_TYPE_DREGION_Pos == 8,
		"Invalid number of MPU regions\n");
#endif /* CORTEX_M0PLUS || CPU_CORTEX_M3 || CPU_CORTEX_M4 */

	return 0;
 8003c98:	2000      	movs	r0, #0
}
 8003c9a:	bd38      	pop	{r3, r4, r5, pc}
		return -1;
 8003c9c:	f04f 30ff 	mov.w	r0, #4294967295
 8003ca0:	e7fb      	b.n	8003c9a <z_arm_mpu_init+0x6a>
 8003ca2:	bf00      	nop
 8003ca4:	0800c3b4 	.word	0x0800c3b4
 8003ca8:	e000ed00 	.word	0xe000ed00
 8003cac:	20001656 	.word	0x20001656

08003cb0 <cbvprintf>:
	(*s->out) (c, s->ctx);
	return 0;
}

int cbvprintf(cbprintf_cb out, void *ctx, const char *fp, va_list ap)
{
 8003cb0:	b570      	push	{r4, r5, r6, lr}
 8003cb2:	b086      	sub	sp, #24
 8003cb4:	4606      	mov	r6, r0
 8003cb6:	460d      	mov	r5, r1
 8003cb8:	4611      	mov	r1, r2
	struct cb_bits	s = {
 8003cba:	4668      	mov	r0, sp
 8003cbc:	2400      	movs	r4, #0
 8003cbe:	9400      	str	r4, [sp, #0]
 8003cc0:	9401      	str	r4, [sp, #4]
 8003cc2:	9402      	str	r4, [sp, #8]
 8003cc4:	9403      	str	r4, [sp, #12]
 8003cc6:	9404      	str	r4, [sp, #16]
 8003cc8:	9405      	str	r4, [sp, #20]
 8003cca:	2202      	movs	r2, #2
 8003ccc:	f88d 2002 	strb.w	r2, [sp, #2]
 8003cd0:	4a04      	ldr	r2, [pc, #16]	@ (8003ce4 <cbvprintf+0x34>)
 8003cd2:	9201      	str	r2, [sp, #4]
 8003cd4:	9604      	str	r6, [sp, #16]
 8003cd6:	9505      	str	r5, [sp, #20]
		.f = FDEV_SETUP_STREAM(cbputc, NULL, NULL, _FDEV_SETUP_WRITE),
		.out = out,
		.ctx = ctx,
	};
	return vfprintf(&s.f, fp, ap);
 8003cd8:	461a      	mov	r2, r3
 8003cda:	f003 fd4b 	bl	8007774 <__l_vfprintf>
}
 8003cde:	b006      	add	sp, #24
 8003ce0:	bd70      	pop	{r4, r5, r6, pc}
 8003ce2:	bf00      	nop
 8003ce4:	080094a7 	.word	0x080094a7

08003ce8 <z_impl_zephyr_fputc>:
#include "picolibc-hooks.h"

static LIBC_DATA int (*_stdout_hook)(int);

int z_impl_zephyr_fputc(int a, FILE *out)
{
 8003ce8:	b508      	push	{r3, lr}
	(*_stdout_hook)(a);
 8003cea:	4b02      	ldr	r3, [pc, #8]	@ (8003cf4 <z_impl_zephyr_fputc+0xc>)
 8003cec:	681b      	ldr	r3, [r3, #0]
 8003cee:	4798      	blx	r3
	return 0;
}
 8003cf0:	2000      	movs	r0, #0
 8003cf2:	bd08      	pop	{r3, pc}
 8003cf4:	20001588 	.word	0x20001588

08003cf8 <__stdout_hook_install>:
FILE *const stdout = &__stdout;
STDIO_ALIAS(stderr);

void __stdout_hook_install(int (*hook)(int))
{
	_stdout_hook = hook;
 8003cf8:	4b03      	ldr	r3, [pc, #12]	@ (8003d08 <__stdout_hook_install+0x10>)
 8003cfa:	6018      	str	r0, [r3, #0]
	__stdout.flags |= _FDEV_SETUP_WRITE;
 8003cfc:	4a03      	ldr	r2, [pc, #12]	@ (8003d0c <__stdout_hook_install+0x14>)
 8003cfe:	7893      	ldrb	r3, [r2, #2]
 8003d00:	f043 0302 	orr.w	r3, r3, #2
 8003d04:	7093      	strb	r3, [r2, #2]
}
 8003d06:	4770      	bx	lr
 8003d08:	20001588 	.word	0x20001588
 8003d0c:	200000b8 	.word	0x200000b8

08003d10 <malloc_prepare>:
	return aligned_alloc(alignment, size);
}
#endif

static int malloc_prepare(void)
{
 8003d10:	b508      	push	{r3, lr}
			break;
		}
		heap_size >>= 1;
	}
#else
	heap_base = UINT_TO_POINTER(HEAP_BASE);
 8003d12:	4906      	ldr	r1, [pc, #24]	@ (8003d2c <malloc_prepare+0x1c>)
 8003d14:	f021 0107 	bic.w	r1, r1, #7
	z_malloc_partition.start = POINTER_TO_UINT(heap_base);
	z_malloc_partition.size = heap_size;
	z_malloc_partition.attr = K_MEM_PARTITION_P_RW_U_RW;
#endif

	sys_heap_init(&z_malloc_heap, heap_base, heap_size);
 8003d18:	f1c1 5200 	rsb	r2, r1, #536870912	@ 0x20000000
 8003d1c:	f502 32c0 	add.w	r2, r2, #98304	@ 0x18000
 8003d20:	4803      	ldr	r0, [pc, #12]	@ (8003d30 <malloc_prepare+0x20>)
 8003d22:	f004 fb7c 	bl	800841e <sys_heap_init>

	return 0;
}
 8003d26:	2000      	movs	r0, #0
 8003d28:	bd08      	pop	{r3, pc}
 8003d2a:	bf00      	nop
 8003d2c:	20004769 	.word	0x20004769
 8003d30:	2000158c 	.word	0x2000158c

08003d34 <stm32_exti_enable_clocks>:
	return 0;
}

/** Enables the peripheral clock required to access EXTI registers */
static int stm32_exti_enable_clocks(void)
{
 8003d34:	b500      	push	{lr}
 8003d36:	b083      	sub	sp, #12
	/* Initialize to 0 for series where there is nothing to do. */
	int ret = 0;

#if DT_NODE_HAS_PROP(EXTI_NODE, clocks)
	const struct device *const clk = DEVICE_DT_GET(STM32_CLOCK_CONTROL_NODE);
	const struct stm32_pclken pclken = STM32_CLOCK_INFO(0, EXTI_NODE);
 8003d38:	4b09      	ldr	r3, [pc, #36]	@ (8003d60 <stm32_exti_enable_clocks+0x2c>)
 8003d3a:	e893 0003 	ldmia.w	r3, {r0, r1}
 8003d3e:	ab02      	add	r3, sp, #8
 8003d40:	e903 0003 	stmdb	r3, {r0, r1}
	const struct clock_control_driver_api *api =
 8003d44:	4b07      	ldr	r3, [pc, #28]	@ (8003d64 <stm32_exti_enable_clocks+0x30>)
 8003d46:	689b      	ldr	r3, [r3, #8]
	if (api->on == NULL) {
 8003d48:	681b      	ldr	r3, [r3, #0]
 8003d4a:	b12b      	cbz	r3, 8003d58 <stm32_exti_enable_clocks+0x24>
	return api->on(dev, sys);
 8003d4c:	4669      	mov	r1, sp
 8003d4e:	4805      	ldr	r0, [pc, #20]	@ (8003d64 <stm32_exti_enable_clocks+0x30>)
 8003d50:	4798      	blx	r3

	ret = clock_control_on(clk, (clock_control_subsys_t) &pclken);
#endif
	return ret;
}
 8003d52:	b003      	add	sp, #12
 8003d54:	f85d fb04 	ldr.w	pc, [sp], #4
		return -ENOSYS;
 8003d58:	f06f 0057 	mvn.w	r0, #87	@ 0x57
	return ret;
 8003d5c:	e7f9      	b.n	8003d52 <stm32_exti_enable_clocks+0x1e>
 8003d5e:	bf00      	nop
 8003d60:	0800b014 	.word	0x0800b014
 8003d64:	0800a774 	.word	0x0800a774

08003d68 <stm32_exti_is_pending>:
{
 8003d68:	b508      	push	{r3, lr}
/**
 * @returns LL_EXTI_LINE_n define corresponding to EXTI line number
 */
static inline uint32_t exti_linenum_to_ll_exti_line(uint32_t line_num)
{
	return BIT(line_num % 32);
 8003d6a:	f000 021f 	and.w	r2, r0, #31
 8003d6e:	2301      	movs	r3, #1
 8003d70:	4093      	lsls	r3, r2
	if (!IS_VALID_EXTI_LINE_NUM(line_num)) {
 8003d72:	281f      	cmp	r0, #31
 8003d74:	d806      	bhi.n	8003d84 <stm32_exti_is_pending+0x1c>
  * @note   Please check each device line mapping for EXTI Line availability
  * @retval State of bit (1 or 0).
  */
__STATIC_INLINE uint32_t LL_EXTI_IsActiveFlag_0_31(uint32_t ExtiLine)
{
  return (READ_BIT(EXTI->PR, ExtiLine) == (ExtiLine));
 8003d76:	4a07      	ldr	r2, [pc, #28]	@ (8003d94 <stm32_exti_is_pending+0x2c>)
 8003d78:	6952      	ldr	r2, [r2, #20]
	EXTI_FN_RET_HANDLER(EXTI_IS_ACTIVE_FLAG, &ret, line_num, line);
 8003d7a:	4393      	bics	r3, r2
 8003d7c:	bf0c      	ite	eq
 8003d7e:	2001      	moveq	r0, #1
 8003d80:	2000      	movne	r0, #0
}
 8003d82:	bd08      	pop	{r3, pc}
 8003d84:	4603      	mov	r3, r0
 8003d86:	4a04      	ldr	r2, [pc, #16]	@ (8003d98 <stm32_exti_is_pending+0x30>)
 8003d88:	2101      	movs	r1, #1
 8003d8a:	4804      	ldr	r0, [pc, #16]	@ (8003d9c <stm32_exti_is_pending+0x34>)
 8003d8c:	f005 f8ea 	bl	8008f64 <z_impl_z_log_msg_simple_create_1>
		return false;
 8003d90:	2000      	movs	r0, #0
 8003d92:	e7f6      	b.n	8003d82 <stm32_exti_is_pending+0x1a>
 8003d94:	40013c00 	.word	0x40013c00
 8003d98:	0800b904 	.word	0x0800b904
 8003d9c:	0800aed0 	.word	0x0800aed0

08003da0 <stm32_exti_clear_pending>:
{
 8003da0:	b508      	push	{r3, lr}
 8003da2:	f000 021f 	and.w	r2, r0, #31
 8003da6:	2301      	movs	r3, #1
 8003da8:	4093      	lsls	r3, r2
	if (!IS_VALID_EXTI_LINE_NUM(line_num)) {
 8003daa:	281f      	cmp	r0, #31
 8003dac:	d803      	bhi.n	8003db6 <stm32_exti_clear_pending+0x16>
  * @note   Please check each device line mapping for EXTI Line availability
  * @retval None
  */
__STATIC_INLINE void LL_EXTI_ClearFlag_0_31(uint32_t ExtiLine)
{
  WRITE_REG(EXTI->PR, ExtiLine);
 8003dae:	4a06      	ldr	r2, [pc, #24]	@ (8003dc8 <stm32_exti_clear_pending+0x28>)
 8003db0:	6153      	str	r3, [r2, #20]
	return 0;
 8003db2:	2000      	movs	r0, #0
}
 8003db4:	bd08      	pop	{r3, pc}
 8003db6:	4603      	mov	r3, r0
 8003db8:	4a04      	ldr	r2, [pc, #16]	@ (8003dcc <stm32_exti_clear_pending+0x2c>)
 8003dba:	2101      	movs	r1, #1
 8003dbc:	4804      	ldr	r0, [pc, #16]	@ (8003dd0 <stm32_exti_clear_pending+0x30>)
 8003dbe:	f005 f8d1 	bl	8008f64 <z_impl_z_log_msg_simple_create_1>
		return -EINVAL;
 8003dc2:	f06f 0015 	mvn.w	r0, #21
 8003dc6:	e7f5      	b.n	8003db4 <stm32_exti_clear_pending+0x14>
 8003dc8:	40013c00 	.word	0x40013c00
 8003dcc:	0800b904 	.word	0x0800b904
 8003dd0:	0800aed0 	.word	0x0800aed0

08003dd4 <stm32_fill_irq_table>:
	}
}

static void stm32_fill_irq_table(int8_t start, int8_t len, int32_t irqn)
{
	for (int i = 0; i < len; i++) {
 8003dd4:	2300      	movs	r3, #0
 8003dd6:	4299      	cmp	r1, r3
 8003dd8:	dd0a      	ble.n	8003df0 <stm32_fill_irq_table+0x1c>
{
 8003dda:	b410      	push	{r4}
		exti_irq_table[start + i] = irqn;
 8003ddc:	eb00 0c03 	add.w	ip, r0, r3
 8003de0:	4c04      	ldr	r4, [pc, #16]	@ (8003df4 <stm32_fill_irq_table+0x20>)
 8003de2:	f804 200c 	strb.w	r2, [r4, ip]
	for (int i = 0; i < len; i++) {
 8003de6:	3301      	adds	r3, #1
 8003de8:	4299      	cmp	r1, r3
 8003dea:	dcf7      	bgt.n	8003ddc <stm32_fill_irq_table+0x8>
	}
}
 8003dec:	bc10      	pop	{r4}
 8003dee:	4770      	bx	lr
 8003df0:	4770      	bx	lr
 8003df2:	bf00      	nop
 8003df4:	200000c8 	.word	0x200000c8

08003df8 <stm32_intc_gpio_isr>:
{
 8003df8:	b5f8      	push	{r3, r4, r5, r6, r7, lr}
 8003dfa:	4607      	mov	r7, r0
	for (uint8_t i = 0; i < range->len; i++) {
 8003dfc:	2400      	movs	r4, #0
 8003dfe:	e001      	b.n	8003e04 <stm32_intc_gpio_isr+0xc>
 8003e00:	3401      	adds	r4, #1
 8003e02:	b2e4      	uxtb	r4, r4
 8003e04:	787b      	ldrb	r3, [r7, #1]
 8003e06:	42a3      	cmp	r3, r4
 8003e08:	d917      	bls.n	8003e3a <stm32_intc_gpio_isr+0x42>
		line_num = range->start + i;
 8003e0a:	783d      	ldrb	r5, [r7, #0]
 8003e0c:	1966      	adds	r6, r4, r5
		if (stm32_exti_is_pending(line_num)) {
 8003e0e:	4630      	mov	r0, r6
 8003e10:	f7ff ffaa 	bl	8003d68 <stm32_exti_is_pending>
 8003e14:	2800      	cmp	r0, #0
 8003e16:	d0f3      	beq.n	8003e00 <stm32_intc_gpio_isr+0x8>
			stm32_exti_clear_pending(line_num);
 8003e18:	4630      	mov	r0, r6
 8003e1a:	f7ff ffc1 	bl	8003da0 <stm32_exti_clear_pending>
			if (!data->cb[line_num].cb) {
 8003e1e:	4b07      	ldr	r3, [pc, #28]	@ (8003e3c <stm32_intc_gpio_isr+0x44>)
 8003e20:	f853 2036 	ldr.w	r2, [r3, r6, lsl #3]
 8003e24:	2a00      	cmp	r2, #0
 8003e26:	d0eb      	beq.n	8003e00 <stm32_intc_gpio_isr+0x8>
 8003e28:	f006 051f 	and.w	r5, r6, #31
			data->cb[line_num].cb(line, data->cb[line_num].data);
 8003e2c:	eb03 03c6 	add.w	r3, r3, r6, lsl #3
 8003e30:	6859      	ldr	r1, [r3, #4]
 8003e32:	2001      	movs	r0, #1
 8003e34:	40a8      	lsls	r0, r5
 8003e36:	4790      	blx	r2
 8003e38:	e7e2      	b.n	8003e00 <stm32_intc_gpio_isr+0x8>
}
 8003e3a:	bdf8      	pop	{r3, r4, r5, r6, r7, pc}
 8003e3c:	20001598 	.word	0x20001598

08003e40 <LL_SYSCFG_SetEXTISource>:
  MODIFY_REG(SYSCFG->EXTICR[Line & 0xFF], (Line >> 16), Port << POSITION_VAL((Line >> 16)));
 8003e40:	fa5f fc81 	uxtb.w	ip, r1
 8003e44:	f10c 0202 	add.w	r2, ip, #2
 8003e48:	4b0a      	ldr	r3, [pc, #40]	@ (8003e74 <LL_SYSCFG_SetEXTISource+0x34>)
 8003e4a:	f853 2022 	ldr.w	r2, [r3, r2, lsl #2]
 8003e4e:	0c0b      	lsrs	r3, r1, #16
 8003e50:	ea22 4111 	bic.w	r1, r2, r1, lsr #16
__STATIC_FORCEINLINE uint32_t __RBIT(uint32_t value)
{
  uint32_t result;

#if (__ARM_ARCH_ISA_THUMB >= 2)
   __ASM ("rbit %0, %1" : "=r" (result) : "r" (value) );
 8003e54:	fa93 f3a3 	rbit	r3, r3
     optimisations using the logic "value was passed to __builtin_clz, so it
     is non-zero".
     ARM GCC 7.3 and possibly earlier will optimise this test away, leaving a
     single CLZ instruction.
   */
  if (value == 0U)
 8003e58:	b14b      	cbz	r3, 8003e6e <LL_SYSCFG_SetEXTISource+0x2e>
  {
    return 32U;
  }
  return __builtin_clz(value);
 8003e5a:	fab3 f383 	clz	r3, r3
 8003e5e:	4098      	lsls	r0, r3
 8003e60:	4301      	orrs	r1, r0
 8003e62:	f10c 0c02 	add.w	ip, ip, #2
 8003e66:	4a03      	ldr	r2, [pc, #12]	@ (8003e74 <LL_SYSCFG_SetEXTISource+0x34>)
 8003e68:	f842 102c 	str.w	r1, [r2, ip, lsl #2]
}
 8003e6c:	4770      	bx	lr
    return 32U;
 8003e6e:	2320      	movs	r3, #32
 8003e70:	e7f5      	b.n	8003e5e <LL_SYSCFG_SetEXTISource+0x1e>
 8003e72:	bf00      	nop
 8003e74:	40013800 	.word	0x40013800

08003e78 <LL_SYSCFG_GetEXTISource>:
  return (uint32_t)(READ_BIT(SYSCFG->EXTICR[Line & 0xFF], (Line >> 16)) >> POSITION_VAL(Line >> 16));
 8003e78:	b2c3      	uxtb	r3, r0
 8003e7a:	3302      	adds	r3, #2
 8003e7c:	4a07      	ldr	r2, [pc, #28]	@ (8003e9c <LL_SYSCFG_GetEXTISource+0x24>)
 8003e7e:	f852 2023 	ldr.w	r2, [r2, r3, lsl #2]
 8003e82:	0c03      	lsrs	r3, r0, #16
 8003e84:	ea02 4010 	and.w	r0, r2, r0, lsr #16
   __ASM ("rbit %0, %1" : "=r" (result) : "r" (value) );
 8003e88:	fa93 f3a3 	rbit	r3, r3
  if (value == 0U)
 8003e8c:	b11b      	cbz	r3, 8003e96 <LL_SYSCFG_GetEXTISource+0x1e>
  return __builtin_clz(value);
 8003e8e:	fab3 f383 	clz	r3, r3
}
 8003e92:	40d8      	lsrs	r0, r3
 8003e94:	4770      	bx	lr
    return 32U;
 8003e96:	2320      	movs	r3, #32
 8003e98:	e7fb      	b.n	8003e92 <LL_SYSCFG_GetEXTISource+0x1a>
 8003e9a:	bf00      	nop
 8003e9c:	40013800 	.word	0x40013800

08003ea0 <stm32_gpio_intc_enable_line>:
	ARG_UNUSED(port);
	return exti_linenum_to_ll_exti_line(pin);
}

void stm32_gpio_intc_enable_line(stm32_gpio_irq_line_t line)
{
 8003ea0:	b508      	push	{r3, lr}
	return LOG2(line);
 8003ea2:	4603      	mov	r3, r0
 8003ea4:	b168      	cbz	r0, 8003ec2 <stm32_gpio_intc_enable_line+0x22>
 8003ea6:	fab0 f280 	clz	r2, r0
 8003eaa:	f1c2 021f 	rsb	r2, r2, #31
 8003eae:	b2d2      	uxtb	r2, r2
	unsigned int irqnum;
	uint32_t line_num = ll_exti_line_to_linenum(line);

	/* Get matching exti irq provided line thanks to irq_table */
	irqnum = exti_irq_table[line_num];
 8003eb0:	4905      	ldr	r1, [pc, #20]	@ (8003ec8 <stm32_gpio_intc_enable_line+0x28>)
 8003eb2:	5688      	ldrsb	r0, [r1, r2]
  SET_BIT(EXTI->IMR, ExtiLine);
 8003eb4:	4a05      	ldr	r2, [pc, #20]	@ (8003ecc <stm32_gpio_intc_enable_line+0x2c>)
 8003eb6:	6811      	ldr	r1, [r2, #0]
 8003eb8:	430b      	orrs	r3, r1
 8003eba:	6013      	str	r3, [r2, #0]

	/* Enable requested line interrupt */
	EXTI_ENABLE_IT(0_31, line);

	/* Enable exti irq interrupt */
	irq_enable(irqnum);
 8003ebc:	f005 f994 	bl	80091e8 <arm_irq_enable>
}
 8003ec0:	bd08      	pop	{r3, pc}
	return LOG2(line);
 8003ec2:	22ff      	movs	r2, #255	@ 0xff
 8003ec4:	e7f4      	b.n	8003eb0 <stm32_gpio_intc_enable_line+0x10>
 8003ec6:	bf00      	nop
 8003ec8:	200000c8 	.word	0x200000c8
 8003ecc:	40013c00 	.word	0x40013c00

08003ed0 <stm32_gpio_intc_disable_line>:
  CLEAR_BIT(EXTI->IMR, ExtiLine);
 8003ed0:	4a02      	ldr	r2, [pc, #8]	@ (8003edc <stm32_gpio_intc_disable_line+0xc>)
 8003ed2:	6813      	ldr	r3, [r2, #0]
 8003ed4:	ea23 0300 	bic.w	r3, r3, r0
 8003ed8:	6013      	str	r3, [r2, #0]

void stm32_gpio_intc_disable_line(stm32_gpio_irq_line_t line)
{
	EXTI_DISABLE_IT(0_31, line);
}
 8003eda:	4770      	bx	lr
 8003edc:	40013c00 	.word	0x40013c00

08003ee0 <stm32_gpio_intc_select_line_trigger>:

void stm32_gpio_intc_select_line_trigger(stm32_gpio_irq_line_t line, uint32_t trg)
{
	z_stm32_hsem_lock(CFG_HW_EXTI_SEMID, HSEM_LOCK_DEFAULT_RETRY);

	switch (trg) {
 8003ee0:	2903      	cmp	r1, #3
 8003ee2:	d826      	bhi.n	8003f32 <stm32_gpio_intc_select_line_trigger+0x52>
 8003ee4:	e8df f001 	tbb	[pc, r1]
 8003ee8:	1e150c02 	.word	0x1e150c02
  CLEAR_BIT(EXTI->RTSR, ExtiLine);
 8003eec:	4b11      	ldr	r3, [pc, #68]	@ (8003f34 <stm32_gpio_intc_select_line_trigger+0x54>)
 8003eee:	689a      	ldr	r2, [r3, #8]
 8003ef0:	ea22 0200 	bic.w	r2, r2, r0
 8003ef4:	609a      	str	r2, [r3, #8]
  CLEAR_BIT(EXTI->FTSR, ExtiLine);
 8003ef6:	68da      	ldr	r2, [r3, #12]
 8003ef8:	ea22 0200 	bic.w	r2, r2, r0
 8003efc:	60da      	str	r2, [r3, #12]
}
 8003efe:	4770      	bx	lr
  SET_BIT(EXTI->RTSR, ExtiLine);
 8003f00:	4b0c      	ldr	r3, [pc, #48]	@ (8003f34 <stm32_gpio_intc_select_line_trigger+0x54>)
 8003f02:	689a      	ldr	r2, [r3, #8]
 8003f04:	4302      	orrs	r2, r0
 8003f06:	609a      	str	r2, [r3, #8]
  CLEAR_BIT(EXTI->FTSR, ExtiLine);
 8003f08:	68da      	ldr	r2, [r3, #12]
 8003f0a:	ea22 0200 	bic.w	r2, r2, r0
 8003f0e:	60da      	str	r2, [r3, #12]
}
 8003f10:	4770      	bx	lr
  SET_BIT(EXTI->FTSR, ExtiLine);
 8003f12:	4b08      	ldr	r3, [pc, #32]	@ (8003f34 <stm32_gpio_intc_select_line_trigger+0x54>)
 8003f14:	68da      	ldr	r2, [r3, #12]
 8003f16:	4302      	orrs	r2, r0
 8003f18:	60da      	str	r2, [r3, #12]
  CLEAR_BIT(EXTI->RTSR, ExtiLine);
 8003f1a:	689a      	ldr	r2, [r3, #8]
 8003f1c:	ea22 0200 	bic.w	r2, r2, r0
 8003f20:	609a      	str	r2, [r3, #8]
}
 8003f22:	4770      	bx	lr
  SET_BIT(EXTI->RTSR, ExtiLine);
 8003f24:	4b03      	ldr	r3, [pc, #12]	@ (8003f34 <stm32_gpio_intc_select_line_trigger+0x54>)
 8003f26:	689a      	ldr	r2, [r3, #8]
 8003f28:	4302      	orrs	r2, r0
 8003f2a:	609a      	str	r2, [r3, #8]
  SET_BIT(EXTI->FTSR, ExtiLine);
 8003f2c:	68da      	ldr	r2, [r3, #12]
 8003f2e:	4310      	orrs	r0, r2
 8003f30:	60d8      	str	r0, [r3, #12]
	default:
		__ASSERT_NO_MSG(0);
		break;
	}
	z_stm32_hsem_unlock(CFG_HW_EXTI_SEMID);
}
 8003f32:	4770      	bx	lr
 8003f34:	40013c00 	.word	0x40013c00

08003f38 <stm32_gpio_intc_set_irq_callback>:

int stm32_gpio_intc_set_irq_callback(stm32_gpio_irq_line_t line, stm32_gpio_irq_cb_t cb, void *user)
{
 8003f38:	b410      	push	{r4}
	return LOG2(line);
 8003f3a:	b198      	cbz	r0, 8003f64 <stm32_gpio_intc_set_irq_callback+0x2c>
 8003f3c:	fab0 f380 	clz	r3, r0
 8003f40:	f1c3 031f 	rsb	r3, r3, #31
 8003f44:	b2db      	uxtb	r3, r3
	struct stm32_intc_gpio_data *data = &intc_gpio_data;
	uint32_t line_num = ll_exti_line_to_linenum(line);
 8003f46:	469c      	mov	ip, r3

	if ((data->cb[line_num].cb == cb) && (data->cb[line_num].data == user)) {
 8003f48:	480d      	ldr	r0, [pc, #52]	@ (8003f80 <stm32_gpio_intc_set_irq_callback+0x48>)
 8003f4a:	f850 0033 	ldr.w	r0, [r0, r3, lsl #3]
 8003f4e:	4288      	cmp	r0, r1
 8003f50:	d00a      	beq.n	8003f68 <stm32_gpio_intc_set_irq_callback+0x30>
		return 0;
	}

	/* if callback already exists/is running, return busy */
	if (data->cb[line_num].cb != NULL) {
 8003f52:	b988      	cbnz	r0, 8003f78 <stm32_gpio_intc_set_irq_callback+0x40>
		return -EBUSY;
	}

	data->cb[line_num].cb = cb;
 8003f54:	4b0a      	ldr	r3, [pc, #40]	@ (8003f80 <stm32_gpio_intc_set_irq_callback+0x48>)
 8003f56:	f843 103c 	str.w	r1, [r3, ip, lsl #3]
	data->cb[line_num].data = user;
 8003f5a:	eb03 03cc 	add.w	r3, r3, ip, lsl #3
 8003f5e:	605a      	str	r2, [r3, #4]

	return 0;
}
 8003f60:	bc10      	pop	{r4}
 8003f62:	4770      	bx	lr
	return LOG2(line);
 8003f64:	23ff      	movs	r3, #255	@ 0xff
 8003f66:	e7ee      	b.n	8003f46 <stm32_gpio_intc_set_irq_callback+0xe>
	if ((data->cb[line_num].cb == cb) && (data->cb[line_num].data == user)) {
 8003f68:	4c05      	ldr	r4, [pc, #20]	@ (8003f80 <stm32_gpio_intc_set_irq_callback+0x48>)
 8003f6a:	eb04 03c3 	add.w	r3, r4, r3, lsl #3
 8003f6e:	685b      	ldr	r3, [r3, #4]
 8003f70:	4293      	cmp	r3, r2
 8003f72:	d1ee      	bne.n	8003f52 <stm32_gpio_intc_set_irq_callback+0x1a>
		return 0;
 8003f74:	2000      	movs	r0, #0
 8003f76:	e7f3      	b.n	8003f60 <stm32_gpio_intc_set_irq_callback+0x28>
		return -EBUSY;
 8003f78:	f06f 000f 	mvn.w	r0, #15
 8003f7c:	e7f0      	b.n	8003f60 <stm32_gpio_intc_set_irq_callback+0x28>
 8003f7e:	bf00      	nop
 8003f80:	20001598 	.word	0x20001598

08003f84 <stm32_gpio_intc_remove_irq_callback>:
	return LOG2(line);
 8003f84:	b160      	cbz	r0, 8003fa0 <stm32_gpio_intc_remove_irq_callback+0x1c>
 8003f86:	fab0 f380 	clz	r3, r0
 8003f8a:	f1c3 031f 	rsb	r3, r3, #31
 8003f8e:	b2db      	uxtb	r3, r3
void stm32_gpio_intc_remove_irq_callback(stm32_gpio_irq_line_t line)
{
	struct stm32_intc_gpio_data *data = &intc_gpio_data;
	uint32_t line_num = ll_exti_line_to_linenum(line);

	data->cb[line_num].cb = NULL;
 8003f90:	4a04      	ldr	r2, [pc, #16]	@ (8003fa4 <stm32_gpio_intc_remove_irq_callback+0x20>)
 8003f92:	2100      	movs	r1, #0
 8003f94:	f842 1033 	str.w	r1, [r2, r3, lsl #3]
	data->cb[line_num].data = NULL;
 8003f98:	eb02 02c3 	add.w	r2, r2, r3, lsl #3
 8003f9c:	6051      	str	r1, [r2, #4]
}
 8003f9e:	4770      	bx	lr
	return LOG2(line);
 8003fa0:	23ff      	movs	r3, #255	@ 0xff
 8003fa2:	e7f5      	b.n	8003f90 <stm32_gpio_intc_remove_irq_callback+0xc>
 8003fa4:	20001598 	.word	0x20001598

08003fa8 <adc_stm32_set_clock>:
	return 0;
}
#endif

static int adc_stm32_set_clock(const struct device *dev)
{
 8003fa8:	b570      	push	{r4, r5, r6, lr}
	const struct adc_stm32_cfg *config = dev->config;
 8003faa:	6844      	ldr	r4, [r0, #4]
	const struct clock_control_driver_api *api =
 8003fac:	4b1a      	ldr	r3, [pc, #104]	@ (8004018 <adc_stm32_set_clock+0x70>)
 8003fae:	689d      	ldr	r5, [r3, #8]
	if (api->on == NULL) {
 8003fb0:	682b      	ldr	r3, [r5, #0]
 8003fb2:	b343      	cbz	r3, 8004006 <adc_stm32_set_clock+0x5e>
 8003fb4:	f104 0108 	add.w	r1, r4, #8
	return api->on(dev, sys);
 8003fb8:	4817      	ldr	r0, [pc, #92]	@ (8004018 <adc_stm32_set_clock+0x70>)
 8003fba:	4798      	blx	r3
	const struct device *const clk = DEVICE_DT_GET(STM32_CLOCK_CONTROL_NODE);
	__maybe_unused ADC_TypeDef *adc = config->base;
	int ret = 0;

	if (clock_control_on(clk, (clock_control_subsys_t)&config->pclken) != 0) {
 8003fbc:	4606      	mov	r6, r0
 8003fbe:	bb10      	cbnz	r0, 8004006 <adc_stm32_set_clock+0x5e>
		return -EIO;
	}

	/* Enable ADC clock source if applicable */
	if (config->has_pclken_ker &&
 8003fc0:	f894 3045 	ldrb.w	r3, [r4, #69]	@ 0x45
 8003fc4:	f013 0f01 	tst.w	r3, #1
 8003fc8:	d007      	beq.n	8003fda <adc_stm32_set_clock+0x32>
	    clock_control_configure(clk, (clock_control_subsys_t)&config->pclken_ker, NULL) != 0) {
 8003fca:	f104 0110 	add.w	r1, r4, #16
					  void *data)
{
	const struct clock_control_driver_api *api =
		(const struct clock_control_driver_api *)dev->api;

	if (api->configure == NULL) {
 8003fce:	69ab      	ldr	r3, [r5, #24]
 8003fd0:	b1e3      	cbz	r3, 800400c <adc_stm32_set_clock+0x64>
		return -ENOSYS;
	}

	return api->configure(dev, sys, data);
 8003fd2:	2200      	movs	r2, #0
 8003fd4:	4810      	ldr	r0, [pc, #64]	@ (8004018 <adc_stm32_set_clock+0x70>)
 8003fd6:	4798      	blx	r3
	if (config->has_pclken_ker &&
 8003fd8:	b9c0      	cbnz	r0, 800400c <adc_stm32_set_clock+0x64>
		return -EIO;
	}

	/* Configure ADC prescaler (at RCC level) if applicable */
	if (config->has_pclken_pre &&
 8003fda:	f894 3045 	ldrb.w	r3, [r4, #69]	@ 0x45
 8003fde:	f013 0f02 	tst.w	r3, #2
 8003fe2:	d007      	beq.n	8003ff4 <adc_stm32_set_clock+0x4c>
	    clock_control_configure(clk, (clock_control_subsys_t)&config->pclken_pre, NULL) != 0) {
 8003fe4:	f104 0118 	add.w	r1, r4, #24
	if (api->configure == NULL) {
 8003fe8:	69ab      	ldr	r3, [r5, #24]
 8003fea:	b193      	cbz	r3, 8004012 <adc_stm32_set_clock+0x6a>
	return api->configure(dev, sys, data);
 8003fec:	2200      	movs	r2, #0
 8003fee:	480a      	ldr	r0, [pc, #40]	@ (8004018 <adc_stm32_set_clock+0x70>)
 8003ff0:	4798      	blx	r3
	if (config->has_pclken_pre &&
 8003ff2:	b970      	cbnz	r0, 8004012 <adc_stm32_set_clock+0x6a>
				      config->clk_prescaler);
		LL_ADC_SetClock(adc, LL_ADC_CLOCK_ASYNC);
	}
#else
	LL_ADC_SetCommonClock(STM32_ADC_COMMON_INSTANCE(adc),
			      config->clk_prescaler);
 8003ff4:	6a23      	ldr	r3, [r4, #32]
  *         @arg @ref LL_ADC_CLOCK_SYNC_PCLK_DIV8
  * @retval None
  */
__STATIC_INLINE void LL_ADC_SetCommonClock(ADC_Common_TypeDef *ADCxy_COMMON, uint32_t CommonClock)
{
  MODIFY_REG(ADCxy_COMMON->CCR, ADC_CCR_ADCPRE, CommonClock);
 8003ff6:	4909      	ldr	r1, [pc, #36]	@ (800401c <adc_stm32_set_clock+0x74>)
 8003ff8:	684a      	ldr	r2, [r1, #4]
 8003ffa:	f422 3240 	bic.w	r2, r2, #196608	@ 0x30000
 8003ffe:	4313      	orrs	r3, r2
 8004000:	604b      	str	r3, [r1, #4]
#endif
#endif
#endif /* DT_ANY_INST_HAS_PROP_STATUS_OKAY(st_adc_clock_source) */

	return ret;
}
 8004002:	4630      	mov	r0, r6
 8004004:	bd70      	pop	{r4, r5, r6, pc}
		return -EIO;
 8004006:	f06f 0604 	mvn.w	r6, #4
 800400a:	e7fa      	b.n	8004002 <adc_stm32_set_clock+0x5a>
		return -EIO;
 800400c:	f06f 0604 	mvn.w	r6, #4
 8004010:	e7f7      	b.n	8004002 <adc_stm32_set_clock+0x5a>
		return -EIO;
 8004012:	f06f 0604 	mvn.w	r6, #4
 8004016:	e7f4      	b.n	8004002 <adc_stm32_set_clock+0x5a>
 8004018:	0800a774 	.word	0x0800a774
 800401c:	40012300 	.word	0x40012300

08004020 <set_sequencer>:
{
 8004020:	e92d 41f0 	stmdb	sp!, {r4, r5, r6, r7, r8, lr}
	const struct adc_stm32_cfg *config = dev->config;
 8004024:	6847      	ldr	r7, [r0, #4]
	struct adc_stm32_data *data = dev->data;
 8004026:	6903      	ldr	r3, [r0, #16]
	ADC_TypeDef *adc = config->base;
 8004028:	f8d7 8000 	ldr.w	r8, [r7]
	for (uint32_t channels = data->channels; channels;
 800402c:	f8d3 50a0 	ldr.w	r5, [r3, #160]	@ 0xa0
	uint8_t channel_index = 0;
 8004030:	2600      	movs	r6, #0
	for (uint32_t channels = data->channels; channels;
 8004032:	e00e      	b.n	8004052 <set_sequencer+0x32>
		uint32_t channel = STM32_ADC_DECIMAL_NB_TO_CHANNEL(channel_id);
 8004034:	eb04 0244 	add.w	r2, r4, r4, lsl #1
 8004038:	3a1e      	subs	r2, #30
 800403a:	ea44 5202 	orr.w	r2, r4, r2, lsl #20
		if (config->sequencer_type == SEQUENCER_PROGRAMMABLE) {
 800403e:	f997 3042 	ldrsb.w	r3, [r7, #66]	@ 0x42
 8004042:	2b01      	cmp	r3, #1
 8004044:	d01a      	beq.n	800407c <set_sequencer+0x5c>
		      channels &= ~BIT(channel_id), channel_index++) {
 8004046:	2301      	movs	r3, #1
 8004048:	40a3      	lsls	r3, r4
 800404a:	ea25 0503 	bic.w	r5, r5, r3
 800404e:	3601      	adds	r6, #1
 8004050:	b2f6      	uxtb	r6, r6
	for (uint32_t channels = data->channels; channels;
 8004052:	b325      	cbz	r5, 800409e <set_sequencer+0x7e>
 */

static ALWAYS_INLINE unsigned int find_lsb_set(uint32_t op)
{
#ifdef CONFIG_TOOLCHAIN_HAS_BUILTIN_FFS
	return __builtin_ffs(op);
 8004054:	fa95 f4a5 	rbit	r4, r5
 8004058:	fab4 f484 	clz	r4, r4
 800405c:	b90d      	cbnz	r5, 8004062 <set_sequencer+0x42>
 800405e:	f04f 34ff 	mov.w	r4, #4294967295
 8004062:	3401      	adds	r4, #1
		channel_id = find_lsb_set(channels) - 1;
 8004064:	b2e4      	uxtb	r4, r4
 8004066:	3c01      	subs	r4, #1
 8004068:	b2e4      	uxtb	r4, r4
		uint32_t channel = STM32_ADC_DECIMAL_NB_TO_CHANNEL(channel_id);
 800406a:	2c09      	cmp	r4, #9
 800406c:	d8e2      	bhi.n	8004034 <set_sequencer+0x14>
 800406e:	eb04 0244 	add.w	r2, r4, r4, lsl #1
 8004072:	ea44 5202 	orr.w	r2, r4, r2, lsl #20
 8004076:	f042 7200 	orr.w	r2, r2, #33554432	@ 0x2000000
 800407a:	e7e0      	b.n	800403e <set_sequencer+0x1e>
			LL_ADC_REG_SetSequencerRanks(adc, table_rank[channel_index], channel);
 800407c:	4b0c      	ldr	r3, [pc, #48]	@ (80040b0 <set_sequencer+0x90>)
 800407e:	f853 1026 	ldr.w	r1, [r3, r6, lsl #2]
 8004082:	4640      	mov	r0, r8
 8004084:	f005 fac6 	bl	8009614 <LL_ADC_REG_SetSequencerRanks>
			LL_ADC_REG_SetSequencerLength(adc, table_seq_len[channel_index]);
 8004088:	4b0a      	ldr	r3, [pc, #40]	@ (80040b4 <set_sequencer+0x94>)
 800408a:	f853 3026 	ldr.w	r3, [r3, r6, lsl #2]
  *         @arg @ref LL_ADC_REG_SEQ_SCAN_ENABLE_16RANKS
  * @retval None
  */
__STATIC_INLINE void LL_ADC_REG_SetSequencerLength(ADC_TypeDef *ADCx, uint32_t SequencerNbRanks)
{
  MODIFY_REG(ADCx->SQR1, ADC_SQR1_L, SequencerNbRanks);
 800408e:	f8d8 202c 	ldr.w	r2, [r8, #44]	@ 0x2c
 8004092:	f422 0270 	bic.w	r2, r2, #15728640	@ 0xf00000
 8004096:	4313      	orrs	r3, r2
 8004098:	f8c8 302c 	str.w	r3, [r8, #44]	@ 0x2c
}
 800409c:	e7d3      	b.n	8004046 <set_sequencer+0x26>
  MODIFY_REG(ADCx->CR1, ADC_CR1_SCAN, ScanMode);
 800409e:	f8d8 3004 	ldr.w	r3, [r8, #4]
 80040a2:	f443 7380 	orr.w	r3, r3, #256	@ 0x100
 80040a6:	f8c8 3004 	str.w	r3, [r8, #4]
}
 80040aa:	2000      	movs	r0, #0
 80040ac:	e8bd 81f0 	ldmia.w	sp!, {r4, r5, r6, r7, r8, pc}
 80040b0:	0800c4a4 	.word	0x0800c4a4
 80040b4:	0800c464 	.word	0x0800c464

080040b8 <check_buffer>:
	needed_buffer_size = active_channels * sizeof(adc_data_size_t);
 80040b8:	0049      	lsls	r1, r1, #1
	if (sequence->options) {
 80040ba:	6803      	ldr	r3, [r0, #0]
 80040bc:	b113      	cbz	r3, 80040c4 <check_buffer+0xc>
		needed_buffer_size *= (1 + sequence->options->extra_samplings);
 80040be:	899b      	ldrh	r3, [r3, #12]
 80040c0:	fb03 1101 	mla	r1, r3, r1, r1
	if (sequence->buffer_size < needed_buffer_size) {
 80040c4:	68c3      	ldr	r3, [r0, #12]
 80040c6:	428b      	cmp	r3, r1
 80040c8:	d301      	bcc.n	80040ce <check_buffer+0x16>
	return 0;
 80040ca:	2000      	movs	r0, #0
}
 80040cc:	4770      	bx	lr
{
 80040ce:	b500      	push	{lr}
 80040d0:	b083      	sub	sp, #12
	z_impl_z_log_msg_simple_create_2(source, level, fmt, arg0, arg1);
 80040d2:	9100      	str	r1, [sp, #0]
 80040d4:	4a04      	ldr	r2, [pc, #16]	@ (80040e8 <check_buffer+0x30>)
 80040d6:	2101      	movs	r1, #1
 80040d8:	4804      	ldr	r0, [pc, #16]	@ (80040ec <check_buffer+0x34>)
 80040da:	f004 ff4e 	bl	8008f7a <z_impl_z_log_msg_simple_create_2>
		return -ENOMEM;
 80040de:	f06f 000b 	mvn.w	r0, #11
}
 80040e2:	b003      	add	sp, #12
 80040e4:	f85d fb04 	ldr.w	pc, [sp], #4
 80040e8:	0800b948 	.word	0x0800b948
 80040ec:	0800aec0 	.word	0x0800aec0

080040f0 <set_resolution>:
{
 80040f0:	b570      	push	{r4, r5, r6, lr}
	const struct adc_stm32_cfg *config = dev->config;
 80040f2:	6844      	ldr	r4, [r0, #4]
	__maybe_unused ADC_TypeDef *adc = config->base;
 80040f4:	6825      	ldr	r5, [r4, #0]
	for (i = 0; i < config->table_resolution_size; i++) {
 80040f6:	2300      	movs	r3, #0
 80040f8:	e000      	b.n	80040fc <set_resolution+0xc>
 80040fa:	3301      	adds	r3, #1
 80040fc:	f994 2040 	ldrsb.w	r2, [r4, #64]	@ 0x40
 8004100:	429a      	cmp	r2, r3
 8004102:	dd05      	ble.n	8004110 <set_resolution+0x20>
		if (sequence->resolution == config->table_raw_resolution[i]) {
 8004104:	f891 c010 	ldrb.w	ip, [r1, #16]
 8004108:	6aa0      	ldr	r0, [r4, #40]	@ 0x28
 800410a:	5cc0      	ldrb	r0, [r0, r3]
 800410c:	4584      	cmp	ip, r0
 800410e:	d1f4      	bne.n	80040fa <set_resolution+0xa>
	if (i == config->table_resolution_size) {
 8004110:	429a      	cmp	r2, r3
 8004112:	d00a      	beq.n	800412a <set_resolution+0x3a>
  return (uint32_t)(READ_BIT(ADCx->CR1, ADC_CR1_RES));
 8004114:	686a      	ldr	r2, [r5, #4]
 8004116:	f002 7240 	and.w	r2, r2, #50331648	@ 0x3000000
	if (LL_ADC_GetResolution(adc) != config->table_ll_resolution[i]) {
 800411a:	6ae1      	ldr	r1, [r4, #44]	@ 0x2c
 800411c:	009e      	lsls	r6, r3, #2
 800411e:	f851 3023 	ldr.w	r3, [r1, r3, lsl #2]
 8004122:	4293      	cmp	r3, r2
 8004124:	d109      	bne.n	800413a <set_resolution+0x4a>
	int err = 0;
 8004126:	2000      	movs	r0, #0
}
 8004128:	bd70      	pop	{r4, r5, r6, pc}
	z_impl_z_log_msg_simple_create_0(source, level, fmt);
 800412a:	4a0b      	ldr	r2, [pc, #44]	@ (8004158 <set_resolution+0x68>)
 800412c:	2101      	movs	r1, #1
 800412e:	480b      	ldr	r0, [pc, #44]	@ (800415c <set_resolution+0x6c>)
 8004130:	f004 ff0e 	bl	8008f50 <z_impl_z_log_msg_simple_create_0>
		return -EINVAL;
 8004134:	f06f 0015 	mvn.w	r0, #21
 8004138:	e7f6      	b.n	8004128 <set_resolution+0x38>
		err = adc_stm32_disable(adc, false);
 800413a:	2100      	movs	r1, #0
 800413c:	4628      	mov	r0, r5
 800413e:	f005 fa3b 	bl	80095b8 <adc_stm32_disable>
		if (err == 0) {
 8004142:	2800      	cmp	r0, #0
 8004144:	d1f0      	bne.n	8004128 <set_resolution+0x38>
			LL_ADC_SetResolution(adc, config->table_ll_resolution[i]);
 8004146:	6ae3      	ldr	r3, [r4, #44]	@ 0x2c
 8004148:	599b      	ldr	r3, [r3, r6]
  MODIFY_REG(ADCx->CR1, ADC_CR1_RES, Resolution);
 800414a:	686a      	ldr	r2, [r5, #4]
 800414c:	f022 7240 	bic.w	r2, r2, #50331648	@ 0x3000000
 8004150:	4313      	orrs	r3, r2
 8004152:	606b      	str	r3, [r5, #4]
}
 8004154:	e7e8      	b.n	8004128 <set_resolution+0x38>
 8004156:	bf00      	nop
 8004158:	0800b970 	.word	0x0800b970
 800415c:	0800aec0 	.word	0x0800aec0

08004160 <adc_stm32_sampling_time_check>:
{
 8004160:	b510      	push	{r4, lr}
	const struct adc_stm32_cfg *config =
 8004162:	6844      	ldr	r4, [r0, #4]
	if (acq_time == ADC_ACQ_TIME_DEFAULT) {
 8004164:	b321      	cbz	r1, 80041b0 <adc_stm32_sampling_time_check+0x50>
 8004166:	460a      	mov	r2, r1
	if (acq_time == ADC_ACQ_TIME_MAX) {
 8004168:	f643 73ff 	movw	r3, #16383	@ 0x3fff
 800416c:	4299      	cmp	r1, r3
 800416e:	d021      	beq.n	80041b4 <adc_stm32_sampling_time_check+0x54>
	if (ADC_ACQ_TIME_UNIT(acq_time) != ADC_ACQ_TIME_TICKS) {
 8004170:	0b8b      	lsrs	r3, r1, #14
 8004172:	2b03      	cmp	r3, #3
 8004174:	d10c      	bne.n	8004190 <adc_stm32_sampling_time_check+0x30>
	for (int i = 0; i < STM32_NB_SAMPLING_TIME; i++) {
 8004176:	2000      	movs	r0, #0
 8004178:	2807      	cmp	r0, #7
 800417a:	dc11      	bgt.n	80041a0 <adc_stm32_sampling_time_check+0x40>
		if (acq_time == ADC_ACQ_TIME(ADC_ACQ_TIME_TICKS,
 800417c:	f100 0318 	add.w	r3, r0, #24
 8004180:	f834 3013 	ldrh.w	r3, [r4, r3, lsl #1]
 8004184:	f443 4340 	orr.w	r3, r3, #49152	@ 0xc000
 8004188:	4293      	cmp	r3, r2
 800418a:	d010      	beq.n	80041ae <adc_stm32_sampling_time_check+0x4e>
	for (int i = 0; i < STM32_NB_SAMPLING_TIME; i++) {
 800418c:	3001      	adds	r0, #1
 800418e:	e7f3      	b.n	8004178 <adc_stm32_sampling_time_check+0x18>
 8004190:	4a09      	ldr	r2, [pc, #36]	@ (80041b8 <adc_stm32_sampling_time_check+0x58>)
 8004192:	2101      	movs	r1, #1
 8004194:	4809      	ldr	r0, [pc, #36]	@ (80041bc <adc_stm32_sampling_time_check+0x5c>)
 8004196:	f004 fedb 	bl	8008f50 <z_impl_z_log_msg_simple_create_0>
		return -EINVAL;
 800419a:	f06f 0015 	mvn.w	r0, #21
 800419e:	e006      	b.n	80041ae <adc_stm32_sampling_time_check+0x4e>
 80041a0:	4a07      	ldr	r2, [pc, #28]	@ (80041c0 <adc_stm32_sampling_time_check+0x60>)
 80041a2:	2101      	movs	r1, #1
 80041a4:	4805      	ldr	r0, [pc, #20]	@ (80041bc <adc_stm32_sampling_time_check+0x5c>)
 80041a6:	f004 fed3 	bl	8008f50 <z_impl_z_log_msg_simple_create_0>
	return -EINVAL;
 80041aa:	f06f 0015 	mvn.w	r0, #21
}
 80041ae:	bd10      	pop	{r4, pc}
		return 0;
 80041b0:	2000      	movs	r0, #0
 80041b2:	e7fc      	b.n	80041ae <adc_stm32_sampling_time_check+0x4e>
		return STM32_NB_SAMPLING_TIME - 1;
 80041b4:	2007      	movs	r0, #7
 80041b6:	e7fa      	b.n	80041ae <adc_stm32_sampling_time_check+0x4e>
 80041b8:	0800b984 	.word	0x0800b984
 80041bc:	0800aec0 	.word	0x0800aec0
 80041c0:	0800b9ac 	.word	0x0800b9ac

080041c4 <adc_stm32_sampling_time_setup>:
{
 80041c4:	b570      	push	{r4, r5, r6, lr}
 80041c6:	460d      	mov	r5, r1
	const struct adc_stm32_cfg *config =
 80041c8:	6844      	ldr	r4, [r0, #4]
	ADC_TypeDef *adc = config->base;
 80041ca:	6826      	ldr	r6, [r4, #0]
	acq_time_index = adc_stm32_sampling_time_check(dev, acq_time);
 80041cc:	4611      	mov	r1, r2
 80041ce:	f7ff ffc7 	bl	8004160 <adc_stm32_sampling_time_check>
	if (acq_time_index < 0) {
 80041d2:	2800      	cmp	r0, #0
 80041d4:	db17      	blt.n	8004206 <adc_stm32_sampling_time_setup+0x42>
	switch (config->num_sampling_time_common_channels) {
 80041d6:	f994 3041 	ldrsb.w	r3, [r4, #65]	@ 0x41
 80041da:	b13b      	cbz	r3, 80041ec <adc_stm32_sampling_time_setup+0x28>
 80041dc:	2b00      	cmp	r3, #0
 80041de:	db19      	blt.n	8004214 <adc_stm32_sampling_time_setup+0x50>
 80041e0:	3b01      	subs	r3, #1
 80041e2:	b2db      	uxtb	r3, r3
 80041e4:	2b01      	cmp	r3, #1
 80041e6:	d815      	bhi.n	8004214 <adc_stm32_sampling_time_setup+0x50>
 80041e8:	2000      	movs	r0, #0
 80041ea:	e00c      	b.n	8004206 <adc_stm32_sampling_time_setup+0x42>
		LL_ADC_SetChannelSamplingTime(adc,
 80041ec:	2d09      	cmp	r5, #9
 80041ee:	d80b      	bhi.n	8004208 <adc_stm32_sampling_time_setup+0x44>
					      STM32_ADC_DECIMAL_NB_TO_CHANNEL(id),
 80041f0:	eb05 0345 	add.w	r3, r5, r5, lsl #1
 80041f4:	ea45 5303 	orr.w	r3, r5, r3, lsl #20
		LL_ADC_SetChannelSamplingTime(adc,
 80041f8:	f043 7100 	orr.w	r1, r3, #33554432	@ 0x2000000
 80041fc:	4602      	mov	r2, r0
 80041fe:	4630      	mov	r0, r6
 8004200:	f005 fa29 	bl	8009656 <LL_ADC_SetChannelSamplingTime>
	return 0;
 8004204:	2000      	movs	r0, #0
}
 8004206:	bd70      	pop	{r4, r5, r6, pc}
					      STM32_ADC_DECIMAL_NB_TO_CHANNEL(id),
 8004208:	eb05 0345 	add.w	r3, r5, r5, lsl #1
 800420c:	3b1e      	subs	r3, #30
		LL_ADC_SetChannelSamplingTime(adc,
 800420e:	ea45 5103 	orr.w	r1, r5, r3, lsl #20
 8004212:	e7f3      	b.n	80041fc <adc_stm32_sampling_time_setup+0x38>
 8004214:	4a03      	ldr	r2, [pc, #12]	@ (8004224 <adc_stm32_sampling_time_setup+0x60>)
 8004216:	2101      	movs	r1, #1
 8004218:	4803      	ldr	r0, [pc, #12]	@ (8004228 <adc_stm32_sampling_time_setup+0x64>)
 800421a:	f004 fe99 	bl	8008f50 <z_impl_z_log_msg_simple_create_0>
		return -EINVAL;
 800421e:	f06f 0015 	mvn.w	r0, #21
 8004222:	e7f0      	b.n	8004206 <adc_stm32_sampling_time_setup+0x42>
 8004224:	0800b9d0 	.word	0x0800b9d0
 8004228:	0800aec0 	.word	0x0800aec0

0800422c <adc_stm32_channel_setup>:
{
 800422c:	b508      	push	{r3, lr}
	const struct adc_stm32_cfg *config = (const struct adc_stm32_cfg *)dev->config;
 800422e:	6843      	ldr	r3, [r0, #4]
	if (!config->has_differential_support) {
 8004230:	f893 3045 	ldrb.w	r3, [r3, #69]	@ 0x45
 8004234:	f013 0f10 	tst.w	r3, #16
 8004238:	d103      	bne.n	8004242 <adc_stm32_channel_setup+0x16>
		if (channel_cfg->differential) {
 800423a:	790b      	ldrb	r3, [r1, #4]
 800423c:	f013 0f20 	tst.w	r3, #32
 8004240:	d10d      	bne.n	800425e <adc_stm32_channel_setup+0x32>
	if (channel_cfg->gain != ADC_GAIN_1) {
 8004242:	780b      	ldrb	r3, [r1, #0]
 8004244:	2b09      	cmp	r3, #9
 8004246:	d112      	bne.n	800426e <adc_stm32_channel_setup+0x42>
	if (channel_cfg->reference != ADC_REF_INTERNAL) {
 8004248:	784b      	ldrb	r3, [r1, #1]
 800424a:	2b04      	cmp	r3, #4
 800424c:	d117      	bne.n	800427e <adc_stm32_channel_setup+0x52>
	if (adc_stm32_sampling_time_setup(dev, channel_cfg->channel_id,
 800424e:	790b      	ldrb	r3, [r1, #4]
 8004250:	884a      	ldrh	r2, [r1, #2]
 8004252:	f003 011f 	and.w	r1, r3, #31
 8004256:	f7ff ffb5 	bl	80041c4 <adc_stm32_sampling_time_setup>
 800425a:	b9c0      	cbnz	r0, 800428e <adc_stm32_channel_setup+0x62>
}
 800425c:	bd08      	pop	{r3, pc}
 800425e:	4a10      	ldr	r2, [pc, #64]	@ (80042a0 <adc_stm32_channel_setup+0x74>)
 8004260:	2101      	movs	r1, #1
 8004262:	4810      	ldr	r0, [pc, #64]	@ (80042a4 <adc_stm32_channel_setup+0x78>)
 8004264:	f004 fe74 	bl	8008f50 <z_impl_z_log_msg_simple_create_0>
			return -EINVAL;
 8004268:	f06f 0015 	mvn.w	r0, #21
 800426c:	e7f6      	b.n	800425c <adc_stm32_channel_setup+0x30>
 800426e:	4a0e      	ldr	r2, [pc, #56]	@ (80042a8 <adc_stm32_channel_setup+0x7c>)
 8004270:	2101      	movs	r1, #1
 8004272:	480c      	ldr	r0, [pc, #48]	@ (80042a4 <adc_stm32_channel_setup+0x78>)
 8004274:	f004 fe6c 	bl	8008f50 <z_impl_z_log_msg_simple_create_0>
		return -EINVAL;
 8004278:	f06f 0015 	mvn.w	r0, #21
 800427c:	e7ee      	b.n	800425c <adc_stm32_channel_setup+0x30>
 800427e:	4a0b      	ldr	r2, [pc, #44]	@ (80042ac <adc_stm32_channel_setup+0x80>)
 8004280:	2101      	movs	r1, #1
 8004282:	4808      	ldr	r0, [pc, #32]	@ (80042a4 <adc_stm32_channel_setup+0x78>)
 8004284:	f004 fe64 	bl	8008f50 <z_impl_z_log_msg_simple_create_0>
		return -EINVAL;
 8004288:	f06f 0015 	mvn.w	r0, #21
 800428c:	e7e6      	b.n	800425c <adc_stm32_channel_setup+0x30>
 800428e:	4a08      	ldr	r2, [pc, #32]	@ (80042b0 <adc_stm32_channel_setup+0x84>)
 8004290:	2101      	movs	r1, #1
 8004292:	4804      	ldr	r0, [pc, #16]	@ (80042a4 <adc_stm32_channel_setup+0x78>)
 8004294:	f004 fe5c 	bl	8008f50 <z_impl_z_log_msg_simple_create_0>
		return -EINVAL;
 8004298:	f06f 0015 	mvn.w	r0, #21
 800429c:	e7de      	b.n	800425c <adc_stm32_channel_setup+0x30>
 800429e:	bf00      	nop
 80042a0:	0800ba08 	.word	0x0800ba08
 80042a4:	0800aec0 	.word	0x0800aec0
 80042a8:	0800ba38 	.word	0x0800ba38
 80042ac:	0800ba50 	.word	0x0800ba50
 80042b0:	0800ba6c 	.word	0x0800ba6c

080042b4 <adc_context_enable_timer>:
	}
}

#ifdef ADC_CONTEXT_USES_KERNEL_TIMER
static inline void adc_context_enable_timer(struct adc_context *ctx)
{
 80042b4:	b500      	push	{lr}
 80042b6:	b083      	sub	sp, #12
 80042b8:	4603      	mov	r3, r0
	k_timer_start(&ctx->timer, K_NO_WAIT, K_USEC(ctx->options.interval_us));
 80042ba:	3008      	adds	r0, #8
 80042bc:	6f9b      	ldr	r3, [r3, #120]	@ 0x78
 80042be:	3363      	adds	r3, #99	@ 0x63
 80042c0:	bf2c      	ite	cs
 80042c2:	f04f 0c01 	movcs.w	ip, #1
 80042c6:	f04f 0c00 	movcc.w	ip, #0
 80042ca:	f3c3 0213 	ubfx	r2, r3, #0, #20
 80042ce:	0d19      	lsrs	r1, r3, #20
 80042d0:	ea41 310c 	orr.w	r1, r1, ip, lsl #12
 80042d4:	4411      	add	r1, r2
 80042d6:	4a11      	ldr	r2, [pc, #68]	@ (800431c <adc_context_enable_timer+0x68>)
 80042d8:	fba2 e201 	umull	lr, r2, r2, r1
 80042dc:	08d2      	lsrs	r2, r2, #3
 80042de:	eb02 0282 	add.w	r2, r2, r2, lsl #2
 80042e2:	eb02 0282 	add.w	r2, r2, r2, lsl #2
 80042e6:	1a8a      	subs	r2, r1, r2
 80042e8:	1a9b      	subs	r3, r3, r2
 80042ea:	f16c 0c00 	sbc.w	ip, ip, #0
 80042ee:	490c      	ldr	r1, [pc, #48]	@ (8004320 <adc_context_enable_timer+0x6c>)
 80042f0:	4a0c      	ldr	r2, [pc, #48]	@ (8004324 <adc_context_enable_timer+0x70>)
 80042f2:	fb03 f202 	mul.w	r2, r3, r2
 80042f6:	fb01 220c 	mla	r2, r1, ip, r2
 80042fa:	fba3 3101 	umull	r3, r1, r3, r1
 80042fe:	440a      	add	r2, r1
 8004300:	089b      	lsrs	r3, r3, #2
 8004302:	ea43 7382 	orr.w	r3, r3, r2, lsl #30
 8004306:	0892      	lsrs	r2, r2, #2
	z_impl_k_timer_start(timer, duration, period);
 8004308:	9300      	str	r3, [sp, #0]
 800430a:	9201      	str	r2, [sp, #4]
 800430c:	2200      	movs	r2, #0
 800430e:	2300      	movs	r3, #0
 8004310:	f003 f85e 	bl	80073d0 <z_impl_k_timer_start>
}
 8004314:	b003      	add	sp, #12
 8004316:	f85d fb04 	ldr.w	pc, [sp], #4
 800431a:	bf00      	nop
 800431c:	51eb851f 	.word	0x51eb851f
 8004320:	c28f5c29 	.word	0xc28f5c29
 8004324:	8f5c28f5 	.word	0x8f5c28f5

08004328 <start_read>:
{
 8004328:	e92d 41f0 	stmdb	sp!, {r4, r5, r6, r7, r8, lr}
 800432c:	4607      	mov	r7, r0
 800432e:	460d      	mov	r5, r1
	const struct adc_stm32_cfg *config = dev->config;
 8004330:	6843      	ldr	r3, [r0, #4]
	struct adc_stm32_data *data = dev->data;
 8004332:	6906      	ldr	r6, [r0, #16]
	ADC_TypeDef *adc = config->base;
 8004334:	f8d3 8000 	ldr.w	r8, [r3]
	data->buffer = sequence->buffer;
 8004338:	688b      	ldr	r3, [r1, #8]
 800433a:	f8c6 3094 	str.w	r3, [r6, #148]	@ 0x94
	data->channels = sequence->channels;
 800433e:	6848      	ldr	r0, [r1, #4]
 8004340:	f8c6 00a0 	str.w	r0, [r6, #160]	@ 0xa0
	data->channel_count = POPCOUNT(data->channels);
 8004344:	f7fc fa24 	bl	8000790 <__popcountsi2>
 8004348:	b2c0      	uxtb	r0, r0
 800434a:	f886 00a4 	strb.w	r0, [r6, #164]	@ 0xa4
	data->samples_count = 0;
 800434e:	2300      	movs	r3, #0
 8004350:	f886 30a5 	strb.w	r3, [r6, #165]	@ 0xa5
	data->resolution = sequence->resolution;
 8004354:	7c2b      	ldrb	r3, [r5, #16]
 8004356:	f886 309c 	strb.w	r3, [r6, #156]	@ 0x9c
	if (data->channel_count == 0) {
 800435a:	2800      	cmp	r0, #0
 800435c:	d038      	beq.n	80043d0 <start_read+0xa8>
	if (data->channel_count > ARRAY_SIZE(table_seq_len)) {
 800435e:	2810      	cmp	r0, #16
 8004360:	d83e      	bhi.n	80043e0 <start_read+0xb8>
	err = set_resolution(dev, sequence);
 8004362:	4629      	mov	r1, r5
 8004364:	4638      	mov	r0, r7
 8004366:	f7ff fec3 	bl	80040f0 <set_resolution>
	if (err < 0) {
 800436a:	1e04      	subs	r4, r0, #0
 800436c:	db41      	blt.n	80043f2 <start_read+0xca>
	err = set_sequencer(dev);
 800436e:	4638      	mov	r0, r7
 8004370:	f7ff fe56 	bl	8004020 <set_sequencer>
	if (err < 0) {
 8004374:	1e04      	subs	r4, r0, #0
 8004376:	db42      	blt.n	80043fe <start_read+0xd6>
	err = check_buffer(sequence, data->channel_count);
 8004378:	f896 10a4 	ldrb.w	r1, [r6, #164]	@ 0xa4
 800437c:	4628      	mov	r0, r5
 800437e:	f7ff fe9b 	bl	80040b8 <check_buffer>
	if (err) {
 8004382:	4604      	mov	r4, r0
 8004384:	2800      	cmp	r0, #0
 8004386:	d140      	bne.n	800440a <start_read+0xe2>
	if (sequence->oversampling) {
 8004388:	7c6b      	ldrb	r3, [r5, #17]
 800438a:	2b00      	cmp	r3, #0
 800438c:	d143      	bne.n	8004416 <start_read+0xee>
	if (sequence->calibrate) {
 800438e:	7cab      	ldrb	r3, [r5, #18]
 8004390:	2b00      	cmp	r3, #0
 8004392:	d148      	bne.n	8004426 <start_read+0xfe>
	adc_stm32_enable(adc);
 8004394:	4640      	mov	r0, r8
 8004396:	f005 f8fe 	bl	8009596 <adc_stm32_enable>
  * @param  ADCx ADC instance
  * @retval None
  */
__STATIC_INLINE void LL_ADC_ClearFlag_OVR(ADC_TypeDef *ADCx)
{
  WRITE_REG(ADCx->SR, ~LL_ADC_FLAG_OVR);
 800439a:	f06f 0320 	mvn.w	r3, #32
 800439e:	f8c8 3000 	str.w	r3, [r8]
  MODIFY_REG(ADCx->CR2, ADC_CR2_EOCS, EocSelection);
 80043a2:	f8d8 3008 	ldr.w	r3, [r8, #8]
 80043a6:	f443 6380 	orr.w	r3, r3, #1024	@ 0x400
 80043aa:	f8c8 3008 	str.w	r3, [r8, #8]
  * @param  ADCx ADC instance
  * @retval None
  */
__STATIC_INLINE void LL_ADC_EnableIT_EOCS(ADC_TypeDef *ADCx)
{
  SET_BIT(ADCx->CR1, LL_ADC_IT_EOCS);
 80043ae:	f8d8 3004 	ldr.w	r3, [r8, #4]
 80043b2:	f043 0320 	orr.w	r3, r3, #32
 80043b6:	f8c8 3004 	str.w	r3, [r8, #4]
	adc_context_start_read(&data->ctx, sequence);
 80043ba:	4629      	mov	r1, r5
 80043bc:	4630      	mov	r0, r6
 80043be:	f005 f97e 	bl	80096be <adc_context_start_read>
	int result = adc_context_wait_for_completion(&data->ctx);
 80043c2:	4630      	mov	r0, r6
 80043c4:	f005 f9aa 	bl	800971c <adc_context_wait_for_completion>
 80043c8:	4604      	mov	r4, r0
}
 80043ca:	4620      	mov	r0, r4
 80043cc:	e8bd 81f0 	ldmia.w	sp!, {r4, r5, r6, r7, r8, pc}
 80043d0:	4a19      	ldr	r2, [pc, #100]	@ (8004438 <start_read+0x110>)
 80043d2:	2101      	movs	r1, #1
 80043d4:	4819      	ldr	r0, [pc, #100]	@ (800443c <start_read+0x114>)
 80043d6:	f004 fdbb 	bl	8008f50 <z_impl_z_log_msg_simple_create_0>
		return -EINVAL;
 80043da:	f06f 0415 	mvn.w	r4, #21
 80043de:	e7f4      	b.n	80043ca <start_read+0xa2>
	z_impl_z_log_msg_simple_create_1(source, level, fmt, arg);
 80043e0:	2310      	movs	r3, #16
 80043e2:	4a17      	ldr	r2, [pc, #92]	@ (8004440 <start_read+0x118>)
 80043e4:	2101      	movs	r1, #1
 80043e6:	4815      	ldr	r0, [pc, #84]	@ (800443c <start_read+0x114>)
 80043e8:	f004 fdbc 	bl	8008f64 <z_impl_z_log_msg_simple_create_1>
		return -EINVAL;
 80043ec:	f06f 0415 	mvn.w	r4, #21
 80043f0:	e7eb      	b.n	80043ca <start_read+0xa2>
	z_impl_z_log_msg_simple_create_0(source, level, fmt);
 80043f2:	4a14      	ldr	r2, [pc, #80]	@ (8004444 <start_read+0x11c>)
 80043f4:	2101      	movs	r1, #1
 80043f6:	4811      	ldr	r0, [pc, #68]	@ (800443c <start_read+0x114>)
 80043f8:	f004 fdaa 	bl	8008f50 <z_impl_z_log_msg_simple_create_0>
		return err;
 80043fc:	e7e5      	b.n	80043ca <start_read+0xa2>
 80043fe:	4a12      	ldr	r2, [pc, #72]	@ (8004448 <start_read+0x120>)
 8004400:	2101      	movs	r1, #1
 8004402:	480e      	ldr	r0, [pc, #56]	@ (800443c <start_read+0x114>)
 8004404:	f004 fda4 	bl	8008f50 <z_impl_z_log_msg_simple_create_0>
		return err;
 8004408:	e7df      	b.n	80043ca <start_read+0xa2>
 800440a:	4a10      	ldr	r2, [pc, #64]	@ (800444c <start_read+0x124>)
 800440c:	2101      	movs	r1, #1
 800440e:	480b      	ldr	r0, [pc, #44]	@ (800443c <start_read+0x114>)
 8004410:	f004 fd9e 	bl	8008f50 <z_impl_z_log_msg_simple_create_0>
		return err;
 8004414:	e7d9      	b.n	80043ca <start_read+0xa2>
 8004416:	4a0e      	ldr	r2, [pc, #56]	@ (8004450 <start_read+0x128>)
 8004418:	2101      	movs	r1, #1
 800441a:	4808      	ldr	r0, [pc, #32]	@ (800443c <start_read+0x114>)
 800441c:	f004 fd98 	bl	8008f50 <z_impl_z_log_msg_simple_create_0>
		return -ENOTSUP;
 8004420:	f06f 0485 	mvn.w	r4, #133	@ 0x85
 8004424:	e7d1      	b.n	80043ca <start_read+0xa2>
 8004426:	4a0b      	ldr	r2, [pc, #44]	@ (8004454 <start_read+0x12c>)
 8004428:	2101      	movs	r1, #1
 800442a:	4804      	ldr	r0, [pc, #16]	@ (800443c <start_read+0x114>)
 800442c:	f004 fd90 	bl	8008f50 <z_impl_z_log_msg_simple_create_0>
		return -ENOTSUP;
 8004430:	f06f 0485 	mvn.w	r4, #133	@ 0x85
 8004434:	e7c9      	b.n	80043ca <start_read+0xa2>
 8004436:	bf00      	nop
 8004438:	0800ba84 	.word	0x0800ba84
 800443c:	0800aec0 	.word	0x0800aec0
 8004440:	0800ba9c 	.word	0x0800ba9c
 8004444:	0800bac8 	.word	0x0800bac8
 8004448:	0800baec 	.word	0x0800baec
 800444c:	0800bb0c 	.word	0x0800bb0c
 8004450:	0800bb20 	.word	0x0800bb20
 8004454:	0800bb3c 	.word	0x0800bb3c

08004458 <adc_stm32_init>:
#endif /* CONFIG_SOC_SERIES_STM32U5X */
}
#endif

static int adc_stm32_init(const struct device *dev)
{
 8004458:	b5f8      	push	{r3, r4, r5, r6, r7, lr}
	struct adc_stm32_data *data = dev->data;
 800445a:	6905      	ldr	r5, [r0, #16]
	const struct adc_stm32_cfg *config = dev->config;
 800445c:	6846      	ldr	r6, [r0, #4]
	__maybe_unused ADC_TypeDef *adc = config->base;
 800445e:	6837      	ldr	r7, [r6, #0]
	int err;

	LOG_DBG("Initializing %s", dev->name);

	data->dev = dev;
 8004460:	f8c5 0090 	str.w	r0, [r5, #144]	@ 0x90
	 * For series that use two common channels, there can be up to two
	 * conversion times selected for all channels in a sequence.
	 * This additional table is for checking that the conversion time
	 * selection of all channels respects these requirements.
	 */
	data->acq_time_index[0] = -1;
 8004464:	23ff      	movs	r3, #255	@ 0xff
 8004466:	f885 30a6 	strb.w	r3, [r5, #166]	@ 0xa6
	data->acq_time_index[1] = -1;
 800446a:	f885 30a7 	strb.w	r3, [r5, #167]	@ 0xa7

	adc_stm32_set_clock(dev);
 800446e:	f7ff fd9b 	bl	8003fa8 <adc_stm32_set_clock>

	/* Configure ADC inputs as specified in Device Tree, if any */
	err = pinctrl_apply_state(config->pcfg, PINCTRL_STATE_DEFAULT);
 8004472:	2100      	movs	r1, #0
 8004474:	6a70      	ldr	r0, [r6, #36]	@ 0x24
 8004476:	f005 f994 	bl	80097a2 <pinctrl_apply_state>
	if ((err < 0) && (err != -ENOENT)) {
 800447a:	1e04      	subs	r4, r0, #0
 800447c:	db0c      	blt.n	8004498 <adc_stm32_init+0x40>
	}
#endif /* ANY_ADC_INTERNAL_REGULATOR_TYPE_IS(INTERNAL_REGULATOR_STARTUP_HW_STATUS) */

#endif /* INTERNAL_REGULATOR_STARTUP_SW_DELAY || INTERNAL_REGULATOR_STARTUP_HW_STATUS */

	if (config->irq_cfg_func) {
 800447e:	6873      	ldr	r3, [r6, #4]
 8004480:	b103      	cbz	r3, 8004484 <adc_stm32_init+0x2c>
		config->irq_cfg_func();
 8004482:	4798      	blx	r3
	/* If several ADCs are used and share a common clock property (for example ADC1/2 prescaler
	 * value on STM32U5), none of them should be enabled when the clock is set.
	 * To that end, make sure to disable ADC at the end of the initialization, it will be
	 * enabled later when necessary anyway.
	 */
	adc_stm32_disable(adc, true);
 8004484:	2101      	movs	r1, #1
 8004486:	4638      	mov	r0, r7
 8004488:	f005 f896 	bl	80095b8 <adc_stm32_disable>

	adc_context_unlock_unconditionally(&data->ctx);
 800448c:	4628      	mov	r0, r5
 800448e:	f005 f974 	bl	800977a <adc_context_unlock_unconditionally>
#ifdef CONFIG_ADC_STM32_INJECTED_CHANNELS
	LL_ADC_INJ_SetTriggerSource(adc, LL_ADC_INJ_TRIG_SOFTWARE);
	adc_context_unlock_unconditionally(&data->inj_ctx);
#endif /* CONFIG_ADC_STM32_INJECTED_CHANNELS */

	return 0;
 8004492:	2400      	movs	r4, #0
}
 8004494:	4620      	mov	r0, r4
 8004496:	bdf8      	pop	{r3, r4, r5, r6, r7, pc}
	if ((err < 0) && (err != -ENOENT)) {
 8004498:	f114 0f02 	cmn.w	r4, #2
 800449c:	d0ef      	beq.n	800447e <adc_stm32_init+0x26>
	z_impl_z_log_msg_simple_create_1(source, level, fmt, arg);
 800449e:	4623      	mov	r3, r4
 80044a0:	4a02      	ldr	r2, [pc, #8]	@ (80044ac <adc_stm32_init+0x54>)
 80044a2:	2101      	movs	r1, #1
 80044a4:	4802      	ldr	r0, [pc, #8]	@ (80044b0 <adc_stm32_init+0x58>)
 80044a6:	f004 fd5d 	bl	8008f64 <z_impl_z_log_msg_simple_create_1>
		return err;
 80044aa:	e7f3      	b.n	8004494 <adc_stm32_init+0x3c>
 80044ac:	0800bb58 	.word	0x0800bb58
 80044b0:	0800aec0 	.word	0x0800aec0

080044b4 <adc_stm32_isr>:
{
 80044b4:	b570      	push	{r4, r5, r6, lr}
 80044b6:	4604      	mov	r4, r0
	struct adc_stm32_data *data = dev->data;
 80044b8:	6906      	ldr	r6, [r0, #16]
	const struct adc_stm32_cfg *config = (const struct adc_stm32_cfg *)dev->config;
 80044ba:	6843      	ldr	r3, [r0, #4]
	ADC_TypeDef *adc = config->base;
 80044bc:	681d      	ldr	r5, [r3, #0]
  return (READ_BIT(ADCx->SR, LL_ADC_FLAG_OVR) == (LL_ADC_FLAG_OVR));
 80044be:	682b      	ldr	r3, [r5, #0]
	if (LL_ADC_IsActiveFlag_OVR(adc)) {
 80044c0:	f013 0f20 	tst.w	r3, #32
 80044c4:	d115      	bne.n	80044f2 <adc_stm32_isr+0x3e>
  return (READ_BIT(ADCx->SR, LL_ADC_FLAG_EOCS) == (LL_ADC_FLAG_EOCS));
 80044c6:	682b      	ldr	r3, [r5, #0]
	if (LL_ADC_IsActiveFlag_EOCS(adc) == 1) {
 80044c8:	f013 0f02 	tst.w	r3, #2
 80044cc:	d010      	beq.n	80044f0 <adc_stm32_isr+0x3c>
  return (uint16_t)(READ_BIT(ADCx->DR, ADC_DR_DATA));
 80044ce:	6cea      	ldr	r2, [r5, #76]	@ 0x4c
		*data->buffer++ = LL_ADC_REG_ReadConversionData32(adc);
 80044d0:	f8d6 3094 	ldr.w	r3, [r6, #148]	@ 0x94
 80044d4:	1c99      	adds	r1, r3, #2
 80044d6:	f8c6 1094 	str.w	r1, [r6, #148]	@ 0x94
 80044da:	801a      	strh	r2, [r3, #0]
		if (++data->samples_count == data->channel_count) {
 80044dc:	f896 30a5 	ldrb.w	r3, [r6, #165]	@ 0xa5
 80044e0:	3301      	adds	r3, #1
 80044e2:	b2db      	uxtb	r3, r3
 80044e4:	f886 30a5 	strb.w	r3, [r6, #165]	@ 0xa5
 80044e8:	f896 20a4 	ldrb.w	r2, [r6, #164]	@ 0xa4
 80044ec:	4293      	cmp	r3, r2
 80044ee:	d009      	beq.n	8004504 <adc_stm32_isr+0x50>
}
 80044f0:	bd70      	pop	{r4, r5, r6, pc}
  WRITE_REG(ADCx->SR, ~LL_ADC_FLAG_OVR);
 80044f2:	f06f 0320 	mvn.w	r3, #32
 80044f6:	602b      	str	r3, [r5, #0]
	z_impl_z_log_msg_simple_create_0(source, level, fmt);
 80044f8:	4a06      	ldr	r2, [pc, #24]	@ (8004514 <adc_stm32_isr+0x60>)
 80044fa:	2101      	movs	r1, #1
 80044fc:	4806      	ldr	r0, [pc, #24]	@ (8004518 <adc_stm32_isr+0x64>)
 80044fe:	f004 fd27 	bl	8008f50 <z_impl_z_log_msg_simple_create_0>
		LOG_ERR("ADC overrun error occurred. Use DMA, reduce clock source frequency, "
 8004502:	e7e0      	b.n	80044c6 <adc_stm32_isr+0x12>
			data->samples_count = 0;
 8004504:	2300      	movs	r3, #0
 8004506:	f886 30a5 	strb.w	r3, [r6, #165]	@ 0xa5
			adc_context_on_sampling_done(&data->ctx, dev);
 800450a:	4621      	mov	r1, r4
 800450c:	4630      	mov	r0, r6
 800450e:	f005 f97b 	bl	8009808 <adc_context_on_sampling_done>
}
 8004512:	e7ed      	b.n	80044f0 <adc_stm32_isr+0x3c>
 8004514:	0800bb78 	.word	0x0800bb78
 8004518:	0800aec0 	.word	0x0800aec0

0800451c <adc_stm32_isr_18>:
 *     generate_isr_code(index)
 */
#define GENERATE_ISR(index)                                                                        \
	COND_CODE_1(IS_EQ(index, FIRST_WITH_IRQN(index)), (GENERATE_ISR_CODE(index)), (EMPTY))

DT_INST_FOREACH_STATUS_OKAY(GENERATE_ISR)
 800451c:	b508      	push	{r3, lr}
 800451e:	4802      	ldr	r0, [pc, #8]	@ (8004528 <adc_stm32_isr_18+0xc>)
 8004520:	f7ff ffc8 	bl	80044b4 <adc_stm32_isr>
 8004524:	bd08      	pop	{r3, pc}
 8004526:	bf00      	nop
 8004528:	0800a8fc 	.word	0x0800a8fc

0800452c <stm32_clock_switch_to_hsi>:
  * @rmtoll CR           HSIRDY        LL_RCC_HSI_IsReady
  * @retval State of bit (1 or 0).
  */
__STATIC_INLINE uint32_t LL_RCC_HSI_IsReady(void)
{
  return (READ_BIT(RCC->CR, RCC_CR_HSIRDY) == (RCC_CR_HSIRDY));
 800452c:	4b0c      	ldr	r3, [pc, #48]	@ (8004560 <stm32_clock_switch_to_hsi+0x34>)
 800452e:	681b      	ldr	r3, [r3, #0]
 */
__unused
static void stm32_clock_switch_to_hsi(void)
{
	/* Enable HSI if not enabled */
	if (LL_RCC_HSI_IsReady() != 1) {
 8004530:	f013 0f02 	tst.w	r3, #2
 8004534:	d109      	bne.n	800454a <stm32_clock_switch_to_hsi+0x1e>
  SET_BIT(RCC->CR, RCC_CR_HSION);
 8004536:	4a0a      	ldr	r2, [pc, #40]	@ (8004560 <stm32_clock_switch_to_hsi+0x34>)
 8004538:	6813      	ldr	r3, [r2, #0]
 800453a:	f043 0301 	orr.w	r3, r3, #1
 800453e:	6013      	str	r3, [r2, #0]
  return (READ_BIT(RCC->CR, RCC_CR_HSIRDY) == (RCC_CR_HSIRDY));
 8004540:	4b07      	ldr	r3, [pc, #28]	@ (8004560 <stm32_clock_switch_to_hsi+0x34>)
 8004542:	681b      	ldr	r3, [r3, #0]
		/* Enable HSI */
		LL_RCC_HSI_Enable();
		while (LL_RCC_HSI_IsReady() != 1) {
 8004544:	f013 0f02 	tst.w	r3, #2
 8004548:	d0fa      	beq.n	8004540 <stm32_clock_switch_to_hsi+0x14>
  *         (*) value not defined in all devices.
  * @retval None
  */
__STATIC_INLINE void LL_RCC_SetSysClkSource(uint32_t Source)
{
  MODIFY_REG(RCC->CFGR, RCC_CFGR_SW, Source);
 800454a:	4a05      	ldr	r2, [pc, #20]	@ (8004560 <stm32_clock_switch_to_hsi+0x34>)
 800454c:	6893      	ldr	r3, [r2, #8]
 800454e:	f023 0303 	bic.w	r3, r3, #3
 8004552:	6093      	str	r3, [r2, #8]
  *
  *         (*) value not defined in all devices.
  */
__STATIC_INLINE uint32_t LL_RCC_GetSysClkSource(void)
{
  return (uint32_t)(READ_BIT(RCC->CFGR, RCC_CFGR_SWS));
 8004554:	4b02      	ldr	r3, [pc, #8]	@ (8004560 <stm32_clock_switch_to_hsi+0x34>)
 8004556:	689b      	ldr	r3, [r3, #8]
		}
	}

	/* Set HSI as SYSCLCK source */
	LL_RCC_SetSysClkSource(LL_RCC_SYS_CLKSOURCE_HSI);
	while (LL_RCC_GetSysClkSource() != LL_RCC_SYS_CLKSOURCE_STATUS_HSI) {
 8004558:	f013 0f0c 	tst.w	r3, #12
 800455c:	d1fa      	bne.n	8004554 <stm32_clock_switch_to_hsi+0x28>
	}
}
 800455e:	4770      	bx	lr
 8004560:	40023800 	.word	0x40023800

08004564 <set_up_fixed_clock_sources>:
  SET_BIT(RCC->CR, RCC_CR_HSEBYP);
 8004564:	4b0c      	ldr	r3, [pc, #48]	@ (8004598 <set_up_fixed_clock_sources+0x34>)
 8004566:	681a      	ldr	r2, [r3, #0]
 8004568:	f442 2280 	orr.w	r2, r2, #262144	@ 0x40000
 800456c:	601a      	str	r2, [r3, #0]
  SET_BIT(RCC->CR, RCC_CR_HSEON);
 800456e:	681a      	ldr	r2, [r3, #0]
 8004570:	f442 3280 	orr.w	r2, r2, #65536	@ 0x10000
 8004574:	601a      	str	r2, [r3, #0]
  return (READ_BIT(RCC->CR, RCC_CR_HSERDY) == (RCC_CR_HSERDY));
 8004576:	4b08      	ldr	r3, [pc, #32]	@ (8004598 <set_up_fixed_clock_sources+0x34>)
 8004578:	681b      	ldr	r3, [r3, #0]
#if STM32_HSE_DIV2
		LL_RCC_HSE_EnableDiv2();
#endif
		/* Enable HSE */
		LL_RCC_HSE_Enable();
		while (LL_RCC_HSE_IsReady() != 1) {
 800457a:	f413 3f00 	tst.w	r3, #131072	@ 0x20000
 800457e:	d0fa      	beq.n	8004576 <set_up_fixed_clock_sources+0x12>
  SET_BIT(RCC->CSR, RCC_CSR_LSION);
 8004580:	4a05      	ldr	r2, [pc, #20]	@ (8004598 <set_up_fixed_clock_sources+0x34>)
 8004582:	6f53      	ldr	r3, [r2, #116]	@ 0x74
 8004584:	f043 0301 	orr.w	r3, r3, #1
 8004588:	6753      	str	r3, [r2, #116]	@ 0x74
  return (READ_BIT(RCC->CSR, RCC_CSR_LSIRDY) == (RCC_CSR_LSIRDY));
 800458a:	4b03      	ldr	r3, [pc, #12]	@ (8004598 <set_up_fixed_clock_sources+0x34>)
 800458c:	6f5b      	ldr	r3, [r3, #116]	@ 0x74
		LL_RCC_LSI1_Enable();
		while (LL_RCC_LSI1_IsReady() != 1) {
		}
#else
		LL_RCC_LSI_Enable();
		while (LL_RCC_LSI_IsReady() != 1) {
 800458e:	f013 0f02 	tst.w	r3, #2
 8004592:	d0fa      	beq.n	800458a <set_up_fixed_clock_sources+0x26>
		LL_RCC_HSI48_Enable();
		while (LL_RCC_HSI48_IsReady() != 1) {
		}
	}
#endif /* STM32_HSI48_ENABLED */
}
 8004594:	4770      	bx	lr
 8004596:	bf00      	nop
 8004598:	40023800 	.word	0x40023800

0800459c <stm32_clock_control_get_subsys_rate>:
{
 800459c:	b5f8      	push	{r3, r4, r5, r6, r7, lr}
 800459e:	460c      	mov	r4, r1
 80045a0:	4615      	mov	r5, r2
	uint32_t ahb_clock = SystemCoreClock;
 80045a2:	4b42      	ldr	r3, [pc, #264]	@ (80046ac <stm32_clock_control_get_subsys_rate+0x110>)
 80045a4:	681e      	ldr	r6, [r3, #0]
	uint32_t apb1_clock = get_bus_clock(ahb_clock, STM32_APB1_PRESCALER);
 80045a6:	2102      	movs	r1, #2
 80045a8:	4630      	mov	r0, r6
 80045aa:	f005 f976 	bl	800989a <get_bus_clock>
 80045ae:	4607      	mov	r7, r0
	uint32_t apb2_clock = get_bus_clock(ahb_clock, STM32_APB2_PRESCALER);
 80045b0:	2101      	movs	r1, #1
 80045b2:	4630      	mov	r0, r6
 80045b4:	f005 f971 	bl	800989a <get_bus_clock>
	switch (pclken->bus) {
 80045b8:	8823      	ldrh	r3, [r4, #0]
 80045ba:	f3c3 010b 	ubfx	r1, r3, #0, #12
 80045be:	460b      	mov	r3, r1
 80045c0:	2944      	cmp	r1, #68	@ 0x44
 80045c2:	d829      	bhi.n	8004618 <stm32_clock_control_get_subsys_rate+0x7c>
 80045c4:	b209      	sxth	r1, r1
 80045c6:	2900      	cmp	r1, #0
 80045c8:	d068      	beq.n	800469c <stm32_clock_control_get_subsys_rate+0x100>
 80045ca:	3b01      	subs	r3, #1
 80045cc:	2b43      	cmp	r3, #67	@ 0x43
 80045ce:	d868      	bhi.n	80046a2 <stm32_clock_control_get_subsys_rate+0x106>
 80045d0:	e8df f003 	tbb	[pc, r3]
 80045d4:	5a56533d 	.word	0x5a56533d
 80045d8:	67493f5d 	.word	0x67493f5d
 80045dc:	67676767 	.word	0x67676767
 80045e0:	67676767 	.word	0x67676767
 80045e4:	67676767 	.word	0x67676767
 80045e8:	67676260 	.word	0x67676260
 80045ec:	67676767 	.word	0x67676767
 80045f0:	67676767 	.word	0x67676767
 80045f4:	67676767 	.word	0x67676767
 80045f8:	67676767 	.word	0x67676767
 80045fc:	67676767 	.word	0x67676767
 8004600:	35676767 	.word	0x35676767
 8004604:	35676767 	.word	0x35676767
 8004608:	37676767 	.word	0x37676767
 800460c:	67676767 	.word	0x67676767
 8004610:	39676767 	.word	0x39676767
 8004614:	3b676767 	.word	0x3b676767
 8004618:	29a8      	cmp	r1, #168	@ 0xa8
 800461a:	d10d      	bne.n	8004638 <stm32_clock_control_get_subsys_rate+0x9c>
		*rate = ahb3_clock;
 800461c:	602e      	str	r6, [r5, #0]
	if (pclken->div) {
 800461e:	6823      	ldr	r3, [r4, #0]
 8004620:	f5b3 5f80 	cmp.w	r3, #4096	@ 0x1000
 8004624:	d340      	bcc.n	80046a8 <stm32_clock_control_get_subsys_rate+0x10c>
		*rate /= (pclken->div + 1);
 8004626:	682a      	ldr	r2, [r5, #0]
 8004628:	f3c3 3313 	ubfx	r3, r3, #12, #20
 800462c:	3301      	adds	r3, #1
 800462e:	fbb2 f2f3 	udiv	r2, r2, r3
 8004632:	602a      	str	r2, [r5, #0]
	return 0;
 8004634:	2000      	movs	r0, #0
 8004636:	e036      	b.n	80046a6 <stm32_clock_control_get_subsys_rate+0x10a>
	switch (pclken->bus) {
 8004638:	f06f 0085 	mvn.w	r0, #133	@ 0x85
 800463c:	e033      	b.n	80046a6 <stm32_clock_control_get_subsys_rate+0x10a>
		*rate = ahb_clock;
 800463e:	602e      	str	r6, [r5, #0]
		break;
 8004640:	e7ed      	b.n	800461e <stm32_clock_control_get_subsys_rate+0x82>
		*rate = ahb3_clock;
 8004642:	602e      	str	r6, [r5, #0]
		break;
 8004644:	e7eb      	b.n	800461e <stm32_clock_control_get_subsys_rate+0x82>
		*rate = apb1_clock;
 8004646:	602f      	str	r7, [r5, #0]
		break;
 8004648:	e7e9      	b.n	800461e <stm32_clock_control_get_subsys_rate+0x82>
		*rate = apb2_clock;
 800464a:	6028      	str	r0, [r5, #0]
		break;
 800464c:	e7e7      	b.n	800461e <stm32_clock_control_get_subsys_rate+0x82>
		*rate = SystemCoreClock * STM32_CORE_PRESCALER;
 800464e:	602e      	str	r6, [r5, #0]
		break;
 8004650:	e7e5      	b.n	800461e <stm32_clock_control_get_subsys_rate+0x82>
		*rate = get_pll_div_frequency(get_pllsrc_frequency(),
 8004652:	f000 f8cf 	bl	80047f4 <get_pllsrc_frequency>
 8004656:	2304      	movs	r3, #4
 8004658:	f44f 72a8 	mov.w	r2, #336	@ 0x150
 800465c:	2108      	movs	r1, #8
 800465e:	f005 f915 	bl	800988c <get_pll_div_frequency>
 8004662:	6028      	str	r0, [r5, #0]
		break;
 8004664:	e7db      	b.n	800461e <stm32_clock_control_get_subsys_rate+0x82>
		*rate = get_pll_div_frequency(get_pllsrc_frequency(),
 8004666:	f000 f8c5 	bl	80047f4 <get_pllsrc_frequency>
 800466a:	2307      	movs	r3, #7
 800466c:	f44f 72a8 	mov.w	r2, #336	@ 0x150
 8004670:	2108      	movs	r1, #8
 8004672:	f005 f90b 	bl	800988c <get_pll_div_frequency>
 8004676:	6028      	str	r0, [r5, #0]
		break;
 8004678:	e7d1      	b.n	800461e <stm32_clock_control_get_subsys_rate+0x82>
		*rate = STM32_LSE_FREQ;
 800467a:	2300      	movs	r3, #0
 800467c:	602b      	str	r3, [r5, #0]
		break;
 800467e:	e7ce      	b.n	800461e <stm32_clock_control_get_subsys_rate+0x82>
		*rate = STM32_LSI_FREQ;
 8004680:	f44f 43fa 	mov.w	r3, #32000	@ 0x7d00
 8004684:	602b      	str	r3, [r5, #0]
		break;
 8004686:	e7ca      	b.n	800461e <stm32_clock_control_get_subsys_rate+0x82>
		*rate = STM32_HSI_FREQ;
 8004688:	2300      	movs	r3, #0
 800468a:	602b      	str	r3, [r5, #0]
		break;
 800468c:	e7c7      	b.n	800461e <stm32_clock_control_get_subsys_rate+0x82>
		*rate = STM32_HSE_FREQ;
 800468e:	4b08      	ldr	r3, [pc, #32]	@ (80046b0 <stm32_clock_control_get_subsys_rate+0x114>)
 8004690:	602b      	str	r3, [r5, #0]
		break;
 8004692:	e7c4      	b.n	800461e <stm32_clock_control_get_subsys_rate+0x82>
		*rate = STM32_APB1_PRESCALER <= 2 ? ahb_clock : apb1_clock * 2;
 8004694:	602e      	str	r6, [r5, #0]
		break;
 8004696:	e7c2      	b.n	800461e <stm32_clock_control_get_subsys_rate+0x82>
		*rate = STM32_APB2_PRESCALER <= 2 ? ahb_clock : apb2_clock * 2;
 8004698:	602e      	str	r6, [r5, #0]
		break;
 800469a:	e7c0      	b.n	800461e <stm32_clock_control_get_subsys_rate+0x82>
	switch (pclken->bus) {
 800469c:	f06f 0085 	mvn.w	r0, #133	@ 0x85
 80046a0:	e001      	b.n	80046a6 <stm32_clock_control_get_subsys_rate+0x10a>
 80046a2:	f06f 0085 	mvn.w	r0, #133	@ 0x85
}
 80046a6:	bdf8      	pop	{r3, r4, r5, r6, r7, pc}
	return 0;
 80046a8:	2000      	movs	r0, #0
 80046aa:	e7fc      	b.n	80046a6 <stm32_clock_control_get_subsys_rate+0x10a>
 80046ac:	20000108 	.word	0x20000108
 80046b0:	007a1200 	.word	0x007a1200

080046b4 <set_up_plls>:
{
 80046b4:	b508      	push	{r3, lr}
  return (uint32_t)(READ_BIT(RCC->CFGR, RCC_CFGR_SWS));
 80046b6:	4b1b      	ldr	r3, [pc, #108]	@ (8004724 <set_up_plls+0x70>)
 80046b8:	689b      	ldr	r3, [r3, #8]
 80046ba:	f003 030c 	and.w	r3, r3, #12
	if (LL_RCC_GetSysClkSource() == LL_RCC_SYS_CLKSOURCE_STATUS_PLL) {
 80046be:	2b08      	cmp	r3, #8
 80046c0:	d027      	beq.n	8004712 <set_up_plls+0x5e>
  * @rmtoll CR           PLLON         LL_RCC_PLL_Disable
  * @retval None
  */
__STATIC_INLINE void LL_RCC_PLL_Disable(void)
{
  CLEAR_BIT(RCC->CR, RCC_CR_PLLON);
 80046c2:	4a18      	ldr	r2, [pc, #96]	@ (8004724 <set_up_plls+0x70>)
 80046c4:	6813      	ldr	r3, [r2, #0]
 80046c6:	f023 7380 	bic.w	r3, r3, #16777216	@ 0x1000000
 80046ca:	6013      	str	r3, [r2, #0]
  * @rmtoll CR           PLLRDY        LL_RCC_PLL_IsReady
  * @retval State of bit (1 or 0).
  */
__STATIC_INLINE uint32_t LL_RCC_PLL_IsReady(void)
{
  return (READ_BIT(RCC->CR, RCC_CR_PLLRDY) == (RCC_CR_PLLRDY));
 80046cc:	4b15      	ldr	r3, [pc, #84]	@ (8004724 <set_up_plls+0x70>)
 80046ce:	681b      	ldr	r3, [r3, #0]
	while (LL_RCC_PLL_IsReady() != 0U) {
 80046d0:	f013 7f00 	tst.w	r3, #33554432	@ 0x2000000
 80046d4:	d1fa      	bne.n	80046cc <set_up_plls+0x18>
	*(volatile uint16_t *)addr = data;
}

static ALWAYS_INLINE uint32_t sys_read32(mem_addr_t addr)
{
	return *(volatile uint32_t *)addr;
 80046d6:	4a14      	ldr	r2, [pc, #80]	@ (8004728 <set_up_plls+0x74>)
 80046d8:	f8d2 3804 	ldr.w	r3, [r2, #2052]	@ 0x804
}

static ALWAYS_INLINE void stm32_reg_modify_bits(volatile uint32_t *addr, uint32_t mask,
						uint32_t value)
{
	stm32_reg_write(addr, (stm32_reg_read(addr) & ~mask) | value);
 80046dc:	f423 3340 	bic.w	r3, r3, #196608	@ 0x30000
 80046e0:	f443 3380 	orr.w	r3, r3, #65536	@ 0x10000
}

static ALWAYS_INLINE void sys_write32(uint32_t data, mem_addr_t addr)
{
	*(volatile uint32_t *)addr = data;
 80046e4:	f8c2 3804 	str.w	r3, [r2, #2052]	@ 0x804
	return *(volatile uint32_t *)addr;
 80046e8:	f8d2 3804 	ldr.w	r3, [r2, #2052]	@ 0x804
 80046ec:	f023 6370 	bic.w	r3, r3, #251658240	@ 0xf000000
 80046f0:	f043 63e0 	orr.w	r3, r3, #117440512	@ 0x7000000
	*(volatile uint32_t *)addr = data;
 80046f4:	f8c2 3804 	str.w	r3, [r2, #2052]	@ 0x804
	config_pll_sysclock();
 80046f8:	f000 f880 	bl	80047fc <config_pll_sysclock>
  SET_BIT(RCC->CR, RCC_CR_PLLON);
 80046fc:	4a09      	ldr	r2, [pc, #36]	@ (8004724 <set_up_plls+0x70>)
 80046fe:	6813      	ldr	r3, [r2, #0]
 8004700:	f043 7380 	orr.w	r3, r3, #16777216	@ 0x1000000
 8004704:	6013      	str	r3, [r2, #0]
  return (READ_BIT(RCC->CR, RCC_CR_PLLRDY) == (RCC_CR_PLLRDY));
 8004706:	4b07      	ldr	r3, [pc, #28]	@ (8004724 <set_up_plls+0x70>)
 8004708:	681b      	ldr	r3, [r3, #0]
	while (LL_RCC_PLL_IsReady() != 1U) {
 800470a:	f013 7f00 	tst.w	r3, #33554432	@ 0x2000000
 800470e:	d0fa      	beq.n	8004706 <set_up_plls+0x52>
}
 8004710:	bd08      	pop	{r3, pc}
		stm32_clock_switch_to_hsi();
 8004712:	f7ff ff0b 	bl	800452c <stm32_clock_switch_to_hsi>
  MODIFY_REG(RCC->CFGR, RCC_CFGR_HPRE, Prescaler);
 8004716:	4a03      	ldr	r2, [pc, #12]	@ (8004724 <set_up_plls+0x70>)
 8004718:	6893      	ldr	r3, [r2, #8]
 800471a:	f023 03f0 	bic.w	r3, r3, #240	@ 0xf0
 800471e:	6093      	str	r3, [r2, #8]
}
 8004720:	e7cf      	b.n	80046c2 <set_up_plls+0xe>
 8004722:	bf00      	nop
 8004724:	40023800 	.word	0x40023800
 8004728:	40023000 	.word	0x40023000

0800472c <enabled_clock>:
	switch (src_clk) {
 800472c:	2816      	cmp	r0, #22
 800472e:	d806      	bhi.n	800473e <enabled_clock+0x12>
 8004730:	4b06      	ldr	r3, [pc, #24]	@ (800474c <enabled_clock+0x20>)
 8004732:	40c3      	lsrs	r3, r0
 8004734:	f013 0f01 	tst.w	r3, #1
 8004738:	d004      	beq.n	8004744 <enabled_clock+0x18>
	int r = 0;
 800473a:	2000      	movs	r0, #0
 800473c:	4770      	bx	lr
	switch (src_clk) {
 800473e:	f06f 0085 	mvn.w	r0, #133	@ 0x85
 8004742:	4770      	bx	lr
 8004744:	f06f 0085 	mvn.w	r0, #133	@ 0x85
}
 8004748:	4770      	bx	lr
 800474a:	bf00      	nop
 800474c:	006000ea 	.word	0x006000ea

08004750 <stm32_clock_control_init>:
 * @param dev clock device struct
 *
 * @return 0
 */
int stm32_clock_control_init(const struct device *dev)
{
 8004750:	b538      	push	{r3, r4, r5, lr}
	ARG_UNUSED(dev);

	/* Some clocks would be activated by default */
	config_enable_default_clocks();
 8004752:	f000 f877 	bl	8004844 <config_enable_default_clocks>
	config_regulator_voltage(CONFIG_SYS_CLOCK_HW_CYCLES_PER_SEC);
 8004756:	4c23      	ldr	r4, [pc, #140]	@ (80047e4 <stm32_clock_control_init+0x94>)
 8004758:	4620      	mov	r0, r4
 800475a:	f005 f91b 	bl	8009994 <config_regulator_voltage>

#if defined(FLASH_ACR_LATENCY)
	uint32_t old_flash_freq;
	uint32_t new_flash_freq;

	old_flash_freq = RCC_CALC_FLASH_FREQ(HAL_RCC_GetSysClockFreq(),
 800475e:	f001 f97b 	bl	8005a58 <HAL_RCC_GetSysClockFreq>
  return (uint32_t)(READ_BIT(RCC->CFGR, RCC_CFGR_HPRE));
 8004762:	4b21      	ldr	r3, [pc, #132]	@ (80047e8 <stm32_clock_control_init+0x98>)
 8004764:	689b      	ldr	r3, [r3, #8]
 8004766:	f3c3 1303 	ubfx	r3, r3, #4, #4
 800476a:	4a20      	ldr	r2, [pc, #128]	@ (80047ec <stm32_clock_control_init+0x9c>)
 800476c:	5cd3      	ldrb	r3, [r2, r3]
 800476e:	fa20 f503 	lsr.w	r5, r0, r3
					       GET_CURRENT_FLASH_PRESCALER());

	new_flash_freq = RCC_CALC_FLASH_FREQ(CONFIG_SYS_CLOCK_HW_CYCLES_PER_SEC,
 8004772:	7813      	ldrb	r3, [r2, #0]
 8004774:	411c      	asrs	r4, r3
				      STM32_FLASH_PRESCALER);

	/* If HCLK increases, set flash latency before any clock setting */
	if (old_flash_freq < new_flash_freq) {
 8004776:	42a5      	cmp	r5, r4
 8004778:	d32c      	bcc.n	80047d4 <stm32_clock_control_init+0x84>
		LL_SetFlashLatency(new_flash_freq);
	}
#endif /* FLASH_ACR_LATENCY */

	/* Set up individual enabled clocks */
	set_up_fixed_clock_sources();
 800477a:	f7ff fef3 	bl	8004564 <set_up_fixed_clock_sources>

	/* Set up PLLs */
	set_up_plls();
 800477e:	f7ff ff99 	bl	80046b4 <set_up_plls>
  MODIFY_REG(RCC->CFGR, RCC_CFGR_HPRE, Prescaler);
 8004782:	4a19      	ldr	r2, [pc, #100]	@ (80047e8 <stm32_clock_control_init+0x98>)
 8004784:	6893      	ldr	r3, [r2, #8]
 8004786:	f023 03f0 	bic.w	r3, r3, #240	@ 0xf0
 800478a:	6093      	str	r3, [r2, #8]
  MODIFY_REG(RCC->CFGR, RCC_CFGR_SW, Source);
 800478c:	6893      	ldr	r3, [r2, #8]
 800478e:	f023 0303 	bic.w	r3, r3, #3
 8004792:	f043 0302 	orr.w	r3, r3, #2
 8004796:	6093      	str	r3, [r2, #8]
  return (uint32_t)(READ_BIT(RCC->CFGR, RCC_CFGR_SWS));
 8004798:	4b13      	ldr	r3, [pc, #76]	@ (80047e8 <stm32_clock_control_init+0x98>)
 800479a:	689b      	ldr	r3, [r3, #8]
 800479c:	f003 030c 	and.w	r3, r3, #12
	}

#if STM32_SYSCLK_SRC_PLL
	/* Set PLL as System Clock Source */
	LL_RCC_SetSysClkSource(LL_RCC_SYS_CLKSOURCE_PLL);
	while (LL_RCC_GetSysClkSource() != LL_RCC_SYS_CLKSOURCE_STATUS_PLL) {
 80047a0:	2b08      	cmp	r3, #8
 80047a2:	d1f9      	bne.n	8004798 <stm32_clock_control_init+0x48>
		LL_RCC_SetAHBPrescaler(ahb_prescaler(STM32_CORE_PRESCALER));
	}

#if defined(FLASH_ACR_LATENCY)
	/* If HCLK not increased, set flash latency after all clock setting */
	if (old_flash_freq >= new_flash_freq) {
 80047a4:	42a5      	cmp	r5, r4
 80047a6:	d219      	bcs.n	80047dc <stm32_clock_control_init+0x8c>
		LL_SetFlashLatency(new_flash_freq);
	}
#endif /* FLASH_ACR_LATENCY */

	SystemCoreClock = CONFIG_SYS_CLOCK_HW_CYCLES_PER_SEC;
 80047a8:	4b11      	ldr	r3, [pc, #68]	@ (80047f0 <stm32_clock_control_init+0xa0>)
 80047aa:	4a0e      	ldr	r2, [pc, #56]	@ (80047e4 <stm32_clock_control_init+0x94>)
 80047ac:	601a      	str	r2, [r3, #0]
  MODIFY_REG(RCC->CFGR, RCC_CFGR_PPRE1, Prescaler);
 80047ae:	4b0e      	ldr	r3, [pc, #56]	@ (80047e8 <stm32_clock_control_init+0x98>)
 80047b0:	689a      	ldr	r2, [r3, #8]
 80047b2:	f422 52e0 	bic.w	r2, r2, #7168	@ 0x1c00
 80047b6:	f442 5280 	orr.w	r2, r2, #4096	@ 0x1000
 80047ba:	609a      	str	r2, [r3, #8]
  MODIFY_REG(RCC->CFGR, RCC_CFGR_PPRE2, Prescaler);
 80047bc:	689a      	ldr	r2, [r3, #8]
 80047be:	f422 4260 	bic.w	r2, r2, #57344	@ 0xe000
 80047c2:	609a      	str	r2, [r3, #8]
  MODIFY_REG(RCC->DCKCFGR, RCC_DCKCFGR_TIMPRE, Prescaler);
 80047c4:	f8d3 208c 	ldr.w	r2, [r3, #140]	@ 0x8c
 80047c8:	f022 7280 	bic.w	r2, r2, #16777216	@ 0x1000000
 80047cc:	f8c3 208c 	str.w	r2, [r3, #140]	@ 0x8c
		LL_RCC_SetTIMPrescaler(LL_RCC_TIM_PRESCALER_TWICE);
	}
#endif

	return 0;
}
 80047d0:	2000      	movs	r0, #0
 80047d2:	bd38      	pop	{r3, r4, r5, pc}
		LL_SetFlashLatency(new_flash_freq);
 80047d4:	4620      	mov	r0, r4
 80047d6:	f001 f9ad 	bl	8005b34 <LL_SetFlashLatency>
 80047da:	e7ce      	b.n	800477a <stm32_clock_control_init+0x2a>
		LL_SetFlashLatency(new_flash_freq);
 80047dc:	4620      	mov	r0, r4
 80047de:	f001 f9a9 	bl	8005b34 <LL_SetFlashLatency>
 80047e2:	e7e1      	b.n	80047a8 <stm32_clock_control_init+0x58>
 80047e4:	0501bd00 	.word	0x0501bd00
 80047e8:	40023800 	.word	0x40023800
 80047ec:	0800c680 	.word	0x0800c680
 80047f0:	20000108 	.word	0x20000108

080047f4 <get_pllsrc_frequency>:
		return STM32_HSE_FREQ;
	}

	__ASSERT(0, "Invalid source");
	return 0;
}
 80047f4:	4800      	ldr	r0, [pc, #0]	@ (80047f8 <get_pllsrc_frequency+0x4>)
 80047f6:	4770      	bx	lr
 80047f8:	007a1200 	.word	0x007a1200

080047fc <config_pll_sysclock>:

/**
 * @brief Set up pll configuration
 */
void config_pll_sysclock(void)
{
 80047fc:	b508      	push	{r3, lr}
#if STM32_PLL_P_ENABLED
	/* All STM32F2x, F4x and F7x */
	LL_RCC_PLL_ConfigDomain_SYS(get_pll_source(),
 80047fe:	f005 f8ca 	bl	8009996 <get_pll_source>
  *         (*) value not defined in all devices.
  * @retval None
  */
__STATIC_INLINE void LL_RCC_PLL_ConfigDomain_SYS(uint32_t Source, uint32_t PLLM, uint32_t PLLN, uint32_t PLLP_R)
{
  MODIFY_REG(RCC->PLLCFGR, RCC_PLLCFGR_PLLSRC | RCC_PLLCFGR_PLLM | RCC_PLLCFGR_PLLN,
 8004802:	4b0c      	ldr	r3, [pc, #48]	@ (8004834 <config_pll_sysclock+0x38>)
 8004804:	6859      	ldr	r1, [r3, #4]
 8004806:	4a0c      	ldr	r2, [pc, #48]	@ (8004838 <config_pll_sysclock+0x3c>)
 8004808:	400a      	ands	r2, r1
 800480a:	f440 41a8 	orr.w	r1, r0, #21504	@ 0x5400
 800480e:	f041 0108 	orr.w	r1, r1, #8
 8004812:	430a      	orrs	r2, r1
 8004814:	605a      	str	r2, [r3, #4]
             Source | PLLM | PLLN << RCC_PLLCFGR_PLLN_Pos);
  MODIFY_REG(RCC->PLLCFGR, RCC_PLLCFGR_PLLP, PLLP_R);
 8004816:	685a      	ldr	r2, [r3, #4]
 8004818:	f422 3240 	bic.w	r2, r2, #196608	@ 0x30000
 800481c:	f442 3280 	orr.w	r2, r2, #65536	@ 0x10000
 8004820:	605a      	str	r2, [r3, #4]
  *         @arg @ref LL_RCC_PLLQ_DIV_15
  * @retval None
  */
__STATIC_INLINE void LL_RCC_PLL_ConfigDomain_48M(uint32_t Source, uint32_t PLLM, uint32_t PLLN, uint32_t PLLQ)
{
  MODIFY_REG(RCC->PLLCFGR, RCC_PLLCFGR_PLLSRC | RCC_PLLCFGR_PLLM | RCC_PLLCFGR_PLLN | RCC_PLLCFGR_PLLQ,
 8004822:	6859      	ldr	r1, [r3, #4]
 8004824:	4a05      	ldr	r2, [pc, #20]	@ (800483c <config_pll_sysclock+0x40>)
 8004826:	400a      	ands	r2, r1
 8004828:	4905      	ldr	r1, [pc, #20]	@ (8004840 <config_pll_sysclock+0x44>)
 800482a:	4301      	orrs	r1, r0
 800482c:	430a      	orrs	r2, r1
 800482e:	605a      	str	r2, [r3, #4]
		 * for the overdrive function. The caller will try to turn on the PLL
		 * And start waiting for the PLL locking phase to complete.
		 */
	}
#endif /* CONFIG_SOC_SERIES_STM32F7X */
}
 8004830:	bd08      	pop	{r3, pc}
 8004832:	bf00      	nop
 8004834:	40023800 	.word	0x40023800
 8004838:	ffbf8000 	.word	0xffbf8000
 800483c:	f0bf8000 	.word	0xf0bf8000
 8004840:	07005408 	.word	0x07005408

08004844 <config_enable_default_clocks>:

/**
 * @brief Activate default clocks
 */
void config_enable_default_clocks(void)
{
 8004844:	b082      	sub	sp, #8
  * @retval None
  */
__STATIC_INLINE void LL_APB1_GRP1_EnableClock(uint32_t Periphs)
{
  __IO uint32_t tmpreg;
  SET_BIT(RCC->APB1ENR, Periphs);
 8004846:	4b06      	ldr	r3, [pc, #24]	@ (8004860 <config_enable_default_clocks+0x1c>)
 8004848:	6c1a      	ldr	r2, [r3, #64]	@ 0x40
 800484a:	f042 5280 	orr.w	r2, r2, #268435456	@ 0x10000000
 800484e:	641a      	str	r2, [r3, #64]	@ 0x40
  /* Delay after an RCC peripheral clock enabling */
  tmpreg = READ_BIT(RCC->APB1ENR, Periphs);
 8004850:	6c1b      	ldr	r3, [r3, #64]	@ 0x40
 8004852:	f003 5380 	and.w	r3, r3, #268435456	@ 0x10000000
 8004856:	9301      	str	r3, [sp, #4]
  (void)tmpreg;
 8004858:	9b01      	ldr	r3, [sp, #4]
	/* Power Interface clock enabled by default */
	LL_APB1_GRP1_EnableClock(LL_APB1_GRP1_PERIPH_PWR);
}
 800485a:	b002      	add	sp, #8
 800485c:	4770      	bx	lr
 800485e:	bf00      	nop
 8004860:	40023800 	.word	0x40023800

08004864 <console_out>:
 *
 * @return The character passed as input.
 */

static int console_out(int c)
{
 8004864:	b510      	push	{r4, lr}
 8004866:	4604      	mov	r4, r0
		 * function MUST return the byte output.
		 */
		return c;
	}

	if ('\n' == c) {
 8004868:	280a      	cmp	r0, #10
 800486a:	d006      	beq.n	800487a <console_out+0x16>
		uart_poll_out(uart_console_dev, '\r');
	}
	uart_poll_out(uart_console_dev, c);
 800486c:	b2e1      	uxtb	r1, r4
	const struct uart_driver_api *api = (const struct uart_driver_api *)dev->api;
 800486e:	4806      	ldr	r0, [pc, #24]	@ (8004888 <console_out+0x24>)
 8004870:	6883      	ldr	r3, [r0, #8]
	api->poll_out(dev, out_char);
 8004872:	685b      	ldr	r3, [r3, #4]
 8004874:	4798      	blx	r3
	 * As errors cannot be returned, ignore the return value
	 */
	(void)pm_device_runtime_put_async(uart_console_dev, K_MSEC(1));

	return c;
}
 8004876:	4620      	mov	r0, r4
 8004878:	bd10      	pop	{r4, pc}
	const struct uart_driver_api *api = (const struct uart_driver_api *)dev->api;
 800487a:	4803      	ldr	r0, [pc, #12]	@ (8004888 <console_out+0x24>)
 800487c:	6883      	ldr	r3, [r0, #8]
	api->poll_out(dev, out_char);
 800487e:	685b      	ldr	r3, [r3, #4]
 8004880:	210d      	movs	r1, #13
 8004882:	4798      	blx	r3
		return;
	}
#endif
	compiler_barrier();
	z_impl_uart_poll_out(dev, out_char);
}
 8004884:	e7f2      	b.n	800486c <console_out+0x8>
 8004886:	bf00      	nop
 8004888:	0800a8c4 	.word	0x0800a8c4

0800488c <uart_console_hook_install>:
/**
 * @brief Install printk/stdout hook for UART console output
 */

static void uart_console_hook_install(void)
{
 800488c:	b510      	push	{r4, lr}
#if defined(CONFIG_STDOUT_CONSOLE)
	__stdout_hook_install(console_out);
 800488e:	4c04      	ldr	r4, [pc, #16]	@ (80048a0 <uart_console_hook_install+0x14>)
 8004890:	4620      	mov	r0, r4
 8004892:	f7ff fa31 	bl	8003cf8 <__stdout_hook_install>
#endif
#if defined(CONFIG_PRINTK)
	__printk_hook_install(console_out);
 8004896:	4620      	mov	r0, r4
 8004898:	f7fd fbfa 	bl	8002090 <__printk_hook_install>
#endif
}
 800489c:	bd10      	pop	{r4, pc}
 800489e:	bf00      	nop
 80048a0:	08004865 	.word	0x08004865

080048a4 <uart_console_init>:
 * @brief Initialize one UART as the console/debug port
 *
 * @return 0 if successful, otherwise failed.
 */
static int uart_console_init(void)
{
 80048a4:	b508      	push	{r3, lr}
 80048a6:	4805      	ldr	r0, [pc, #20]	@ (80048bc <uart_console_init+0x18>)
 80048a8:	f005 fc5e 	bl	800a168 <z_impl_device_is_ready>
	if (!device_is_ready(uart_console_dev)) {
 80048ac:	b118      	cbz	r0, 80048b6 <uart_console_init+0x12>
		return -ENODEV;
	}

	uart_console_hook_install();
 80048ae:	f7ff ffed 	bl	800488c <uart_console_hook_install>

	return 0;
 80048b2:	2000      	movs	r0, #0
}
 80048b4:	bd08      	pop	{r3, pc}
		return -ENODEV;
 80048b6:	f06f 0012 	mvn.w	r0, #18
 80048ba:	e7fb      	b.n	80048b4 <uart_console_init+0x10>
 80048bc:	0800a8c4 	.word	0x0800a8c4

080048c0 <gpio_stm32_pin_interrupt_configure>:

static int gpio_stm32_pin_interrupt_configure(const struct device *dev,
					      gpio_pin_t pin,
					      enum gpio_int_mode mode,
					      enum gpio_int_trig trig)
{
 80048c0:	e92d 43f8 	stmdb	sp!, {r3, r4, r5, r6, r7, r8, r9, lr}
 80048c4:	4680      	mov	r8, r0
 80048c6:	460f      	mov	r7, r1
 80048c8:	4616      	mov	r6, r2
 80048ca:	461c      	mov	r4, r3
	const struct gpio_stm32_config *cfg = dev->config;
 80048cc:	f8d0 9004 	ldr.w	r9, [r0, #4]
	const stm32_gpio_irq_line_t irq_line = stm32_gpio_intc_get_pin_irq_line(cfg->port, pin);
 80048d0:	f8d9 0008 	ldr.w	r0, [r9, #8]
 80048d4:	f004 fe3f 	bl	8009556 <stm32_gpio_intc_get_pin_irq_line>
		stm32_gpio_intc_enable_line(irq_line);
		goto exit;
	}
#endif /* CONFIG_GPIO_ENABLE_DISABLE_INTERRUPT */

	if (mode == GPIO_INT_MODE_DISABLED) {
 80048d8:	f5b6 1f00 	cmp.w	r6, #2097152	@ 0x200000
 80048dc:	d00e      	beq.n	80048fc <gpio_stm32_pin_interrupt_configure+0x3c>
 80048de:	4605      	mov	r5, r0
		gpio_stm32_disable_pin_irqs(cfg->port, pin);
		goto exit;
	}

	if (mode == GPIO_INT_MODE_LEVEL) {
 80048e0:	f5b6 0f80 	cmp.w	r6, #4194304	@ 0x400000
 80048e4:	d02a      	beq.n	800493c <gpio_stm32_pin_interrupt_configure+0x7c>
				err = -EINVAL;
				goto exit;
			}
		}
	} else {
		switch (trig) {
 80048e6:	f1b4 6f80 	cmp.w	r4, #67108864	@ 0x4000000
 80048ea:	d00e      	beq.n	800490a <gpio_stm32_pin_interrupt_configure+0x4a>
 80048ec:	f1b4 6fc0 	cmp.w	r4, #100663296	@ 0x6000000
 80048f0:	d00d      	beq.n	800490e <gpio_stm32_pin_interrupt_configure+0x4e>
 80048f2:	f1b4 7f00 	cmp.w	r4, #33554432	@ 0x2000000
 80048f6:	d124      	bne.n	8004942 <gpio_stm32_pin_interrupt_configure+0x82>
 80048f8:	2602      	movs	r6, #2
 80048fa:	e009      	b.n	8004910 <gpio_stm32_pin_interrupt_configure+0x50>
		gpio_stm32_disable_pin_irqs(cfg->port, pin);
 80048fc:	4639      	mov	r1, r7
 80048fe:	f8d9 0008 	ldr.w	r0, [r9, #8]
 8004902:	f005 f91c 	bl	8009b3e <gpio_stm32_disable_pin_irqs>
	int err = 0;
 8004906:	2400      	movs	r4, #0
		goto exit;
 8004908:	e015      	b.n	8004936 <gpio_stm32_pin_interrupt_configure+0x76>
		case GPIO_INT_TRIG_LOW:
			irq_trigger = STM32_GPIO_IRQ_TRIG_FALLING;
			break;
		case GPIO_INT_TRIG_HIGH:
			irq_trigger = STM32_GPIO_IRQ_TRIG_RISING;
 800490a:	2601      	movs	r6, #1
 800490c:	e000      	b.n	8004910 <gpio_stm32_pin_interrupt_configure+0x50>
			break;
		case GPIO_INT_TRIG_BOTH:
			irq_trigger = STM32_GPIO_IRQ_TRIG_BOTH;
 800490e:	2603      	movs	r6, #3
			err = -EINVAL;
			goto exit;
		}
	}

	if (stm32_gpio_intc_set_irq_callback(irq_line, gpio_stm32_isr, (void *)dev) != 0) {
 8004910:	4642      	mov	r2, r8
 8004912:	490f      	ldr	r1, [pc, #60]	@ (8004950 <gpio_stm32_pin_interrupt_configure+0x90>)
 8004914:	4628      	mov	r0, r5
 8004916:	f7ff fb0f 	bl	8003f38 <stm32_gpio_intc_set_irq_callback>
 800491a:	4604      	mov	r4, r0
 800491c:	b9a0      	cbnz	r0, 8004948 <gpio_stm32_pin_interrupt_configure+0x88>
		err = -EBUSY;
		goto exit;
	}

#if defined(CONFIG_EXTI_STM32)
	stm32_exti_set_line_src_port(pin, cfg->port);
 800491e:	f8d9 1008 	ldr.w	r1, [r9, #8]
 8004922:	4638      	mov	r0, r7
 8004924:	f004 fe1c 	bl	8009560 <stm32_exti_set_line_src_port>
#endif

	stm32_gpio_intc_select_line_trigger(irq_line, irq_trigger);
 8004928:	4631      	mov	r1, r6
 800492a:	4628      	mov	r0, r5
 800492c:	f7ff fad8 	bl	8003ee0 <stm32_gpio_intc_select_line_trigger>

	stm32_gpio_intc_enable_line(irq_line);
 8004930:	4628      	mov	r0, r5
 8004932:	f7ff fab5 	bl	8003ea0 <stm32_gpio_intc_enable_line>

exit:
	return err;
}
 8004936:	4620      	mov	r0, r4
 8004938:	e8bd 83f8 	ldmia.w	sp!, {r3, r4, r5, r6, r7, r8, r9, pc}
			err = -ENOTSUP;
 800493c:	f06f 0485 	mvn.w	r4, #133	@ 0x85
 8004940:	e7f9      	b.n	8004936 <gpio_stm32_pin_interrupt_configure+0x76>
		switch (trig) {
 8004942:	f06f 0415 	mvn.w	r4, #21
 8004946:	e7f6      	b.n	8004936 <gpio_stm32_pin_interrupt_configure+0x76>
		err = -EBUSY;
 8004948:	f06f 040f 	mvn.w	r4, #15
	return err;
 800494c:	e7f3      	b.n	8004936 <gpio_stm32_pin_interrupt_configure+0x76>
 800494e:	bf00      	nop
 8004950:	08009a61 	.word	0x08009a61

08004954 <LL_TIM_OC_SetMode>:
  *         @arg @ref LL_TIM_OCMODE_PWM1
  *         @arg @ref LL_TIM_OCMODE_PWM2
  * @retval None
  */
__STATIC_INLINE void LL_TIM_OC_SetMode(TIM_TypeDef *TIMx, uint32_t Channel, uint32_t Mode)
{
 8004954:	b510      	push	{r4, lr}
  uint8_t iChannel = TIM_GET_CHANNEL_INDEX(Channel);
 8004956:	2940      	cmp	r1, #64	@ 0x40
 8004958:	d010      	beq.n	800497c <LL_TIM_OC_SetMode+0x28>
 800495a:	d807      	bhi.n	800496c <LL_TIM_OC_SetMode+0x18>
 800495c:	2904      	cmp	r1, #4
 800495e:	d00f      	beq.n	8004980 <LL_TIM_OC_SetMode+0x2c>
 8004960:	2910      	cmp	r1, #16
 8004962:	d00f      	beq.n	8004984 <LL_TIM_OC_SetMode+0x30>
 8004964:	2901      	cmp	r1, #1
 8004966:	d10f      	bne.n	8004988 <LL_TIM_OC_SetMode+0x34>
{
 8004968:	2100      	movs	r1, #0
 800496a:	e010      	b.n	800498e <LL_TIM_OC_SetMode+0x3a>
 800496c:	f5b1 7f80 	cmp.w	r1, #256	@ 0x100
 8004970:	d00c      	beq.n	800498c <LL_TIM_OC_SetMode+0x38>
 8004972:	f5b1 6f80 	cmp.w	r1, #1024	@ 0x400
 8004976:	d11e      	bne.n	80049b6 <LL_TIM_OC_SetMode+0x62>
 8004978:	2105      	movs	r1, #5
 800497a:	e008      	b.n	800498e <LL_TIM_OC_SetMode+0x3a>
 800497c:	2103      	movs	r1, #3
 800497e:	e006      	b.n	800498e <LL_TIM_OC_SetMode+0x3a>
 8004980:	2101      	movs	r1, #1
 8004982:	e004      	b.n	800498e <LL_TIM_OC_SetMode+0x3a>
 8004984:	2102      	movs	r1, #2
 8004986:	e002      	b.n	800498e <LL_TIM_OC_SetMode+0x3a>
 8004988:	2106      	movs	r1, #6
 800498a:	e000      	b.n	800498e <LL_TIM_OC_SetMode+0x3a>
 800498c:	2104      	movs	r1, #4
  __IO uint32_t *pReg = (__IO uint32_t *)((uint32_t)((uint32_t)(&TIMx->CCMR1) + OFFSET_TAB_CCMRx[iChannel]));
 800498e:	3018      	adds	r0, #24
 8004990:	4b0a      	ldr	r3, [pc, #40]	@ (80049bc <LL_TIM_OC_SetMode+0x68>)
 8004992:	f813 c001 	ldrb.w	ip, [r3, r1]
  MODIFY_REG(*pReg, ((TIM_CCMR1_OC1M  | TIM_CCMR1_CC1S) << SHIFT_TAB_OCxx[iChannel]), Mode << SHIFT_TAB_OCxx[iChannel]);
 8004996:	f850 300c 	ldr.w	r3, [r0, ip]
 800499a:	4c09      	ldr	r4, [pc, #36]	@ (80049c0 <LL_TIM_OC_SetMode+0x6c>)
 800499c:	f814 e001 	ldrb.w	lr, [r4, r1]
 80049a0:	2173      	movs	r1, #115	@ 0x73
 80049a2:	fa01 f10e 	lsl.w	r1, r1, lr
 80049a6:	ea23 0301 	bic.w	r3, r3, r1
 80049aa:	fa02 f20e 	lsl.w	r2, r2, lr
 80049ae:	4313      	orrs	r3, r2
 80049b0:	f840 300c 	str.w	r3, [r0, ip]
}
 80049b4:	bd10      	pop	{r4, pc}
{
 80049b6:	2106      	movs	r1, #6
 80049b8:	e7e9      	b.n	800498e <LL_TIM_OC_SetMode+0x3a>
 80049ba:	bf00      	nop
 80049bc:	0800c5b8 	.word	0x0800c5b8
 80049c0:	0800c5b0 	.word	0x0800c5b0

080049c4 <LL_TIM_OC_SetPolarity>:
  *         @arg @ref LL_TIM_OCPOLARITY_LOW
  * @retval None
  */
__STATIC_INLINE void LL_TIM_OC_SetPolarity(TIM_TypeDef *TIMx, uint32_t Channel, uint32_t Polarity)
{
  uint8_t iChannel = TIM_GET_CHANNEL_INDEX(Channel);
 80049c4:	2940      	cmp	r1, #64	@ 0x40
 80049c6:	d012      	beq.n	80049ee <LL_TIM_OC_SetPolarity+0x2a>
 80049c8:	d808      	bhi.n	80049dc <LL_TIM_OC_SetPolarity+0x18>
 80049ca:	2904      	cmp	r1, #4
 80049cc:	d012      	beq.n	80049f4 <LL_TIM_OC_SetPolarity+0x30>
 80049ce:	2910      	cmp	r1, #16
 80049d0:	d013      	beq.n	80049fa <LL_TIM_OC_SetPolarity+0x36>
 80049d2:	2901      	cmp	r1, #1
 80049d4:	d114      	bne.n	8004a00 <LL_TIM_OC_SetPolarity+0x3c>
{
 80049d6:	f04f 0c00 	mov.w	ip, #0
 80049da:	e016      	b.n	8004a0a <LL_TIM_OC_SetPolarity+0x46>
 80049dc:	f5b1 7f80 	cmp.w	r1, #256	@ 0x100
 80049e0:	d011      	beq.n	8004a06 <LL_TIM_OC_SetPolarity+0x42>
 80049e2:	f5b1 6f80 	cmp.w	r1, #1024	@ 0x400
 80049e6:	d11e      	bne.n	8004a26 <LL_TIM_OC_SetPolarity+0x62>
 80049e8:	f04f 0c05 	mov.w	ip, #5
 80049ec:	e00d      	b.n	8004a0a <LL_TIM_OC_SetPolarity+0x46>
 80049ee:	f04f 0c03 	mov.w	ip, #3
 80049f2:	e00a      	b.n	8004a0a <LL_TIM_OC_SetPolarity+0x46>
 80049f4:	f04f 0c01 	mov.w	ip, #1
 80049f8:	e007      	b.n	8004a0a <LL_TIM_OC_SetPolarity+0x46>
 80049fa:	f04f 0c02 	mov.w	ip, #2
 80049fe:	e004      	b.n	8004a0a <LL_TIM_OC_SetPolarity+0x46>
 8004a00:	f04f 0c06 	mov.w	ip, #6
 8004a04:	e001      	b.n	8004a0a <LL_TIM_OC_SetPolarity+0x46>
 8004a06:	f04f 0c04 	mov.w	ip, #4
  MODIFY_REG(TIMx->CCER, (TIM_CCER_CC1P << SHIFT_TAB_CCxP[iChannel]),  Polarity << SHIFT_TAB_CCxP[iChannel]);
 8004a0a:	6a03      	ldr	r3, [r0, #32]
 8004a0c:	4907      	ldr	r1, [pc, #28]	@ (8004a2c <LL_TIM_OC_SetPolarity+0x68>)
 8004a0e:	f811 c00c 	ldrb.w	ip, [r1, ip]
 8004a12:	2102      	movs	r1, #2
 8004a14:	fa01 f10c 	lsl.w	r1, r1, ip
 8004a18:	ea23 0301 	bic.w	r3, r3, r1
 8004a1c:	fa02 f20c 	lsl.w	r2, r2, ip
 8004a20:	4313      	orrs	r3, r2
 8004a22:	6203      	str	r3, [r0, #32]
}
 8004a24:	4770      	bx	lr
{
 8004a26:	f04f 0c06 	mov.w	ip, #6
 8004a2a:	e7ee      	b.n	8004a0a <LL_TIM_OC_SetPolarity+0x46>
 8004a2c:	0800c5a8 	.word	0x0800c5a8

08004a30 <LL_TIM_OC_SetIdleState>:
  *         @arg @ref LL_TIM_OCIDLESTATE_HIGH
  * @retval None
  */
__STATIC_INLINE void LL_TIM_OC_SetIdleState(TIM_TypeDef *TIMx, uint32_t Channel, uint32_t IdleState)
{
  uint8_t iChannel = TIM_GET_CHANNEL_INDEX(Channel);
 8004a30:	2940      	cmp	r1, #64	@ 0x40
 8004a32:	d012      	beq.n	8004a5a <LL_TIM_OC_SetIdleState+0x2a>
 8004a34:	d808      	bhi.n	8004a48 <LL_TIM_OC_SetIdleState+0x18>
 8004a36:	2904      	cmp	r1, #4
 8004a38:	d012      	beq.n	8004a60 <LL_TIM_OC_SetIdleState+0x30>
 8004a3a:	2910      	cmp	r1, #16
 8004a3c:	d013      	beq.n	8004a66 <LL_TIM_OC_SetIdleState+0x36>
 8004a3e:	2901      	cmp	r1, #1
 8004a40:	d114      	bne.n	8004a6c <LL_TIM_OC_SetIdleState+0x3c>
{
 8004a42:	f04f 0c00 	mov.w	ip, #0
 8004a46:	e016      	b.n	8004a76 <LL_TIM_OC_SetIdleState+0x46>
 8004a48:	f5b1 7f80 	cmp.w	r1, #256	@ 0x100
 8004a4c:	d011      	beq.n	8004a72 <LL_TIM_OC_SetIdleState+0x42>
 8004a4e:	f5b1 6f80 	cmp.w	r1, #1024	@ 0x400
 8004a52:	d11f      	bne.n	8004a94 <LL_TIM_OC_SetIdleState+0x64>
 8004a54:	f04f 0c05 	mov.w	ip, #5
 8004a58:	e00d      	b.n	8004a76 <LL_TIM_OC_SetIdleState+0x46>
 8004a5a:	f04f 0c03 	mov.w	ip, #3
 8004a5e:	e00a      	b.n	8004a76 <LL_TIM_OC_SetIdleState+0x46>
 8004a60:	f04f 0c01 	mov.w	ip, #1
 8004a64:	e007      	b.n	8004a76 <LL_TIM_OC_SetIdleState+0x46>
 8004a66:	f04f 0c02 	mov.w	ip, #2
 8004a6a:	e004      	b.n	8004a76 <LL_TIM_OC_SetIdleState+0x46>
 8004a6c:	f04f 0c06 	mov.w	ip, #6
 8004a70:	e001      	b.n	8004a76 <LL_TIM_OC_SetIdleState+0x46>
 8004a72:	f04f 0c04 	mov.w	ip, #4
  MODIFY_REG(TIMx->CR2, (TIM_CR2_OIS1 << SHIFT_TAB_OISx[iChannel]),  IdleState << SHIFT_TAB_OISx[iChannel]);
 8004a76:	6843      	ldr	r3, [r0, #4]
 8004a78:	4908      	ldr	r1, [pc, #32]	@ (8004a9c <LL_TIM_OC_SetIdleState+0x6c>)
 8004a7a:	f811 c00c 	ldrb.w	ip, [r1, ip]
 8004a7e:	f44f 7180 	mov.w	r1, #256	@ 0x100
 8004a82:	fa01 f10c 	lsl.w	r1, r1, ip
 8004a86:	ea23 0301 	bic.w	r3, r3, r1
 8004a8a:	fa02 f20c 	lsl.w	r2, r2, ip
 8004a8e:	4313      	orrs	r3, r2
 8004a90:	6043      	str	r3, [r0, #4]
}
 8004a92:	4770      	bx	lr
{
 8004a94:	f04f 0c06 	mov.w	ip, #6
 8004a98:	e7ed      	b.n	8004a76 <LL_TIM_OC_SetIdleState+0x46>
 8004a9a:	bf00      	nop
 8004a9c:	0800c5a0 	.word	0x0800c5a0

08004aa0 <LL_TIM_OC_EnablePreload>:
  *         @arg @ref LL_TIM_CHANNEL_CH3
  *         @arg @ref LL_TIM_CHANNEL_CH4
  * @retval None
  */
__STATIC_INLINE void LL_TIM_OC_EnablePreload(TIM_TypeDef *TIMx, uint32_t Channel)
{
 8004aa0:	b410      	push	{r4}
  uint8_t iChannel = TIM_GET_CHANNEL_INDEX(Channel);
 8004aa2:	2940      	cmp	r1, #64	@ 0x40
 8004aa4:	d010      	beq.n	8004ac8 <LL_TIM_OC_EnablePreload+0x28>
 8004aa6:	d807      	bhi.n	8004ab8 <LL_TIM_OC_EnablePreload+0x18>
 8004aa8:	2904      	cmp	r1, #4
 8004aaa:	d00f      	beq.n	8004acc <LL_TIM_OC_EnablePreload+0x2c>
 8004aac:	2910      	cmp	r1, #16
 8004aae:	d00f      	beq.n	8004ad0 <LL_TIM_OC_EnablePreload+0x30>
 8004ab0:	2901      	cmp	r1, #1
 8004ab2:	d10f      	bne.n	8004ad4 <LL_TIM_OC_EnablePreload+0x34>
{
 8004ab4:	2200      	movs	r2, #0
 8004ab6:	e010      	b.n	8004ada <LL_TIM_OC_EnablePreload+0x3a>
 8004ab8:	f5b1 7f80 	cmp.w	r1, #256	@ 0x100
 8004abc:	d00c      	beq.n	8004ad8 <LL_TIM_OC_EnablePreload+0x38>
 8004abe:	f5b1 6f80 	cmp.w	r1, #1024	@ 0x400
 8004ac2:	d118      	bne.n	8004af6 <LL_TIM_OC_EnablePreload+0x56>
 8004ac4:	2205      	movs	r2, #5
 8004ac6:	e008      	b.n	8004ada <LL_TIM_OC_EnablePreload+0x3a>
 8004ac8:	2203      	movs	r2, #3
 8004aca:	e006      	b.n	8004ada <LL_TIM_OC_EnablePreload+0x3a>
 8004acc:	2201      	movs	r2, #1
 8004ace:	e004      	b.n	8004ada <LL_TIM_OC_EnablePreload+0x3a>
 8004ad0:	2202      	movs	r2, #2
 8004ad2:	e002      	b.n	8004ada <LL_TIM_OC_EnablePreload+0x3a>
 8004ad4:	2206      	movs	r2, #6
 8004ad6:	e000      	b.n	8004ada <LL_TIM_OC_EnablePreload+0x3a>
 8004ad8:	2204      	movs	r2, #4
  __IO uint32_t *pReg = (__IO uint32_t *)((uint32_t)((uint32_t)(&TIMx->CCMR1) + OFFSET_TAB_CCMRx[iChannel]));
 8004ada:	3018      	adds	r0, #24
 8004adc:	4b07      	ldr	r3, [pc, #28]	@ (8004afc <LL_TIM_OC_EnablePreload+0x5c>)
 8004ade:	5c99      	ldrb	r1, [r3, r2]
  SET_BIT(*pReg, (TIM_CCMR1_OC1PE << SHIFT_TAB_OCxx[iChannel]));
 8004ae0:	5843      	ldr	r3, [r0, r1]
 8004ae2:	4c07      	ldr	r4, [pc, #28]	@ (8004b00 <LL_TIM_OC_EnablePreload+0x60>)
 8004ae4:	f814 c002 	ldrb.w	ip, [r4, r2]
 8004ae8:	2208      	movs	r2, #8
 8004aea:	fa02 f20c 	lsl.w	r2, r2, ip
 8004aee:	4313      	orrs	r3, r2
 8004af0:	5043      	str	r3, [r0, r1]
}
 8004af2:	bc10      	pop	{r4}
 8004af4:	4770      	bx	lr
{
 8004af6:	2206      	movs	r2, #6
 8004af8:	e7ef      	b.n	8004ada <LL_TIM_OC_EnablePreload+0x3a>
 8004afa:	bf00      	nop
 8004afc:	0800c5b8 	.word	0x0800c5b8
 8004b00:	0800c5b0 	.word	0x0800c5b0

08004b04 <pwm_stm32_set_cycles>:
}

static int pwm_stm32_set_cycles(const struct device *dev, uint32_t channel,
				uint32_t period_cycles, uint32_t pulse_cycles,
				pwm_flags_t flags)
{
 8004b04:	e92d 43f8 	stmdb	sp!, {r3, r4, r5, r6, r7, r8, r9, lr}
 8004b08:	461e      	mov	r6, r3
 8004b0a:	f8bd c020 	ldrh.w	ip, [sp, #32]
	const struct pwm_stm32_config *cfg = dev->config;
 8004b0e:	6843      	ldr	r3, [r0, #4]
	TIM_TypeDef *timer = cfg->timer;
 8004b10:	681c      	ldr	r4, [r3, #0]

	uint32_t ll_channel;
	uint32_t current_ll_channel; /* complementary output if used */
	uint32_t negative_ll_channel;

	if (channel < 1u || channel > TIMER_MAX_CH) {
 8004b12:	1e4f      	subs	r7, r1, #1
 8004b14:	2f03      	cmp	r7, #3
 8004b16:	d81d      	bhi.n	8004b54 <pwm_stm32_set_cycles+0x50>

	/*
	 * Non 32-bit timers count from 0 up to the value in the ARR register
	 * (16-bit). Thus period_cycles cannot be greater than UINT16_MAX + 1.
	 */
	if (!IS_TIM_32B_COUNTER_INSTANCE(timer) &&
 8004b18:	f1b4 4f80 	cmp.w	r4, #1073741824	@ 0x40000000
 8004b1c:	d005      	beq.n	8004b2a <pwm_stm32_set_cycles+0x26>
 8004b1e:	4841      	ldr	r0, [pc, #260]	@ (8004c24 <pwm_stm32_set_cycles+0x120>)
 8004b20:	4284      	cmp	r4, r0
 8004b22:	d002      	beq.n	8004b2a <pwm_stm32_set_cycles+0x26>
 8004b24:	f5b2 3f80 	cmp.w	r2, #65536	@ 0x10000
 8004b28:	d81d      	bhi.n	8004b66 <pwm_stm32_set_cycles+0x62>
		LOG_ERR("Cannot set PWM output, capture in progress");
		return -EBUSY;
	}
#endif /* CONFIG_PWM_CAPTURE */

	ll_channel = ch2ll[channel - 1u];
 8004b2a:	483f      	ldr	r0, [pc, #252]	@ (8004c28 <pwm_stm32_set_cycles+0x124>)
 8004b2c:	f850 8027 	ldr.w	r8, [r0, r7, lsl #2]

	if (channel <= ARRAY_SIZE(ch2ll_n)) {
 8004b30:	2903      	cmp	r1, #3
 8004b32:	d821      	bhi.n	8004b78 <pwm_stm32_set_cycles+0x74>
		negative_ll_channel = ch2ll_n[channel - 1u];
 8004b34:	483d      	ldr	r0, [pc, #244]	@ (8004c2c <pwm_stm32_set_cycles+0x128>)
 8004b36:	f850 5027 	ldr.w	r5, [r0, r7, lsl #2]
	}

	/* in LL_TIM_CC_DisableChannel and LL_TIM_CC_IsEnabledChannel,
	 * the channel param could be the complementary one
	 */
	if ((flags & STM32_PWM_COMPLEMENTARY_MASK) == STM32_PWM_COMPLEMENTARY) {
 8004b3a:	f41c 7f80 	tst.w	ip, #256	@ 0x100
 8004b3e:	d01d      	beq.n	8004b7c <pwm_stm32_set_cycles+0x78>
		if (!negative_ll_channel) {
 8004b40:	b9ed      	cbnz	r5, 8004b7e <pwm_stm32_set_cycles+0x7a>
	z_impl_z_log_msg_simple_create_1(source, level, fmt, arg);
 8004b42:	460b      	mov	r3, r1
 8004b44:	4a3a      	ldr	r2, [pc, #232]	@ (8004c30 <pwm_stm32_set_cycles+0x12c>)
 8004b46:	2101      	movs	r1, #1
 8004b48:	483a      	ldr	r0, [pc, #232]	@ (8004c34 <pwm_stm32_set_cycles+0x130>)
 8004b4a:	f004 fa0b 	bl	8008f64 <z_impl_z_log_msg_simple_create_1>
			/* setting a flag on a channel that has not this capability */
			LOG_ERR("Channel %d has NO complementary output", channel);
			return -EINVAL;
 8004b4e:	f06f 0015 	mvn.w	r0, #21
 8004b52:	e049      	b.n	8004be8 <pwm_stm32_set_cycles+0xe4>
 8004b54:	460b      	mov	r3, r1
 8004b56:	4a38      	ldr	r2, [pc, #224]	@ (8004c38 <pwm_stm32_set_cycles+0x134>)
 8004b58:	2101      	movs	r1, #1
 8004b5a:	4836      	ldr	r0, [pc, #216]	@ (8004c34 <pwm_stm32_set_cycles+0x130>)
 8004b5c:	f004 fa02 	bl	8008f64 <z_impl_z_log_msg_simple_create_1>
		return -EINVAL;
 8004b60:	f06f 0015 	mvn.w	r0, #21
 8004b64:	e040      	b.n	8004be8 <pwm_stm32_set_cycles+0xe4>
 8004b66:	4613      	mov	r3, r2
 8004b68:	4a34      	ldr	r2, [pc, #208]	@ (8004c3c <pwm_stm32_set_cycles+0x138>)
 8004b6a:	2101      	movs	r1, #1
 8004b6c:	4831      	ldr	r0, [pc, #196]	@ (8004c34 <pwm_stm32_set_cycles+0x130>)
 8004b6e:	f004 f9f9 	bl	8008f64 <z_impl_z_log_msg_simple_create_1>
		return -ENOTSUP;
 8004b72:	f06f 0085 	mvn.w	r0, #133	@ 0x85
 8004b76:	e037      	b.n	8004be8 <pwm_stm32_set_cycles+0xe4>
		negative_ll_channel = 0;
 8004b78:	2500      	movs	r5, #0
 8004b7a:	e7de      	b.n	8004b3a <pwm_stm32_set_cycles+0x36>
		}
		current_ll_channel = negative_ll_channel;
	} else {
		current_ll_channel = ll_channel;
 8004b7c:	4645      	mov	r5, r8
	}

	if (period_cycles == 0u) {
 8004b7e:	2a00      	cmp	r2, #0
 8004b80:	d034      	beq.n	8004bec <pwm_stm32_set_cycles+0xe8>
		LL_TIM_CC_DisableChannel(timer, current_ll_channel);
		return 0;
	}

	if (cfg->countermode == LL_TIM_COUNTERMODE_UP) {
 8004b82:	689b      	ldr	r3, [r3, #8]
 8004b84:	2b00      	cmp	r3, #0
 8004b86:	d137      	bne.n	8004bf8 <pwm_stm32_set_cycles+0xf4>
		/* remove 1 period cycle, accounts for 1 extra low cycle */
		period_cycles -= 1U;
 8004b88:	f102 39ff 	add.w	r9, r2, #4294967295
		period_cycles /= 2U;
	} else {
		return -ENOTSUP;
	}

	LL_TIM_OC_SetPolarity(timer, current_ll_channel, get_polarity(flags));
 8004b8c:	4660      	mov	r0, ip
 8004b8e:	f005 f8ae 	bl	8009cee <get_polarity>
 8004b92:	4602      	mov	r2, r0
 8004b94:	4629      	mov	r1, r5
 8004b96:	4620      	mov	r0, r4
 8004b98:	f7ff ff14 	bl	80049c4 <LL_TIM_OC_SetPolarity>
	set_timer_compare[channel - 1u](timer, pulse_cycles);
 8004b9c:	4b28      	ldr	r3, [pc, #160]	@ (8004c40 <pwm_stm32_set_cycles+0x13c>)
 8004b9e:	f853 3027 	ldr.w	r3, [r3, r7, lsl #2]
 8004ba2:	4631      	mov	r1, r6
 8004ba4:	4620      	mov	r0, r4
 8004ba6:	4798      	blx	r3
  WRITE_REG(TIMx->ARR, AutoReload);
 8004ba8:	f8c4 902c 	str.w	r9, [r4, #44]	@ 0x2c
  return ((READ_BIT(TIMx->CCER, Channels) == (Channels)) ? 1UL : 0UL);
 8004bac:	6a23      	ldr	r3, [r4, #32]
 8004bae:	ea35 0303 	bics.w	r3, r5, r3
 8004bb2:	d034      	beq.n	8004c1e <pwm_stm32_set_cycles+0x11a>
			LL_TIM_SetTriggerInput(timer, LL_TIM_TS_ITR0);
			LL_TIM_DisableMasterSlaveMode(timer);
		}
#endif /* CONFIG_PWM_CAPTURE */

		LL_TIM_OC_SetMode(timer, ll_channel, LL_TIM_OCMODE_PWM1);
 8004bb4:	2260      	movs	r2, #96	@ 0x60
 8004bb6:	4641      	mov	r1, r8
 8004bb8:	4620      	mov	r0, r4
 8004bba:	f7ff fecb 	bl	8004954 <LL_TIM_OC_SetMode>
#ifdef STM32_TIM_OCIDLESTATE_RESET
		LL_TIM_OC_SetIdleState(timer, current_ll_channel, STM32_TIM_OCIDLESTATE_RESET);
 8004bbe:	2200      	movs	r2, #0
 8004bc0:	4629      	mov	r1, r5
 8004bc2:	4620      	mov	r0, r4
 8004bc4:	f7ff ff34 	bl	8004a30 <LL_TIM_OC_SetIdleState>
  SET_BIT(TIMx->CCER, Channels);
 8004bc8:	6a23      	ldr	r3, [r4, #32]
 8004bca:	431d      	orrs	r5, r3
 8004bcc:	6225      	str	r5, [r4, #32]
  SET_BIT(TIMx->CR1, TIM_CR1_ARPE);
 8004bce:	6823      	ldr	r3, [r4, #0]
 8004bd0:	f043 0380 	orr.w	r3, r3, #128	@ 0x80
 8004bd4:	6023      	str	r3, [r4, #0]
#endif
		LL_TIM_CC_EnableChannel(timer, current_ll_channel);
		LL_TIM_EnableARRPreload(timer);
		/* in LL_TIM_OC_EnablePreload, the channel is always the non-complementary */
		LL_TIM_OC_EnablePreload(timer, ll_channel);
 8004bd6:	4641      	mov	r1, r8
 8004bd8:	4620      	mov	r0, r4
 8004bda:	f7ff ff61 	bl	8004aa0 <LL_TIM_OC_EnablePreload>
  * @param  TIMx Timer instance
  * @retval None
  */
__STATIC_INLINE void LL_TIM_GenerateEvent_UPDATE(TIM_TypeDef *TIMx)
{
  SET_BIT(TIMx->EGR, TIM_EGR_UG);
 8004bde:	6963      	ldr	r3, [r4, #20]
 8004be0:	f043 0301 	orr.w	r3, r3, #1
 8004be4:	6163      	str	r3, [r4, #20]
		LL_TIM_GenerateEvent_UPDATE(timer);
	}

	return 0;
 8004be6:	2000      	movs	r0, #0
}
 8004be8:	e8bd 83f8 	ldmia.w	sp!, {r3, r4, r5, r6, r7, r8, r9, pc}
  CLEAR_BIT(TIMx->CCER, Channels);
 8004bec:	6a23      	ldr	r3, [r4, #32]
 8004bee:	ea23 0305 	bic.w	r3, r3, r5
 8004bf2:	6223      	str	r3, [r4, #32]
		return 0;
 8004bf4:	2000      	movs	r0, #0
 8004bf6:	e7f7      	b.n	8004be8 <pwm_stm32_set_cycles+0xe4>
	} else if (cfg->countermode == LL_TIM_COUNTERMODE_DOWN) {
 8004bf8:	2b10      	cmp	r3, #16
 8004bfa:	d008      	beq.n	8004c0e <pwm_stm32_set_cycles+0x10a>
		(ll_countermode == LL_TIM_COUNTERMODE_CENTER_UP) ||
 8004bfc:	2b20      	cmp	r3, #32
 8004bfe:	d00a      	beq.n	8004c16 <pwm_stm32_set_cycles+0x112>
	return ((ll_countermode == LL_TIM_COUNTERMODE_CENTER_DOWN) ||
 8004c00:	2b40      	cmp	r3, #64	@ 0x40
 8004c02:	d008      	beq.n	8004c16 <pwm_stm32_set_cycles+0x112>
		(ll_countermode == LL_TIM_COUNTERMODE_CENTER_UP) ||
 8004c04:	2b60      	cmp	r3, #96	@ 0x60
 8004c06:	d006      	beq.n	8004c16 <pwm_stm32_set_cycles+0x112>
		return -ENOTSUP;
 8004c08:	f06f 0085 	mvn.w	r0, #133	@ 0x85
 8004c0c:	e7ec      	b.n	8004be8 <pwm_stm32_set_cycles+0xe4>
		pulse_cycles -= 1U;
 8004c0e:	3e01      	subs	r6, #1
		period_cycles -= 1U;
 8004c10:	f102 39ff 	add.w	r9, r2, #4294967295
 8004c14:	e7ba      	b.n	8004b8c <pwm_stm32_set_cycles+0x88>
		pulse_cycles /= 2U;
 8004c16:	0876      	lsrs	r6, r6, #1
		period_cycles /= 2U;
 8004c18:	ea4f 0952 	mov.w	r9, r2, lsr #1
 8004c1c:	e7b6      	b.n	8004b8c <pwm_stm32_set_cycles+0x88>
	return 0;
 8004c1e:	2000      	movs	r0, #0
 8004c20:	e7e2      	b.n	8004be8 <pwm_stm32_set_cycles+0xe4>
 8004c22:	bf00      	nop
 8004c24:	40000c00 	.word	0x40000c00
 8004c28:	0800c590 	.word	0x0800c590
 8004c2c:	0800c584 	.word	0x0800c584
 8004c30:	0800bc7c 	.word	0x0800bc7c
 8004c34:	0800af10 	.word	0x0800af10
 8004c38:	0800bc20 	.word	0x0800bc20
 8004c3c:	0800bc38 	.word	0x0800bc38
 8004c40:	0800c574 	.word	0x0800c574

08004c44 <pwm_stm32_init>:
	.disable_capture = pwm_stm32_disable_capture,
#endif /* CONFIG_PWM_CAPTURE */
};

static int pwm_stm32_init(const struct device *dev)
{
 8004c44:	e92d 47f0 	stmdb	sp!, {r4, r5, r6, r7, r8, r9, sl, lr}
 8004c48:	b084      	sub	sp, #16
 8004c4a:	af00      	add	r7, sp, #0
	struct pwm_stm32_data *data = dev->data;
 8004c4c:	f8d0 a010 	ldr.w	sl, [r0, #16]
	const struct pwm_stm32_config *cfg = dev->config;
 8004c50:	6845      	ldr	r5, [r0, #4]
	TIM_TypeDef *timer = cfg->timer;
 8004c52:	682e      	ldr	r6, [r5, #0]
	const struct device *clk = DEVICE_DT_GET(STM32_CLOCK_CONTROL_NODE);
	uint32_t tim_clk;
	int r;

	/* Enable clock and store its speed */
	r = clock_control_on(clk, (clock_control_subsys_t)&cfg->pclken[0]);
 8004c54:	6969      	ldr	r1, [r5, #20]
	const struct clock_control_driver_api *api =
 8004c56:	4bad      	ldr	r3, [pc, #692]	@ (8004f0c <pwm_stm32_init+0x2c8>)
 8004c58:	f8d3 9008 	ldr.w	r9, [r3, #8]
	if (api->on == NULL) {
 8004c5c:	f8d9 3000 	ldr.w	r3, [r9]
 8004c60:	2b00      	cmp	r3, #0
 8004c62:	f000 80a9 	beq.w	8004db8 <pwm_stm32_init+0x174>
 8004c66:	4680      	mov	r8, r0
	return api->on(dev, sys);
 8004c68:	48a8      	ldr	r0, [pc, #672]	@ (8004f0c <pwm_stm32_init+0x2c8>)
 8004c6a:	4798      	blx	r3
	if (r < 0) {
 8004c6c:	1e04      	subs	r4, r0, #0
 8004c6e:	f2c0 80a5 	blt.w	8004dbc <pwm_stm32_init+0x178>
		LOG_ERR("Could not initialize clock (%d)", r);
		return r;
	}

	if (cfg->pclk_len > 1) {
 8004c72:	69ab      	ldr	r3, [r5, #24]
 8004c74:	2b01      	cmp	r3, #1
 8004c76:	f240 80bf 	bls.w	8004df8 <pwm_stm32_init+0x1b4>
		/* Enable Timer clock source */
		r = clock_control_configure(clk, (clock_control_subsys_t)&cfg->pclken[1], NULL);
 8004c7a:	6969      	ldr	r1, [r5, #20]
 8004c7c:	3108      	adds	r1, #8
	if (api->configure == NULL) {
 8004c7e:	f8d9 3018 	ldr.w	r3, [r9, #24]
 8004c82:	2b00      	cmp	r3, #0
 8004c84:	f000 80a5 	beq.w	8004dd2 <pwm_stm32_init+0x18e>
	return api->configure(dev, sys, data);
 8004c88:	2200      	movs	r2, #0
 8004c8a:	48a0      	ldr	r0, [pc, #640]	@ (8004f0c <pwm_stm32_init+0x2c8>)
 8004c8c:	4798      	blx	r3
		if (r != 0) {
 8004c8e:	4604      	mov	r4, r0
 8004c90:	2800      	cmp	r0, #0
 8004c92:	f040 80a0 	bne.w	8004dd6 <pwm_stm32_init+0x192>
			LOG_ERR("Could not configure clock (%d)", r);
			return r;
		}

		r = clock_control_get_rate(clk, (clock_control_subsys_t)&cfg->pclken[1], &tim_clk);
 8004c96:	6969      	ldr	r1, [r5, #20]
 8004c98:	3108      	adds	r1, #8
	if (api->get_rate == NULL) {
 8004c9a:	f8d9 300c 	ldr.w	r3, [r9, #12]
 8004c9e:	2b00      	cmp	r3, #0
 8004ca0:	f000 80a0 	beq.w	8004de4 <pwm_stm32_init+0x1a0>
	return api->get_rate(dev, sys, rate);
 8004ca4:	f107 020c 	add.w	r2, r7, #12
 8004ca8:	4898      	ldr	r0, [pc, #608]	@ (8004f0c <pwm_stm32_init+0x2c8>)
 8004caa:	4798      	blx	r3
		if (r < 0) {
 8004cac:	f1b0 0900 	subs.w	r9, r0, #0
 8004cb0:	f2c0 809a 	blt.w	8004de8 <pwm_stm32_init+0x1a4>
	} else {
		LOG_ERR("Timer clock source is not specified");
		return -EINVAL;
	}

	data->tim_clk = tim_clk;
 8004cb4:	68fb      	ldr	r3, [r7, #12]
 8004cb6:	f8ca 3000 	str.w	r3, [sl]
 *
 * @return a value from reset_line_toggle()
 */
static inline int reset_line_toggle_dt(const struct reset_dt_spec *spec)
{
	return reset_line_toggle(spec->dev, spec->id);
 8004cba:	f8da 1008 	ldr.w	r1, [sl, #8]
 8004cbe:	f8da 0004 	ldr.w	r0, [sl, #4]
 8004cc2:	f005 f80b 	bl	8009cdc <reset_line_toggle>

	/* Reset timer to default state using RCC */
	(void)reset_line_toggle_dt(&data->reset);

	/* configure pinmux */
	r = pinctrl_apply_state(cfg->pcfg, PINCTRL_STATE_DEFAULT);
 8004cc6:	2100      	movs	r1, #0
 8004cc8:	69e8      	ldr	r0, [r5, #28]
 8004cca:	f005 f828 	bl	8009d1e <pinctrl_apply_state>
	if (r < 0) {
 8004cce:	f1b0 0900 	subs.w	r9, r0, #0
 8004cd2:	f2c0 8099 	blt.w	8004e08 <pwm_stm32_init+0x1c4>
		LOG_ERR("PWM pinctrl setup failed (%d)", r);
		return r;
	}

	/* initialize timer */
	LL_TIM_SetPrescaler(timer, cfg->prescaler);
 8004cd6:	686b      	ldr	r3, [r5, #4]
  WRITE_REG(TIMx->PSC, Prescaler);
 8004cd8:	62b3      	str	r3, [r6, #40]	@ 0x28
  WRITE_REG(TIMx->ARR, AutoReload);
 8004cda:	2300      	movs	r3, #0
 8004cdc:	62f3      	str	r3, [r6, #44]	@ 0x2c
	LL_TIM_SetAutoReload(timer, 0U);

	if (IS_TIM_COUNTER_MODE_SELECT_INSTANCE(timer)) {
 8004cde:	4b8c      	ldr	r3, [pc, #560]	@ (8004f10 <pwm_stm32_init+0x2cc>)
 8004ce0:	429e      	cmp	r6, r3
 8004ce2:	d00e      	beq.n	8004d02 <pwm_stm32_init+0xbe>
 8004ce4:	f1b6 4f80 	cmp.w	r6, #1073741824	@ 0x40000000
 8004ce8:	d00b      	beq.n	8004d02 <pwm_stm32_init+0xbe>
 8004cea:	f5a3 437c 	sub.w	r3, r3, #64512	@ 0xfc00
 8004cee:	429e      	cmp	r6, r3
 8004cf0:	d007      	beq.n	8004d02 <pwm_stm32_init+0xbe>
 8004cf2:	f503 6380 	add.w	r3, r3, #1024	@ 0x400
 8004cf6:	429e      	cmp	r6, r3
 8004cf8:	d003      	beq.n	8004d02 <pwm_stm32_init+0xbe>
 8004cfa:	f503 6380 	add.w	r3, r3, #1024	@ 0x400
 8004cfe:	429e      	cmp	r6, r3
 8004d00:	d105      	bne.n	8004d0e <pwm_stm32_init+0xca>
		LL_TIM_SetCounterMode(timer, cfg->countermode);
 8004d02:	68ab      	ldr	r3, [r5, #8]
  MODIFY_REG(TIMx->CR1, (TIM_CR1_DIR | TIM_CR1_CMS), CounterMode);
 8004d04:	6832      	ldr	r2, [r6, #0]
 8004d06:	f022 0270 	bic.w	r2, r2, #112	@ 0x70
 8004d0a:	4313      	orrs	r3, r2
 8004d0c:	6033      	str	r3, [r6, #0]
	}

	if (IS_TIM_CLOCK_DIVISION_INSTANCE(timer)) {
 8004d0e:	4b80      	ldr	r3, [pc, #512]	@ (8004f10 <pwm_stm32_init+0x2cc>)
 8004d10:	429e      	cmp	r6, r3
 8004d12:	d01a      	beq.n	8004d4a <pwm_stm32_init+0x106>
 8004d14:	f1b6 4f80 	cmp.w	r6, #1073741824	@ 0x40000000
 8004d18:	d017      	beq.n	8004d4a <pwm_stm32_init+0x106>
 8004d1a:	f5a3 437c 	sub.w	r3, r3, #64512	@ 0xfc00
 8004d1e:	429e      	cmp	r6, r3
 8004d20:	d013      	beq.n	8004d4a <pwm_stm32_init+0x106>
 8004d22:	f503 6380 	add.w	r3, r3, #1024	@ 0x400
 8004d26:	429e      	cmp	r6, r3
 8004d28:	d00f      	beq.n	8004d4a <pwm_stm32_init+0x106>
 8004d2a:	f503 6380 	add.w	r3, r3, #1024	@ 0x400
 8004d2e:	429e      	cmp	r6, r3
 8004d30:	d00b      	beq.n	8004d4a <pwm_stm32_init+0x106>
 8004d32:	f503 339a 	add.w	r3, r3, #78848	@ 0x13400
 8004d36:	429e      	cmp	r6, r3
 8004d38:	d007      	beq.n	8004d4a <pwm_stm32_init+0x106>
 8004d3a:	f503 6380 	add.w	r3, r3, #1024	@ 0x400
 8004d3e:	429e      	cmp	r6, r3
 8004d40:	d003      	beq.n	8004d4a <pwm_stm32_init+0x106>
 8004d42:	f503 6380 	add.w	r3, r3, #1024	@ 0x400
 8004d46:	429e      	cmp	r6, r3
 8004d48:	d103      	bne.n	8004d52 <pwm_stm32_init+0x10e>
  MODIFY_REG(TIMx->CR1, TIM_CR1_CKD, ClockDivision);
 8004d4a:	6833      	ldr	r3, [r6, #0]
 8004d4c:	f423 7340 	bic.w	r3, r3, #768	@ 0x300
 8004d50:	6033      	str	r3, [r6, #0]
		LL_TIM_SetClockDivision(timer, LL_TIM_CLOCKDIVISION_DIV1);
	}

#ifdef IS_TIM_REPETITION_COUNTER_INSTANCE
	if (IS_TIM_REPETITION_COUNTER_INSTANCE(timer)) {
 8004d52:	4b6f      	ldr	r3, [pc, #444]	@ (8004f10 <pwm_stm32_init+0x2cc>)
 8004d54:	429e      	cmp	r6, r3
 8004d56:	d05f      	beq.n	8004e18 <pwm_stm32_init+0x1d4>
		LL_TIM_SetRepetitionCounter(timer, 0U);
	}
#endif

	if (IS_TIM_MASTER_INSTANCE(timer)) {
 8004d58:	f1b6 4f80 	cmp.w	r6, #1073741824	@ 0x40000000
 8004d5c:	d05e      	beq.n	8004e1c <pwm_stm32_init+0x1d8>
 8004d5e:	4b6d      	ldr	r3, [pc, #436]	@ (8004f14 <pwm_stm32_init+0x2d0>)
 8004d60:	429e      	cmp	r6, r3
 8004d62:	d05b      	beq.n	8004e1c <pwm_stm32_init+0x1d8>
 8004d64:	f503 6380 	add.w	r3, r3, #1024	@ 0x400
 8004d68:	429e      	cmp	r6, r3
 8004d6a:	d057      	beq.n	8004e1c <pwm_stm32_init+0x1d8>
 8004d6c:	f503 6380 	add.w	r3, r3, #1024	@ 0x400
 8004d70:	429e      	cmp	r6, r3
 8004d72:	d053      	beq.n	8004e1c <pwm_stm32_init+0x1d8>
		ll_tim_set_trigger_output(timer, cfg->mastermode);
	} else {
		if (cfg->mastermode != 0) {
 8004d74:	692b      	ldr	r3, [r5, #16]
 8004d76:	2b00      	cmp	r3, #0
 8004d78:	d054      	beq.n	8004e24 <pwm_stm32_init+0x1e0>
			LOG_ERR("%s: Timer does not support mastermode", dev->name);
 8004d7a:	f8d8 1000 	ldr.w	r1, [r8]
 8004d7e:	466d      	mov	r5, sp
 8004d80:	2300      	movs	r3, #0
 8004d82:	723b      	strb	r3, [r7, #8]
 8004d84:	2302      	movs	r3, #2
 8004d86:	727b      	strb	r3, [r7, #9]
 8004d88:	b088      	sub	sp, #32
 8004d8a:	466b      	mov	r3, sp
 8004d8c:	f113 0210 	adds.w	r2, r3, #16
 8004d90:	d053      	beq.n	8004e3a <pwm_stm32_init+0x1f6>
 8004d92:	200e      	movs	r0, #14
 8004d94:	b11a      	cbz	r2, 8004d9e <pwm_stm32_init+0x15a>
 8004d96:	2804      	cmp	r0, #4
 8004d98:	dd01      	ble.n	8004d9e <pwm_stm32_init+0x15a>
 8004d9a:	4c5f      	ldr	r4, [pc, #380]	@ (8004f18 <pwm_stm32_init+0x2d4>)
 8004d9c:	615c      	str	r4, [r3, #20]
 8004d9e:	2400      	movs	r4, #0
 8004da0:	713c      	strb	r4, [r7, #4]
 8004da2:	2402      	movs	r4, #2
 8004da4:	717c      	strb	r4, [r7, #5]
 8004da6:	2a00      	cmp	r2, #0
 8004da8:	d054      	beq.n	8004e54 <pwm_stm32_init+0x210>
 8004daa:	2808      	cmp	r0, #8
 8004dac:	dd00      	ble.n	8004db0 <pwm_stm32_init+0x16c>
 8004dae:	6199      	str	r1, [r3, #24]
 8004db0:	f103 011c 	add.w	r1, r3, #28
 8004db4:	2400      	movs	r4, #0
 8004db6:	e04b      	b.n	8004e50 <pwm_stm32_init+0x20c>
		return -ENOSYS;
 8004db8:	f06f 0457 	mvn.w	r4, #87	@ 0x57
 8004dbc:	4623      	mov	r3, r4
 8004dbe:	4a57      	ldr	r2, [pc, #348]	@ (8004f1c <pwm_stm32_init+0x2d8>)
 8004dc0:	2101      	movs	r1, #1
 8004dc2:	4857      	ldr	r0, [pc, #348]	@ (8004f20 <pwm_stm32_init+0x2dc>)
 8004dc4:	f004 f8ce 	bl	8008f64 <z_impl_z_log_msg_simple_create_1>
#ifdef CONFIG_PWM_CAPTURE
	cfg->irq_config_func(dev);
#endif /* CONFIG_PWM_CAPTURE */

	return 0;
}
 8004dc8:	4620      	mov	r0, r4
 8004dca:	3710      	adds	r7, #16
 8004dcc:	46bd      	mov	sp, r7
 8004dce:	e8bd 87f0 	ldmia.w	sp!, {r4, r5, r6, r7, r8, r9, sl, pc}
		return -ENOSYS;
 8004dd2:	f06f 0457 	mvn.w	r4, #87	@ 0x57
 8004dd6:	4623      	mov	r3, r4
 8004dd8:	4a52      	ldr	r2, [pc, #328]	@ (8004f24 <pwm_stm32_init+0x2e0>)
 8004dda:	2101      	movs	r1, #1
 8004ddc:	4850      	ldr	r0, [pc, #320]	@ (8004f20 <pwm_stm32_init+0x2dc>)
 8004dde:	f004 f8c1 	bl	8008f64 <z_impl_z_log_msg_simple_create_1>
			return r;
 8004de2:	e7f1      	b.n	8004dc8 <pwm_stm32_init+0x184>
		return -ENOSYS;
 8004de4:	f06f 0957 	mvn.w	r9, #87	@ 0x57
 8004de8:	464b      	mov	r3, r9
 8004dea:	4a4f      	ldr	r2, [pc, #316]	@ (8004f28 <pwm_stm32_init+0x2e4>)
 8004dec:	2101      	movs	r1, #1
 8004dee:	484c      	ldr	r0, [pc, #304]	@ (8004f20 <pwm_stm32_init+0x2dc>)
 8004df0:	f004 f8b8 	bl	8008f64 <z_impl_z_log_msg_simple_create_1>
			return r;
 8004df4:	464c      	mov	r4, r9
 8004df6:	e7e7      	b.n	8004dc8 <pwm_stm32_init+0x184>
	z_impl_z_log_msg_simple_create_0(source, level, fmt);
 8004df8:	4a4c      	ldr	r2, [pc, #304]	@ (8004f2c <pwm_stm32_init+0x2e8>)
 8004dfa:	2101      	movs	r1, #1
 8004dfc:	4848      	ldr	r0, [pc, #288]	@ (8004f20 <pwm_stm32_init+0x2dc>)
 8004dfe:	f004 f8a7 	bl	8008f50 <z_impl_z_log_msg_simple_create_0>
		return -EINVAL;
 8004e02:	f06f 0415 	mvn.w	r4, #21
 8004e06:	e7df      	b.n	8004dc8 <pwm_stm32_init+0x184>
	z_impl_z_log_msg_simple_create_1(source, level, fmt, arg);
 8004e08:	464b      	mov	r3, r9
 8004e0a:	4a49      	ldr	r2, [pc, #292]	@ (8004f30 <pwm_stm32_init+0x2ec>)
 8004e0c:	2101      	movs	r1, #1
 8004e0e:	4844      	ldr	r0, [pc, #272]	@ (8004f20 <pwm_stm32_init+0x2dc>)
 8004e10:	f004 f8a8 	bl	8008f64 <z_impl_z_log_msg_simple_create_1>
		return r;
 8004e14:	464c      	mov	r4, r9
 8004e16:	e7d7      	b.n	8004dc8 <pwm_stm32_init+0x184>
  WRITE_REG(TIMx->RCR, RepetitionCounter);
 8004e18:	2300      	movs	r3, #0
 8004e1a:	6333      	str	r3, [r6, #48]	@ 0x30
		ll_tim_set_trigger_output(timer, cfg->mastermode);
 8004e1c:	6929      	ldr	r1, [r5, #16]
 8004e1e:	4630      	mov	r0, r6
 8004e20:	f004 ff6c 	bl	8009cfc <ll_tim_set_trigger_output>
	if (IS_TIM_BREAK_INSTANCE(timer)) {
 8004e24:	4b3a      	ldr	r3, [pc, #232]	@ (8004f10 <pwm_stm32_init+0x2cc>)
 8004e26:	429e      	cmp	r6, r3
 8004e28:	d03e      	beq.n	8004ea8 <pwm_stm32_init+0x264>
	} else if (cfg->deadtime != 0) {
 8004e2a:	68eb      	ldr	r3, [r5, #12]
 8004e2c:	2b00      	cmp	r3, #0
 8004e2e:	d146      	bne.n	8004ebe <pwm_stm32_init+0x27a>
  SET_BIT(TIMx->CR1, TIM_CR1_CEN);
 8004e30:	6833      	ldr	r3, [r6, #0]
 8004e32:	f043 0301 	orr.w	r3, r3, #1
 8004e36:	6033      	str	r3, [r6, #0]
	return 0;
 8004e38:	e7c6      	b.n	8004dc8 <pwm_stm32_init+0x184>
			LOG_ERR("%s: Timer does not support mastermode", dev->name);
 8004e3a:	f06f 4000 	mvn.w	r0, #2147483648	@ 0x80000000
 8004e3e:	e7a9      	b.n	8004d94 <pwm_stm32_init+0x150>
 8004e40:	f104 0610 	add.w	r6, r4, #16
 8004e44:	443e      	add	r6, r7
 8004e46:	f816 6c0c 	ldrb.w	r6, [r6, #-12]
 8004e4a:	f801 6b01 	strb.w	r6, [r1], #1
 8004e4e:	3401      	adds	r4, #1
 8004e50:	2c01      	cmp	r4, #1
 8004e52:	d9f5      	bls.n	8004e40 <pwm_stm32_init+0x1fc>
 8004e54:	280d      	cmp	r0, #13
 8004e56:	dd24      	ble.n	8004ea2 <pwm_stm32_init+0x25e>
 8004e58:	240e      	movs	r4, #14
 8004e5a:	b142      	cbz	r2, 8004e6e <pwm_stm32_init+0x22a>
 8004e5c:	2103      	movs	r1, #3
 8004e5e:	7239      	strb	r1, [r7, #8]
 8004e60:	2100      	movs	r1, #0
 8004e62:	7279      	strb	r1, [r7, #9]
 8004e64:	72b9      	strb	r1, [r7, #10]
 8004e66:	2101      	movs	r1, #1
 8004e68:	72f9      	strb	r1, [r7, #11]
 8004e6a:	68b8      	ldr	r0, [r7, #8]
 8004e6c:	6118      	str	r0, [r3, #16]
 8004e6e:	2100      	movs	r1, #0
 8004e70:	f021 0101 	bic.w	r1, r1, #1
 8004e74:	f021 0102 	bic.w	r1, r1, #2
 8004e78:	f021 0104 	bic.w	r1, r1, #4
 8004e7c:	f021 0138 	bic.w	r1, r1, #56	@ 0x38
 8004e80:	2301      	movs	r3, #1
 8004e82:	f363 1188 	bfi	r1, r3, #6, #3
 8004e86:	f3c4 040a 	ubfx	r4, r4, #0, #11
 8004e8a:	f364 2153 	bfi	r1, r4, #9, #11
 8004e8e:	f3c1 0113 	ubfx	r1, r1, #0, #20
	z_impl_z_log_msg_static_create(source, desc, package, data);
 8004e92:	2300      	movs	r3, #0
 8004e94:	4822      	ldr	r0, [pc, #136]	@ (8004f20 <pwm_stm32_init+0x2dc>)
 8004e96:	f7fd fd35 	bl	8002904 <z_impl_z_log_msg_static_create>
 8004e9a:	46ad      	mov	sp, r5
			return -ENOTSUP;
 8004e9c:	f06f 0485 	mvn.w	r4, #133	@ 0x85
 8004ea0:	e792      	b.n	8004dc8 <pwm_stm32_init+0x184>
			LOG_ERR("%s: Timer does not support mastermode", dev->name);
 8004ea2:	f06f 041b 	mvn.w	r4, #27
 8004ea6:	e7d8      	b.n	8004e5a <pwm_stm32_init+0x216>
		LL_TIM_OC_SetDeadTime(timer, cfg->deadtime);
 8004ea8:	68eb      	ldr	r3, [r5, #12]
  MODIFY_REG(TIMx->BDTR, TIM_BDTR_DTG, DeadTime);
 8004eaa:	6c72      	ldr	r2, [r6, #68]	@ 0x44
 8004eac:	f022 02ff 	bic.w	r2, r2, #255	@ 0xff
 8004eb0:	4313      	orrs	r3, r2
 8004eb2:	6473      	str	r3, [r6, #68]	@ 0x44
  SET_BIT(TIMx->BDTR, TIM_BDTR_MOE);
 8004eb4:	6c73      	ldr	r3, [r6, #68]	@ 0x44
 8004eb6:	f443 4300 	orr.w	r3, r3, #32768	@ 0x8000
 8004eba:	6473      	str	r3, [r6, #68]	@ 0x44
}
 8004ebc:	e7b8      	b.n	8004e30 <pwm_stm32_init+0x1ec>
		LOG_ERR("Setting deadtime %d on a non-break timer %s",
 8004ebe:	f8d8 1000 	ldr.w	r1, [r8]
 8004ec2:	466d      	mov	r5, sp
 8004ec4:	2201      	movs	r2, #1
 8004ec6:	723a      	strb	r2, [r7, #8]
 8004ec8:	2203      	movs	r2, #3
 8004eca:	727a      	strb	r2, [r7, #9]
 8004ecc:	b08a      	sub	sp, #40	@ 0x28
 8004ece:	466c      	mov	r4, sp
 8004ed0:	f114 0210 	adds.w	r2, r4, #16
 8004ed4:	d017      	beq.n	8004f06 <pwm_stm32_init+0x2c2>
 8004ed6:	2012      	movs	r0, #18
 8004ed8:	b14a      	cbz	r2, 8004eee <pwm_stm32_init+0x2aa>
 8004eda:	4606      	mov	r6, r0
 8004edc:	2804      	cmp	r0, #4
 8004ede:	dd03      	ble.n	8004ee8 <pwm_stm32_init+0x2a4>
 8004ee0:	f8df c050 	ldr.w	ip, [pc, #80]	@ 8004f34 <pwm_stm32_init+0x2f0>
 8004ee4:	f8c4 c014 	str.w	ip, [r4, #20]
 8004ee8:	2e08      	cmp	r6, #8
 8004eea:	dd00      	ble.n	8004eee <pwm_stm32_init+0x2aa>
 8004eec:	61a3      	str	r3, [r4, #24]
 8004eee:	2301      	movs	r3, #1
 8004ef0:	713b      	strb	r3, [r7, #4]
 8004ef2:	2303      	movs	r3, #3
 8004ef4:	717b      	strb	r3, [r7, #5]
 8004ef6:	b34a      	cbz	r2, 8004f4c <pwm_stm32_init+0x308>
 8004ef8:	280c      	cmp	r0, #12
 8004efa:	dd00      	ble.n	8004efe <pwm_stm32_init+0x2ba>
 8004efc:	61e1      	str	r1, [r4, #28]
 8004efe:	f104 0320 	add.w	r3, r4, #32
 8004f02:	2100      	movs	r1, #0
 8004f04:	e020      	b.n	8004f48 <pwm_stm32_init+0x304>
 8004f06:	f06f 4000 	mvn.w	r0, #2147483648	@ 0x80000000
 8004f0a:	e7e5      	b.n	8004ed8 <pwm_stm32_init+0x294>
 8004f0c:	0800a774 	.word	0x0800a774
 8004f10:	40010000 	.word	0x40010000
 8004f14:	40000400 	.word	0x40000400
 8004f18:	0800bd48 	.word	0x0800bd48
 8004f1c:	0800bca4 	.word	0x0800bca4
 8004f20:	0800af10 	.word	0x0800af10
 8004f24:	0800bcc4 	.word	0x0800bcc4
 8004f28:	0800bce4 	.word	0x0800bce4
 8004f2c:	0800bd04 	.word	0x0800bd04
 8004f30:	0800bd28 	.word	0x0800bd28
 8004f34:	0800bd70 	.word	0x0800bd70
 8004f38:	f101 0610 	add.w	r6, r1, #16
 8004f3c:	443e      	add	r6, r7
 8004f3e:	f816 6c0c 	ldrb.w	r6, [r6, #-12]
 8004f42:	f803 6b01 	strb.w	r6, [r3], #1
 8004f46:	3101      	adds	r1, #1
 8004f48:	2901      	cmp	r1, #1
 8004f4a:	d9f5      	bls.n	8004f38 <pwm_stm32_init+0x2f4>
 8004f4c:	2811      	cmp	r0, #17
 8004f4e:	dd24      	ble.n	8004f9a <pwm_stm32_init+0x356>
 8004f50:	2312      	movs	r3, #18
 8004f52:	b142      	cbz	r2, 8004f66 <pwm_stm32_init+0x322>
 8004f54:	2104      	movs	r1, #4
 8004f56:	7239      	strb	r1, [r7, #8]
 8004f58:	2100      	movs	r1, #0
 8004f5a:	7279      	strb	r1, [r7, #9]
 8004f5c:	72b9      	strb	r1, [r7, #10]
 8004f5e:	2101      	movs	r1, #1
 8004f60:	72f9      	strb	r1, [r7, #11]
 8004f62:	68b8      	ldr	r0, [r7, #8]
 8004f64:	6120      	str	r0, [r4, #16]
 8004f66:	2100      	movs	r1, #0
 8004f68:	f021 0101 	bic.w	r1, r1, #1
 8004f6c:	f021 0102 	bic.w	r1, r1, #2
 8004f70:	f021 0104 	bic.w	r1, r1, #4
 8004f74:	f021 0138 	bic.w	r1, r1, #56	@ 0x38
 8004f78:	2001      	movs	r0, #1
 8004f7a:	f360 1188 	bfi	r1, r0, #6, #3
 8004f7e:	f3c3 030a 	ubfx	r3, r3, #0, #11
 8004f82:	f363 2153 	bfi	r1, r3, #9, #11
 8004f86:	f3c1 0113 	ubfx	r1, r1, #0, #20
 8004f8a:	2300      	movs	r3, #0
 8004f8c:	4804      	ldr	r0, [pc, #16]	@ (8004fa0 <pwm_stm32_init+0x35c>)
 8004f8e:	f7fd fcb9 	bl	8002904 <z_impl_z_log_msg_static_create>
 8004f92:	46ad      	mov	sp, r5
		return -ENOTSUP;
 8004f94:	f06f 0485 	mvn.w	r4, #133	@ 0x85
 8004f98:	e716      	b.n	8004dc8 <pwm_stm32_init+0x184>
		LOG_ERR("Setting deadtime %d on a non-break timer %s",
 8004f9a:	f06f 031b 	mvn.w	r3, #27
 8004f9e:	e7d8      	b.n	8004f52 <pwm_stm32_init+0x30e>
 8004fa0:	0800af10 	.word	0x0800af10

08004fa4 <rtc_stm32_get_time>:

	return err;
}

static int rtc_stm32_get_time(const struct device *dev, struct rtc_time *timeptr)
{
 8004fa4:	e92d 43f8 	stmdb	sp!, {r3, r4, r5, r6, r7, r8, r9, lr}
	struct rtc_stm32_data *data = dev->data;

	uint32_t rtc_date, rtc_time;

#if HW_SUBSECOND_SUPPORT
	const struct rtc_stm32_config *cfg = dev->config;
 8004fa8:	f8d0 8004 	ldr.w	r8, [r0, #4]
	uint32_t rtc_subsecond;
#endif /* HW_SUBSECOND_SUPPORT */

	if (timeptr == NULL) {
 8004fac:	b1a9      	cbz	r1, 8004fda <rtc_stm32_get_time+0x36>
 8004fae:	460f      	mov	r7, r1
  __ASM volatile ("MRS %0, basepri" : "=r" (result) );
 8004fb0:	f3ef 8311 	mrs	r3, BASEPRI
  __ASM volatile ("MSR basepri_max, %0" : : "r" (basePri) : "memory");
 8004fb4:	2210      	movs	r2, #16
 8004fb6:	f382 8812 	msr	BASEPRI_MAX, r2
  __ASM volatile ("isb 0xF":::"memory");
 8004fba:	f3bf 8f6f 	isb	sy
	}
#endif /* CONFIG_TICKET_SPINLOCKS */
#endif /* CONFIG_SMP */
	z_spinlock_validate_post(l);

	return k;
 8004fbe:	4699      	mov	r9, r3
  * @param  RTCx RTC Instance
  * @retval State of bit (1 or 0).
  */
__STATIC_INLINE uint32_t LL_RTC_IsActiveFlag_INITS(RTC_TypeDef *RTCx)
{
  return ((READ_BIT(RTCx->ISR, RTC_ISR_INITS) == (RTC_ISR_INITS)) ? 1UL : 0UL);
 8004fc0:	4a49      	ldr	r2, [pc, #292]	@ (80050e8 <rtc_stm32_get_time+0x144>)
 8004fc2:	68d2      	ldr	r2, [r2, #12]
 8004fc4:	f012 0f10 	tst.w	r2, #16
 8004fc8:	d10f      	bne.n	8004fea <rtc_stm32_get_time+0x46>
  __ASM volatile ("MSR basepri, %0" : : "r" (basePri) : "memory");
 8004fca:	f383 8811 	msr	BASEPRI, r3
 8004fce:	f3bf 8f6f 	isb	sy
		/* INITS flag is set when the calendar has been initialized. This flag is
		 * reset only on backup domain reset, so it can be read after a system
		 * reset to check if the calendar has been initialized.
		 */
		k_spin_unlock(&data->lock, key);
		return -ENODATA;
 8004fd2:	f06f 003c 	mvn.w	r0, #60	@ 0x3c
		timeptr->tm_hour,
		timeptr->tm_min,
		timeptr->tm_sec);

	return 0;
}
 8004fd6:	e8bd 83f8 	ldmia.w	sp!, {r3, r4, r5, r6, r7, r8, r9, pc}
	z_impl_z_log_msg_simple_create_0(source, level, fmt);
 8004fda:	4a44      	ldr	r2, [pc, #272]	@ (80050ec <rtc_stm32_get_time+0x148>)
 8004fdc:	2101      	movs	r1, #1
 8004fde:	4844      	ldr	r0, [pc, #272]	@ (80050f0 <rtc_stm32_get_time+0x14c>)
 8004fe0:	f003 ffb6 	bl	8008f50 <z_impl_z_log_msg_simple_create_0>
		return -EINVAL;
 8004fe4:	f06f 0015 	mvn.w	r0, #21
 8004fe8:	e7f5      	b.n	8004fd6 <rtc_stm32_get_time+0x32>
		rtc_date = LL_RTC_DATE_Get(STM32_ARG(RTC));
 8004fea:	483f      	ldr	r0, [pc, #252]	@ (80050e8 <rtc_stm32_get_time+0x144>)
 8004fec:	f004 fee2 	bl	8009db4 <LL_RTC_DATE_Get>
 8004ff0:	4606      	mov	r6, r0
  return (uint32_t)(READ_BIT(RTCx->TR, (RTC_TR_HT | RTC_TR_HU | RTC_TR_MNT | RTC_TR_MNU | RTC_TR_ST | RTC_TR_SU)));
 8004ff2:	4b3d      	ldr	r3, [pc, #244]	@ (80050e8 <rtc_stm32_get_time+0x144>)
 8004ff4:	681d      	ldr	r5, [r3, #0]
 8004ff6:	f025 457f 	bic.w	r5, r5, #4278190080	@ 0xff000000
 8004ffa:	f425 0540 	bic.w	r5, r5, #12582912	@ 0xc00000
 8004ffe:	f425 4500 	bic.w	r5, r5, #32768	@ 0x8000
 8005002:	f025 0580 	bic.w	r5, r5, #128	@ 0x80
  return (uint32_t)(READ_BIT(RTCx->SSR, RTC_SSR_SS));
 8005006:	4b38      	ldr	r3, [pc, #224]	@ (80050e8 <rtc_stm32_get_time+0x144>)
 8005008:	6a9c      	ldr	r4, [r3, #40]	@ 0x28
 800500a:	b2a4      	uxth	r4, r4
 800500c:	6a9b      	ldr	r3, [r3, #40]	@ 0x28
 800500e:	b29b      	uxth	r3, r3
			} while (rtc_subsecond != LL_RTC_TIME_GetSubSecond(STM32_ARG(RTC)));
 8005010:	429c      	cmp	r4, r3
 8005012:	d1f8      	bne.n	8005006 <rtc_stm32_get_time+0x62>
  return (uint32_t)(READ_BIT(RTCx->TR, (RTC_TR_HT | RTC_TR_HU | RTC_TR_MNT | RTC_TR_MNU | RTC_TR_ST | RTC_TR_SU)));
 8005014:	4b34      	ldr	r3, [pc, #208]	@ (80050e8 <rtc_stm32_get_time+0x144>)
 8005016:	681b      	ldr	r3, [r3, #0]
 8005018:	f023 437f 	bic.w	r3, r3, #4278190080	@ 0xff000000
 800501c:	f423 0340 	bic.w	r3, r3, #12582912	@ 0xc00000
 8005020:	f423 4300 	bic.w	r3, r3, #32768	@ 0x8000
 8005024:	f023 0380 	bic.w	r3, r3, #128	@ 0x80
		} while (rtc_time != LL_RTC_TIME_Get(STM32_ARG(RTC)));
 8005028:	42ab      	cmp	r3, r5
 800502a:	d1e2      	bne.n	8004ff2 <rtc_stm32_get_time+0x4e>
	} while (rtc_date != LL_RTC_DATE_Get(STM32_ARG(RTC)));
 800502c:	482e      	ldr	r0, [pc, #184]	@ (80050e8 <rtc_stm32_get_time+0x144>)
 800502e:	f004 fec1 	bl	8009db4 <LL_RTC_DATE_Get>
 8005032:	42b0      	cmp	r0, r6
 8005034:	d1d9      	bne.n	8004fea <rtc_stm32_get_time+0x46>
 8005036:	f389 8811 	msr	BASEPRI, r9
 800503a:	f3bf 8f6f 	isb	sy
 *
 * @return Binary representation of input value.
 */
static inline uint8_t bcd2bin(uint8_t bcd)
{
	return ((10 * (bcd >> 4)) + (bcd & 0x0F));
 800503e:	f006 030f 	and.w	r3, r6, #15
 8005042:	f3c6 1203 	ubfx	r2, r6, #4, #4
 8005046:	eb02 0282 	add.w	r2, r2, r2, lsl #2
 800504a:	eb03 0342 	add.w	r3, r3, r2, lsl #1
 800504e:	b2db      	uxtb	r3, r3
	timeptr->tm_year = bcd2bin(STM32_RTC_LL_GET_YEAR(rtc_date)) + (RTC_YEAR_REF - TM_YEAR_REF);
 8005050:	3364      	adds	r3, #100	@ 0x64
 8005052:	617b      	str	r3, [r7, #20]
 8005054:	f3c6 2303 	ubfx	r3, r6, #8, #4
 8005058:	f3c6 3203 	ubfx	r2, r6, #12, #4
 800505c:	eb02 0282 	add.w	r2, r2, r2, lsl #2
 8005060:	eb03 0342 	add.w	r3, r3, r2, lsl #1
 8005064:	b2db      	uxtb	r3, r3
	timeptr->tm_mon = bcd2bin(STM32_RTC_LL_GET_MONTH(rtc_date)) - 1;
 8005066:	3b01      	subs	r3, #1
 8005068:	613b      	str	r3, [r7, #16]
 800506a:	f3c6 4303 	ubfx	r3, r6, #16, #4
 800506e:	f3c6 5203 	ubfx	r2, r6, #20, #4
 8005072:	eb02 0282 	add.w	r2, r2, r2, lsl #2
 8005076:	eb03 0342 	add.w	r3, r3, r2, lsl #1
 800507a:	b2db      	uxtb	r3, r3
	timeptr->tm_mday = bcd2bin(STM32_RTC_LL_GET_DAY(rtc_date));
 800507c:	60fb      	str	r3, [r7, #12]
	int hw_wday = STM32_RTC_LL_GET_WEEKDAY(rtc_date);
 800507e:	0e36      	lsrs	r6, r6, #24
	if (hw_wday == LL_RTC_WEEKDAY_SUNDAY) {
 8005080:	2e07      	cmp	r6, #7
 8005082:	d02e      	beq.n	80050e2 <rtc_stm32_get_time+0x13e>
		timeptr->tm_wday = hw_wday;
 8005084:	61be      	str	r6, [r7, #24]
 8005086:	f3c5 4203 	ubfx	r2, r5, #16, #4
 800508a:	0d2b      	lsrs	r3, r5, #20
 800508c:	eb03 0383 	add.w	r3, r3, r3, lsl #2
 8005090:	eb02 0343 	add.w	r3, r2, r3, lsl #1
	timeptr->tm_hour = bcd2bin(STM32_RTC_LL_GET_HOUR(rtc_time));
 8005094:	60bb      	str	r3, [r7, #8]
 8005096:	f3c5 2303 	ubfx	r3, r5, #8, #4
 800509a:	f3c5 3202 	ubfx	r2, r5, #12, #3
 800509e:	eb02 0282 	add.w	r2, r2, r2, lsl #2
 80050a2:	eb03 0342 	add.w	r3, r3, r2, lsl #1
 80050a6:	b2db      	uxtb	r3, r3
	timeptr->tm_min = bcd2bin(STM32_RTC_LL_GET_MINUTE(rtc_time));
 80050a8:	607b      	str	r3, [r7, #4]
 80050aa:	f005 030f 	and.w	r3, r5, #15
 80050ae:	f3c5 1502 	ubfx	r5, r5, #4, #3
 80050b2:	eb05 0585 	add.w	r5, r5, r5, lsl #2
 80050b6:	eb03 0345 	add.w	r3, r3, r5, lsl #1
 80050ba:	b2db      	uxtb	r3, r3
	timeptr->tm_sec = bcd2bin(STM32_RTC_LL_GET_SECOND(rtc_time));
 80050bc:	603b      	str	r3, [r7, #0]
	uint64_t temp = ((uint64_t)(cfg->sync_prescaler - rtc_subsecond)) * 1000000000L;
 80050be:	f8d8 2004 	ldr.w	r2, [r8, #4]
 80050c2:	1b14      	subs	r4, r2, r4
 80050c4:	2500      	movs	r5, #0
 80050c6:	480b      	ldr	r0, [pc, #44]	@ (80050f4 <rtc_stm32_get_time+0x150>)
	timeptr->tm_nsec = temp / (cfg->sync_prescaler + 1);
 80050c8:	3201      	adds	r2, #1
 80050ca:	462b      	mov	r3, r5
 80050cc:	fba4 0100 	umull	r0, r1, r4, r0
 80050d0:	f7fb fb44 	bl	800075c <__aeabi_uldivmod>
 80050d4:	6278      	str	r0, [r7, #36]	@ 0x24
	timeptr->tm_yday  = -1;
 80050d6:	f04f 33ff 	mov.w	r3, #4294967295
 80050da:	61fb      	str	r3, [r7, #28]
	timeptr->tm_isdst = -1;
 80050dc:	623b      	str	r3, [r7, #32]
	return 0;
 80050de:	4628      	mov	r0, r5
 80050e0:	e779      	b.n	8004fd6 <rtc_stm32_get_time+0x32>
		timeptr->tm_wday = 0;
 80050e2:	2300      	movs	r3, #0
 80050e4:	61bb      	str	r3, [r7, #24]
 80050e6:	e7ce      	b.n	8005086 <rtc_stm32_get_time+0xe2>
 80050e8:	40002800 	.word	0x40002800
 80050ec:	0800bdc0 	.word	0x0800bdc0
 80050f0:	0800af18 	.word	0x0800af18
 80050f4:	3b9aca00 	.word	0x3b9aca00

080050f8 <rtc_stm32_enter_init_mode>:
{
 80050f8:	b538      	push	{r3, r4, r5, lr}
  return ((READ_BIT(RTCx->ISR, RTC_ISR_INITF) == (RTC_ISR_INITF)) ? 1UL : 0UL);
 80050fa:	4b10      	ldr	r3, [pc, #64]	@ (800513c <rtc_stm32_enter_init_mode+0x44>)
 80050fc:	68db      	ldr	r3, [r3, #12]
 80050fe:	f013 0f40 	tst.w	r3, #64	@ 0x40
 8005102:	d116      	bne.n	8005132 <rtc_stm32_enter_init_mode+0x3a>
  WRITE_REG(RTCx->ISR, RTC_INIT_MASK);
 8005104:	4b0d      	ldr	r3, [pc, #52]	@ (800513c <rtc_stm32_enter_init_mode+0x44>)
 8005106:	f04f 32ff 	mov.w	r2, #4294967295
 800510a:	60da      	str	r2, [r3, #12]
#ifndef _ASMLANGUAGE
extern uint32_t sys_clock_cycle_get_32(void);

static inline uint32_t arch_k_cycle_get_32(void)
{
	return sys_clock_cycle_get_32();
 800510c:	f000 fc90 	bl	8005a30 <sys_clock_cycle_get_32>
 8005110:	4605      	mov	r5, r0
  return ((READ_BIT(RTCx->ISR, RTC_ISR_INITF) == (RTC_ISR_INITF)) ? 1UL : 0UL);
 8005112:	4b0a      	ldr	r3, [pc, #40]	@ (800513c <rtc_stm32_enter_init_mode+0x44>)
 8005114:	68dc      	ldr	r4, [r3, #12]
 8005116:	f014 0440 	ands.w	r4, r4, #64	@ 0x40
 800511a:	d106      	bne.n	800512a <rtc_stm32_enter_init_mode+0x32>
 800511c:	f000 fc88 	bl	8005a30 <sys_clock_cycle_get_32>
		if (!WAIT_FOR(LL_RTC_IsActiveFlag_INIT(STM32_ARG(RTC)), RTC_TIMEOUT, NULL)) {
 8005120:	1b40      	subs	r0, r0, r5
 8005122:	4b07      	ldr	r3, [pc, #28]	@ (8005140 <rtc_stm32_enter_init_mode+0x48>)
 8005124:	4298      	cmp	r0, r3
 8005126:	d9f4      	bls.n	8005112 <rtc_stm32_enter_init_mode+0x1a>
 8005128:	e000      	b.n	800512c <rtc_stm32_enter_init_mode+0x34>
 800512a:	2401      	movs	r4, #1
 800512c:	b11c      	cbz	r4, 8005136 <rtc_stm32_enter_init_mode+0x3e>
	int status = 0;
 800512e:	2000      	movs	r0, #0
 8005130:	e000      	b.n	8005134 <rtc_stm32_enter_init_mode+0x3c>
 8005132:	2000      	movs	r0, #0
}
 8005134:	bd38      	pop	{r3, r4, r5, pc}
			status = -ETIMEDOUT;
 8005136:	f06f 0073 	mvn.w	r0, #115	@ 0x73
	return status;
 800513a:	e7fb      	b.n	8005134 <rtc_stm32_enter_init_mode+0x3c>
 800513c:	40002800 	.word	0x40002800
 8005140:	0001481f 	.word	0x0001481f

08005144 <rtc_stm32_set_time>:
{
 8005144:	e92d 4ff0 	stmdb	sp!, {r4, r5, r6, r7, r8, r9, sl, fp, lr}
 8005148:	b083      	sub	sp, #12
	uint32_t real_year = timeptr->tm_year + TM_YEAR_REF;
 800514a:	694b      	ldr	r3, [r1, #20]
 800514c:	f203 736c 	addw	r3, r3, #1900	@ 0x76c
	if (real_year < RTC_YEAR_REF) {
 8005150:	f5b3 6ffa 	cmp.w	r3, #2000	@ 0x7d0
 8005154:	f0c0 8096 	bcc.w	8005284 <rtc_stm32_set_time+0x140>
	if (timeptr->tm_wday == -1) {
 8005158:	6988      	ldr	r0, [r1, #24]
 800515a:	f1b0 3fff 	cmp.w	r0, #4294967295
 800515e:	f000 8094 	beq.w	800528a <rtc_stm32_set_time+0x146>
	uint32_t hours = bin2bcd(timeptr->tm_hour);
 8005162:	f891 9008 	ldrb.w	r9, [r1, #8]
 *
 * @return BCD 8421 representation of input value.
 */
static inline uint8_t bin2bcd(uint8_t bin)
{
	return (((bin / 10) << 4) | (bin % 10));
 8005166:	4a4a      	ldr	r2, [pc, #296]	@ (8005290 <rtc_stm32_set_time+0x14c>)
 8005168:	fba2 5409 	umull	r5, r4, r2, r9
 800516c:	08e5      	lsrs	r5, r4, #3
 800516e:	462c      	mov	r4, r5
 8005170:	eb05 0585 	add.w	r5, r5, r5, lsl #2
 8005174:	eba9 0945 	sub.w	r9, r9, r5, lsl #1
 8005178:	ea49 1904 	orr.w	r9, r9, r4, lsl #4
 800517c:	fa5f f989 	uxtb.w	r9, r9
	uint32_t minutes = bin2bcd(timeptr->tm_min);
 8005180:	790e      	ldrb	r6, [r1, #4]
 8005182:	fba2 5406 	umull	r5, r4, r2, r6
 8005186:	08e5      	lsrs	r5, r4, #3
 8005188:	462c      	mov	r4, r5
 800518a:	eb05 0585 	add.w	r5, r5, r5, lsl #2
 800518e:	eba6 0645 	sub.w	r6, r6, r5, lsl #1
 8005192:	ea46 1604 	orr.w	r6, r6, r4, lsl #4
 8005196:	b2f6      	uxtb	r6, r6
	uint32_t seconds = bin2bcd(timeptr->tm_sec);
 8005198:	f891 8000 	ldrb.w	r8, [r1]
 800519c:	fba2 5408 	umull	r5, r4, r2, r8
 80051a0:	08e5      	lsrs	r5, r4, #3
 80051a2:	462c      	mov	r4, r5
 80051a4:	eb05 0585 	add.w	r5, r5, r5, lsl #2
 80051a8:	eba8 0845 	sub.w	r8, r8, r5, lsl #1
 80051ac:	ea48 1804 	orr.w	r8, r8, r4, lsl #4
 80051b0:	fa5f f888 	uxtb.w	r8, r8
	uint32_t year = bin2bcd((real_year - RTC_YEAR_REF));
 80051b4:	3330      	adds	r3, #48	@ 0x30
 80051b6:	b2db      	uxtb	r3, r3
 80051b8:	fba2 5403 	umull	r5, r4, r2, r3
 80051bc:	08e7      	lsrs	r7, r4, #3
 80051be:	463d      	mov	r5, r7
 80051c0:	eb07 0787 	add.w	r7, r7, r7, lsl #2
 80051c4:	eba3 0447 	sub.w	r4, r3, r7, lsl #1
 80051c8:	ea44 1405 	orr.w	r4, r4, r5, lsl #4
 80051cc:	b2e4      	uxtb	r4, r4
	uint32_t month = bin2bcd((timeptr->tm_mon + 1));
 80051ce:	690d      	ldr	r5, [r1, #16]
 80051d0:	3501      	adds	r5, #1
 80051d2:	b2ed      	uxtb	r5, r5
 80051d4:	fba2 7305 	umull	r7, r3, r2, r5
 80051d8:	08df      	lsrs	r7, r3, #3
 80051da:	463b      	mov	r3, r7
 80051dc:	eb07 0787 	add.w	r7, r7, r7, lsl #2
 80051e0:	eba5 0547 	sub.w	r5, r5, r7, lsl #1
 80051e4:	ea45 1503 	orr.w	r5, r5, r3, lsl #4
 80051e8:	b2ed      	uxtb	r5, r5
	uint32_t day = bin2bcd(timeptr->tm_mday);
 80051ea:	7b0f      	ldrb	r7, [r1, #12]
 80051ec:	fba2 3207 	umull	r3, r2, r2, r7
 80051f0:	08d3      	lsrs	r3, r2, #3
 80051f2:	461a      	mov	r2, r3
 80051f4:	eb03 0383 	add.w	r3, r3, r3, lsl #2
 80051f8:	eba7 0743 	sub.w	r7, r7, r3, lsl #1
 80051fc:	ea47 1702 	orr.w	r7, r7, r2, lsl #4
 8005200:	b2ff      	uxtb	r7, r7
	uint32_t weekDay = ((timeptr->tm_wday == 0) ? (LL_RTC_WEEKDAY_SUNDAY) : (timeptr->tm_wday));
 8005202:	2800      	cmp	r0, #0
 8005204:	d03b      	beq.n	800527e <rtc_stm32_set_time+0x13a>
 8005206:	9001      	str	r0, [sp, #4]
  __ASM volatile ("MRS %0, basepri" : "=r" (result) );
 8005208:	f3ef 8a11 	mrs	sl, BASEPRI
  __ASM volatile ("MSR basepri_max, %0" : : "r" (basePri) : "memory");
 800520c:	2310      	movs	r3, #16
 800520e:	f383 8812 	msr	BASEPRI_MAX, r3
 8005212:	f3bf 8f6f 	isb	sy
	stm32_backup_domain_enable_access();
 8005216:	f7fc ffa9 	bl	800216c <stm32_backup_domain_enable_access>
  WRITE_REG(RTCx->WPR, RTC_WRITE_PROTECTION_ENABLE_1);
 800521a:	4b1e      	ldr	r3, [pc, #120]	@ (8005294 <rtc_stm32_set_time+0x150>)
 800521c:	22ca      	movs	r2, #202	@ 0xca
 800521e:	625a      	str	r2, [r3, #36]	@ 0x24
  WRITE_REG(RTCx->WPR, RTC_WRITE_PROTECTION_ENABLE_2);
 8005220:	2253      	movs	r2, #83	@ 0x53
 8005222:	625a      	str	r2, [r3, #36]	@ 0x24
	err = rtc_stm32_enter_init_mode();
 8005224:	f7ff ff68 	bl	80050f8 <rtc_stm32_enter_init_mode>
	if (err == 0) {
 8005228:	4683      	mov	fp, r0
 800522a:	b9c0      	cbnz	r0, 800525e <rtc_stm32_set_time+0x11a>
         (((Minutes & 0xF0U) << (RTC_TR_MNT_Pos - 4U)) | ((Minutes & 0x0FU) << RTC_TR_MNU_Pos)) | \
 800522c:	0236      	lsls	r6, r6, #8
         (((Hours   & 0xF0U) << (RTC_TR_HT_Pos  - 4U)) | ((Hours & 0x0FU) << RTC_TR_HU_Pos))    | \
 800522e:	ea46 4609 	orr.w	r6, r6, r9, lsl #16
  temp = Format12_24                                                                            | \
 8005232:	ea46 0608 	orr.w	r6, r6, r8
  MODIFY_REG(RTCx->TR, (RTC_TR_PM | RTC_TR_HT | RTC_TR_HU | RTC_TR_MNT | RTC_TR_MNU | RTC_TR_ST | RTC_TR_SU), temp);
 8005236:	4a17      	ldr	r2, [pc, #92]	@ (8005294 <rtc_stm32_set_time+0x150>)
 8005238:	6813      	ldr	r3, [r2, #0]
 800523a:	f023 137f 	bic.w	r3, r3, #8323199	@ 0x7f007f
 800523e:	f423 43fe 	bic.w	r3, r3, #32512	@ 0x7f00
 8005242:	431e      	orrs	r6, r3
 8005244:	6016      	str	r6, [r2, #0]
         (((Year  & 0xF0U) << (RTC_DR_YT_Pos - 4U)) | ((Year  & 0x0FU) << RTC_DR_YU_Pos)) | \
 8005246:	0424      	lsls	r4, r4, #16
  temp = (  WeekDay                                                    << RTC_DR_WDU_Pos) | \
 8005248:	9b01      	ldr	r3, [sp, #4]
 800524a:	ea44 3443 	orr.w	r4, r4, r3, lsl #13
         (((Year  & 0xF0U) << (RTC_DR_YT_Pos - 4U)) | ((Year  & 0x0FU) << RTC_DR_YU_Pos)) | \
 800524e:	ea44 2405 	orr.w	r4, r4, r5, lsl #8
  temp = (  WeekDay                                                    << RTC_DR_WDU_Pos) | \
 8005252:	433c      	orrs	r4, r7
  MODIFY_REG(RTCx->DR, (RTC_DR_WDU | RTC_DR_MT | RTC_DR_MU | RTC_DR_DT | RTC_DR_DU | RTC_DR_YT | RTC_DR_YU), temp);
 8005254:	6851      	ldr	r1, [r2, #4]
 8005256:	4b10      	ldr	r3, [pc, #64]	@ (8005298 <rtc_stm32_set_time+0x154>)
 8005258:	400b      	ands	r3, r1
 800525a:	4323      	orrs	r3, r4
 800525c:	6053      	str	r3, [r2, #4]
  WRITE_REG(RTCx->ISR, (uint32_t)~RTC_ISR_INIT);
 800525e:	4b0d      	ldr	r3, [pc, #52]	@ (8005294 <rtc_stm32_set_time+0x150>)
 8005260:	f06f 0280 	mvn.w	r2, #128	@ 0x80
 8005264:	60da      	str	r2, [r3, #12]
  WRITE_REG(RTCx->WPR, RTC_WRITE_PROTECTION_DISABLE);
 8005266:	22ff      	movs	r2, #255	@ 0xff
 8005268:	625a      	str	r2, [r3, #36]	@ 0x24
	stm32_backup_domain_disable_access();
 800526a:	f7fc ffa1 	bl	80021b0 <stm32_backup_domain_disable_access>
  __ASM volatile ("MSR basepri, %0" : : "r" (basePri) : "memory");
 800526e:	f38a 8811 	msr	BASEPRI, sl
 8005272:	f3bf 8f6f 	isb	sy
}
 8005276:	4658      	mov	r0, fp
 8005278:	b003      	add	sp, #12
 800527a:	e8bd 8ff0 	ldmia.w	sp!, {r4, r5, r6, r7, r8, r9, sl, fp, pc}
	uint32_t weekDay = ((timeptr->tm_wday == 0) ? (LL_RTC_WEEKDAY_SUNDAY) : (timeptr->tm_wday));
 800527e:	2307      	movs	r3, #7
 8005280:	9301      	str	r3, [sp, #4]
 8005282:	e7c1      	b.n	8005208 <rtc_stm32_set_time+0xc4>
		return -EINVAL;
 8005284:	f06f 0b15 	mvn.w	fp, #21
 8005288:	e7f5      	b.n	8005276 <rtc_stm32_set_time+0x132>
		return -EINVAL;
 800528a:	f06f 0b15 	mvn.w	fp, #21
 800528e:	e7f2      	b.n	8005276 <rtc_stm32_set_time+0x132>
 8005290:	cccccccd 	.word	0xcccccccd
 8005294:	40002800 	.word	0x40002800
 8005298:	ff0000c0 	.word	0xff0000c0

0800529c <rtc_stm32_configure>:
{
 800529c:	b538      	push	{r3, r4, r5, lr}
	const struct rtc_stm32_config *cfg = dev->config;
 800529e:	6844      	ldr	r4, [r0, #4]
  return (uint32_t)(READ_BIT(RTCx->CR, RTC_CR_FMT));
 80052a0:	4b1d      	ldr	r3, [pc, #116]	@ (8005318 <rtc_stm32_configure+0x7c>)
 80052a2:	6898      	ldr	r0, [r3, #8]
  return (uint32_t)(READ_BIT(RTCx->PRER, RTC_PRER_PREDIV_S));
 80052a4:	691a      	ldr	r2, [r3, #16]
 80052a6:	f3c2 020e 	ubfx	r2, r2, #0, #15
  return (uint32_t)(READ_BIT(RTCx->PRER, RTC_PRER_PREDIV_A) >> RTC_PRER_PREDIV_A_Pos);
 80052aa:	6919      	ldr	r1, [r3, #16]
 80052ac:	f3c1 4106 	ubfx	r1, r1, #16, #7
  WRITE_REG(RTCx->WPR, RTC_WRITE_PROTECTION_ENABLE_1);
 80052b0:	25ca      	movs	r5, #202	@ 0xca
 80052b2:	625d      	str	r5, [r3, #36]	@ 0x24
  WRITE_REG(RTCx->WPR, RTC_WRITE_PROTECTION_ENABLE_2);
 80052b4:	2553      	movs	r5, #83	@ 0x53
 80052b6:	625d      	str	r5, [r3, #36]	@ 0x24
	if ((hour_format != STM32_RTC_LL_HOURFORMAT_24H) ||
 80052b8:	f010 0f40 	tst.w	r0, #64	@ 0x40
 80052bc:	d102      	bne.n	80052c4 <rtc_stm32_configure+0x28>
	    (sync_prescaler != cfg->sync_prescaler) ||
 80052be:	6863      	ldr	r3, [r4, #4]
	if ((hour_format != STM32_RTC_LL_HOURFORMAT_24H) ||
 80052c0:	4293      	cmp	r3, r2
 80052c2:	d024      	beq.n	800530e <rtc_stm32_configure+0x72>
		err = rtc_stm32_enter_init_mode();
 80052c4:	f7ff ff18 	bl	80050f8 <rtc_stm32_enter_init_mode>
		if (err == 0) {
 80052c8:	b988      	cbnz	r0, 80052ee <rtc_stm32_configure+0x52>
  MODIFY_REG(RTCx->CR, RTC_CR_FMT, HourFormat);
 80052ca:	4b13      	ldr	r3, [pc, #76]	@ (8005318 <rtc_stm32_configure+0x7c>)
 80052cc:	689a      	ldr	r2, [r3, #8]
 80052ce:	f022 0240 	bic.w	r2, r2, #64	@ 0x40
 80052d2:	609a      	str	r2, [r3, #8]
			LL_RTC_SetSynchPrescaler(STM32_ARG(RTC, cfg->sync_prescaler));
 80052d4:	6862      	ldr	r2, [r4, #4]
  MODIFY_REG(RTCx->PRER, RTC_PRER_PREDIV_S, SynchPrescaler);
 80052d6:	6919      	ldr	r1, [r3, #16]
 80052d8:	f36f 010e 	bfc	r1, #0, #15
 80052dc:	430a      	orrs	r2, r1
 80052de:	611a      	str	r2, [r3, #16]
			LL_RTC_SetAsynchPrescaler(STM32_ARG(RTC, cfg->async_prescaler));
 80052e0:	6821      	ldr	r1, [r4, #0]
  MODIFY_REG(RTCx->PRER, RTC_PRER_PREDIV_A, AsynchPrescaler << RTC_PRER_PREDIV_A_Pos);
 80052e2:	691a      	ldr	r2, [r3, #16]
 80052e4:	f422 02fe 	bic.w	r2, r2, #8323072	@ 0x7f0000
 80052e8:	ea42 4201 	orr.w	r2, r2, r1, lsl #16
 80052ec:	611a      	str	r2, [r3, #16]
  WRITE_REG(RTCx->ISR, (uint32_t)~RTC_ISR_INIT);
 80052ee:	4b0a      	ldr	r3, [pc, #40]	@ (8005318 <rtc_stm32_configure+0x7c>)
 80052f0:	f06f 0280 	mvn.w	r2, #128	@ 0x80
 80052f4:	60da      	str	r2, [r3, #12]
  MODIFY_REG(RTCx->CR, RTC_CR_COE | RTC_CR_COSEL, Frequency);
 80052f6:	4b08      	ldr	r3, [pc, #32]	@ (8005318 <rtc_stm32_configure+0x7c>)
 80052f8:	689a      	ldr	r2, [r3, #8]
 80052fa:	f422 0208 	bic.w	r2, r2, #8912896	@ 0x880000
 80052fe:	609a      	str	r2, [r3, #8]
  SET_BIT(RTCx->CR, RTC_CR_BYPSHAD);
 8005300:	689a      	ldr	r2, [r3, #8]
 8005302:	f042 0220 	orr.w	r2, r2, #32
 8005306:	609a      	str	r2, [r3, #8]
  WRITE_REG(RTCx->WPR, RTC_WRITE_PROTECTION_DISABLE);
 8005308:	22ff      	movs	r2, #255	@ 0xff
 800530a:	625a      	str	r2, [r3, #36]	@ 0x24
}
 800530c:	bd38      	pop	{r3, r4, r5, pc}
	    (async_prescaler != cfg->async_prescaler)) {
 800530e:	6823      	ldr	r3, [r4, #0]
	    (sync_prescaler != cfg->sync_prescaler) ||
 8005310:	428b      	cmp	r3, r1
 8005312:	d1d7      	bne.n	80052c4 <rtc_stm32_configure+0x28>
	int err = 0;
 8005314:	2000      	movs	r0, #0
 8005316:	e7ee      	b.n	80052f6 <rtc_stm32_configure+0x5a>
 8005318:	40002800 	.word	0x40002800

0800531c <rtc_stm32_init>:
{
 800531c:	b570      	push	{r4, r5, r6, lr}
	const struct rtc_stm32_config *cfg = dev->config;
 800531e:	6845      	ldr	r5, [r0, #4]
	if (clock_control_on(clk, (clock_control_subsys_t)&cfg->pclken[0]) != 0) {
 8005320:	68a9      	ldr	r1, [r5, #8]
	const struct clock_control_driver_api *api =
 8005322:	4b1a      	ldr	r3, [pc, #104]	@ (800538c <rtc_stm32_init+0x70>)
 8005324:	689e      	ldr	r6, [r3, #8]
	if (api->on == NULL) {
 8005326:	6833      	ldr	r3, [r6, #0]
 8005328:	b1f3      	cbz	r3, 8005368 <rtc_stm32_init+0x4c>
 800532a:	4604      	mov	r4, r0
	return api->on(dev, sys);
 800532c:	4817      	ldr	r0, [pc, #92]	@ (800538c <rtc_stm32_init+0x70>)
 800532e:	4798      	blx	r3
 8005330:	b9d0      	cbnz	r0, 8005368 <rtc_stm32_init+0x4c>
	stm32_backup_domain_enable_access();
 8005332:	f7fc ff1b 	bl	800216c <stm32_backup_domain_enable_access>
	if (cfg->pclken[1].enr != NO_SEL) {
 8005336:	68a9      	ldr	r1, [r5, #8]
 8005338:	68cb      	ldr	r3, [r1, #12]
 800533a:	2bff      	cmp	r3, #255	@ 0xff
 800533c:	d007      	beq.n	800534e <rtc_stm32_init+0x32>
		err = clock_control_configure(clk, (clock_control_subsys_t)&cfg->pclken[1], NULL);
 800533e:	3108      	adds	r1, #8
	if (api->configure == NULL) {
 8005340:	69b3      	ldr	r3, [r6, #24]
 8005342:	b1cb      	cbz	r3, 8005378 <rtc_stm32_init+0x5c>
	return api->configure(dev, sys, data);
 8005344:	2200      	movs	r2, #0
 8005346:	4811      	ldr	r0, [pc, #68]	@ (800538c <rtc_stm32_init+0x70>)
 8005348:	4798      	blx	r3
		if (err < 0) {
 800534a:	2800      	cmp	r0, #0
 800534c:	db14      	blt.n	8005378 <rtc_stm32_init+0x5c>
  SET_BIT(RCC->BDCR, RCC_BDCR_RTCEN);
 800534e:	4a10      	ldr	r2, [pc, #64]	@ (8005390 <rtc_stm32_init+0x74>)
 8005350:	6f13      	ldr	r3, [r2, #112]	@ 0x70
 8005352:	f443 4300 	orr.w	r3, r3, #32768	@ 0x8000
 8005356:	6713      	str	r3, [r2, #112]	@ 0x70
	err = rtc_stm32_configure(dev);
 8005358:	4620      	mov	r0, r4
 800535a:	f7ff ff9f 	bl	800529c <rtc_stm32_configure>
 800535e:	4604      	mov	r4, r0
	stm32_backup_domain_disable_access();
 8005360:	f7fc ff26 	bl	80021b0 <stm32_backup_domain_disable_access>
}
 8005364:	4620      	mov	r0, r4
 8005366:	bd70      	pop	{r4, r5, r6, pc}
 8005368:	4a0a      	ldr	r2, [pc, #40]	@ (8005394 <rtc_stm32_init+0x78>)
 800536a:	2101      	movs	r1, #1
 800536c:	480a      	ldr	r0, [pc, #40]	@ (8005398 <rtc_stm32_init+0x7c>)
 800536e:	f003 fdef 	bl	8008f50 <z_impl_z_log_msg_simple_create_0>
		return -EIO;
 8005372:	f06f 0404 	mvn.w	r4, #4
 8005376:	e7f5      	b.n	8005364 <rtc_stm32_init+0x48>
			stm32_backup_domain_disable_access();
 8005378:	f7fc ff1a 	bl	80021b0 <stm32_backup_domain_disable_access>
 800537c:	4a07      	ldr	r2, [pc, #28]	@ (800539c <rtc_stm32_init+0x80>)
 800537e:	2101      	movs	r1, #1
 8005380:	4805      	ldr	r0, [pc, #20]	@ (8005398 <rtc_stm32_init+0x7c>)
 8005382:	f003 fde5 	bl	8008f50 <z_impl_z_log_msg_simple_create_0>
			return -EIO;
 8005386:	f06f 0404 	mvn.w	r4, #4
 800538a:	e7eb      	b.n	8005364 <rtc_stm32_init+0x48>
 800538c:	0800a774 	.word	0x0800a774
 8005390:	40023800 	.word	0x40023800
 8005394:	0800bdd8 	.word	0x0800bdd8
 8005398:	0800af18 	.word	0x0800af18
 800539c:	0800bdec 	.word	0x0800bdec

080053a0 <LL_USART_SetBaudRate>:
  * @param  BaudRate Baud Rate
  * @retval None
  */
__STATIC_INLINE void LL_USART_SetBaudRate(USART_TypeDef *USARTx, uint32_t PeriphClk, uint32_t OverSampling,
                                          uint32_t BaudRate)
{
 80053a0:	b510      	push	{r4, lr}
 80053a2:	4604      	mov	r4, r0
  if (OverSampling == LL_USART_OVERSAMPLING_8)
 80053a4:	f5b2 4f00 	cmp.w	r2, #32768	@ 0x8000
 80053a8:	d02f      	beq.n	800540a <LL_USART_SetBaudRate+0x6a>
  {
    USARTx->BRR = (uint16_t)(__LL_USART_DIV_SAMPLING8(PeriphClk, BaudRate));
  }
  else
  {
    USARTx->BRR = (uint16_t)(__LL_USART_DIV_SAMPLING16(PeriphClk, BaudRate));
 80053aa:	f04f 0c00 	mov.w	ip, #0
 80053ae:	1848      	adds	r0, r1, r1
 80053b0:	eb4c 0c0c 	adc.w	ip, ip, ip
 80053b4:	1840      	adds	r0, r0, r1
 80053b6:	f14c 0c00 	adc.w	ip, ip, #0
 80053ba:	ea4f 0ccc 	mov.w	ip, ip, lsl #3
 80053be:	ea4c 7c50 	orr.w	ip, ip, r0, lsr #29
 80053c2:	00c0      	lsls	r0, r0, #3
 80053c4:	1840      	adds	r0, r0, r1
 80053c6:	ea4f 0283 	mov.w	r2, r3, lsl #2
 80053ca:	ea4f 7393 	mov.w	r3, r3, lsr #30
 80053ce:	f14c 0100 	adc.w	r1, ip, #0
 80053d2:	f7fb f9c3 	bl	800075c <__aeabi_uldivmod>
 80053d6:	4924      	ldr	r1, [pc, #144]	@ (8005468 <LL_USART_SetBaudRate+0xc8>)
 80053d8:	fba1 2300 	umull	r2, r3, r1, r0
 80053dc:	095b      	lsrs	r3, r3, #5
 80053de:	011a      	lsls	r2, r3, #4
 80053e0:	b292      	uxth	r2, r2
 80053e2:	f04f 0c64 	mov.w	ip, #100	@ 0x64
 80053e6:	fb0c 0313 	mls	r3, ip, r3, r0
 80053ea:	011b      	lsls	r3, r3, #4
 80053ec:	3332      	adds	r3, #50	@ 0x32
 80053ee:	fba1 1303 	umull	r1, r3, r1, r3
 80053f2:	f3c3 134f 	ubfx	r3, r3, #5, #16
 80053f6:	f003 01f0 	and.w	r1, r3, #240	@ 0xf0
 80053fa:	440a      	add	r2, r1
 80053fc:	b292      	uxth	r2, r2
 80053fe:	f003 030f 	and.w	r3, r3, #15
 8005402:	4413      	add	r3, r2
 8005404:	b29b      	uxth	r3, r3
 8005406:	60a3      	str	r3, [r4, #8]
  }
}
 8005408:	bd10      	pop	{r4, pc}
    USARTx->BRR = (uint16_t)(__LL_USART_DIV_SAMPLING8(PeriphClk, BaudRate));
 800540a:	f04f 0c00 	mov.w	ip, #0
 800540e:	1848      	adds	r0, r1, r1
 8005410:	eb4c 020c 	adc.w	r2, ip, ip
 8005414:	1840      	adds	r0, r0, r1
 8005416:	f142 0200 	adc.w	r2, r2, #0
 800541a:	00d2      	lsls	r2, r2, #3
 800541c:	ea42 7250 	orr.w	r2, r2, r0, lsr #29
 8005420:	00c0      	lsls	r0, r0, #3
 8005422:	1840      	adds	r0, r0, r1
 8005424:	f142 0100 	adc.w	r1, r2, #0
 8005428:	18da      	adds	r2, r3, r3
 800542a:	eb4c 030c 	adc.w	r3, ip, ip
 800542e:	f7fb f995 	bl	800075c <__aeabi_uldivmod>
 8005432:	490d      	ldr	r1, [pc, #52]	@ (8005468 <LL_USART_SetBaudRate+0xc8>)
 8005434:	fba1 2300 	umull	r2, r3, r1, r0
 8005438:	095b      	lsrs	r3, r3, #5
 800543a:	011a      	lsls	r2, r3, #4
 800543c:	b292      	uxth	r2, r2
 800543e:	f04f 0c64 	mov.w	ip, #100	@ 0x64
 8005442:	fb0c 0313 	mls	r3, ip, r3, r0
 8005446:	00db      	lsls	r3, r3, #3
 8005448:	3332      	adds	r3, #50	@ 0x32
 800544a:	fba1 1303 	umull	r1, r3, r1, r3
 800544e:	f3c3 134f 	ubfx	r3, r3, #5, #16
 8005452:	0059      	lsls	r1, r3, #1
 8005454:	f401 71f8 	and.w	r1, r1, #496	@ 0x1f0
 8005458:	440a      	add	r2, r1
 800545a:	b292      	uxth	r2, r2
 800545c:	f003 0307 	and.w	r3, r3, #7
 8005460:	4413      	add	r3, r2
 8005462:	b29b      	uxth	r3, r3
 8005464:	60a3      	str	r3, [r4, #8]
 8005466:	e7cf      	b.n	8005408 <LL_USART_SetBaudRate+0x68>
 8005468:	51eb851f 	.word	0x51eb851f

0800546c <uart_stm32_poll_in>:
{
	LL_USART_TransmitData8(usart, (uint8_t)out);
}

static int uart_stm32_poll_in(const struct device *dev, unsigned char *c)
{
 800546c:	b508      	push	{r3, lr}
	return uart_stm32_poll_in_visitor(dev, (void *)c, poll_in_u8);
 800546e:	4a02      	ldr	r2, [pc, #8]	@ (8005478 <uart_stm32_poll_in+0xc>)
 8005470:	f004 fd07 	bl	8009e82 <uart_stm32_poll_in_visitor>
}
 8005474:	bd08      	pop	{r3, pc}
 8005476:	bf00      	nop
 8005478:	08009ef1 	.word	0x08009ef1

0800547c <uart_stm32_poll_out>:

static void uart_stm32_poll_out(const struct device *dev, unsigned char c)
{
 800547c:	b508      	push	{r3, lr}
	uart_stm32_poll_out_visitor(dev, c, poll_out_u8);
 800547e:	4a02      	ldr	r2, [pc, #8]	@ (8005488 <uart_stm32_poll_out+0xc>)
 8005480:	f004 fd19 	bl	8009eb6 <uart_stm32_poll_out_visitor>
}
 8005484:	bd08      	pop	{r3, pc}
 8005486:	bf00      	nop
 8005488:	08009ef7 	.word	0x08009ef7

0800548c <uart_stm32_clocks_enable>:
#endif
#endif /* CONFIG_UART_ASYNC_API */
};

static int uart_stm32_clocks_enable(const struct device *dev)
{
 800548c:	b510      	push	{r4, lr}
	const struct uart_stm32_config *config = dev->config;
 800548e:	6843      	ldr	r3, [r0, #4]
	int err;

	/* enable clock */
	err = clock_control_on(config->clock, (clock_control_subsys_t)&config->pclken[0]);
 8005490:	6858      	ldr	r0, [r3, #4]
 8005492:	6919      	ldr	r1, [r3, #16]
	const struct clock_control_driver_api *api =
 8005494:	6883      	ldr	r3, [r0, #8]
	if (api->on == NULL) {
 8005496:	681b      	ldr	r3, [r3, #0]
 8005498:	b123      	cbz	r3, 80054a4 <uart_stm32_clocks_enable+0x18>
	return api->on(dev, sys);
 800549a:	4798      	blx	r3
	if (err != 0) {
 800549c:	4604      	mov	r4, r0
 800549e:	b918      	cbnz	r0, 80054a8 <uart_stm32_clocks_enable+0x1c>
			return err;
		}
	}

	return 0;
}
 80054a0:	4620      	mov	r0, r4
 80054a2:	bd10      	pop	{r4, pc}
		return -ENOSYS;
 80054a4:	f06f 0457 	mvn.w	r4, #87	@ 0x57
 80054a8:	4a02      	ldr	r2, [pc, #8]	@ (80054b4 <uart_stm32_clocks_enable+0x28>)
 80054aa:	2101      	movs	r1, #1
 80054ac:	4802      	ldr	r0, [pc, #8]	@ (80054b8 <uart_stm32_clocks_enable+0x2c>)
 80054ae:	f003 fd4f 	bl	8008f50 <z_impl_z_log_msg_simple_create_0>
		return err;
 80054b2:	e7f5      	b.n	80054a0 <uart_stm32_clocks_enable+0x14>
 80054b4:	0800be20 	.word	0x0800be20
 80054b8:	0800af38 	.word	0x0800af38

080054bc <uart_stm32_set_baudrate>:
{
 80054bc:	e92d 41f0 	stmdb	sp!, {r4, r5, r6, r7, r8, lr}
 80054c0:	b084      	sub	sp, #16
 80054c2:	af00      	add	r7, sp, #0
	const struct uart_stm32_config *config = dev->config;
 80054c4:	6843      	ldr	r3, [r0, #4]
	USART_TypeDef *usart = config->usart;
 80054c6:	f8d3 8000 	ldr.w	r8, [r3]
	if (baud_rate == 0) {
 80054ca:	2900      	cmp	r1, #0
 80054cc:	f000 80a8 	beq.w	8005620 <uart_stm32_set_baudrate+0x164>
 80054d0:	4605      	mov	r5, r0
 80054d2:	460e      	mov	r6, r1
		int ret = clock_control_get_rate(config->clock,
 80054d4:	6858      	ldr	r0, [r3, #4]
						 (clock_control_subsys_t)&config->pclken[0],
 80054d6:	6919      	ldr	r1, [r3, #16]
	const struct clock_control_driver_api *api =
 80054d8:	6883      	ldr	r3, [r0, #8]
	if (api->get_rate == NULL) {
 80054da:	68db      	ldr	r3, [r3, #12]
 80054dc:	2b00      	cmp	r3, #0
 80054de:	d03f      	beq.n	8005560 <uart_stm32_set_baudrate+0xa4>
	return api->get_rate(dev, sys, rate);
 80054e0:	f107 020c 	add.w	r2, r7, #12
 80054e4:	4798      	blx	r3
		if (ret < 0) {
 80054e6:	1e04      	subs	r4, r0, #0
 80054e8:	db3c      	blt.n	8005564 <uart_stm32_set_baudrate+0xa8>
  MODIFY_REG(USARTx->CR1, USART_CR1_OVER8, OverSampling);
 80054ea:	f8d8 300c 	ldr.w	r3, [r8, #12]
 80054ee:	f423 4300 	bic.w	r3, r3, #32768	@ 0x8000
 80054f2:	f8c8 300c 	str.w	r3, [r8, #12]
		uint32_t usartdiv = STM32_USART_DIV_SAMPLING16(clock_rate,
 80054f6:	68fc      	ldr	r4, [r7, #12]
 80054f8:	2100      	movs	r1, #0
 80054fa:	1920      	adds	r0, r4, r4
 80054fc:	4149      	adcs	r1, r1
 80054fe:	1900      	adds	r0, r0, r4
 8005500:	f141 0100 	adc.w	r1, r1, #0
 8005504:	00c9      	lsls	r1, r1, #3
 8005506:	ea41 7150 	orr.w	r1, r1, r0, lsr #29
 800550a:	00c0      	lsls	r0, r0, #3
 800550c:	1900      	adds	r0, r0, r4
 800550e:	ea4f 0286 	mov.w	r2, r6, lsl #2
 8005512:	ea4f 7396 	mov.w	r3, r6, lsr #30
 8005516:	f141 0100 	adc.w	r1, r1, #0
 800551a:	f7fb f91f 	bl	800075c <__aeabi_uldivmod>
 800551e:	4a42      	ldr	r2, [pc, #264]	@ (8005628 <uart_stm32_set_baudrate+0x16c>)
 8005520:	fba2 3100 	umull	r3, r1, r2, r0
 8005524:	0949      	lsrs	r1, r1, #5
 8005526:	2364      	movs	r3, #100	@ 0x64
 8005528:	fb03 0311 	mls	r3, r3, r1, r0
 800552c:	011b      	lsls	r3, r3, #4
 800552e:	3332      	adds	r3, #50	@ 0x32
 8005530:	fba2 2303 	umull	r2, r3, r2, r3
 8005534:	095b      	lsrs	r3, r3, #5
 8005536:	f003 02f0 	and.w	r2, r3, #240	@ 0xf0
 800553a:	eb02 1201 	add.w	r2, r2, r1, lsl #4
 800553e:	f003 030f 	and.w	r3, r3, #15
 8005542:	4413      	add	r3, r2
		if (usartdiv < 16) {
 8005544:	2b0f      	cmp	r3, #15
 8005546:	d913      	bls.n	8005570 <uart_stm32_set_baudrate+0xb4>
		LL_USART_SetBaudRate(usart,
 8005548:	4633      	mov	r3, r6
 800554a:	2200      	movs	r2, #0
 800554c:	4621      	mov	r1, r4
 800554e:	4640      	mov	r0, r8
 8005550:	f7ff ff26 	bl	80053a0 <LL_USART_SetBaudRate>
	return 0;
 8005554:	2400      	movs	r4, #0
}
 8005556:	4620      	mov	r0, r4
 8005558:	3710      	adds	r7, #16
 800555a:	46bd      	mov	sp, r7
 800555c:	e8bd 81f0 	ldmia.w	sp!, {r4, r5, r6, r7, r8, pc}
		return -ENOSYS;
 8005560:	f06f 0457 	mvn.w	r4, #87	@ 0x57
 8005564:	4a31      	ldr	r2, [pc, #196]	@ (800562c <uart_stm32_set_baudrate+0x170>)
 8005566:	2101      	movs	r1, #1
 8005568:	4831      	ldr	r0, [pc, #196]	@ (8005630 <uart_stm32_set_baudrate+0x174>)
 800556a:	f003 fcf1 	bl	8008f50 <z_impl_z_log_msg_simple_create_0>
			return ret;
 800556e:	e7f2      	b.n	8005556 <uart_stm32_set_baudrate+0x9a>
			LOG_ERR("Unable to set %s to %d", dev->name, baud_rate);
 8005570:	6829      	ldr	r1, [r5, #0]
 8005572:	466d      	mov	r5, sp
 8005574:	2300      	movs	r3, #0
 8005576:	723b      	strb	r3, [r7, #8]
 8005578:	2302      	movs	r3, #2
 800557a:	727b      	strb	r3, [r7, #9]
 800557c:	b08a      	sub	sp, #40	@ 0x28
 800557e:	466c      	mov	r4, sp
 8005580:	f114 0210 	adds.w	r2, r4, #16
 8005584:	d015      	beq.n	80055b2 <uart_stm32_set_baudrate+0xf6>
 8005586:	2012      	movs	r0, #18
 8005588:	b11a      	cbz	r2, 8005592 <uart_stm32_set_baudrate+0xd6>
 800558a:	2804      	cmp	r0, #4
 800558c:	dd01      	ble.n	8005592 <uart_stm32_set_baudrate+0xd6>
 800558e:	4b29      	ldr	r3, [pc, #164]	@ (8005634 <uart_stm32_set_baudrate+0x178>)
 8005590:	6163      	str	r3, [r4, #20]
 8005592:	2300      	movs	r3, #0
 8005594:	713b      	strb	r3, [r7, #4]
 8005596:	2302      	movs	r3, #2
 8005598:	717b      	strb	r3, [r7, #5]
 800559a:	b1ba      	cbz	r2, 80055cc <uart_stm32_set_baudrate+0x110>
 800559c:	4603      	mov	r3, r0
 800559e:	2808      	cmp	r0, #8
 80055a0:	dd00      	ble.n	80055a4 <uart_stm32_set_baudrate+0xe8>
 80055a2:	61a1      	str	r1, [r4, #24]
 80055a4:	2b0c      	cmp	r3, #12
 80055a6:	dd00      	ble.n	80055aa <uart_stm32_set_baudrate+0xee>
 80055a8:	61e6      	str	r6, [r4, #28]
 80055aa:	f104 0320 	add.w	r3, r4, #32
 80055ae:	2100      	movs	r1, #0
 80055b0:	e00a      	b.n	80055c8 <uart_stm32_set_baudrate+0x10c>
 80055b2:	f06f 4000 	mvn.w	r0, #2147483648	@ 0x80000000
 80055b6:	e7e7      	b.n	8005588 <uart_stm32_set_baudrate+0xcc>
 80055b8:	f101 0610 	add.w	r6, r1, #16
 80055bc:	443e      	add	r6, r7
 80055be:	f816 6c0c 	ldrb.w	r6, [r6, #-12]
 80055c2:	f803 6b01 	strb.w	r6, [r3], #1
 80055c6:	3101      	adds	r1, #1
 80055c8:	2901      	cmp	r1, #1
 80055ca:	d9f5      	bls.n	80055b8 <uart_stm32_set_baudrate+0xfc>
 80055cc:	2811      	cmp	r0, #17
 80055ce:	dd24      	ble.n	800561a <uart_stm32_set_baudrate+0x15e>
 80055d0:	2312      	movs	r3, #18
 80055d2:	b142      	cbz	r2, 80055e6 <uart_stm32_set_baudrate+0x12a>
 80055d4:	2104      	movs	r1, #4
 80055d6:	7239      	strb	r1, [r7, #8]
 80055d8:	2100      	movs	r1, #0
 80055da:	7279      	strb	r1, [r7, #9]
 80055dc:	72b9      	strb	r1, [r7, #10]
 80055de:	2101      	movs	r1, #1
 80055e0:	72f9      	strb	r1, [r7, #11]
 80055e2:	68b8      	ldr	r0, [r7, #8]
 80055e4:	6120      	str	r0, [r4, #16]
 80055e6:	2100      	movs	r1, #0
 80055e8:	f021 0101 	bic.w	r1, r1, #1
 80055ec:	f021 0102 	bic.w	r1, r1, #2
 80055f0:	f021 0104 	bic.w	r1, r1, #4
 80055f4:	f021 0138 	bic.w	r1, r1, #56	@ 0x38
 80055f8:	2001      	movs	r0, #1
 80055fa:	f360 1188 	bfi	r1, r0, #6, #3
 80055fe:	f3c3 030a 	ubfx	r3, r3, #0, #11
 8005602:	f363 2153 	bfi	r1, r3, #9, #11
 8005606:	f3c1 0113 	ubfx	r1, r1, #0, #20
	z_impl_z_log_msg_static_create(source, desc, package, data);
 800560a:	2300      	movs	r3, #0
 800560c:	4808      	ldr	r0, [pc, #32]	@ (8005630 <uart_stm32_set_baudrate+0x174>)
 800560e:	f7fd f979 	bl	8002904 <z_impl_z_log_msg_static_create>
 8005612:	46ad      	mov	sp, r5
			return -EINVAL;
 8005614:	f06f 0415 	mvn.w	r4, #21
 8005618:	e79d      	b.n	8005556 <uart_stm32_set_baudrate+0x9a>
			LOG_ERR("Unable to set %s to %d", dev->name, baud_rate);
 800561a:	f06f 031b 	mvn.w	r3, #27
 800561e:	e7d8      	b.n	80055d2 <uart_stm32_set_baudrate+0x116>
		return -EINVAL;
 8005620:	f06f 0415 	mvn.w	r4, #21
 8005624:	e797      	b.n	8005556 <uart_stm32_set_baudrate+0x9a>
 8005626:	bf00      	nop
 8005628:	51eb851f 	.word	0x51eb851f
 800562c:	0800be40 	.word	0x0800be40
 8005630:	0800af38 	.word	0x0800af38
 8005634:	0800be70 	.word	0x0800be70

08005638 <uart_stm32_configure>:
{
 8005638:	e92d 41f0 	stmdb	sp!, {r4, r5, r6, r7, r8, lr}
 800563c:	460c      	mov	r4, r1
	const struct uart_stm32_config *config = dev->config;
 800563e:	6843      	ldr	r3, [r0, #4]
	USART_TypeDef *usart = config->usart;
 8005640:	681d      	ldr	r5, [r3, #0]
	struct uart_stm32_data *data = dev->data;
 8005642:	6903      	ldr	r3, [r0, #16]
	struct uart_config *uart_cfg = data->uart_cfg;
 8005644:	681e      	ldr	r6, [r3, #0]
	const uint32_t parity = uart_stm32_cfg2ll_parity(cfg->parity);
 8005646:	790b      	ldrb	r3, [r1, #4]
	switch (parity) {
 8005648:	2b01      	cmp	r3, #1
 800564a:	d004      	beq.n	8005656 <uart_stm32_configure+0x1e>
 800564c:	2b02      	cmp	r3, #2
 800564e:	d10d      	bne.n	800566c <uart_stm32_configure+0x34>
		return LL_USART_PARITY_EVEN;
 8005650:	f44f 6880 	mov.w	r8, #1024	@ 0x400
 8005654:	e001      	b.n	800565a <uart_stm32_configure+0x22>
	switch (parity) {
 8005656:	f44f 68c0 	mov.w	r8, #1536	@ 0x600
	const uint32_t stopbits = uart_stm32_cfg2ll_stopbits(config, cfg->stop_bits);
 800565a:	7962      	ldrb	r2, [r4, #5]
	switch (sb) {
 800565c:	2a01      	cmp	r2, #1
 800565e:	d008      	beq.n	8005672 <uart_stm32_configure+0x3a>
 8005660:	2a02      	cmp	r2, #2
 8005662:	d008      	beq.n	8005676 <uart_stm32_configure+0x3e>
 8005664:	bb1a      	cbnz	r2, 80056ae <uart_stm32_configure+0x76>
 8005666:	f44f 5780 	mov.w	r7, #4096	@ 0x1000
 800566a:	e006      	b.n	800567a <uart_stm32_configure+0x42>
		return LL_USART_PARITY_NONE;
 800566c:	f04f 0800 	mov.w	r8, #0
 8005670:	e7f3      	b.n	800565a <uart_stm32_configure+0x22>
		return STM32_USART_STOP_BIT_1;
 8005672:	2700      	movs	r7, #0
 8005674:	e001      	b.n	800567a <uart_stm32_configure+0x42>
		return STM32_USART_STOP_BIT_1_5;
 8005676:	f44f 5740 	mov.w	r7, #12288	@ 0x3000
	const uint32_t databits = uart_stm32_cfg2ll_databits(cfg->data_bits,
 800567a:	f894 c006 	ldrb.w	ip, [r4, #6]
	switch (db) {
 800567e:	f1bc 0f04 	cmp.w	ip, #4
 8005682:	d017      	beq.n	80056b4 <uart_stm32_configure+0x7c>
		if (p != UART_CFG_PARITY_NONE) {
 8005684:	b9cb      	cbnz	r3, 80056ba <uart_stm32_configure+0x82>
		return STM32_USART_DATAWIDTH_8_BIT;
 8005686:	f04f 0e00 	mov.w	lr, #0
	if ((cfg->parity == UART_CFG_PARITY_MARK) ||
 800568a:	1ed9      	subs	r1, r3, #3
 800568c:	b2c9      	uxtb	r1, r1
 800568e:	2901      	cmp	r1, #1
 8005690:	d952      	bls.n	8005738 <uart_stm32_configure+0x100>
	if ((cfg->parity != UART_CFG_PARITY_NONE) &&
 8005692:	b113      	cbz	r3, 800569a <uart_stm32_configure+0x62>
 8005694:	f1bc 0f04 	cmp.w	ip, #4
 8005698:	d051      	beq.n	800573e <uart_stm32_configure+0x106>
	switch (sb) {
 800569a:	f5b7 5f80 	cmp.w	r7, #4096	@ 0x1000
 800569e:	d00f      	beq.n	80056c0 <uart_stm32_configure+0x88>
 80056a0:	f5b7 5f40 	cmp.w	r7, #12288	@ 0x3000
 80056a4:	d00e      	beq.n	80056c4 <uart_stm32_configure+0x8c>
 80056a6:	2f00      	cmp	r7, #0
 80056a8:	d13b      	bne.n	8005722 <uart_stm32_configure+0xea>
		return UART_CFG_STOP_BITS_1;
 80056aa:	2301      	movs	r3, #1
 80056ac:	e00b      	b.n	80056c6 <uart_stm32_configure+0x8e>
		return STM32_USART_STOP_BIT_2;
 80056ae:	f44f 5700 	mov.w	r7, #8192	@ 0x2000
 80056b2:	e7e2      	b.n	800567a <uart_stm32_configure+0x42>
		return STM32_USART_DATAWIDTH_9_BIT;
 80056b4:	f44f 5e80 	mov.w	lr, #4096	@ 0x1000
 80056b8:	e7e7      	b.n	800568a <uart_stm32_configure+0x52>
			return STM32_USART_DATAWIDTH_9_BIT;
 80056ba:	f44f 5e80 	mov.w	lr, #4096	@ 0x1000
 80056be:	e7e4      	b.n	800568a <uart_stm32_configure+0x52>
	switch (sb) {
 80056c0:	2300      	movs	r3, #0
 80056c2:	e000      	b.n	80056c6 <uart_stm32_configure+0x8e>
		return UART_CFG_STOP_BITS_1_5;
 80056c4:	2302      	movs	r3, #2
	if (uart_stm32_ll2cfg_stopbits(stopbits) != cfg->stop_bits) {
 80056c6:	429a      	cmp	r2, r3
 80056c8:	d13c      	bne.n	8005744 <uart_stm32_configure+0x10c>
	switch (db) {
 80056ca:	f1be 0f00 	cmp.w	lr, #0
 80056ce:	d12a      	bne.n	8005726 <uart_stm32_configure+0xee>
		if (p == LL_USART_PARITY_NONE) {
 80056d0:	f1b8 0f00 	cmp.w	r8, #0
 80056d4:	d12e      	bne.n	8005734 <uart_stm32_configure+0xfc>
			return UART_CFG_DATA_BITS_8;
 80056d6:	2303      	movs	r3, #3
	if (uart_stm32_ll2cfg_databits(databits, parity) != cfg->data_bits) {
 80056d8:	459c      	cmp	ip, r3
 80056da:	d136      	bne.n	800574a <uart_stm32_configure+0x112>
	if (!(cfg->flow_ctrl == UART_CFG_FLOW_CTRL_NONE
 80056dc:	79e3      	ldrb	r3, [r4, #7]
 80056de:	b163      	cbz	r3, 80056fa <uart_stm32_configure+0xc2>
 80056e0:	2b01      	cmp	r3, #1
 80056e2:	d135      	bne.n	8005750 <uart_stm32_configure+0x118>
		|| (cfg->flow_ctrl == UART_CFG_FLOW_CTRL_RTS_CTS &&
 80056e4:	4b1f      	ldr	r3, [pc, #124]	@ (8005764 <uart_stm32_configure+0x12c>)
 80056e6:	429d      	cmp	r5, r3
 80056e8:	d007      	beq.n	80056fa <uart_stm32_configure+0xc2>
			IS_UART_HWFLOW_INSTANCE(usart))
 80056ea:	f5a3 434c 	sub.w	r3, r3, #52224	@ 0xcc00
 80056ee:	429d      	cmp	r5, r3
 80056f0:	d003      	beq.n	80056fa <uart_stm32_configure+0xc2>
 80056f2:	f503 4350 	add.w	r3, r3, #53248	@ 0xd000
 80056f6:	429d      	cmp	r5, r3
 80056f8:	d12d      	bne.n	8005756 <uart_stm32_configure+0x11e>
  CLEAR_BIT(USARTx->CR1, USART_CR1_UE);
 80056fa:	68eb      	ldr	r3, [r5, #12]
 80056fc:	f423 5300 	bic.w	r3, r3, #8192	@ 0x2000
 8005700:	60eb      	str	r3, [r5, #12]
	if (uart_stm32_parameters_set(dev, cfg) < 0) {
 8005702:	4621      	mov	r1, r4
 8005704:	f004 fc47 	bl	8009f96 <uart_stm32_parameters_set>
 8005708:	2800      	cmp	r0, #0
 800570a:	db27      	blt.n	800575c <uart_stm32_configure+0x124>
  SET_BIT(USARTx->CR1, USART_CR1_UE);
 800570c:	68eb      	ldr	r3, [r5, #12]
 800570e:	f443 5300 	orr.w	r3, r3, #8192	@ 0x2000
 8005712:	60eb      	str	r3, [r5, #12]
	*uart_cfg = *cfg;
 8005714:	e894 0003 	ldmia.w	r4, {r0, r1}
 8005718:	e886 0003 	stmia.w	r6, {r0, r1}
	return 0;
 800571c:	2000      	movs	r0, #0
};
 800571e:	e8bd 81f0 	ldmia.w	sp!, {r4, r5, r6, r7, r8, pc}
		return UART_CFG_STOP_BITS_2;
 8005722:	2303      	movs	r3, #3
 8005724:	e7cf      	b.n	80056c6 <uart_stm32_configure+0x8e>
		if (p == LL_USART_PARITY_NONE) {
 8005726:	f1b8 0f00 	cmp.w	r8, #0
 800572a:	d101      	bne.n	8005730 <uart_stm32_configure+0xf8>
			return UART_CFG_DATA_BITS_9;
 800572c:	2304      	movs	r3, #4
 800572e:	e7d3      	b.n	80056d8 <uart_stm32_configure+0xa0>
			return UART_CFG_DATA_BITS_8;
 8005730:	2303      	movs	r3, #3
 8005732:	e7d1      	b.n	80056d8 <uart_stm32_configure+0xa0>
			return UART_CFG_DATA_BITS_7;
 8005734:	2302      	movs	r3, #2
 8005736:	e7cf      	b.n	80056d8 <uart_stm32_configure+0xa0>
		return -ENOTSUP;
 8005738:	f06f 0085 	mvn.w	r0, #133	@ 0x85
 800573c:	e7ef      	b.n	800571e <uart_stm32_configure+0xe6>
		return -ENOTSUP;
 800573e:	f06f 0085 	mvn.w	r0, #133	@ 0x85
 8005742:	e7ec      	b.n	800571e <uart_stm32_configure+0xe6>
		return -ENOTSUP;
 8005744:	f06f 0085 	mvn.w	r0, #133	@ 0x85
 8005748:	e7e9      	b.n	800571e <uart_stm32_configure+0xe6>
		return -ENOTSUP;
 800574a:	f06f 0085 	mvn.w	r0, #133	@ 0x85
 800574e:	e7e6      	b.n	800571e <uart_stm32_configure+0xe6>
		return -ENOTSUP;
 8005750:	f06f 0085 	mvn.w	r0, #133	@ 0x85
 8005754:	e7e3      	b.n	800571e <uart_stm32_configure+0xe6>
 8005756:	f06f 0085 	mvn.w	r0, #133	@ 0x85
 800575a:	e7e0      	b.n	800571e <uart_stm32_configure+0xe6>
		return -ENOTSUP;
 800575c:	f06f 0085 	mvn.w	r0, #133	@ 0x85
 8005760:	e7dd      	b.n	800571e <uart_stm32_configure+0xe6>
 8005762:	bf00      	nop
 8005764:	40011000 	.word	0x40011000

08005768 <uart_stm32_registers_configure>:

static int uart_stm32_registers_configure(const struct device *dev)
{
 8005768:	b5f8      	push	{r3, r4, r5, r6, r7, lr}
 800576a:	4605      	mov	r5, r0
	const struct uart_stm32_config *config = dev->config;
 800576c:	6846      	ldr	r6, [r0, #4]
	USART_TypeDef *usart = config->usart;
 800576e:	6834      	ldr	r4, [r6, #0]
	struct uart_stm32_data *data = dev->data;
 8005770:	6903      	ldr	r3, [r0, #16]
	struct uart_config *uart_cfg = data->uart_cfg;
 8005772:	681f      	ldr	r7, [r3, #0]
  CLEAR_BIT(USARTx->CR1, USART_CR1_UE);
 8005774:	68e3      	ldr	r3, [r4, #12]
 8005776:	f423 5300 	bic.w	r3, r3, #8192	@ 0x2000
 800577a:	60e3      	str	r3, [r4, #12]

	LL_USART_Disable(usart);

	if (!device_is_ready(config->reset.dev)) {
 800577c:	68b0      	ldr	r0, [r6, #8]
 800577e:	f004 fcf3 	bl	800a168 <z_impl_device_is_ready>
 8005782:	b308      	cbz	r0, 80057c8 <uart_stm32_registers_configure+0x60>
 8005784:	68f1      	ldr	r1, [r6, #12]
 8005786:	68b0      	ldr	r0, [r6, #8]
 8005788:	f004 fb28 	bl	8009ddc <reset_line_toggle>
 */
__STATIC_FORCEINLINE uint32_t __LDREXW(volatile uint32_t *addr)
{
  uint32_t result;

  __ASM volatile ("ldrex %0, %1" : "=r" (result) : "Q" (*addr) );
 800578c:	f104 030c 	add.w	r3, r4, #12
 8005790:	e853 3f00 	ldrex	r3, [r3]
  ATOMIC_MODIFY_REG(USARTx->CR1, USART_CR1_RE | USART_CR1_TE, TransferDirection);
 8005794:	f043 030c 	orr.w	r3, r3, #12
 */
__STATIC_FORCEINLINE uint32_t __STREXW(uint32_t value, volatile uint32_t *addr)
{
  uint32_t result;

  __ASM volatile ("strex %0, %2, %1" : "=&r" (result), "=Q" (*addr) : "r" (value) );
 8005798:	f104 010c 	add.w	r1, r4, #12
 800579c:	e841 3200 	strex	r2, r3, [r1]
 80057a0:	2a00      	cmp	r2, #0
 80057a2:	d1f3      	bne.n	800578c <uart_stm32_registers_configure+0x24>

	/* TX/RX direction */
	LL_USART_SetTransferDirection(usart, LL_USART_DIRECTION_TX_RX);

	/* Set basic parameters, such as data-/stop-bit, parity, and baudrate */
	if (uart_stm32_parameters_set(dev, uart_cfg) < 0) {
 80057a4:	4639      	mov	r1, r7
 80057a6:	4628      	mov	r0, r5
 80057a8:	f004 fbf5 	bl	8009f96 <uart_stm32_parameters_set>
 80057ac:	2800      	cmp	r0, #0
 80057ae:	db13      	blt.n	80057d8 <uart_stm32_registers_configure+0x70>
		return -EINVAL;
	}

	/* Enable the single wire / half-duplex mode */
	if (config->single_wire) {
 80057b0:	7e33      	ldrb	r3, [r6, #24]
 80057b2:	b11b      	cbz	r3, 80057bc <uart_stm32_registers_configure+0x54>
  * @param  USARTx USART Instance
  * @retval None
  */
__STATIC_INLINE void LL_USART_EnableHalfDuplex(USART_TypeDef *USARTx)
{
  SET_BIT(USARTx->CR3, USART_CR3_HDSEL);
 80057b4:	6963      	ldr	r3, [r4, #20]
 80057b6:	f043 0308 	orr.w	r3, r3, #8
 80057ba:	6163      	str	r3, [r4, #20]
  SET_BIT(USARTx->CR1, USART_CR1_UE);
 80057bc:	68e3      	ldr	r3, [r4, #12]
 80057be:	f443 5300 	orr.w	r3, r3, #8192	@ 0x2000
 80057c2:	60e3      	str	r3, [r4, #12]
	/* Wait until REACK flag is set */
	while (!(LL_USART_IsActiveFlag_REACK(usart))) {
	}
#endif /* USART_ISR_REACK */

	return 0;
 80057c4:	2000      	movs	r0, #0
}
 80057c6:	bdf8      	pop	{r3, r4, r5, r6, r7, pc}
	z_impl_z_log_msg_simple_create_0(source, level, fmt);
 80057c8:	4a05      	ldr	r2, [pc, #20]	@ (80057e0 <uart_stm32_registers_configure+0x78>)
 80057ca:	2101      	movs	r1, #1
 80057cc:	4805      	ldr	r0, [pc, #20]	@ (80057e4 <uart_stm32_registers_configure+0x7c>)
 80057ce:	f003 fbbf 	bl	8008f50 <z_impl_z_log_msg_simple_create_0>
		return -ENODEV;
 80057d2:	f06f 0012 	mvn.w	r0, #18
 80057d6:	e7f6      	b.n	80057c6 <uart_stm32_registers_configure+0x5e>
		return -EINVAL;
 80057d8:	f06f 0015 	mvn.w	r0, #21
 80057dc:	e7f3      	b.n	80057c6 <uart_stm32_registers_configure+0x5e>
 80057de:	bf00      	nop
 80057e0:	0800be88 	.word	0x0800be88
 80057e4:	0800af38 	.word	0x0800af38

080057e8 <elapsed>:
 *     - and until the current call of the function is completed.
 * - the function is invoked with interrupts disabled.
 */
static uint32_t elapsed(void)
{
	uint32_t val1 = SysTick->VAL;	/* A */
 80057e8:	f04f 23e0 	mov.w	r3, #3758153728	@ 0xe000e000
 80057ec:	6999      	ldr	r1, [r3, #24]
	uint32_t ctrl = SysTick->CTRL;	/* B */
 80057ee:	6918      	ldr	r0, [r3, #16]
	uint32_t val2 = SysTick->VAL;	/* C */
 80057f0:	699a      	ldr	r2, [r3, #24]
	 * 4) After C we'll see it next time
	 *
	 * So the count in val2 is post-wrap and last_load needs to be
	 * added if and only if COUNTFLAG is set or val1 < val2.
	 */
	if (val1 == 0) {
 80057f2:	b909      	cbnz	r1, 80057f8 <elapsed+0x10>
		val1 = last_load;
 80057f4:	4b0c      	ldr	r3, [pc, #48]	@ (8005828 <elapsed+0x40>)
 80057f6:	6819      	ldr	r1, [r3, #0]
	}
	if (val2 == 0) {
 80057f8:	b90a      	cbnz	r2, 80057fe <elapsed+0x16>
		val2 = last_load;
 80057fa:	4b0b      	ldr	r3, [pc, #44]	@ (8005828 <elapsed+0x40>)
 80057fc:	681a      	ldr	r2, [r3, #0]
	}

	if ((ctrl & SysTick_CTRL_COUNTFLAG_Msk)
 80057fe:	f410 3f80 	tst.w	r0, #65536	@ 0x10000
 8005802:	d101      	bne.n	8005808 <elapsed+0x20>
	    || (val1 < val2)) {
 8005804:	4291      	cmp	r1, r2
 8005806:	d208      	bcs.n	800581a <elapsed+0x32>
		overflow_cyc += last_load;
 8005808:	4908      	ldr	r1, [pc, #32]	@ (800582c <elapsed+0x44>)
 800580a:	680b      	ldr	r3, [r1, #0]
 800580c:	4806      	ldr	r0, [pc, #24]	@ (8005828 <elapsed+0x40>)
 800580e:	6800      	ldr	r0, [r0, #0]
 8005810:	4403      	add	r3, r0
 8005812:	600b      	str	r3, [r1, #0]

		/* We know there was a wrap, but we might not have
		 * seen it in CTRL, so clear it. */
		(void)SysTick->CTRL;
 8005814:	f04f 23e0 	mov.w	r3, #3758153728	@ 0xe000e000
 8005818:	691b      	ldr	r3, [r3, #16]
	}

	return (last_load - val2) + overflow_cyc;
 800581a:	4b03      	ldr	r3, [pc, #12]	@ (8005828 <elapsed+0x40>)
 800581c:	681b      	ldr	r3, [r3, #0]
 800581e:	1a9b      	subs	r3, r3, r2
 8005820:	4a02      	ldr	r2, [pc, #8]	@ (800582c <elapsed+0x44>)
 8005822:	6810      	ldr	r0, [r2, #0]
}
 8005824:	4418      	add	r0, r3
 8005826:	4770      	bx	lr
 8005828:	2000161c 	.word	0x2000161c
 800582c:	20001618 	.word	0x20001618

08005830 <sys_clock_driver_init>:
    SCB->SHPR[(((uint32_t)IRQn) & 0xFUL)-4UL] = (uint8_t)((priority << (8U - __NVIC_PRIO_BITS)) & (uint32_t)0xFFUL);
 8005830:	4b09      	ldr	r3, [pc, #36]	@ (8005858 <sys_clock_driver_init+0x28>)
 8005832:	2210      	movs	r2, #16
 8005834:	f883 2023 	strb.w	r2, [r3, #35]	@ 0x23

static int sys_clock_driver_init(void)
{

	NVIC_SetPriority(SysTick_IRQn, _IRQ_PRIO_OFFSET);
	last_load = CYC_PER_TICK;
 8005838:	4b08      	ldr	r3, [pc, #32]	@ (800585c <sys_clock_driver_init+0x2c>)
 800583a:	f242 02d0 	movw	r2, #8400	@ 0x20d0
 800583e:	601a      	str	r2, [r3, #0]
	overflow_cyc = 0U;
 8005840:	2000      	movs	r0, #0
 8005842:	4b07      	ldr	r3, [pc, #28]	@ (8005860 <sys_clock_driver_init+0x30>)
 8005844:	6018      	str	r0, [r3, #0]
	SysTick->LOAD = last_load - 1;
 8005846:	f04f 23e0 	mov.w	r3, #3758153728	@ 0xe000e000
 800584a:	f242 02cf 	movw	r2, #8399	@ 0x20cf
 800584e:	615a      	str	r2, [r3, #20]
	SysTick->VAL = 0; /* resets timer to last_load */
 8005850:	6198      	str	r0, [r3, #24]

	uint32_t ctrl_flags = SysTick_CTRL_ENABLE_Msk |
			      SysTick_CTRL_TICKINT_Msk |
			      SYSTICK_CTRL_CLKSOURCE_MSK_GET();

	SysTick->CTRL = ctrl_flags;
 8005852:	2207      	movs	r2, #7
 8005854:	611a      	str	r2, [r3, #16]

	return 0;
}
 8005856:	4770      	bx	lr
 8005858:	e000ed00 	.word	0xe000ed00
 800585c:	2000161c 	.word	0x2000161c
 8005860:	20001618 	.word	0x20001618

08005864 <sys_clock_isr>:
{
 8005864:	4668      	mov	r0, sp
 8005866:	f020 0107 	bic.w	r1, r0, #7
 800586a:	468d      	mov	sp, r1
 800586c:	b519      	push	{r0, r3, r4, lr}
	elapsed();
 800586e:	f7ff ffbb 	bl	80057e8 <elapsed>
	cycle_count += overflow_cyc;
 8005872:	4812      	ldr	r0, [pc, #72]	@ (80058bc <sys_clock_isr+0x58>)
 8005874:	6803      	ldr	r3, [r0, #0]
 8005876:	4a12      	ldr	r2, [pc, #72]	@ (80058c0 <sys_clock_isr+0x5c>)
 8005878:	6851      	ldr	r1, [r2, #4]
 800587a:	6814      	ldr	r4, [r2, #0]
 800587c:	191b      	adds	r3, r3, r4
 800587e:	f141 0100 	adc.w	r1, r1, #0
 8005882:	6013      	str	r3, [r2, #0]
 8005884:	6051      	str	r1, [r2, #4]
	overflow_cyc = 0;
 8005886:	2200      	movs	r2, #0
 8005888:	6002      	str	r2, [r0, #0]
		dcycles = cycle_count - announced_cycles;
 800588a:	490e      	ldr	r1, [pc, #56]	@ (80058c4 <sys_clock_isr+0x60>)
 800588c:	680a      	ldr	r2, [r1, #0]
 800588e:	1a98      	subs	r0, r3, r2
		dticks = dcycles / CYC_PER_TICK;
 8005890:	4b0d      	ldr	r3, [pc, #52]	@ (80058c8 <sys_clock_isr+0x64>)
 8005892:	fba3 3000 	umull	r3, r0, r3, r0
 8005896:	0b40      	lsrs	r0, r0, #13
		announced_cycles += dticks * CYC_PER_TICK;
 8005898:	f242 03d0 	movw	r3, #8400	@ 0x20d0
 800589c:	fb00 f303 	mul.w	r3, r0, r3
 80058a0:	18d2      	adds	r2, r2, r3
 80058a2:	684b      	ldr	r3, [r1, #4]
 80058a4:	f143 0300 	adc.w	r3, r3, #0
 80058a8:	600a      	str	r2, [r1, #0]
 80058aa:	604b      	str	r3, [r1, #4]
		sys_clock_announce(dticks);
 80058ac:	f004 fc28 	bl	800a100 <sys_clock_announce>
	z_arm_int_exit();
 80058b0:	f7fe f870 	bl	8003994 <z_arm_exc_exit>
}
 80058b4:	e8bd 4019 	ldmia.w	sp!, {r0, r3, r4, lr}
 80058b8:	4685      	mov	sp, r0
 80058ba:	4770      	bx	lr
 80058bc:	20001618 	.word	0x20001618
 80058c0:	20001270 	.word	0x20001270
 80058c4:	20001268 	.word	0x20001268
 80058c8:	f9a9342d 	.word	0xf9a9342d

080058cc <sys_clock_set_timeout>:
{
 80058cc:	b5f8      	push	{r3, r4, r5, r6, r7, lr}
	if (IS_ENABLED(CONFIG_TICKLESS_KERNEL) && idle && ticks == K_TICKS_FOREVER) {
 80058ce:	2900      	cmp	r1, #0
 80058d0:	d04d      	beq.n	800596e <sys_clock_set_timeout+0xa2>
 80058d2:	f1b0 3fff 	cmp.w	r0, #4294967295
 80058d6:	d03f      	beq.n	8005958 <sys_clock_set_timeout+0x8c>
	uint32_t last_load_ = last_load;
 80058d8:	4b3f      	ldr	r3, [pc, #252]	@ (80059d8 <sys_clock_set_timeout+0x10c>)
 80058da:	681c      	ldr	r4, [r3, #0]
	ticks = CLAMP(ticks - 1, 0, (int32_t)MAX_TICKS);
 80058dc:	2801      	cmp	r0, #1
 80058de:	dd4e      	ble.n	800597e <sys_clock_set_timeout+0xb2>
 80058e0:	f240 73cd 	movw	r3, #1997	@ 0x7cd
 80058e4:	4298      	cmp	r0, r3
 80058e6:	bfa8      	it	ge
 80058e8:	4618      	movge	r0, r3
 80058ea:	1e46      	subs	r6, r0, #1
  __ASM volatile ("MRS %0, basepri" : "=r" (result) );
 80058ec:	f3ef 8511 	mrs	r5, BASEPRI
  __ASM volatile ("MSR basepri_max, %0" : : "r" (basePri) : "memory");
 80058f0:	2310      	movs	r3, #16
 80058f2:	f383 8812 	msr	BASEPRI_MAX, r3
  __ASM volatile ("isb 0xF":::"memory");
 80058f6:	f3bf 8f6f 	isb	sy
	uint32_t pending = elapsed();
 80058fa:	f7ff ff75 	bl	80057e8 <elapsed>
	val1 = SysTick->VAL;
 80058fe:	f04f 23e0 	mov.w	r3, #3758153728	@ 0xe000e000
 8005902:	699f      	ldr	r7, [r3, #24]
	cycle_count += pending;
 8005904:	4a35      	ldr	r2, [pc, #212]	@ (80059dc <sys_clock_set_timeout+0x110>)
 8005906:	6813      	ldr	r3, [r2, #0]
 8005908:	6851      	ldr	r1, [r2, #4]
 800590a:	18c3      	adds	r3, r0, r3
 800590c:	f141 0100 	adc.w	r1, r1, #0
 8005910:	6013      	str	r3, [r2, #0]
 8005912:	6051      	str	r1, [r2, #4]
	overflow_cyc = 0U;
 8005914:	2100      	movs	r1, #0
 8005916:	4a32      	ldr	r2, [pc, #200]	@ (80059e0 <sys_clock_set_timeout+0x114>)
 8005918:	6011      	str	r1, [r2, #0]
	uint32_t unannounced = cycle_count - announced_cycles;
 800591a:	4a32      	ldr	r2, [pc, #200]	@ (80059e4 <sys_clock_set_timeout+0x118>)
 800591c:	6811      	ldr	r1, [r2, #0]
	if ((int32_t)unannounced < 0) {
 800591e:	1a5a      	subs	r2, r3, r1
 8005920:	d42f      	bmi.n	8005982 <sys_clock_set_timeout+0xb6>
		delay = ticks * CYC_PER_TICK;
 8005922:	f242 00d0 	movw	r0, #8400	@ 0x20d0
		delay += unannounced;
 8005926:	fb00 2206 	mla	r2, r0, r6, r2
		delay = DIV_ROUND_UP(delay, CYC_PER_TICK) * CYC_PER_TICK;
 800592a:	f502 5203 	add.w	r2, r2, #8384	@ 0x20c0
 800592e:	320f      	adds	r2, #15
 8005930:	4e2d      	ldr	r6, [pc, #180]	@ (80059e8 <sys_clock_set_timeout+0x11c>)
 8005932:	fba6 6202 	umull	r6, r2, r6, r2
 8005936:	0b52      	lsrs	r2, r2, #13
		delay -= unannounced;
 8005938:	1ac9      	subs	r1, r1, r3
 800593a:	fb00 1102 	mla	r1, r0, r2, r1
		delay = MAX(delay, MIN_DELAY);
 800593e:	460a      	mov	r2, r1
 8005940:	f5b1 6f80 	cmp.w	r1, #1024	@ 0x400
 8005944:	bf38      	it	cc
 8005946:	f44f 6280 	movcc.w	r2, #1024	@ 0x400
		if (delay > MAX_CYCLES) {
 800594a:	4b28      	ldr	r3, [pc, #160]	@ (80059ec <sys_clock_set_timeout+0x120>)
 800594c:	4299      	cmp	r1, r3
 800594e:	d936      	bls.n	80059be <sys_clock_set_timeout+0xf2>
			last_load = MAX_CYCLES;
 8005950:	4b21      	ldr	r3, [pc, #132]	@ (80059d8 <sys_clock_set_timeout+0x10c>)
 8005952:	4a26      	ldr	r2, [pc, #152]	@ (80059ec <sys_clock_set_timeout+0x120>)
 8005954:	601a      	str	r2, [r3, #0]
 8005956:	e018      	b.n	800598a <sys_clock_set_timeout+0xbe>
		SysTick->CTRL &= ~SysTick_CTRL_ENABLE_Msk;
 8005958:	f04f 22e0 	mov.w	r2, #3758153728	@ 0xe000e000
 800595c:	6913      	ldr	r3, [r2, #16]
 800595e:	f023 0301 	bic.w	r3, r3, #1
 8005962:	6113      	str	r3, [r2, #16]
		last_load = TIMER_STOPPED;
 8005964:	4b1c      	ldr	r3, [pc, #112]	@ (80059d8 <sys_clock_set_timeout+0x10c>)
 8005966:	f04f 427f 	mov.w	r2, #4278190080	@ 0xff000000
 800596a:	601a      	str	r2, [r3, #0]
		return;
 800596c:	e026      	b.n	80059bc <sys_clock_set_timeout+0xf0>
	uint32_t last_load_ = last_load;
 800596e:	4b1a      	ldr	r3, [pc, #104]	@ (80059d8 <sys_clock_set_timeout+0x10c>)
 8005970:	681c      	ldr	r4, [r3, #0]
	ticks = (ticks == K_TICKS_FOREVER) ? MAX_TICKS : ticks;
 8005972:	f1b0 3fff 	cmp.w	r0, #4294967295
 8005976:	d1b1      	bne.n	80058dc <sys_clock_set_timeout+0x10>
 8005978:	f240 70cc 	movw	r0, #1996	@ 0x7cc
 800597c:	e7b0      	b.n	80058e0 <sys_clock_set_timeout+0x14>
	ticks = CLAMP(ticks - 1, 0, (int32_t)MAX_TICKS);
 800597e:	2600      	movs	r6, #0
 8005980:	e7b4      	b.n	80058ec <sys_clock_set_timeout+0x20>
		last_load = MIN_DELAY;
 8005982:	4b15      	ldr	r3, [pc, #84]	@ (80059d8 <sys_clock_set_timeout+0x10c>)
 8005984:	f44f 6280 	mov.w	r2, #1024	@ 0x400
 8005988:	601a      	str	r2, [r3, #0]
	val2 = SysTick->VAL;
 800598a:	f04f 23e0 	mov.w	r3, #3758153728	@ 0xe000e000
 800598e:	6999      	ldr	r1, [r3, #24]
	SysTick->LOAD = last_load - 1;
 8005990:	4a11      	ldr	r2, [pc, #68]	@ (80059d8 <sys_clock_set_timeout+0x10c>)
 8005992:	6812      	ldr	r2, [r2, #0]
 8005994:	3a01      	subs	r2, #1
 8005996:	615a      	str	r2, [r3, #20]
	SysTick->VAL = 0; /* resets timer to last_load */
 8005998:	2200      	movs	r2, #0
 800599a:	619a      	str	r2, [r3, #24]
	if (val1 < val2) {
 800599c:	428f      	cmp	r7, r1
 800599e:	d211      	bcs.n	80059c4 <sys_clock_set_timeout+0xf8>
		cycle_count += (val1 + (last_load_ - val2));
 80059a0:	1a64      	subs	r4, r4, r1
 80059a2:	443c      	add	r4, r7
 80059a4:	4a0d      	ldr	r2, [pc, #52]	@ (80059dc <sys_clock_set_timeout+0x110>)
 80059a6:	6813      	ldr	r3, [r2, #0]
 80059a8:	6851      	ldr	r1, [r2, #4]
 80059aa:	191b      	adds	r3, r3, r4
 80059ac:	f141 0100 	adc.w	r1, r1, #0
 80059b0:	6013      	str	r3, [r2, #0]
 80059b2:	6051      	str	r1, [r2, #4]
  __ASM volatile ("MSR basepri, %0" : : "r" (basePri) : "memory");
 80059b4:	f385 8811 	msr	BASEPRI, r5
 80059b8:	f3bf 8f6f 	isb	sy
}
 80059bc:	bdf8      	pop	{r3, r4, r5, r6, r7, pc}
			last_load = delay;
 80059be:	4b06      	ldr	r3, [pc, #24]	@ (80059d8 <sys_clock_set_timeout+0x10c>)
 80059c0:	601a      	str	r2, [r3, #0]
 80059c2:	e7e2      	b.n	800598a <sys_clock_set_timeout+0xbe>
		cycle_count += (val1 - val2);
 80059c4:	1a7f      	subs	r7, r7, r1
 80059c6:	4a05      	ldr	r2, [pc, #20]	@ (80059dc <sys_clock_set_timeout+0x110>)
 80059c8:	6813      	ldr	r3, [r2, #0]
 80059ca:	6851      	ldr	r1, [r2, #4]
 80059cc:	19db      	adds	r3, r3, r7
 80059ce:	f141 0100 	adc.w	r1, r1, #0
 80059d2:	6013      	str	r3, [r2, #0]
 80059d4:	6051      	str	r1, [r2, #4]
 80059d6:	e7ed      	b.n	80059b4 <sys_clock_set_timeout+0xe8>
 80059d8:	2000161c 	.word	0x2000161c
 80059dc:	20001270 	.word	0x20001270
 80059e0:	20001618 	.word	0x20001618
 80059e4:	20001268 	.word	0x20001268
 80059e8:	f9a9342d 	.word	0xf9a9342d
 80059ec:	00ffd5c0 	.word	0x00ffd5c0

080059f0 <sys_clock_elapsed>:
{
 80059f0:	b538      	push	{r3, r4, r5, lr}
  __ASM volatile ("MRS %0, basepri" : "=r" (result) );
 80059f2:	f3ef 8511 	mrs	r5, BASEPRI
  __ASM volatile ("MSR basepri_max, %0" : : "r" (basePri) : "memory");
 80059f6:	2310      	movs	r3, #16
 80059f8:	f383 8812 	msr	BASEPRI_MAX, r3
 80059fc:	f3bf 8f6f 	isb	sy
	uint32_t unannounced = cycle_count - announced_cycles;
 8005a00:	4b08      	ldr	r3, [pc, #32]	@ (8005a24 <sys_clock_elapsed+0x34>)
 8005a02:	681c      	ldr	r4, [r3, #0]
 8005a04:	4b08      	ldr	r3, [pc, #32]	@ (8005a28 <sys_clock_elapsed+0x38>)
 8005a06:	681b      	ldr	r3, [r3, #0]
 8005a08:	1ae4      	subs	r4, r4, r3
	uint32_t cyc = elapsed() + unannounced;
 8005a0a:	f7ff feed 	bl	80057e8 <elapsed>
 8005a0e:	4420      	add	r0, r4
  __ASM volatile ("MSR basepri, %0" : : "r" (basePri) : "memory");
 8005a10:	f385 8811 	msr	BASEPRI, r5
 8005a14:	f3bf 8f6f 	isb	sy
	return cyc / CYC_PER_TICK;
 8005a18:	4b04      	ldr	r3, [pc, #16]	@ (8005a2c <sys_clock_elapsed+0x3c>)
 8005a1a:	fba3 3000 	umull	r3, r0, r3, r0
}
 8005a1e:	0b40      	lsrs	r0, r0, #13
 8005a20:	bd38      	pop	{r3, r4, r5, pc}
 8005a22:	bf00      	nop
 8005a24:	20001270 	.word	0x20001270
 8005a28:	20001268 	.word	0x20001268
 8005a2c:	f9a9342d 	.word	0xf9a9342d

08005a30 <sys_clock_cycle_get_32>:
{
 8005a30:	b538      	push	{r3, r4, r5, lr}
  __ASM volatile ("MRS %0, basepri" : "=r" (result) );
 8005a32:	f3ef 8511 	mrs	r5, BASEPRI
  __ASM volatile ("MSR basepri_max, %0" : : "r" (basePri) : "memory");
 8005a36:	2310      	movs	r3, #16
 8005a38:	f383 8812 	msr	BASEPRI_MAX, r3
 8005a3c:	f3bf 8f6f 	isb	sy
	uint32_t ret = cycle_count;
 8005a40:	4b04      	ldr	r3, [pc, #16]	@ (8005a54 <sys_clock_cycle_get_32+0x24>)
 8005a42:	681c      	ldr	r4, [r3, #0]
	ret += elapsed();
 8005a44:	f7ff fed0 	bl	80057e8 <elapsed>
 8005a48:	4420      	add	r0, r4
  __ASM volatile ("MSR basepri, %0" : : "r" (basePri) : "memory");
 8005a4a:	f385 8811 	msr	BASEPRI, r5
 8005a4e:	f3bf 8f6f 	isb	sy
}
 8005a52:	bd38      	pop	{r3, r4, r5, pc}
 8005a54:	20001270 	.word	0x20001270

08005a58 <HAL_RCC_GetSysClockFreq>:
  *
  *
  * @retval SYSCLK frequency
  */
__weak uint32_t HAL_RCC_GetSysClockFreq(void)
{
 8005a58:	b508      	push	{r3, lr}
  uint32_t pllvco = 0U;
  uint32_t pllp = 0U;
  uint32_t sysclockfreq = 0U;

  /* Get SYSCLK source -------------------------------------------------------*/
  switch (RCC->CFGR & RCC_CFGR_SWS)
 8005a5a:	4b33      	ldr	r3, [pc, #204]	@ (8005b28 <HAL_RCC_GetSysClockFreq+0xd0>)
 8005a5c:	689b      	ldr	r3, [r3, #8]
 8005a5e:	f003 030c 	and.w	r3, r3, #12
 8005a62:	2b04      	cmp	r3, #4
 8005a64:	d05b      	beq.n	8005b1e <HAL_RCC_GetSysClockFreq+0xc6>
 8005a66:	2b08      	cmp	r3, #8
 8005a68:	d15b      	bne.n	8005b22 <HAL_RCC_GetSysClockFreq+0xca>
    }
    case RCC_CFGR_SWS_PLL:  /* PLL used as system clock  source */
    {
      /* PLL_VCO = (HSE_VALUE or HSI_VALUE / PLLM) * PLLN
      SYSCLK = PLL_VCO / PLLP */
      pllm = RCC->PLLCFGR & RCC_PLLCFGR_PLLM;
 8005a6a:	4b2f      	ldr	r3, [pc, #188]	@ (8005b28 <HAL_RCC_GetSysClockFreq+0xd0>)
 8005a6c:	685a      	ldr	r2, [r3, #4]
 8005a6e:	f002 023f 	and.w	r2, r2, #63	@ 0x3f
      if (__HAL_RCC_GET_PLL_OSCSOURCE() != RCC_PLLSOURCE_HSI)
 8005a72:	685b      	ldr	r3, [r3, #4]
 8005a74:	f413 0f80 	tst.w	r3, #4194304	@ 0x400000
 8005a78:	d02c      	beq.n	8005ad4 <HAL_RCC_GetSysClockFreq+0x7c>
      {
        /* HSE used as PLL clock source */
        pllvco = (uint32_t)((((uint64_t) HSE_VALUE * ((uint64_t)((RCC->PLLCFGR & RCC_PLLCFGR_PLLN) >> RCC_PLLCFGR_PLLN_Pos)))) / (uint64_t)pllm);
 8005a7a:	4b2b      	ldr	r3, [pc, #172]	@ (8005b28 <HAL_RCC_GetSysClockFreq+0xd0>)
 8005a7c:	6858      	ldr	r0, [r3, #4]
 8005a7e:	f3c0 1088 	ubfx	r0, r0, #6, #9
 8005a82:	ea4f 1c40 	mov.w	ip, r0, lsl #5
 8005a86:	ebbc 0c00 	subs.w	ip, ip, r0
 8005a8a:	eb6e 0e0e 	sbc.w	lr, lr, lr
 8005a8e:	ea4f 138e 	mov.w	r3, lr, lsl #6
 8005a92:	ea43 639c 	orr.w	r3, r3, ip, lsr #26
 8005a96:	ea4f 118c 	mov.w	r1, ip, lsl #6
 8005a9a:	ebb1 010c 	subs.w	r1, r1, ip
 8005a9e:	eb63 030e 	sbc.w	r3, r3, lr
 8005aa2:	00db      	lsls	r3, r3, #3
 8005aa4:	ea43 7351 	orr.w	r3, r3, r1, lsr #29
 8005aa8:	00c9      	lsls	r1, r1, #3
 8005aaa:	eb11 0c00 	adds.w	ip, r1, r0
 8005aae:	f143 0300 	adc.w	r3, r3, #0
 8005ab2:	0259      	lsls	r1, r3, #9
 8005ab4:	2300      	movs	r3, #0
 8005ab6:	ea4f 204c 	mov.w	r0, ip, lsl #9
 8005aba:	ea41 51dc 	orr.w	r1, r1, ip, lsr #23
 8005abe:	f7fa fe4d 	bl	800075c <__aeabi_uldivmod>
      else
      {
        /* HSI used as PLL clock source */
        pllvco = (uint32_t)((((uint64_t) HSI_VALUE * ((uint64_t)((RCC->PLLCFGR & RCC_PLLCFGR_PLLN) >> RCC_PLLCFGR_PLLN_Pos)))) / (uint64_t)pllm);
      }
      pllp = ((((RCC->PLLCFGR & RCC_PLLCFGR_PLLP) >> RCC_PLLCFGR_PLLP_Pos) + 1U) * 2U);
 8005ac2:	4b19      	ldr	r3, [pc, #100]	@ (8005b28 <HAL_RCC_GetSysClockFreq+0xd0>)
 8005ac4:	685b      	ldr	r3, [r3, #4]
 8005ac6:	f3c3 4301 	ubfx	r3, r3, #16, #2
 8005aca:	3301      	adds	r3, #1
 8005acc:	005b      	lsls	r3, r3, #1

      sysclockfreq = pllvco / pllp;
 8005ace:	fbb0 f0f3 	udiv	r0, r0, r3
      sysclockfreq = HSI_VALUE;
      break;
    }
  }
  return sysclockfreq;
}
 8005ad2:	bd08      	pop	{r3, pc}
        pllvco = (uint32_t)((((uint64_t) HSI_VALUE * ((uint64_t)((RCC->PLLCFGR & RCC_PLLCFGR_PLLN) >> RCC_PLLCFGR_PLLN_Pos)))) / (uint64_t)pllm);
 8005ad4:	4b14      	ldr	r3, [pc, #80]	@ (8005b28 <HAL_RCC_GetSysClockFreq+0xd0>)
 8005ad6:	6858      	ldr	r0, [r3, #4]
 8005ad8:	f3c0 1088 	ubfx	r0, r0, #6, #9
 8005adc:	ea4f 1c40 	mov.w	ip, r0, lsl #5
 8005ae0:	ebbc 0c00 	subs.w	ip, ip, r0
 8005ae4:	eb6e 0e0e 	sbc.w	lr, lr, lr
 8005ae8:	ea4f 138e 	mov.w	r3, lr, lsl #6
 8005aec:	ea43 639c 	orr.w	r3, r3, ip, lsr #26
 8005af0:	ea4f 118c 	mov.w	r1, ip, lsl #6
 8005af4:	ebb1 010c 	subs.w	r1, r1, ip
 8005af8:	eb63 030e 	sbc.w	r3, r3, lr
 8005afc:	00db      	lsls	r3, r3, #3
 8005afe:	ea43 7351 	orr.w	r3, r3, r1, lsr #29
 8005b02:	00c9      	lsls	r1, r1, #3
 8005b04:	eb11 0c00 	adds.w	ip, r1, r0
 8005b08:	f143 0300 	adc.w	r3, r3, #0
 8005b0c:	0299      	lsls	r1, r3, #10
 8005b0e:	2300      	movs	r3, #0
 8005b10:	ea4f 208c 	mov.w	r0, ip, lsl #10
 8005b14:	ea41 519c 	orr.w	r1, r1, ip, lsr #22
 8005b18:	f7fa fe20 	bl	800075c <__aeabi_uldivmod>
 8005b1c:	e7d1      	b.n	8005ac2 <HAL_RCC_GetSysClockFreq+0x6a>
      sysclockfreq = HSE_VALUE;
 8005b1e:	4803      	ldr	r0, [pc, #12]	@ (8005b2c <HAL_RCC_GetSysClockFreq+0xd4>)
 8005b20:	e7d7      	b.n	8005ad2 <HAL_RCC_GetSysClockFreq+0x7a>
  switch (RCC->CFGR & RCC_CFGR_SWS)
 8005b22:	4803      	ldr	r0, [pc, #12]	@ (8005b30 <HAL_RCC_GetSysClockFreq+0xd8>)
  return sysclockfreq;
 8005b24:	e7d5      	b.n	8005ad2 <HAL_RCC_GetSysClockFreq+0x7a>
 8005b26:	bf00      	nop
 8005b28:	40023800 	.word	0x40023800
 8005b2c:	007a1200 	.word	0x007a1200
 8005b30:	00f42400 	.word	0x00f42400

08005b34 <LL_SetFlashLatency>:
  uint32_t latency = LL_FLASH_LATENCY_0;  /* default value 0WS */
  ErrorStatus status = SUCCESS;


  /* Frequency cannot be equal to 0 */
  if(HCLK_Frequency == 0U)
 8005b34:	4602      	mov	r2, r0
 8005b36:	2800      	cmp	r0, #0
 8005b38:	d03c      	beq.n	8005bb4 <LL_SetFlashLatency+0x80>
  return (uint32_t)(READ_BIT(PWR->CR, PWR_CR_VOS));
 8005b3a:	4b20      	ldr	r3, [pc, #128]	@ (8005bbc <LL_SetFlashLatency+0x88>)
 8005b3c:	6819      	ldr	r1, [r3, #0]
 8005b3e:	681b      	ldr	r3, [r3, #0]
 8005b40:	f403 4340 	and.w	r3, r3, #49152	@ 0xc000
          latency = LL_FLASH_LATENCY_1;
        }
      }
#endif /* UTILS_SCALE1_LATENCY2_FREQ */
    }
    if(LL_PWR_GetRegulVoltageScaling() == LL_PWR_REGU_VOLTAGE_SCALE2)
 8005b44:	f5b3 4f00 	cmp.w	r3, #32768	@ 0x8000
 8005b48:	d01b      	beq.n	8005b82 <LL_SetFlashLatency+0x4e>
  uint32_t latency = LL_FLASH_LATENCY_0;  /* default value 0WS */
 8005b4a:	2100      	movs	r1, #0
 8005b4c:	4b1b      	ldr	r3, [pc, #108]	@ (8005bbc <LL_SetFlashLatency+0x88>)
 8005b4e:	681b      	ldr	r3, [r3, #0]
 8005b50:	f403 4340 	and.w	r3, r3, #49152	@ 0xc000
          latency = LL_FLASH_LATENCY_1;
        }
      }
    }
#if defined (LL_PWR_REGU_VOLTAGE_SCALE3)
    if(LL_PWR_GetRegulVoltageScaling() == LL_PWR_REGU_VOLTAGE_SCALE3)
 8005b54:	f5b3 4f80 	cmp.w	r3, #16384	@ 0x4000
 8005b58:	d01f      	beq.n	8005b9a <LL_SetFlashLatency+0x66>
  MODIFY_REG(FLASH->ACR, FLASH_ACR_LATENCY, Latency);
 8005b5a:	4a19      	ldr	r2, [pc, #100]	@ (8005bc0 <LL_SetFlashLatency+0x8c>)
 8005b5c:	6813      	ldr	r3, [r2, #0]
 8005b5e:	f023 0307 	bic.w	r3, r3, #7
 8005b62:	430b      	orrs	r3, r1
 8005b64:	6013      	str	r3, [r2, #0]
#endif /* LL_PWR_REGU_VOLTAGE_SCALE3 */

    LL_FLASH_SetLatency(latency);
    /* Check that the new number of wait states is taken into account to access the Flash
       memory by reading the FLASH_ACR register */
    timeout = 2;
 8005b66:	2202      	movs	r2, #2
  return (uint32_t)(READ_BIT(FLASH->ACR, FLASH_ACR_LATENCY));
 8005b68:	4b15      	ldr	r3, [pc, #84]	@ (8005bc0 <LL_SetFlashLatency+0x8c>)
 8005b6a:	681b      	ldr	r3, [r3, #0]
 8005b6c:	f003 0307 	and.w	r3, r3, #7
    do
    {
    /* Wait for Flash latency to be updated */
    getlatency = LL_FLASH_GetLatency();
    timeout--;
 8005b70:	3a01      	subs	r2, #1
    } while ((getlatency != latency) && (timeout > 0));
 8005b72:	4299      	cmp	r1, r3
 8005b74:	d001      	beq.n	8005b7a <LL_SetFlashLatency+0x46>
 8005b76:	2a00      	cmp	r2, #0
 8005b78:	d1f6      	bne.n	8005b68 <LL_SetFlashLatency+0x34>

    if(getlatency != latency)
 8005b7a:	4299      	cmp	r1, r3
 8005b7c:	d01c      	beq.n	8005bb8 <LL_SetFlashLatency+0x84>
    {
      status = ERROR;
 8005b7e:	2001      	movs	r0, #1
 8005b80:	4770      	bx	lr
      if((HCLK_Frequency > UTILS_SCALE2_LATENCY2_FREQ)&&(latency == LL_FLASH_LATENCY_0))
 8005b82:	4b10      	ldr	r3, [pc, #64]	@ (8005bc4 <LL_SetFlashLatency+0x90>)
 8005b84:	4298      	cmp	r0, r3
 8005b86:	d804      	bhi.n	8005b92 <LL_SetFlashLatency+0x5e>
        if((HCLK_Frequency > UTILS_SCALE2_LATENCY1_FREQ)&&(latency == LL_FLASH_LATENCY_0))
 8005b88:	4b0f      	ldr	r3, [pc, #60]	@ (8005bc8 <LL_SetFlashLatency+0x94>)
 8005b8a:	4298      	cmp	r0, r3
 8005b8c:	d803      	bhi.n	8005b96 <LL_SetFlashLatency+0x62>
  uint32_t latency = LL_FLASH_LATENCY_0;  /* default value 0WS */
 8005b8e:	2100      	movs	r1, #0
 8005b90:	e7dc      	b.n	8005b4c <LL_SetFlashLatency+0x18>
        latency = LL_FLASH_LATENCY_2;
 8005b92:	2102      	movs	r1, #2
 8005b94:	e7da      	b.n	8005b4c <LL_SetFlashLatency+0x18>
          latency = LL_FLASH_LATENCY_1;
 8005b96:	2101      	movs	r1, #1
 8005b98:	e7d8      	b.n	8005b4c <LL_SetFlashLatency+0x18>
      if((HCLK_Frequency > UTILS_SCALE3_LATENCY2_FREQ)&&(latency == LL_FLASH_LATENCY_0))
 8005b9a:	4b0a      	ldr	r3, [pc, #40]	@ (8005bc4 <LL_SetFlashLatency+0x90>)
 8005b9c:	429a      	cmp	r2, r3
 8005b9e:	d900      	bls.n	8005ba2 <LL_SetFlashLatency+0x6e>
 8005ba0:	b131      	cbz	r1, 8005bb0 <LL_SetFlashLatency+0x7c>
        if((HCLK_Frequency > UTILS_SCALE3_LATENCY1_FREQ)&&(latency == LL_FLASH_LATENCY_0))
 8005ba2:	4b09      	ldr	r3, [pc, #36]	@ (8005bc8 <LL_SetFlashLatency+0x94>)
 8005ba4:	429a      	cmp	r2, r3
 8005ba6:	d9d8      	bls.n	8005b5a <LL_SetFlashLatency+0x26>
 8005ba8:	2900      	cmp	r1, #0
 8005baa:	d1d6      	bne.n	8005b5a <LL_SetFlashLatency+0x26>
          latency = LL_FLASH_LATENCY_1;
 8005bac:	2101      	movs	r1, #1
 8005bae:	e7d4      	b.n	8005b5a <LL_SetFlashLatency+0x26>
        latency = LL_FLASH_LATENCY_2;
 8005bb0:	2102      	movs	r1, #2
 8005bb2:	e7d2      	b.n	8005b5a <LL_SetFlashLatency+0x26>
    status = ERROR;
 8005bb4:	2001      	movs	r0, #1
 8005bb6:	4770      	bx	lr
    }
    else
    {
      status = SUCCESS;
 8005bb8:	2000      	movs	r0, #0
    }
  }
  return status;
}
 8005bba:	4770      	bx	lr
 8005bbc:	40007000 	.word	0x40007000
 8005bc0:	40023c00 	.word	0x40023c00
 8005bc4:	03938700 	.word	0x03938700
 8005bc8:	01c9c380 	.word	0x01c9c380

08005bcc <reason_to_str>:
	return thread_name;
}

static const char *reason_to_str(unsigned int reason)
{
	switch (reason) {
 8005bcc:	2804      	cmp	r0, #4
 8005bce:	d80c      	bhi.n	8005bea <reason_to_str+0x1e>
 8005bd0:	e8df f000 	tbb	[pc, r0]
 8005bd4:	07050d03 	.word	0x07050d03
 8005bd8:	09          	.byte	0x09
 8005bd9:	00          	.byte	0x00
 8005bda:	4806      	ldr	r0, [pc, #24]	@ (8005bf4 <reason_to_str+0x28>)
 8005bdc:	4770      	bx	lr
	case K_ERR_CPU_EXCEPTION:
		return "CPU exception";
	case K_ERR_SPURIOUS_IRQ:
		return "Unhandled interrupt";
	case K_ERR_STACK_CHK_FAIL:
		return "Stack overflow";
 8005bde:	4806      	ldr	r0, [pc, #24]	@ (8005bf8 <reason_to_str+0x2c>)
 8005be0:	4770      	bx	lr
	case K_ERR_KERNEL_OOPS:
		return "Kernel oops";
 8005be2:	4806      	ldr	r0, [pc, #24]	@ (8005bfc <reason_to_str+0x30>)
 8005be4:	4770      	bx	lr
	case K_ERR_KERNEL_PANIC:
		return "Kernel panic";
 8005be6:	4806      	ldr	r0, [pc, #24]	@ (8005c00 <reason_to_str+0x34>)
 8005be8:	4770      	bx	lr
	default:
		return "Unknown error";
 8005bea:	4806      	ldr	r0, [pc, #24]	@ (8005c04 <reason_to_str+0x38>)
 8005bec:	4770      	bx	lr
		return "Unhandled interrupt";
 8005bee:	4806      	ldr	r0, [pc, #24]	@ (8005c08 <reason_to_str+0x3c>)
	}
}
 8005bf0:	4770      	bx	lr
 8005bf2:	bf00      	nop
 8005bf4:	0800bed0 	.word	0x0800bed0
 8005bf8:	0800bef4 	.word	0x0800bef4
 8005bfc:	0800bf04 	.word	0x0800bf04
 8005c00:	0800bf10 	.word	0x0800bf10
 8005c04:	0800bf20 	.word	0x0800bf20
 8005c08:	0800bee0 	.word	0x0800bee0

08005c0c <thread_name_get>:
	const char *thread_name = (thread != NULL) ? k_thread_name_get(thread) : NULL;
 8005c0c:	b130      	cbz	r0, 8005c1c <thread_name_get+0x10>
{
 8005c0e:	b508      	push	{r3, lr}
	const char *thread_name = (thread != NULL) ? k_thread_name_get(thread) : NULL;
 8005c10:	f004 fb93 	bl	800a33a <k_thread_name_get>
	if ((thread_name == NULL) || (thread_name[0] == '\0')) {
 8005c14:	b120      	cbz	r0, 8005c20 <thread_name_get+0x14>
 8005c16:	7803      	ldrb	r3, [r0, #0]
 8005c18:	b123      	cbz	r3, 8005c24 <thread_name_get+0x18>
}
 8005c1a:	bd08      	pop	{r3, pc}
		thread_name = "unknown";
 8005c1c:	4802      	ldr	r0, [pc, #8]	@ (8005c28 <thread_name_get+0x1c>)
}
 8005c1e:	4770      	bx	lr
		thread_name = "unknown";
 8005c20:	4801      	ldr	r0, [pc, #4]	@ (8005c28 <thread_name_get+0x1c>)
 8005c22:	e7fa      	b.n	8005c1a <thread_name_get+0xe>
 8005c24:	4800      	ldr	r0, [pc, #0]	@ (8005c28 <thread_name_get+0x1c>)
	return thread_name;
 8005c26:	e7f8      	b.n	8005c1a <thread_name_get+0xe>
 8005c28:	0800bf30 	.word	0x0800bf30

08005c2c <k_sys_fatal_error_handler>:
{
 8005c2c:	b510      	push	{r4, lr}
 8005c2e:	4604      	mov	r4, r0
	z_impl_log_panic();
 8005c30:	f7fc fd84 	bl	800273c <z_impl_log_panic>
 8005c34:	4a03      	ldr	r2, [pc, #12]	@ (8005c44 <k_sys_fatal_error_handler+0x18>)
 8005c36:	2101      	movs	r1, #1
 8005c38:	4803      	ldr	r0, [pc, #12]	@ (8005c48 <k_sys_fatal_error_handler+0x1c>)
 8005c3a:	f003 f989 	bl	8008f50 <z_impl_z_log_msg_simple_create_0>
	arch_system_halt(reason);
 8005c3e:	4620      	mov	r0, r4
 8005c40:	f004 faa2 	bl	800a188 <arch_system_halt>
 8005c44:	0800bf38 	.word	0x0800bf38
 8005c48:	0800aef8 	.word	0x0800aef8

08005c4c <z_fatal_error>:
	arch_system_halt(reason);
}
/* LCOV_EXCL_STOP */

void z_fatal_error(unsigned int reason, const struct arch_esf *esf)
{
 8005c4c:	e92d 47f0 	stmdb	sp!, {r4, r5, r6, r7, r8, r9, sl, lr}
 8005c50:	b082      	sub	sp, #8
 8005c52:	af00      	add	r7, sp, #0
 8005c54:	4605      	mov	r5, r0
 8005c56:	460c      	mov	r4, r1
  __ASM volatile ("MRS %0, basepri" : "=r" (result) );
 8005c58:	f3ef 8811 	mrs	r8, BASEPRI
  __ASM volatile ("MSR basepri_max, %0" : : "r" (basePri) : "memory");
 8005c5c:	2310      	movs	r3, #16
 8005c5e:	f383 8812 	msr	BASEPRI_MAX, r3
 8005c62:	f3bf 8f6f 	isb	sy
	/* We can't allow this code to be preempted, but don't need to
	 * synchronize between CPUs, so an arch-layer lock is
	 * appropriate.
	 */
	unsigned int key = arch_irq_lock();
	struct k_thread *thread = IS_ENABLED(CONFIG_MULTITHREADING) ?
 8005c66:	f8df 91c4 	ldr.w	r9, [pc, #452]	@ 8005e2c <z_fatal_error+0x1e0>
 8005c6a:	f8d9 6008 	ldr.w	r6, [r9, #8]
			_current : NULL;

	/* twister looks for the "ZEPHYR FATAL ERROR" string, don't
	 * change it without also updating twister
	 */
	LOG_ERR(">>> ZEPHYR FATAL ERROR %d: %s on CPU %d", reason,
 8005c6e:	f7ff ffad 	bl	8005bcc <reason_to_str>
 8005c72:	f899 1010 	ldrb.w	r1, [r9, #16]
 8005c76:	46e9      	mov	r9, sp
 8005c78:	2301      	movs	r3, #1
 8005c7a:	713b      	strb	r3, [r7, #4]
 8005c7c:	2303      	movs	r3, #3
 8005c7e:	717b      	strb	r3, [r7, #5]
 8005c80:	b08a      	sub	sp, #40	@ 0x28
 8005c82:	46ec      	mov	ip, sp
 8005c84:	f11c 0210 	adds.w	r2, ip, #16
 8005c88:	d021      	beq.n	8005cce <z_fatal_error+0x82>
 8005c8a:	f04f 0e16 	mov.w	lr, #22
 8005c8e:	b15a      	cbz	r2, 8005ca8 <z_fatal_error+0x5c>
 8005c90:	4673      	mov	r3, lr
 8005c92:	f1be 0f04 	cmp.w	lr, #4
 8005c96:	dd03      	ble.n	8005ca0 <z_fatal_error+0x54>
 8005c98:	f8df a194 	ldr.w	sl, [pc, #404]	@ 8005e30 <z_fatal_error+0x1e4>
 8005c9c:	f8cc a014 	str.w	sl, [ip, #20]
 8005ca0:	2b08      	cmp	r3, #8
 8005ca2:	dd01      	ble.n	8005ca8 <z_fatal_error+0x5c>
 8005ca4:	f8cc 5018 	str.w	r5, [ip, #24]
 8005ca8:	2301      	movs	r3, #1
 8005caa:	703b      	strb	r3, [r7, #0]
 8005cac:	2303      	movs	r3, #3
 8005cae:	707b      	strb	r3, [r7, #1]
 8005cb0:	b1d2      	cbz	r2, 8005ce8 <z_fatal_error+0x9c>
 8005cb2:	4673      	mov	r3, lr
 8005cb4:	f1be 0f0c 	cmp.w	lr, #12
 8005cb8:	dd01      	ble.n	8005cbe <z_fatal_error+0x72>
 8005cba:	f8cc 001c 	str.w	r0, [ip, #28]
 8005cbe:	2b10      	cmp	r3, #16
 8005cc0:	dd01      	ble.n	8005cc6 <z_fatal_error+0x7a>
 8005cc2:	f8cc 1020 	str.w	r1, [ip, #32]
 8005cc6:	f10c 0324 	add.w	r3, ip, #36	@ 0x24
 8005cca:	2100      	movs	r1, #0
 8005ccc:	e00a      	b.n	8005ce4 <z_fatal_error+0x98>
 8005cce:	f06f 4e00 	mvn.w	lr, #2147483648	@ 0x80000000
 8005cd2:	e7dc      	b.n	8005c8e <z_fatal_error+0x42>
 8005cd4:	f101 0008 	add.w	r0, r1, #8
 8005cd8:	4438      	add	r0, r7
 8005cda:	f810 0c08 	ldrb.w	r0, [r0, #-8]
 8005cde:	f803 0b01 	strb.w	r0, [r3], #1
 8005ce2:	3101      	adds	r1, #1
 8005ce4:	2901      	cmp	r1, #1
 8005ce6:	d9f5      	bls.n	8005cd4 <z_fatal_error+0x88>
 8005ce8:	f1be 0f15 	cmp.w	lr, #21
 8005cec:	dd50      	ble.n	8005d90 <z_fatal_error+0x144>
 8005cee:	2316      	movs	r3, #22
 8005cf0:	b14a      	cbz	r2, 8005d06 <z_fatal_error+0xba>
 8005cf2:	2105      	movs	r1, #5
 8005cf4:	7139      	strb	r1, [r7, #4]
 8005cf6:	2100      	movs	r1, #0
 8005cf8:	7179      	strb	r1, [r7, #5]
 8005cfa:	71b9      	strb	r1, [r7, #6]
 8005cfc:	2101      	movs	r1, #1
 8005cfe:	71f9      	strb	r1, [r7, #7]
 8005d00:	6878      	ldr	r0, [r7, #4]
 8005d02:	f8cc 0010 	str.w	r0, [ip, #16]
 8005d06:	2100      	movs	r1, #0
 8005d08:	f021 0101 	bic.w	r1, r1, #1
 8005d0c:	f021 0102 	bic.w	r1, r1, #2
 8005d10:	f021 0104 	bic.w	r1, r1, #4
 8005d14:	f021 0138 	bic.w	r1, r1, #56	@ 0x38
 8005d18:	2001      	movs	r0, #1
 8005d1a:	f360 1188 	bfi	r1, r0, #6, #3
 8005d1e:	f3c3 030a 	ubfx	r3, r3, #0, #11
 8005d22:	f363 2153 	bfi	r1, r3, #9, #11
 8005d26:	f3c1 0113 	ubfx	r1, r1, #0, #20
	z_impl_z_log_msg_static_create(source, desc, package, data);
 8005d2a:	2300      	movs	r3, #0
 8005d2c:	4841      	ldr	r0, [pc, #260]	@ (8005e34 <z_fatal_error+0x1e8>)
 8005d2e:	f7fc fde9 	bl	8002904 <z_impl_z_log_msg_static_create>
 8005d32:	46cd      	mov	sp, r9
	 * an IRQ or exception was being handled, or thread context.
	 *
	 * See #17656
	 */
#if defined(CONFIG_ARCH_HAS_NESTED_EXCEPTION_DETECTION)
	if ((esf != NULL) && arch_is_in_nested_exception(esf)) {
 8005d34:	b11c      	cbz	r4, 8005d3e <z_fatal_error+0xf2>
 * @return true if execution state was in handler mode, before
 *              the current exception occurred, otherwise false.
 */
static ALWAYS_INLINE bool arch_is_in_nested_exception(const struct arch_esf *esf)
{
	return (esf->basic.xpsr & IPSR_ISR_Msk) ? (true) : (false);
 8005d36:	69e3      	ldr	r3, [r4, #28]
 8005d38:	f3c3 0308 	ubfx	r3, r3, #0, #9
 8005d3c:	bb5b      	cbnz	r3, 8005d96 <z_fatal_error+0x14a>
		LOG_ERR("Fault during interrupt handling\n");
	}
#endif /* CONFIG_ARCH_HAS_NESTED_EXCEPTION_DETECTION */

	if (IS_ENABLED(CONFIG_MULTITHREADING)) {
		LOG_ERR("Current thread: %p (%s)", thread, thread_name_get(thread));
 8005d3e:	4630      	mov	r0, r6
 8005d40:	f7ff ff64 	bl	8005c0c <thread_name_get>
 8005d44:	46e9      	mov	r9, sp
 8005d46:	2301      	movs	r3, #1
 8005d48:	713b      	strb	r3, [r7, #4]
 8005d4a:	2303      	movs	r3, #3
 8005d4c:	717b      	strb	r3, [r7, #5]
 8005d4e:	b08a      	sub	sp, #40	@ 0x28
 8005d50:	46ec      	mov	ip, sp
 8005d52:	f11c 0210 	adds.w	r2, ip, #16
 8005d56:	d024      	beq.n	8005da2 <z_fatal_error+0x156>
 8005d58:	f04f 0e12 	mov.w	lr, #18
 8005d5c:	b152      	cbz	r2, 8005d74 <z_fatal_error+0x128>
 8005d5e:	4673      	mov	r3, lr
 8005d60:	f1be 0f04 	cmp.w	lr, #4
 8005d64:	dd02      	ble.n	8005d6c <z_fatal_error+0x120>
 8005d66:	4934      	ldr	r1, [pc, #208]	@ (8005e38 <z_fatal_error+0x1ec>)
 8005d68:	f8cc 1014 	str.w	r1, [ip, #20]
 8005d6c:	2b08      	cmp	r3, #8
 8005d6e:	dd01      	ble.n	8005d74 <z_fatal_error+0x128>
 8005d70:	f8cc 6018 	str.w	r6, [ip, #24]
 8005d74:	2301      	movs	r3, #1
 8005d76:	703b      	strb	r3, [r7, #0]
 8005d78:	2303      	movs	r3, #3
 8005d7a:	707b      	strb	r3, [r7, #1]
 8005d7c:	b1f2      	cbz	r2, 8005dbc <z_fatal_error+0x170>
 8005d7e:	f1be 0f0c 	cmp.w	lr, #12
 8005d82:	dd01      	ble.n	8005d88 <z_fatal_error+0x13c>
 8005d84:	f8cc 001c 	str.w	r0, [ip, #28]
 8005d88:	f10c 0320 	add.w	r3, ip, #32
 8005d8c:	2100      	movs	r1, #0
 8005d8e:	e013      	b.n	8005db8 <z_fatal_error+0x16c>
	LOG_ERR(">>> ZEPHYR FATAL ERROR %d: %s on CPU %d", reason,
 8005d90:	f06f 031b 	mvn.w	r3, #27
 8005d94:	e7ac      	b.n	8005cf0 <z_fatal_error+0xa4>
	z_impl_z_log_msg_simple_create_0(source, level, fmt);
 8005d96:	4a29      	ldr	r2, [pc, #164]	@ (8005e3c <z_fatal_error+0x1f0>)
 8005d98:	2101      	movs	r1, #1
 8005d9a:	4826      	ldr	r0, [pc, #152]	@ (8005e34 <z_fatal_error+0x1e8>)
 8005d9c:	f003 f8d8 	bl	8008f50 <z_impl_z_log_msg_simple_create_0>
		LOG_ERR("Fault during interrupt handling\n");
 8005da0:	e7cd      	b.n	8005d3e <z_fatal_error+0xf2>
		LOG_ERR("Current thread: %p (%s)", thread, thread_name_get(thread));
 8005da2:	f06f 4e00 	mvn.w	lr, #2147483648	@ 0x80000000
 8005da6:	e7d9      	b.n	8005d5c <z_fatal_error+0x110>
 8005da8:	f101 0008 	add.w	r0, r1, #8
 8005dac:	4438      	add	r0, r7
 8005dae:	f810 0c08 	ldrb.w	r0, [r0, #-8]
 8005db2:	f803 0b01 	strb.w	r0, [r3], #1
 8005db6:	3101      	adds	r1, #1
 8005db8:	2901      	cmp	r1, #1
 8005dba:	d9f5      	bls.n	8005da8 <z_fatal_error+0x15c>
 8005dbc:	f1be 0f11 	cmp.w	lr, #17
 8005dc0:	dd31      	ble.n	8005e26 <z_fatal_error+0x1da>
 8005dc2:	2312      	movs	r3, #18
 8005dc4:	b14a      	cbz	r2, 8005dda <z_fatal_error+0x18e>
 8005dc6:	2104      	movs	r1, #4
 8005dc8:	7139      	strb	r1, [r7, #4]
 8005dca:	2100      	movs	r1, #0
 8005dcc:	7179      	strb	r1, [r7, #5]
 8005dce:	71b9      	strb	r1, [r7, #6]
 8005dd0:	2101      	movs	r1, #1
 8005dd2:	71f9      	strb	r1, [r7, #7]
 8005dd4:	6878      	ldr	r0, [r7, #4]
 8005dd6:	f8cc 0010 	str.w	r0, [ip, #16]
 8005dda:	2100      	movs	r1, #0
 8005ddc:	f021 0101 	bic.w	r1, r1, #1
 8005de0:	f021 0102 	bic.w	r1, r1, #2
 8005de4:	f021 0104 	bic.w	r1, r1, #4
 8005de8:	f021 0138 	bic.w	r1, r1, #56	@ 0x38
 8005dec:	2001      	movs	r0, #1
 8005dee:	f360 1188 	bfi	r1, r0, #6, #3
 8005df2:	f3c3 030a 	ubfx	r3, r3, #0, #11
 8005df6:	f363 2153 	bfi	r1, r3, #9, #11
 8005dfa:	f3c1 0113 	ubfx	r1, r1, #0, #20
	z_impl_z_log_msg_static_create(source, desc, package, data);
 8005dfe:	2300      	movs	r3, #0
 8005e00:	480c      	ldr	r0, [pc, #48]	@ (8005e34 <z_fatal_error+0x1e8>)
 8005e02:	f7fc fd7f 	bl	8002904 <z_impl_z_log_msg_static_create>
 8005e06:	46cd      	mov	sp, r9
	}

	coredump(reason, esf, thread);

	k_sys_fatal_error_handler(reason, esf);
 8005e08:	4621      	mov	r1, r4
 8005e0a:	4628      	mov	r0, r5
 8005e0c:	f7ff ff0e 	bl	8005c2c <k_sys_fatal_error_handler>
  __ASM volatile ("MSR basepri, %0" : : "r" (basePri) : "memory");
 8005e10:	f388 8811 	msr	BASEPRI, r8
 8005e14:	f3bf 8f6f 	isb	sy
	z_impl_k_thread_abort(thread);
 8005e18:	4630      	mov	r0, r6
 8005e1a:	f7fd fdcb 	bl	80039b4 <z_impl_k_thread_abort>
	arch_irq_unlock(key);

	if (IS_ENABLED(CONFIG_MULTITHREADING)) {
		k_thread_abort(thread);
	}
}
 8005e1e:	3708      	adds	r7, #8
 8005e20:	46bd      	mov	sp, r7
 8005e22:	e8bd 87f0 	ldmia.w	sp!, {r4, r5, r6, r7, r8, r9, sl, pc}
		LOG_ERR("Current thread: %p (%s)", thread, thread_name_get(thread));
 8005e26:	f06f 031b 	mvn.w	r3, #27
 8005e2a:	e7cb      	b.n	8005dc4 <z_fatal_error+0x178>
 8005e2c:	20001620 	.word	0x20001620
 8005e30:	0800bf48 	.word	0x0800bf48
 8005e34:	0800aef8 	.word	0x0800aef8
 8005e38:	0800bf94 	.word	0x0800bf94
 8005e3c:	0800bf70 	.word	0x0800bf70

08005e40 <init_idle_thread>:
} /* LCOV_EXCL_LINE ... because we just dumped final coverage data */

#if defined(CONFIG_MULTITHREADING)
__boot_func
static void init_idle_thread(int i)
{
 8005e40:	b510      	push	{r4, lr}
 8005e42:	b086      	sub	sp, #24
	struct k_thread *thread = &z_idle_threads[i];
 8005e44:	23b0      	movs	r3, #176	@ 0xb0
 8005e46:	4c11      	ldr	r4, [pc, #68]	@ (8005e8c <init_idle_thread+0x4c>)
 8005e48:	fb03 4400 	mla	r4, r3, r0, r4
	k_thread_stack_t *stack = z_idle_stacks[i];
 8005e4c:	eb00 0c40 	add.w	ip, r0, r0, lsl #1
#else
	char *tname = NULL;
#endif /* CONFIG_THREAD_NAME */

	z_setup_new_thread(thread, stack,
			  stack_size, idle, &_kernel.cpus[i],
 8005e50:	eb00 0080 	add.w	r0, r0, r0, lsl #2
 8005e54:	4b0e      	ldr	r3, [pc, #56]	@ (8005e90 <init_idle_thread+0x50>)
 8005e56:	eb03 0380 	add.w	r3, r3, r0, lsl #2
	z_setup_new_thread(thread, stack,
 8005e5a:	4a0e      	ldr	r2, [pc, #56]	@ (8005e94 <init_idle_thread+0x54>)
 8005e5c:	9205      	str	r2, [sp, #20]
 8005e5e:	2201      	movs	r2, #1
 8005e60:	9204      	str	r2, [sp, #16]
 8005e62:	220f      	movs	r2, #15
 8005e64:	9203      	str	r2, [sp, #12]
 8005e66:	2200      	movs	r2, #0
 8005e68:	9202      	str	r2, [sp, #8]
 8005e6a:	9201      	str	r2, [sp, #4]
 8005e6c:	9300      	str	r3, [sp, #0]
 8005e6e:	4b0a      	ldr	r3, [pc, #40]	@ (8005e98 <init_idle_thread+0x58>)
 8005e70:	f44f 72a0 	mov.w	r2, #320	@ 0x140
 8005e74:	4909      	ldr	r1, [pc, #36]	@ (8005e9c <init_idle_thread+0x5c>)
 8005e76:	eb01 11cc 	add.w	r1, r1, ip, lsl #7
 8005e7a:	4620      	mov	r0, r4
 8005e7c:	f000 fb60 	bl	8006540 <z_setup_new_thread>
	thread->base.thread_state |= _THREAD_SLEEPING;
}

static inline void z_mark_thread_as_not_sleeping(struct k_thread *thread)
{
	thread->base.thread_state &= ~_THREAD_SLEEPING;
 8005e80:	7c23      	ldrb	r3, [r4, #16]
 8005e82:	f023 0304 	bic.w	r3, r3, #4
 8005e86:	7423      	strb	r3, [r4, #16]
	z_mark_thread_as_not_sleeping(thread);

#ifdef CONFIG_SMP
	thread->base.is_idle = 1U;
#endif /* CONFIG_SMP */
}
 8005e88:	b006      	add	sp, #24
 8005e8a:	bd10      	pop	{r4, pc}
 8005e8c:	20001278 	.word	0x20001278
 8005e90:	20001620 	.word	0x20001620
 8005e94:	0800bfac 	.word	0x0800bfac
 8005e98:	0800a199 	.word	0x0800a199
 8005e9c:	20004180 	.word	0x20004180

08005ea0 <z_sys_init_run_level>:
{
 8005ea0:	b538      	push	{r3, r4, r5, lr}
 8005ea2:	4605      	mov	r5, r0
	for (entry = levels[level]; entry < levels[level+1]; entry++) {
 8005ea4:	4b0b      	ldr	r3, [pc, #44]	@ (8005ed4 <z_sys_init_run_level+0x34>)
 8005ea6:	f853 4020 	ldr.w	r4, [r3, r0, lsl #2]
 8005eaa:	e002      	b.n	8005eb2 <z_sys_init_run_level+0x12>
			result = entry->init_fn();
 8005eac:	6823      	ldr	r3, [r4, #0]
 8005eae:	4798      	blx	r3
	for (entry = levels[level]; entry < levels[level+1]; entry++) {
 8005eb0:	3408      	adds	r4, #8
 8005eb2:	1c6b      	adds	r3, r5, #1
 8005eb4:	4a07      	ldr	r2, [pc, #28]	@ (8005ed4 <z_sys_init_run_level+0x34>)
 8005eb6:	f852 3023 	ldr.w	r3, [r2, r3, lsl #2]
 8005eba:	42a3      	cmp	r3, r4
 8005ebc:	d909      	bls.n	8005ed2 <z_sys_init_run_level+0x32>
		const struct device *dev = entry->dev;
 8005ebe:	6860      	ldr	r0, [r4, #4]
		if (dev != NULL) {
 8005ec0:	2800      	cmp	r0, #0
 8005ec2:	d0f3      	beq.n	8005eac <z_sys_init_run_level+0xc>
			if ((dev->flags & DEVICE_FLAG_INIT_DEFERRED) == 0U) {
 8005ec4:	7e03      	ldrb	r3, [r0, #24]
 8005ec6:	f013 0f01 	tst.w	r3, #1
 8005eca:	d1f1      	bne.n	8005eb0 <z_sys_init_run_level+0x10>
				result = do_device_init(dev);
 8005ecc:	f004 f933 	bl	800a136 <do_device_init>
 8005ed0:	e7ee      	b.n	8005eb0 <z_sys_init_run_level+0x10>
}
 8005ed2:	bd38      	pop	{r3, r4, r5, pc}
 8005ed4:	0800c690 	.word	0x0800c690

08005ed8 <thread_schedule_new>:
{
 8005ed8:	b508      	push	{r3, lr}
	if (K_TIMEOUT_EQ(delay, K_NO_WAIT)) {
 8005eda:	ea53 0102 	orrs.w	r1, r3, r2
 8005ede:	d102      	bne.n	8005ee6 <thread_schedule_new+0xe>
	z_impl_k_wakeup(thread);
 8005ee0:	f000 ff1c 	bl	8006d1c <z_impl_k_wakeup>
}
 8005ee4:	bd08      	pop	{r3, pc}

extern void z_thread_timeout(struct _timeout *timeout);

static inline k_ticks_t z_add_thread_timeout(struct k_thread *thread, k_timeout_t ticks)
{
	return z_add_timeout(&thread->base.timeout, z_thread_timeout, ticks);
 8005ee6:	4902      	ldr	r1, [pc, #8]	@ (8005ef0 <thread_schedule_new+0x18>)
 8005ee8:	3018      	adds	r0, #24
 8005eea:	f001 f8c3 	bl	8007074 <z_add_timeout>
 8005eee:	e7f9      	b.n	8005ee4 <thread_schedule_new+0xc>
 8005ef0:	0800a505 	.word	0x0800a505

08005ef4 <z_init_static_threads>:
{
 8005ef4:	b510      	push	{r4, lr}
 8005ef6:	b086      	sub	sp, #24
	STRUCT_SECTION_FOREACH(_static_thread_data, thread_data) {
 8005ef8:	4c18      	ldr	r4, [pc, #96]	@ (8005f5c <z_init_static_threads+0x68>)
 8005efa:	e014      	b.n	8005f26 <z_init_static_threads+0x32>
		z_setup_new_thread(
 8005efc:	6a63      	ldr	r3, [r4, #36]	@ 0x24
 8005efe:	9305      	str	r3, [sp, #20]
 8005f00:	6a23      	ldr	r3, [r4, #32]
 8005f02:	9304      	str	r3, [sp, #16]
 8005f04:	69e3      	ldr	r3, [r4, #28]
 8005f06:	9303      	str	r3, [sp, #12]
 8005f08:	69a3      	ldr	r3, [r4, #24]
 8005f0a:	9302      	str	r3, [sp, #8]
 8005f0c:	6963      	ldr	r3, [r4, #20]
 8005f0e:	9301      	str	r3, [sp, #4]
 8005f10:	6923      	ldr	r3, [r4, #16]
 8005f12:	9300      	str	r3, [sp, #0]
 8005f14:	68e3      	ldr	r3, [r4, #12]
 8005f16:	68a2      	ldr	r2, [r4, #8]
 8005f18:	6861      	ldr	r1, [r4, #4]
 8005f1a:	6820      	ldr	r0, [r4, #0]
 8005f1c:	f000 fb10 	bl	8006540 <z_setup_new_thread>
		thread_data->init_thread->init_data = thread_data;
 8005f20:	6823      	ldr	r3, [r4, #0]
 8005f22:	655c      	str	r4, [r3, #84]	@ 0x54
	STRUCT_SECTION_FOREACH(_static_thread_data, thread_data) {
 8005f24:	3430      	adds	r4, #48	@ 0x30
 8005f26:	4b0e      	ldr	r3, [pc, #56]	@ (8005f60 <z_init_static_threads+0x6c>)
 8005f28:	429c      	cmp	r4, r3
 8005f2a:	d3e7      	bcc.n	8005efc <z_init_static_threads+0x8>
	k_sched_lock();
 8005f2c:	f000 fddc 	bl	8006ae8 <k_sched_lock>
	STRUCT_SECTION_FOREACH(_static_thread_data, thread_data) {
 8005f30:	4c0a      	ldr	r4, [pc, #40]	@ (8005f5c <z_init_static_threads+0x68>)
 8005f32:	e003      	b.n	8005f3c <z_init_static_threads+0x48>
			thread_schedule_new(thread_data->init_thread,
 8005f34:	6820      	ldr	r0, [r4, #0]
 8005f36:	f7ff ffcf 	bl	8005ed8 <thread_schedule_new>
	STRUCT_SECTION_FOREACH(_static_thread_data, thread_data) {
 8005f3a:	3430      	adds	r4, #48	@ 0x30
 8005f3c:	4b08      	ldr	r3, [pc, #32]	@ (8005f60 <z_init_static_threads+0x6c>)
 8005f3e:	429c      	cmp	r4, r3
 8005f40:	d208      	bcs.n	8005f54 <z_init_static_threads+0x60>
		k_timeout_t init_delay = Z_THREAD_INIT_DELAY(thread_data);
 8005f42:	6aa2      	ldr	r2, [r4, #40]	@ 0x28
 8005f44:	6ae3      	ldr	r3, [r4, #44]	@ 0x2c
		if (!K_TIMEOUT_EQ(init_delay, K_FOREVER)) {
 8005f46:	f1b3 3fff 	cmp.w	r3, #4294967295
 8005f4a:	bf08      	it	eq
 8005f4c:	f1b2 3fff 	cmpeq.w	r2, #4294967295
 8005f50:	d0f3      	beq.n	8005f3a <z_init_static_threads+0x46>
 8005f52:	e7ef      	b.n	8005f34 <z_init_static_threads+0x40>
	k_sched_unlock();
 8005f54:	f000 fde0 	bl	8006b18 <k_sched_unlock>
}
 8005f58:	b006      	add	sp, #24
 8005f5a:	bd10      	pop	{r4, pc}
 8005f5c:	0800aba0 	.word	0x0800aba0
 8005f60:	0800ae40 	.word	0x0800ae40

08005f64 <bg_thread_main>:
{
 8005f64:	b508      	push	{r3, lr}
	z_sys_post_kernel = true;
 8005f66:	4b0a      	ldr	r3, [pc, #40]	@ (8005f90 <bg_thread_main+0x2c>)
 8005f68:	2201      	movs	r2, #1
 8005f6a:	701a      	strb	r2, [r3, #0]
	z_sys_init_run_level(INIT_LEVEL_POST_KERNEL);
 8005f6c:	2003      	movs	r0, #3
 8005f6e:	f7ff ff97 	bl	8005ea0 <z_sys_init_run_level>
	boot_banner();
 8005f72:	f001 fa9d 	bl	80074b0 <boot_banner>
	z_sys_init_run_level(INIT_LEVEL_APPLICATION);
 8005f76:	2004      	movs	r0, #4
 8005f78:	f7ff ff92 	bl	8005ea0 <z_sys_init_run_level>
	z_init_static_threads();
 8005f7c:	f7ff ffba 	bl	8005ef4 <z_init_static_threads>
	(void)main();
 8005f80:	f004 fb89 	bl	800a696 <main>
 * Exceptions raised by this thread may be recoverable.
 * (This is the default tag for a thread.)
 */
static inline void z_thread_essential_clear(struct k_thread *thread)
{
	thread->base.user_options &= ~K_ESSENTIAL;
 8005f84:	4a03      	ldr	r2, [pc, #12]	@ (8005f94 <bg_thread_main+0x30>)
 8005f86:	8993      	ldrh	r3, [r2, #12]
 8005f88:	f023 0301 	bic.w	r3, r3, #1
 8005f8c:	8193      	strh	r3, [r2, #12]
} /* LCOV_EXCL_LINE ... because we just dumped final coverage data */
 8005f8e:	bd08      	pop	{r3, pc}
 8005f90:	20001657 	.word	0x20001657
 8005f94:	20001328 	.word	0x20001328

08005f98 <switch_to_main_thread>:
	return stack_ptr;
}

__boot_func
static FUNC_NORETURN void switch_to_main_thread(char *stack_ptr)
{
 8005f98:	b508      	push	{r3, lr}
 8005f9a:	4601      	mov	r1, r0
#ifdef CONFIG_ARCH_HAS_CUSTOM_SWAP_TO_MAIN
	arch_switch_to_main_thread(&z_main_thread, stack_ptr, bg_thread_main);
 8005f9c:	4a01      	ldr	r2, [pc, #4]	@ (8005fa4 <switch_to_main_thread+0xc>)
 8005f9e:	4802      	ldr	r0, [pc, #8]	@ (8005fa8 <switch_to_main_thread+0x10>)
 8005fa0:	f7fd fcd2 	bl	8003948 <arch_switch_to_main_thread>
	 * current fake thread is not on a wait queue or ready queue, so it
	 * will never be rescheduled in.
	 */
	z_swap_unlocked();
#endif /* CONFIG_ARCH_HAS_CUSTOM_SWAP_TO_MAIN */
	CODE_UNREACHABLE; /* LCOV_EXCL_LINE */
 8005fa4:	08005f65 	.word	0x08005f65
 8005fa8:	20001328 	.word	0x20001328

08005fac <z_init_cpu>:
{
 8005fac:	b510      	push	{r4, lr}
 8005fae:	4604      	mov	r4, r0
	init_idle_thread(id);
 8005fb0:	f7ff ff46 	bl	8005e40 <init_idle_thread>
	_kernel.cpus[id].idle_thread = &z_idle_threads[id];
 8005fb4:	23b0      	movs	r3, #176	@ 0xb0
 8005fb6:	490b      	ldr	r1, [pc, #44]	@ (8005fe4 <z_init_cpu+0x38>)
 8005fb8:	fb03 1104 	mla	r1, r3, r4, r1
 8005fbc:	4a0a      	ldr	r2, [pc, #40]	@ (8005fe8 <z_init_cpu+0x3c>)
 8005fbe:	eb04 0384 	add.w	r3, r4, r4, lsl #2
 8005fc2:	eb02 0383 	add.w	r3, r2, r3, lsl #2
 8005fc6:	60d9      	str	r1, [r3, #12]
	_kernel.cpus[id].id = id;
 8005fc8:	741c      	strb	r4, [r3, #16]
		(K_KERNEL_STACK_BUFFER(z_interrupt_stacks[id]) +
 8005fca:	eb04 1144 	add.w	r1, r4, r4, lsl #5
 8005fce:	4b07      	ldr	r3, [pc, #28]	@ (8005fec <z_init_cpu+0x40>)
 8005fd0:	eb03 1381 	add.w	r3, r3, r1, lsl #6
 8005fd4:	f503 6304 	add.w	r3, r3, #2112	@ 0x840
	_kernel.cpus[id].irq_stack =
 8005fd8:	eb04 0484 	add.w	r4, r4, r4, lsl #2
 8005fdc:	eb02 0284 	add.w	r2, r2, r4, lsl #2
 8005fe0:	6053      	str	r3, [r2, #4]
}
 8005fe2:	bd10      	pop	{r4, pc}
 8005fe4:	20001278 	.word	0x20001278
 8005fe8:	20001620 	.word	0x20001620
 8005fec:	20003940 	.word	0x20003940

08005ff0 <prepare_multithreading>:
{
 8005ff0:	b570      	push	{r4, r5, r6, lr}
 8005ff2:	b086      	sub	sp, #24
	z_sched_init();
 8005ff4:	f000 fdc2 	bl	8006b7c <z_sched_init>
	_kernel.ready_q.cache = &z_main_thread;
 8005ff8:	4d10      	ldr	r5, [pc, #64]	@ (800603c <prepare_multithreading+0x4c>)
 8005ffa:	4b11      	ldr	r3, [pc, #68]	@ (8006040 <prepare_multithreading+0x50>)
 8005ffc:	615d      	str	r5, [r3, #20]
	stack_ptr = z_setup_new_thread(&z_main_thread, z_main_stack,
 8005ffe:	4b11      	ldr	r3, [pc, #68]	@ (8006044 <prepare_multithreading+0x54>)
 8006000:	9305      	str	r3, [sp, #20]
 8006002:	2301      	movs	r3, #1
 8006004:	9304      	str	r3, [sp, #16]
 8006006:	2400      	movs	r4, #0
 8006008:	9403      	str	r4, [sp, #12]
 800600a:	9402      	str	r4, [sp, #8]
 800600c:	9401      	str	r4, [sp, #4]
 800600e:	9400      	str	r4, [sp, #0]
 8006010:	4b0d      	ldr	r3, [pc, #52]	@ (8006048 <prepare_multithreading+0x58>)
 8006012:	f44f 6280 	mov.w	r2, #1024	@ 0x400
 8006016:	490d      	ldr	r1, [pc, #52]	@ (800604c <prepare_multithreading+0x5c>)
 8006018:	4628      	mov	r0, r5
 800601a:	f000 fa91 	bl	8006540 <z_setup_new_thread>
 800601e:	4606      	mov	r6, r0
	thread->base.thread_state &= ~_THREAD_SLEEPING;
 8006020:	7c2b      	ldrb	r3, [r5, #16]
 8006022:	f023 0304 	bic.w	r3, r3, #4
 8006026:	742b      	strb	r3, [r5, #16]
	z_ready_thread(&z_main_thread);
 8006028:	4628      	mov	r0, r5
 800602a:	f004 fa16 	bl	800a45a <z_ready_thread>
	z_init_cpu(0);
 800602e:	4620      	mov	r0, r4
 8006030:	f7ff ffbc 	bl	8005fac <z_init_cpu>
}
 8006034:	4630      	mov	r0, r6
 8006036:	b006      	add	sp, #24
 8006038:	bd70      	pop	{r4, r5, r6, pc}
 800603a:	bf00      	nop
 800603c:	20001328 	.word	0x20001328
 8006040:	20001620 	.word	0x20001620
 8006044:	0800bfb4 	.word	0x0800bfb4
 8006048:	08005f65 	.word	0x08005f65
 800604c:	20004300 	.word	0x20004300

08006050 <z_cstart>:
 * @return Does not return
 */
__boot_func
FUNC_NO_STACK_PROTECTOR
FUNC_NORETURN void z_cstart(void)
{
 8006050:	b508      	push	{r3, lr}
	/* gcov hook needed to get the coverage report.*/
	gcov_static_init();

	/* initialize early init calls */
	z_sys_init_run_level(INIT_LEVEL_EARLY);
 8006052:	2000      	movs	r0, #0
 8006054:	f7ff ff24 	bl	8005ea0 <z_sys_init_run_level>
 * pointer) register, and switched to automatically when taking an exception.
 *
 */
static ALWAYS_INLINE void z_arm_interrupt_stack_setup(void)
{
	uint32_t msp = (uint32_t)(K_KERNEL_STACK_BUFFER(z_interrupt_stacks[0])) +
 8006058:	4b19      	ldr	r3, [pc, #100]	@ (80060c0 <z_cstart+0x70>)
  __ASM volatile ("MSR msp, %0" : : "r" (topOfMainStack) : );
 800605a:	f383 8808 	msr	MSP, r3
	 * for Cortex-M3 and Cortex-M4 (ARMv7-M) MCUs. For the rest
	 * of ARM Cortex-M processors this setting is enforced by
	 * default and it is not configurable.
	 */
#if defined(CONFIG_CPU_CORTEX_M3) || defined(CONFIG_CPU_CORTEX_M4)
	SCB->CCR |= SCB_CCR_STKALIGN_Msk;
 800605e:	4c19      	ldr	r4, [pc, #100]	@ (80060c4 <z_cstart+0x74>)
 8006060:	6963      	ldr	r3, [r4, #20]
 8006062:	f443 7300 	orr.w	r3, r3, #512	@ 0x200
 8006066:	6163      	str	r3, [r4, #20]
 8006068:	23f0      	movs	r3, #240	@ 0xf0
 800606a:	f884 3022 	strb.w	r3, [r4, #34]	@ 0x22
 800606e:	2300      	movs	r3, #0
 8006070:	77e3      	strb	r3, [r4, #31]
 8006072:	7623      	strb	r3, [r4, #24]
 8006074:	7663      	strb	r3, [r4, #25]
 8006076:	76a3      	strb	r3, [r4, #26]
 8006078:	f884 3020 	strb.w	r3, [r4, #32]
#if defined(CONFIG_ARM_SECURE_FIRMWARE)
	NVIC_SetPriority(SecureFault_IRQn, _EXC_FAULT_PRIO);
#endif /* CONFIG_ARM_SECURE_FIRMWARE */

	/* Enable Usage, Mem, & Bus Faults */
	SCB->SHCSR |=
 800607c:	6a63      	ldr	r3, [r4, #36]	@ 0x24
 800607e:	f443 23e0 	orr.w	r3, r3, #458752	@ 0x70000
 8006082:	6263      	str	r3, [r4, #36]	@ 0x24

static ALWAYS_INLINE void arch_kernel_init(void)
{
	z_arm_interrupt_stack_setup();
	z_arm_exc_setup();
	z_arm_fault_init();
 8006084:	f7fd fb86 	bl	8003794 <z_arm_fault_init>
	z_arm_cpu_idle_init();
 8006088:	f7fd fc7e 	bl	8003988 <z_arm_cpu_idle_init>
static ALWAYS_INLINE void z_arm_clear_faults(void)
{
#if defined(CONFIG_ARMV6_M_ARMV8_M_BASELINE)
#elif defined(CONFIG_ARMV7_M_ARMV8_M_MAINLINE)
	/* Reset all faults */
	SCB->CFSR = SCB_CFSR_USGFAULTSR_Msk | SCB_CFSR_MEMFAULTSR_Msk | SCB_CFSR_BUSFAULTSR_Msk;
 800608c:	f04f 33ff 	mov.w	r3, #4294967295
 8006090:	62a3      	str	r3, [r4, #40]	@ 0x28

	/* Clear all Hard Faults - HFSR is write-one-to-clear */
	SCB->HFSR = 0xffffffff;
 8006092:	62e3      	str	r3, [r4, #44]	@ 0x2c
	z_arm_clear_faults();
#if defined(CONFIG_ARM_MPU)
	z_arm_mpu_init();
 8006094:	f7fd fdcc 	bl	8003c30 <z_arm_mpu_init>
	 * to set up access permissions for fixed memory sections, such
	 * as Application Memory or No-Cacheable SRAM area.
	 *
	 * This function is invoked once, upon system initialization.
	 */
	z_arm_configure_static_mpu_regions();
 8006098:	f7fd fd08 	bl	8003aac <z_arm_configure_static_mpu_regions>

	/* perform any architecture-specific initialization */
	arch_kernel_init();

	LOG_CORE_INIT();
 800609c:	f7fc fa94 	bl	80025c8 <log_core_init>

#if defined(CONFIG_MULTITHREADING)
	z_dummy_thread_init(&_thread_dummy);
 80060a0:	4809      	ldr	r0, [pc, #36]	@ (80060c8 <z_cstart+0x78>)
 80060a2:	f000 faaf 	bl	8006604 <z_dummy_thread_init>
#endif /* CONFIG_MULTITHREADING */
	/* do any necessary initialization of static devices */
	z_device_state_init();

	soc_early_init_hook();
 80060a6:	f7fc f8bf 	bl	8002228 <soc_early_init_hook>

	board_early_init_hook();

	/* perform basic hardware initialization */
	z_sys_init_run_level(INIT_LEVEL_PRE_KERNEL_1);
 80060aa:	2001      	movs	r0, #1
 80060ac:	f7ff fef8 	bl	8005ea0 <z_sys_init_run_level>
#if defined(CONFIG_SMP)
	arch_smp_init();
#endif
	z_sys_init_run_level(INIT_LEVEL_PRE_KERNEL_2);
 80060b0:	2002      	movs	r0, #2
 80060b2:	f7ff fef5 	bl	8005ea0 <z_sys_init_run_level>
	timing_init();
	timing_start();
#endif /* CONFIG_TIMING_FUNCTIONS_NEED_AT_BOOT */

#ifdef CONFIG_MULTITHREADING
	switch_to_main_thread(prepare_multithreading());
 80060b6:	f7ff ff9b 	bl	8005ff0 <prepare_multithreading>
 80060ba:	f7ff ff6d 	bl	8005f98 <switch_to_main_thread>
 80060be:	bf00      	nop
 80060c0:	20004180 	.word	0x20004180
 80060c4:	e000ed00 	.word	0xe000ed00
 80060c8:	200013d8 	.word	0x200013d8

080060cc <put_msg_in_queue>:
	return ret;
}

static inline int put_msg_in_queue(struct k_msgq *msgq, const void *data,
			k_timeout_t timeout, bool put_at_back)
{
 80060cc:	e92d 41f0 	stmdb	sp!, {r4, r5, r6, r7, r8, lr}
 80060d0:	b082      	sub	sp, #8
 80060d2:	4604      	mov	r4, r0
 80060d4:	460f      	mov	r7, r1
 80060d6:	f89d 0020 	ldrb.w	r0, [sp, #32]
  __ASM volatile ("MRS %0, basepri" : "=r" (result) );
 80060da:	f3ef 8811 	mrs	r8, BASEPRI
  __ASM volatile ("MSR basepri_max, %0" : : "r" (basePri) : "memory");
 80060de:	2110      	movs	r1, #16
 80060e0:	f381 8812 	msr	BASEPRI_MAX, r1
 80060e4:	f3bf 8f6f 	isb	sy
 80060e8:	4646      	mov	r6, r8
		SYS_PORT_TRACING_OBJ_FUNC_ENTER(k_msgq, put, msgq, timeout);
	} else {
		SYS_PORT_TRACING_OBJ_FUNC_ENTER(k_msgq, put_front, msgq, timeout);
	}

	if (msgq->used_msgs < msgq->max_msgs) {
 80060ea:	6a25      	ldr	r5, [r4, #32]
 80060ec:	68e1      	ldr	r1, [r4, #12]
 80060ee:	428d      	cmp	r5, r1
 80060f0:	d247      	bcs.n	8006182 <put_msg_in_queue+0xb6>
 * @return true if empty, false otherwise
 */

static inline bool sys_dlist_is_empty(const sys_dlist_t *list)
{
	return list->head == list;
 80060f2:	6825      	ldr	r5, [r4, #0]
 * @return a pointer to the head element, NULL if list is empty
 */

static inline sys_dnode_t *sys_dlist_peek_head(const sys_dlist_t *list)
{
	return sys_dlist_is_empty(list) ? NULL : list->head;
 80060f4:	42ac      	cmp	r4, r5
 80060f6:	d021      	beq.n	800613c <put_msg_in_queue+0x70>
static ALWAYS_INLINE struct k_thread *z_priq_simple_best(sys_dlist_t *pq)
{
	struct k_thread *thread = NULL;
	sys_dnode_t *n = sys_dlist_peek_head(pq);

	if (n != NULL) {
 80060f8:	b305      	cbz	r5, 800613c <put_msg_in_queue+0x70>
 * @param node the node to remove
 */

static inline void sys_dlist_remove(sys_dnode_t *node)
{
	sys_dnode_t *const prev = node->prev;
 80060fa:	686a      	ldr	r2, [r5, #4]
	sys_dnode_t *const next = node->next;
 80060fc:	682b      	ldr	r3, [r5, #0]

	prev->next = next;
 80060fe:	6013      	str	r3, [r2, #0]
	next->prev = prev;
 8006100:	605a      	str	r2, [r3, #4]
	node->next = NULL;
 8006102:	2600      	movs	r6, #0
 8006104:	602e      	str	r6, [r5, #0]
	node->prev = NULL;
 8006106:	606e      	str	r6, [r5, #4]
	thread->base.thread_state &= ~_THREAD_PENDING;
 8006108:	7c2b      	ldrb	r3, [r5, #16]
 800610a:	f023 0302 	bic.w	r3, r3, #2
 800610e:	742b      	strb	r3, [r5, #16]

static inline void unpend_thread_no_timeout(struct k_thread *thread)
{
	_priq_wait_remove(&pended_on_thread(thread)->waitq, thread);
	z_mark_thread_as_not_pending(thread);
	thread->base.pended_on = NULL;
 8006110:	60ae      	str	r6, [r5, #8]
}

static inline void z_abort_thread_timeout(struct k_thread *thread)
{
	z_abort_timeout(&thread->base.timeout);
 8006112:	f105 0018 	add.w	r0, r5, #24
 8006116:	f004 fa6b 	bl	800a5f0 <z_abort_timeout>
		pending_thread = z_unpend_first_thread(&msgq->wait_q);
		if (unlikely(pending_thread != NULL)) {
			resched = true;

			/* give message to waiting thread */
			(void)memcpy(pending_thread->base.swap_data, data, msgq->msg_size);
 800611a:	f854 2f08 	ldr.w	r2, [r4, #8]!
 800611e:	4639      	mov	r1, r7
 8006120:	6968      	ldr	r0, [r5, #20]
 8006122:	f7fa f899 	bl	8000258 <__aeabi_memcpy>
}

#ifndef CONFIG_USE_SWITCH
static ALWAYS_INLINE void arch_thread_return_value_set(struct k_thread *thread, unsigned int value)
{
	thread->arch.swap_return_value = value;
 8006126:	f8c5 60ac 	str.w	r6, [r5, #172]	@ 0xac
			/* wake up waiting thread */
			arch_thread_return_value_set(pending_thread, 0);
			z_ready_thread(pending_thread);
 800612a:	4628      	mov	r0, r5
 800612c:	f004 f995 	bl	800a45a <z_ready_thread>
	} else {
		SYS_PORT_TRACING_OBJ_FUNC_EXIT(k_msgq, put_front, msgq, timeout, result);
	}

	if (resched) {
		z_reschedule(&msgq->lock, key);
 8006130:	4641      	mov	r1, r8
 8006132:	4620      	mov	r0, r4
 8006134:	f004 fa22 	bl	800a57c <z_reschedule>
		result = 0;
 8006138:	4630      	mov	r0, r6
 800613a:	e02b      	b.n	8006194 <put_msg_in_queue+0xc8>
			if (put_at_back) {
 800613c:	b978      	cbnz	r0, 800615e <put_msg_in_queue+0x92>
				if (msgq->read_ptr == msgq->buffer_start) {
 800613e:	69a2      	ldr	r2, [r4, #24]
 8006140:	6923      	ldr	r3, [r4, #16]
 8006142:	429a      	cmp	r2, r3
 8006144:	d01a      	beq.n	800617c <put_msg_in_queue+0xb0>
				msgq->read_ptr -= msgq->msg_size;
 8006146:	69a0      	ldr	r0, [r4, #24]
 8006148:	68a2      	ldr	r2, [r4, #8]
 800614a:	1a80      	subs	r0, r0, r2
 800614c:	61a0      	str	r0, [r4, #24]
				(void)memcpy(msgq->read_ptr, (char *)data, msgq->msg_size);
 800614e:	4639      	mov	r1, r7
 8006150:	f7fa f882 	bl	8000258 <__aeabi_memcpy>
			msgq->used_msgs++;
 8006154:	6a23      	ldr	r3, [r4, #32]
 8006156:	3301      	adds	r3, #1
 8006158:	6223      	str	r3, [r4, #32]
		result = 0;
 800615a:	2000      	movs	r0, #0
 800615c:	e016      	b.n	800618c <put_msg_in_queue+0xc0>
				(void)memcpy(msgq->write_ptr, (char *)data, msgq->msg_size);
 800615e:	68a2      	ldr	r2, [r4, #8]
 8006160:	4639      	mov	r1, r7
 8006162:	69e0      	ldr	r0, [r4, #28]
 8006164:	f7fa f878 	bl	8000258 <__aeabi_memcpy>
				msgq->write_ptr += msgq->msg_size;
 8006168:	69e3      	ldr	r3, [r4, #28]
 800616a:	68a2      	ldr	r2, [r4, #8]
 800616c:	4413      	add	r3, r2
 800616e:	61e3      	str	r3, [r4, #28]
				if (msgq->write_ptr == msgq->buffer_end) {
 8006170:	6962      	ldr	r2, [r4, #20]
 8006172:	4293      	cmp	r3, r2
 8006174:	d1ee      	bne.n	8006154 <put_msg_in_queue+0x88>
					msgq->write_ptr = msgq->buffer_start;
 8006176:	6923      	ldr	r3, [r4, #16]
 8006178:	61e3      	str	r3, [r4, #28]
 800617a:	e7eb      	b.n	8006154 <put_msg_in_queue+0x88>
					msgq->read_ptr = msgq->buffer_end;
 800617c:	6963      	ldr	r3, [r4, #20]
 800617e:	61a3      	str	r3, [r4, #24]
 8006180:	e7e1      	b.n	8006146 <put_msg_in_queue+0x7a>
	} else if (K_TIMEOUT_EQ(timeout, K_NO_WAIT)) {
 8006182:	ea53 0102 	orrs.w	r1, r3, r2
 8006186:	d108      	bne.n	800619a <put_msg_in_queue+0xce>
		result = -ENOMSG;
 8006188:	f06f 0022 	mvn.w	r0, #34	@ 0x22
  __ASM volatile ("MSR basepri, %0" : : "r" (basePri) : "memory");
 800618c:	f386 8811 	msr	BASEPRI, r6
 8006190:	f3bf 8f6f 	isb	sy
	} else {
		k_spin_unlock(&msgq->lock, key);
	}

	return result;
}
 8006194:	b002      	add	sp, #8
 8006196:	e8bd 81f0 	ldmia.w	sp!, {r4, r5, r6, r7, r8, pc}
		_current->base.swap_data = (void *) data;
 800619a:	4906      	ldr	r1, [pc, #24]	@ (80061b4 <put_msg_in_queue+0xe8>)
 800619c:	6889      	ldr	r1, [r1, #8]
 800619e:	614f      	str	r7, [r1, #20]
		result = z_pend_curr(&msgq->lock, key, &msgq->wait_q, timeout);
 80061a0:	9200      	str	r2, [sp, #0]
 80061a2:	9301      	str	r3, [sp, #4]
 80061a4:	4622      	mov	r2, r4
 80061a6:	4641      	mov	r1, r8
 80061a8:	f104 0008 	add.w	r0, r4, #8
 80061ac:	f000 fbdc 	bl	8006968 <z_pend_curr>
		return result;
 80061b0:	e7f0      	b.n	8006194 <put_msg_in_queue+0xc8>
 80061b2:	bf00      	nop
 80061b4:	20001620 	.word	0x20001620

080061b8 <z_impl_k_msgq_get>:
}
#include <zephyr/syscalls/k_msgq_get_attrs_mrsh.c>
#endif /* CONFIG_USERSPACE */

int z_impl_k_msgq_get(struct k_msgq *msgq, void *data, k_timeout_t timeout)
{
 80061b8:	b5f0      	push	{r4, r5, r6, r7, lr}
 80061ba:	b083      	sub	sp, #12
 80061bc:	4604      	mov	r4, r0
 80061be:	4608      	mov	r0, r1
  __ASM volatile ("MRS %0, basepri" : "=r" (result) );
 80061c0:	f3ef 8711 	mrs	r7, BASEPRI
  __ASM volatile ("MSR basepri_max, %0" : : "r" (basePri) : "memory");
 80061c4:	2510      	movs	r5, #16
 80061c6:	f385 8812 	msr	BASEPRI_MAX, r5
 80061ca:	f3bf 8f6f 	isb	sy
 80061ce:	463e      	mov	r6, r7

	key = k_spin_lock(&msgq->lock);

	SYS_PORT_TRACING_OBJ_FUNC_ENTER(k_msgq, get, msgq, timeout);

	if (msgq->used_msgs > 0U) {
 80061d0:	6a25      	ldr	r5, [r4, #32]
 80061d2:	b955      	cbnz	r5, 80061ea <z_impl_k_msgq_get+0x32>
			arch_thread_return_value_set(pending_thread, 0);
			z_ready_thread(pending_thread);
			resched = true;
		}
		result = 0;
	} else if (K_TIMEOUT_EQ(timeout, K_NO_WAIT)) {
 80061d4:	ea53 0102 	orrs.w	r1, r3, r2
 80061d8:	d14c      	bne.n	8006274 <z_impl_k_msgq_get+0xbc>
		/* don't wait for a message to become available */
		result = -ENOMSG;
 80061da:	f06f 0022 	mvn.w	r0, #34	@ 0x22
  __ASM volatile ("MSR basepri, %0" : : "r" (basePri) : "memory");
 80061de:	f386 8811 	msr	BASEPRI, r6
 80061e2:	f3bf 8f6f 	isb	sy
	} else {
		k_spin_unlock(&msgq->lock, key);
	}

	return result;
}
 80061e6:	b003      	add	sp, #12
 80061e8:	bdf0      	pop	{r4, r5, r6, r7, pc}
		(void)memcpy((char *)data, msgq->read_ptr, msgq->msg_size);
 80061ea:	68a2      	ldr	r2, [r4, #8]
 80061ec:	69a1      	ldr	r1, [r4, #24]
 80061ee:	f7fa f833 	bl	8000258 <__aeabi_memcpy>
		msgq->read_ptr += msgq->msg_size;
 80061f2:	69a3      	ldr	r3, [r4, #24]
 80061f4:	68a2      	ldr	r2, [r4, #8]
 80061f6:	4413      	add	r3, r2
 80061f8:	61a3      	str	r3, [r4, #24]
		if (msgq->read_ptr == msgq->buffer_end) {
 80061fa:	6962      	ldr	r2, [r4, #20]
 80061fc:	4293      	cmp	r3, r2
 80061fe:	d033      	beq.n	8006268 <z_impl_k_msgq_get+0xb0>
		msgq->used_msgs--;
 8006200:	6a23      	ldr	r3, [r4, #32]
 8006202:	3b01      	subs	r3, #1
 8006204:	6223      	str	r3, [r4, #32]
	return list->head == list;
 8006206:	6825      	ldr	r5, [r4, #0]
	return sys_dlist_is_empty(list) ? NULL : list->head;
 8006208:	42ac      	cmp	r4, r5
 800620a:	d03f      	beq.n	800628c <z_impl_k_msgq_get+0xd4>
 800620c:	2d00      	cmp	r5, #0
 800620e:	d03f      	beq.n	8006290 <z_impl_k_msgq_get+0xd8>
	sys_dnode_t *const prev = node->prev;
 8006210:	686a      	ldr	r2, [r5, #4]
	sys_dnode_t *const next = node->next;
 8006212:	682b      	ldr	r3, [r5, #0]
	prev->next = next;
 8006214:	6013      	str	r3, [r2, #0]
	next->prev = prev;
 8006216:	605a      	str	r2, [r3, #4]
	node->next = NULL;
 8006218:	2300      	movs	r3, #0
 800621a:	602b      	str	r3, [r5, #0]
	node->prev = NULL;
 800621c:	606b      	str	r3, [r5, #4]
 800621e:	7c2a      	ldrb	r2, [r5, #16]
 8006220:	f022 0202 	bic.w	r2, r2, #2
 8006224:	742a      	strb	r2, [r5, #16]
 8006226:	60ab      	str	r3, [r5, #8]
 8006228:	f105 0018 	add.w	r0, r5, #24
 800622c:	f004 f9e0 	bl	800a5f0 <z_abort_timeout>
			(void)memcpy(msgq->write_ptr, (char *)pending_thread->base.swap_data,
 8006230:	68a2      	ldr	r2, [r4, #8]
 8006232:	6969      	ldr	r1, [r5, #20]
 8006234:	69e0      	ldr	r0, [r4, #28]
 8006236:	f7fa f80f 	bl	8000258 <__aeabi_memcpy>
			msgq->write_ptr += msgq->msg_size;
 800623a:	69e3      	ldr	r3, [r4, #28]
 800623c:	68a2      	ldr	r2, [r4, #8]
 800623e:	4413      	add	r3, r2
 8006240:	61e3      	str	r3, [r4, #28]
			if (msgq->write_ptr == msgq->buffer_end) {
 8006242:	6962      	ldr	r2, [r4, #20]
 8006244:	4293      	cmp	r3, r2
 8006246:	d012      	beq.n	800626e <z_impl_k_msgq_get+0xb6>
			msgq->used_msgs++;
 8006248:	6a23      	ldr	r3, [r4, #32]
 800624a:	3301      	adds	r3, #1
 800624c:	6223      	str	r3, [r4, #32]
 800624e:	2600      	movs	r6, #0
 8006250:	f8c5 60ac 	str.w	r6, [r5, #172]	@ 0xac
			z_ready_thread(pending_thread);
 8006254:	4628      	mov	r0, r5
 8006256:	f004 f900 	bl	800a45a <z_ready_thread>
		z_reschedule(&msgq->lock, key);
 800625a:	4639      	mov	r1, r7
 800625c:	f104 0008 	add.w	r0, r4, #8
 8006260:	f004 f98c 	bl	800a57c <z_reschedule>
 8006264:	4630      	mov	r0, r6
 8006266:	e7be      	b.n	80061e6 <z_impl_k_msgq_get+0x2e>
			msgq->read_ptr = msgq->buffer_start;
 8006268:	6923      	ldr	r3, [r4, #16]
 800626a:	61a3      	str	r3, [r4, #24]
 800626c:	e7c8      	b.n	8006200 <z_impl_k_msgq_get+0x48>
				msgq->write_ptr = msgq->buffer_start;
 800626e:	6923      	ldr	r3, [r4, #16]
 8006270:	61e3      	str	r3, [r4, #28]
 8006272:	e7e9      	b.n	8006248 <z_impl_k_msgq_get+0x90>
		_current->base.swap_data = data;
 8006274:	4907      	ldr	r1, [pc, #28]	@ (8006294 <z_impl_k_msgq_get+0xdc>)
 8006276:	6889      	ldr	r1, [r1, #8]
 8006278:	6148      	str	r0, [r1, #20]
		result = z_pend_curr(&msgq->lock, key, &msgq->wait_q, timeout);
 800627a:	9200      	str	r2, [sp, #0]
 800627c:	9301      	str	r3, [sp, #4]
 800627e:	4622      	mov	r2, r4
 8006280:	4639      	mov	r1, r7
 8006282:	f104 0008 	add.w	r0, r4, #8
 8006286:	f000 fb6f 	bl	8006968 <z_pend_curr>
		return result;
 800628a:	e7ac      	b.n	80061e6 <z_impl_k_msgq_get+0x2e>
 800628c:	2000      	movs	r0, #0
 800628e:	e7a6      	b.n	80061de <z_impl_k_msgq_get+0x26>
		result = 0;
 8006290:	2000      	movs	r0, #0
 8006292:	e7a4      	b.n	80061de <z_impl_k_msgq_get+0x26>
 8006294:	20001620 	.word	0x20001620

08006298 <z_impl_k_mutex_lock>:
	return false;
}
#endif

int z_impl_k_mutex_lock(struct k_mutex *mutex, k_timeout_t timeout)
{
 8006298:	e92d 41f0 	stmdb	sp!, {r4, r5, r6, r7, r8, lr}
 800629c:	b082      	sub	sp, #8
 800629e:	4604      	mov	r4, r0
  __ASM volatile ("MRS %0, basepri" : "=r" (result) );
 80062a0:	f3ef 8711 	mrs	r7, BASEPRI
  __ASM volatile ("MSR basepri_max, %0" : : "r" (basePri) : "memory");
 80062a4:	2110      	movs	r1, #16
 80062a6:	f381 8812 	msr	BASEPRI_MAX, r1
 80062aa:	f3bf 8f6f 	isb	sy

	SYS_PORT_TRACING_OBJ_FUNC_ENTER(k_mutex, lock, mutex, timeout);

	key = k_spin_lock(&lock);

	if (likely((mutex->lock_count == 0U) || (mutex->owner == _current))) {
 80062ae:	68c1      	ldr	r1, [r0, #12]
 80062b0:	b999      	cbnz	r1, 80062da <z_impl_k_mutex_lock+0x42>

#if (CONFIG_PRIORITY_CEILING < K_LOWEST_THREAD_PRIO)
		mutex->owner_orig_prio = (mutex->lock_count == 0U) ?
					_current->base.prio :
 80062b2:	2900      	cmp	r1, #0
 80062b4:	d150      	bne.n	8006358 <z_impl_k_mutex_lock+0xc0>
 80062b6:	4b36      	ldr	r3, [pc, #216]	@ (8006390 <z_impl_k_mutex_lock+0xf8>)
 80062b8:	689b      	ldr	r3, [r3, #8]
 80062ba:	f993 300e 	ldrsb.w	r3, [r3, #14]
		mutex->owner_orig_prio = (mutex->lock_count == 0U) ?
 80062be:	6123      	str	r3, [r4, #16]
					mutex->owner_orig_prio;
#endif

		mutex->lock_count++;
 80062c0:	3101      	adds	r1, #1
 80062c2:	60e1      	str	r1, [r4, #12]
		mutex->owner = _current;
 80062c4:	4b32      	ldr	r3, [pc, #200]	@ (8006390 <z_impl_k_mutex_lock+0xf8>)
 80062c6:	689b      	ldr	r3, [r3, #8]
 80062c8:	60a3      	str	r3, [r4, #8]
  __ASM volatile ("MSR basepri, %0" : : "r" (basePri) : "memory");
 80062ca:	f387 8811 	msr	BASEPRI, r7
 80062ce:	f3bf 8f6f 	isb	sy

		k_spin_unlock(&lock, key);

		SYS_PORT_TRACING_OBJ_FUNC_EXIT(k_mutex, lock, mutex, timeout, 0);

		return 0;
 80062d2:	2000      	movs	r0, #0
#else
	SYS_PORT_TRACING_OBJ_FUNC_EXIT(k_mutex, lock, mutex, timeout, got_mutex);

	return got_mutex;
#endif
}
 80062d4:	b002      	add	sp, #8
 80062d6:	e8bd 81f0 	ldmia.w	sp!, {r4, r5, r6, r7, r8, pc}
 80062da:	4616      	mov	r6, r2
 80062dc:	461d      	mov	r5, r3
	if (likely((mutex->lock_count == 0U) || (mutex->owner == _current))) {
 80062de:	6882      	ldr	r2, [r0, #8]
 80062e0:	4b2b      	ldr	r3, [pc, #172]	@ (8006390 <z_impl_k_mutex_lock+0xf8>)
 80062e2:	689b      	ldr	r3, [r3, #8]
 80062e4:	429a      	cmp	r2, r3
 80062e6:	d0e4      	beq.n	80062b2 <z_impl_k_mutex_lock+0x1a>
	if (unlikely(K_TIMEOUT_EQ(timeout, K_NO_WAIT))) {
 80062e8:	ea55 0106 	orrs.w	r1, r5, r6
 80062ec:	d036      	beq.n	800635c <z_impl_k_mutex_lock+0xc4>
					    mutex->owner->base.prio);
 80062ee:	f992 800e 	ldrsb.w	r8, [r2, #14]
	new_prio = new_prio_for_inheritance(_current->base.prio,
 80062f2:	4641      	mov	r1, r8
 80062f4:	f993 000e 	ldrsb.w	r0, [r3, #14]
 80062f8:	f003 ffce 	bl	800a298 <new_prio_for_inheritance>
	if (z_is_prio_higher(new_prio, mutex->owner->base.prio)) {
 80062fc:	4580      	cmp	r8, r0
 80062fe:	dc34      	bgt.n	800636a <z_impl_k_mutex_lock+0xd2>
	bool resched = false;
 8006300:	f04f 0800 	mov.w	r8, #0
	int got_mutex = z_pend_curr(&lock, key, &mutex->wait_q, timeout);
 8006304:	9600      	str	r6, [sp, #0]
 8006306:	9501      	str	r5, [sp, #4]
 8006308:	4622      	mov	r2, r4
 800630a:	4639      	mov	r1, r7
 800630c:	4821      	ldr	r0, [pc, #132]	@ (8006394 <z_impl_k_mutex_lock+0xfc>)
 800630e:	f000 fb2b 	bl	8006968 <z_pend_curr>
	if (got_mutex == 0) {
 8006312:	2800      	cmp	r0, #0
 8006314:	d0de      	beq.n	80062d4 <z_impl_k_mutex_lock+0x3c>
  __ASM volatile ("MRS %0, basepri" : "=r" (result) );
 8006316:	f3ef 8511 	mrs	r5, BASEPRI
  __ASM volatile ("MSR basepri_max, %0" : : "r" (basePri) : "memory");
 800631a:	2310      	movs	r3, #16
 800631c:	f383 8812 	msr	BASEPRI_MAX, r3
 8006320:	f3bf 8f6f 	isb	sy
	if (likely(mutex->owner != NULL)) {
 8006324:	68a3      	ldr	r3, [r4, #8]
 8006326:	b343      	cbz	r3, 800637a <z_impl_k_mutex_lock+0xe2>
	return list->head == list;
 8006328:	6823      	ldr	r3, [r4, #0]
	return sys_dlist_is_empty(list) ? NULL : list->head;
 800632a:	429c      	cmp	r4, r3
 800632c:	d023      	beq.n	8006376 <z_impl_k_mutex_lock+0xde>
			new_prio_for_inheritance(waiter->base.prio, mutex->owner_orig_prio) :
 800632e:	b313      	cbz	r3, 8006376 <z_impl_k_mutex_lock+0xde>
 8006330:	6921      	ldr	r1, [r4, #16]
 8006332:	f993 000e 	ldrsb.w	r0, [r3, #14]
 8006336:	f003 ffaf 	bl	800a298 <new_prio_for_inheritance>
 800633a:	4601      	mov	r1, r0
		resched = adjust_owner_prio(mutex, new_prio) || resched;
 800633c:	4620      	mov	r0, r4
 800633e:	f003 ffb6 	bl	800a2ae <adjust_owner_prio>
 8006342:	b9e8      	cbnz	r0, 8006380 <z_impl_k_mutex_lock+0xe8>
 8006344:	f1b8 0f00 	cmp.w	r8, #0
 8006348:	d11a      	bne.n	8006380 <z_impl_k_mutex_lock+0xe8>
  __ASM volatile ("MSR basepri, %0" : : "r" (basePri) : "memory");
 800634a:	f385 8811 	msr	BASEPRI, r5
 800634e:	f3bf 8f6f 	isb	sy
	return -EAGAIN;
 8006352:	f06f 000a 	mvn.w	r0, #10
 8006356:	e7bd      	b.n	80062d4 <z_impl_k_mutex_lock+0x3c>
					_current->base.prio :
 8006358:	6923      	ldr	r3, [r4, #16]
 800635a:	e7b0      	b.n	80062be <z_impl_k_mutex_lock+0x26>
 800635c:	f387 8811 	msr	BASEPRI, r7
 8006360:	f3bf 8f6f 	isb	sy
		return -EBUSY;
 8006364:	f06f 000f 	mvn.w	r0, #15
 8006368:	e7b4      	b.n	80062d4 <z_impl_k_mutex_lock+0x3c>
		resched = adjust_owner_prio(mutex, new_prio);
 800636a:	4601      	mov	r1, r0
 800636c:	4620      	mov	r0, r4
 800636e:	f003 ff9e 	bl	800a2ae <adjust_owner_prio>
 8006372:	4680      	mov	r8, r0
 8006374:	e7c6      	b.n	8006304 <z_impl_k_mutex_lock+0x6c>
			new_prio_for_inheritance(waiter->base.prio, mutex->owner_orig_prio) :
 8006376:	6921      	ldr	r1, [r4, #16]
 8006378:	e7e0      	b.n	800633c <z_impl_k_mutex_lock+0xa4>
	if (resched) {
 800637a:	f1b8 0f00 	cmp.w	r8, #0
 800637e:	d0e4      	beq.n	800634a <z_impl_k_mutex_lock+0xb2>
		z_reschedule(&lock, key);
 8006380:	4629      	mov	r1, r5
 8006382:	4804      	ldr	r0, [pc, #16]	@ (8006394 <z_impl_k_mutex_lock+0xfc>)
 8006384:	f004 f8fa 	bl	800a57c <z_reschedule>
	return -EAGAIN;
 8006388:	f06f 000a 	mvn.w	r0, #10
 800638c:	e7a2      	b.n	80062d4 <z_impl_k_mutex_lock+0x3c>
 800638e:	bf00      	nop
 8006390:	20001620 	.word	0x20001620
 8006394:	20001644 	.word	0x20001644

08006398 <z_impl_k_mutex_unlock>:

	__ASSERT(!arch_is_in_isr(), "mutexes cannot be used inside ISRs");

	SYS_PORT_TRACING_OBJ_FUNC_ENTER(k_mutex, unlock, mutex);

	CHECKIF(mutex->owner == NULL) {
 8006398:	6883      	ldr	r3, [r0, #8]
 800639a:	2b00      	cmp	r3, #0
 800639c:	d047      	beq.n	800642e <z_impl_k_mutex_unlock+0x96>
{
 800639e:	b570      	push	{r4, r5, r6, lr}
 80063a0:	4604      	mov	r4, r0
		return -EINVAL;
	}
	/*
	 * The current thread does not own the mutex.
	 */
	CHECKIF(mutex->owner != _current) {
 80063a2:	4a26      	ldr	r2, [pc, #152]	@ (800643c <z_impl_k_mutex_unlock+0xa4>)
 80063a4:	6892      	ldr	r2, [r2, #8]
 80063a6:	4293      	cmp	r3, r2
 80063a8:	d144      	bne.n	8006434 <z_impl_k_mutex_unlock+0x9c>

	/*
	 * If we are the owner and count is greater than 1, then decrement
	 * the count and return and keep current thread as the owner.
	 */
	if (mutex->lock_count > 1U) {
 80063aa:	68c3      	ldr	r3, [r0, #12]
 80063ac:	2b01      	cmp	r3, #1
 80063ae:	d903      	bls.n	80063b8 <z_impl_k_mutex_unlock+0x20>
		mutex->lock_count--;
 80063b0:	3b01      	subs	r3, #1
 80063b2:	60c3      	str	r3, [r0, #12]


k_mutex_unlock_return:
	SYS_PORT_TRACING_OBJ_FUNC_EXIT(k_mutex, unlock, mutex, 0);

	return 0;
 80063b4:	2000      	movs	r0, #0
}
 80063b6:	bd70      	pop	{r4, r5, r6, pc}
  __ASM volatile ("MRS %0, basepri" : "=r" (result) );
 80063b8:	f3ef 8611 	mrs	r6, BASEPRI
  __ASM volatile ("MSR basepri_max, %0" : : "r" (basePri) : "memory");
 80063bc:	2310      	movs	r3, #16
 80063be:	f383 8812 	msr	BASEPRI_MAX, r3
 80063c2:	f3bf 8f6f 	isb	sy
	adjust_owner_prio(mutex, mutex->owner_orig_prio);
 80063c6:	6901      	ldr	r1, [r0, #16]
 80063c8:	f003 ff71 	bl	800a2ae <adjust_owner_prio>
	return list->head == list;
 80063cc:	6825      	ldr	r5, [r4, #0]
	return sys_dlist_is_empty(list) ? NULL : list->head;
 80063ce:	42ac      	cmp	r4, r5
 80063d0:	d01c      	beq.n	800640c <z_impl_k_mutex_unlock+0x74>
 80063d2:	b17d      	cbz	r5, 80063f4 <z_impl_k_mutex_unlock+0x5c>
	sys_dnode_t *const prev = node->prev;
 80063d4:	686a      	ldr	r2, [r5, #4]
	sys_dnode_t *const next = node->next;
 80063d6:	682b      	ldr	r3, [r5, #0]
	prev->next = next;
 80063d8:	6013      	str	r3, [r2, #0]
	next->prev = prev;
 80063da:	605a      	str	r2, [r3, #4]
	node->next = NULL;
 80063dc:	2300      	movs	r3, #0
 80063de:	602b      	str	r3, [r5, #0]
	node->prev = NULL;
 80063e0:	606b      	str	r3, [r5, #4]
 80063e2:	7c2a      	ldrb	r2, [r5, #16]
 80063e4:	f022 0202 	bic.w	r2, r2, #2
 80063e8:	742a      	strb	r2, [r5, #16]
 80063ea:	60ab      	str	r3, [r5, #8]
 80063ec:	f105 0018 	add.w	r0, r5, #24
 80063f0:	f004 f8fe 	bl	800a5f0 <z_abort_timeout>
	mutex->owner = new_owner;
 80063f4:	60a5      	str	r5, [r4, #8]
	if (unlikely(new_owner != NULL)) {
 80063f6:	1e28      	subs	r0, r5, #0
 80063f8:	bf18      	it	ne
 80063fa:	2001      	movne	r0, #1
 80063fc:	b945      	cbnz	r5, 8006410 <z_impl_k_mutex_unlock+0x78>
		mutex->lock_count = 0U;
 80063fe:	2300      	movs	r3, #0
 8006400:	60e3      	str	r3, [r4, #12]
  __ASM volatile ("MSR basepri, %0" : : "r" (basePri) : "memory");
 8006402:	f386 8811 	msr	BASEPRI, r6
 8006406:	f3bf 8f6f 	isb	sy
 800640a:	e7d4      	b.n	80063b6 <z_impl_k_mutex_unlock+0x1e>
	struct k_thread *thread = NULL;
 800640c:	2500      	movs	r5, #0
 800640e:	e7f1      	b.n	80063f4 <z_impl_k_mutex_unlock+0x5c>
		mutex->owner_orig_prio = new_owner->base.prio;
 8006410:	f995 300e 	ldrsb.w	r3, [r5, #14]
 8006414:	6123      	str	r3, [r4, #16]
 8006416:	2400      	movs	r4, #0
 8006418:	f8c5 40ac 	str.w	r4, [r5, #172]	@ 0xac
		z_ready_thread(new_owner);
 800641c:	4628      	mov	r0, r5
 800641e:	f004 f81c 	bl	800a45a <z_ready_thread>
		z_reschedule(&lock, key);
 8006422:	4631      	mov	r1, r6
 8006424:	4806      	ldr	r0, [pc, #24]	@ (8006440 <z_impl_k_mutex_unlock+0xa8>)
 8006426:	f004 f8a9 	bl	800a57c <z_reschedule>
	return 0;
 800642a:	4620      	mov	r0, r4
 800642c:	e7c3      	b.n	80063b6 <z_impl_k_mutex_unlock+0x1e>
		return -EINVAL;
 800642e:	f06f 0015 	mvn.w	r0, #21
}
 8006432:	4770      	bx	lr
		return -EPERM;
 8006434:	f04f 30ff 	mov.w	r0, #4294967295
 8006438:	e7bd      	b.n	80063b6 <z_impl_k_mutex_unlock+0x1e>
 800643a:	bf00      	nop
 800643c:	20001620 	.word	0x20001620
 8006440:	20001644 	.word	0x20001644

08006444 <z_impl_k_sem_give>:
	return false;
#endif /* CONFIG_POLL */
}

void z_impl_k_sem_give(struct k_sem *sem)
{
 8006444:	b570      	push	{r4, r5, r6, lr}
  __ASM volatile ("MRS %0, basepri" : "=r" (result) );
 8006446:	f3ef 8611 	mrs	r6, BASEPRI
  __ASM volatile ("MSR basepri_max, %0" : : "r" (basePri) : "memory");
 800644a:	2310      	movs	r3, #16
 800644c:	f383 8812 	msr	BASEPRI_MAX, r3
 8006450:	f3bf 8f6f 	isb	sy
	return list->head == list;
 8006454:	6804      	ldr	r4, [r0, #0]
	return sys_dlist_is_empty(list) ? NULL : list->head;
 8006456:	42a0      	cmp	r0, r4
 8006458:	d01a      	beq.n	8006490 <z_impl_k_sem_give+0x4c>
	if (n != NULL) {
 800645a:	b1cc      	cbz	r4, 8006490 <z_impl_k_sem_give+0x4c>
	sys_dnode_t *const prev = node->prev;
 800645c:	6862      	ldr	r2, [r4, #4]
	sys_dnode_t *const next = node->next;
 800645e:	6823      	ldr	r3, [r4, #0]
	prev->next = next;
 8006460:	6013      	str	r3, [r2, #0]
	next->prev = prev;
 8006462:	605a      	str	r2, [r3, #4]
	node->next = NULL;
 8006464:	2500      	movs	r5, #0
 8006466:	6025      	str	r5, [r4, #0]
	node->prev = NULL;
 8006468:	6065      	str	r5, [r4, #4]
 800646a:	7c23      	ldrb	r3, [r4, #16]
 800646c:	f023 0302 	bic.w	r3, r3, #2
 8006470:	7423      	strb	r3, [r4, #16]
 8006472:	60a5      	str	r5, [r4, #8]
 8006474:	f104 0018 	add.w	r0, r4, #24
 8006478:	f004 f8ba 	bl	800a5f0 <z_abort_timeout>
 800647c:	f8c4 50ac 	str.w	r5, [r4, #172]	@ 0xac

	thread = z_unpend_first_thread(&sem->wait_q);

	if (unlikely(thread != NULL)) {
		arch_thread_return_value_set(thread, 0);
		z_ready_thread(thread);
 8006480:	4620      	mov	r0, r4
 8006482:	f003 ffea 	bl	800a45a <z_ready_thread>
		sem->count += (sem->count != sem->limit) ? 1U : 0U;
		resched = handle_poll_events(sem);
	}

	if (unlikely(resched)) {
		z_reschedule(&lock, key);
 8006486:	4631      	mov	r1, r6
 8006488:	4808      	ldr	r0, [pc, #32]	@ (80064ac <z_impl_k_sem_give+0x68>)
 800648a:	f004 f877 	bl	800a57c <z_reschedule>
	} else {
		k_spin_unlock(&lock, key);
	}

	SYS_PORT_TRACING_OBJ_FUNC_EXIT(k_sem, give, sem);
}
 800648e:	bd70      	pop	{r4, r5, r6, pc}
		sem->count += (sem->count != sem->limit) ? 1U : 0U;
 8006490:	6883      	ldr	r3, [r0, #8]
 8006492:	68c2      	ldr	r2, [r0, #12]
 8006494:	4293      	cmp	r3, r2
 8006496:	d007      	beq.n	80064a8 <z_impl_k_sem_give+0x64>
 8006498:	2201      	movs	r2, #1
 800649a:	4413      	add	r3, r2
 800649c:	6083      	str	r3, [r0, #8]
  __ASM volatile ("MSR basepri, %0" : : "r" (basePri) : "memory");
 800649e:	f386 8811 	msr	BASEPRI, r6
 80064a2:	f3bf 8f6f 	isb	sy
}
 80064a6:	e7f2      	b.n	800648e <z_impl_k_sem_give+0x4a>
		sem->count += (sem->count != sem->limit) ? 1U : 0U;
 80064a8:	2200      	movs	r2, #0
 80064aa:	e7f6      	b.n	800649a <z_impl_k_sem_give+0x56>
 80064ac:	20001644 	.word	0x20001644

080064b0 <z_impl_k_sem_take>:
}
#include <zephyr/syscalls/k_sem_give_mrsh.c>
#endif /* CONFIG_USERSPACE */

int z_impl_k_sem_take(struct k_sem *sem, k_timeout_t timeout)
{
 80064b0:	b510      	push	{r4, lr}
 80064b2:	b082      	sub	sp, #8
  __ASM volatile ("MRS %0, basepri" : "=r" (result) );
 80064b4:	f3ef 8111 	mrs	r1, BASEPRI
  __ASM volatile ("MSR basepri_max, %0" : : "r" (basePri) : "memory");
 80064b8:	2410      	movs	r4, #16
 80064ba:	f384 8812 	msr	BASEPRI_MAX, r4
 80064be:	f3bf 8f6f 	isb	sy

	k_spinlock_key_t key = k_spin_lock(&lock);

	SYS_PORT_TRACING_OBJ_FUNC_ENTER(k_sem, take, sem, timeout);

	if (likely(sem->count > 0U)) {
 80064c2:	6884      	ldr	r4, [r0, #8]
 80064c4:	b144      	cbz	r4, 80064d8 <z_impl_k_sem_take+0x28>
		sem->count--;
 80064c6:	3c01      	subs	r4, #1
 80064c8:	6084      	str	r4, [r0, #8]
  __ASM volatile ("MSR basepri, %0" : : "r" (basePri) : "memory");
 80064ca:	f381 8811 	msr	BASEPRI, r1
 80064ce:	f3bf 8f6f 	isb	sy
		k_spin_unlock(&lock, key);
		ret = 0;
 80064d2:	2000      	movs	r0, #0

out:
	SYS_PORT_TRACING_OBJ_FUNC_EXIT(k_sem, take, sem, timeout, ret);

	return ret;
}
 80064d4:	b002      	add	sp, #8
 80064d6:	bd10      	pop	{r4, pc}
	if (K_TIMEOUT_EQ(timeout, K_NO_WAIT)) {
 80064d8:	ea53 0402 	orrs.w	r4, r3, r2
 80064dc:	d006      	beq.n	80064ec <z_impl_k_sem_take+0x3c>
	ret = z_pend_curr(&lock, key, &sem->wait_q, timeout);
 80064de:	9200      	str	r2, [sp, #0]
 80064e0:	9301      	str	r3, [sp, #4]
 80064e2:	4602      	mov	r2, r0
 80064e4:	4805      	ldr	r0, [pc, #20]	@ (80064fc <z_impl_k_sem_take+0x4c>)
 80064e6:	f000 fa3f 	bl	8006968 <z_pend_curr>
	return ret;
 80064ea:	e7f3      	b.n	80064d4 <z_impl_k_sem_take+0x24>
 80064ec:	f381 8811 	msr	BASEPRI, r1
 80064f0:	f3bf 8f6f 	isb	sy
		ret = -EBUSY;
 80064f4:	f06f 000f 	mvn.w	r0, #15
 80064f8:	e7ec      	b.n	80064d4 <z_impl_k_sem_take+0x24>
 80064fa:	bf00      	nop
 80064fc:	20001644 	.word	0x20001644

08006500 <thread_schedule_new>:
{
 8006500:	b508      	push	{r3, lr}
	if (K_TIMEOUT_EQ(delay, K_NO_WAIT)) {
 8006502:	ea53 0102 	orrs.w	r1, r3, r2
 8006506:	d102      	bne.n	800650e <thread_schedule_new+0xe>
 8006508:	f000 fc08 	bl	8006d1c <z_impl_k_wakeup>
}
 800650c:	bd08      	pop	{r3, pc}
	return z_add_timeout(&thread->base.timeout, z_thread_timeout, ticks);
 800650e:	4902      	ldr	r1, [pc, #8]	@ (8006518 <thread_schedule_new+0x18>)
 8006510:	3018      	adds	r0, #24
 8006512:	f000 fdaf 	bl	8007074 <z_add_timeout>
 8006516:	e7f9      	b.n	800650c <thread_schedule_new+0xc>
 8006518:	0800a505 	.word	0x0800a505

0800651c <z_impl_k_thread_name_set>:
}
#include <zephyr/syscalls/k_thread_priority_get_mrsh.c>
#endif /* CONFIG_USERSPACE */

int z_impl_k_thread_name_set(k_tid_t thread, const char *str)
{
 800651c:	b510      	push	{r4, lr}
#ifdef CONFIG_THREAD_NAME
	if (thread == NULL) {
 800651e:	4604      	mov	r4, r0
 8006520:	b140      	cbz	r0, 8006534 <z_impl_k_thread_name_set+0x18>
		thread = _current;
	}

	strncpy(thread->name, str, CONFIG_THREAD_MAX_NAME_LEN - 1);
 8006522:	221f      	movs	r2, #31
 8006524:	f104 0074 	add.w	r0, r4, #116	@ 0x74
 8006528:	f001 f834 	bl	8007594 <strncpy>
	thread->name[CONFIG_THREAD_MAX_NAME_LEN - 1] = '\0';
 800652c:	2000      	movs	r0, #0
 800652e:	f884 0093 	strb.w	r0, [r4, #147]	@ 0x93

	SYS_PORT_TRACING_OBJ_FUNC(k_thread, name_set, thread, -ENOSYS);

	return -ENOSYS;
#endif /* CONFIG_THREAD_NAME */
}
 8006532:	bd10      	pop	{r4, pc}
		thread = _current;
 8006534:	4b01      	ldr	r3, [pc, #4]	@ (800653c <z_impl_k_thread_name_set+0x20>)
 8006536:	689c      	ldr	r4, [r3, #8]
 8006538:	e7f3      	b.n	8006522 <z_impl_k_thread_name_set+0x6>
 800653a:	bf00      	nop
 800653c:	20001620 	.word	0x20001620

08006540 <z_setup_new_thread>:
char *z_setup_new_thread(struct k_thread *new_thread,
			 k_thread_stack_t *stack, size_t stack_size,
			 k_thread_entry_t entry,
			 void *p1, void *p2, void *p3,
			 int prio, uint32_t options, const char *name)
{
 8006540:	e92d 4ff0 	stmdb	sp!, {r4, r5, r6, r7, r8, r9, sl, fp, lr}
 8006544:	b085      	sub	sp, #20
 8006546:	4604      	mov	r4, r0
 8006548:	460f      	mov	r7, r1
 800654a:	4615      	mov	r5, r2
 800654c:	461e      	mov	r6, r3
 800654e:	f8dd a038 	ldr.w	sl, [sp, #56]	@ 0x38
 8006552:	f8dd 903c 	ldr.w	r9, [sp, #60]	@ 0x3c
 8006556:	f8dd 8040 	ldr.w	r8, [sp, #64]	@ 0x40
 800655a:	f8dd b04c 	ldr.w	fp, [sp, #76]	@ 0x4c
	SYS_DLIST_FOR_EACH_CONTAINER_SAFE(&((wq)->waitq), thread_ptr, \
					  loop_ptr, base.qnode_dlist)

static inline void z_waitq_init(_wait_q_t *w)
{
	sys_dlist_init(&w->waitq);
 800655e:	f100 0358 	add.w	r3, r0, #88	@ 0x58
	list->head = (sys_dnode_t *)list;
 8006562:	6583      	str	r3, [r0, #88]	@ 0x58
	list->tail = (sys_dnode_t *)list;
 8006564:	65c3      	str	r3, [r0, #92]	@ 0x5c
	k_object_access_grant(new_thread, new_thread);
#endif /* CONFIG_USERSPACE */
	z_waitq_init(&new_thread->join_queue);

	/* Initialize various struct k_thread members */
	z_init_thread_base(&new_thread->base, prio, _THREAD_SLEEPING, options);
 8006566:	9b12      	ldr	r3, [sp, #72]	@ 0x48
 8006568:	2204      	movs	r2, #4
 800656a:	9911      	ldr	r1, [sp, #68]	@ 0x44
 800656c:	f003 fee7 	bl	800a33e <z_init_thread_base>
	stack_ptr = setup_thread_stack(new_thread, stack, stack_size);
 8006570:	462a      	mov	r2, r5
 8006572:	4639      	mov	r1, r7
 8006574:	4620      	mov	r0, r4
 8006576:	f003 feb4 	bl	800a2e2 <setup_thread_stack>
 800657a:	4605      	mov	r5, r0
	__ASSERT_NO_MSG(!sys_cache_is_mem_coherent(stack));
#endif  /* CONFIG_DYNAMIC_THREAD */

#endif /* CONFIG_KERNEL_COHERENCE */

	arch_new_thread(new_thread, stack, stack_ptr, entry, p1, p2, p3);
 800657c:	f8cd 8008 	str.w	r8, [sp, #8]
 8006580:	f8cd 9004 	str.w	r9, [sp, #4]
 8006584:	f8cd a000 	str.w	sl, [sp]
 8006588:	4633      	mov	r3, r6
 800658a:	4602      	mov	r2, r0
 800658c:	4639      	mov	r1, r7
 800658e:	4620      	mov	r0, r4
 8006590:	f7fd f9b8 	bl	8003904 <arch_new_thread>

	/* static threads overwrite it afterwards with real value */
	new_thread->init_data = NULL;
 8006594:	2300      	movs	r3, #0
 8006596:	6563      	str	r3, [r4, #84]	@ 0x54
#ifdef CONFIG_THREAD_CUSTOM_DATA
	/* Initialize custom data field (value is opaque to kernel) */
	new_thread->custom_data = NULL;
#endif /* CONFIG_THREAD_CUSTOM_DATA */
#ifdef CONFIG_THREAD_MONITOR
	new_thread->entry.pEntry = entry;
 8006598:	6626      	str	r6, [r4, #96]	@ 0x60
	new_thread->entry.parameter1 = p1;
 800659a:	f8c4 a064 	str.w	sl, [r4, #100]	@ 0x64
	new_thread->entry.parameter2 = p2;
 800659e:	f8c4 9068 	str.w	r9, [r4, #104]	@ 0x68
	new_thread->entry.parameter3 = p3;
 80065a2:	f8c4 806c 	str.w	r8, [r4, #108]	@ 0x6c
  __ASM volatile ("MRS %0, basepri" : "=r" (result) );
 80065a6:	f3ef 8211 	mrs	r2, BASEPRI
  __ASM volatile ("MSR basepri_max, %0" : : "r" (basePri) : "memory");
 80065aa:	2310      	movs	r3, #16
 80065ac:	f383 8812 	msr	BASEPRI_MAX, r3
 80065b0:	f3bf 8f6f 	isb	sy

	k_spinlock_key_t key = k_spin_lock(&z_thread_monitor_lock);

	new_thread->next_thread = _kernel.threads;
 80065b4:	4b12      	ldr	r3, [pc, #72]	@ (8006600 <z_setup_new_thread+0xc0>)
 80065b6:	6a19      	ldr	r1, [r3, #32]
 80065b8:	6721      	str	r1, [r4, #112]	@ 0x70
	_kernel.threads = new_thread;
 80065ba:	621c      	str	r4, [r3, #32]
  __ASM volatile ("MSR basepri, %0" : : "r" (basePri) : "memory");
 80065bc:	f382 8811 	msr	BASEPRI, r2
 80065c0:	f3bf 8f6f 	isb	sy
	k_spin_unlock(&z_thread_monitor_lock, key);
#endif /* CONFIG_THREAD_MONITOR */
#ifdef CONFIG_THREAD_NAME
	if (name != NULL) {
 80065c4:	f1bb 0f00 	cmp.w	fp, #0
 80065c8:	d013      	beq.n	80065f2 <z_setup_new_thread+0xb2>
		strncpy(new_thread->name, name,
 80065ca:	221f      	movs	r2, #31
 80065cc:	4659      	mov	r1, fp
 80065ce:	f104 0074 	add.w	r0, r4, #116	@ 0x74
 80065d2:	f000 ffdf 	bl	8007594 <strncpy>
			CONFIG_THREAD_MAX_NAME_LEN - 1);
		/* Ensure NULL termination, truncate if longer */
		new_thread->name[CONFIG_THREAD_MAX_NAME_LEN - 1] = '\0';
 80065d6:	2300      	movs	r3, #0
 80065d8:	f884 3093 	strb.w	r3, [r4, #147]	@ 0x93
		new_thread->base.cpu_mask = -1; /* allow all cpus */
	}
#endif /* CONFIG_SCHED_CPU_MASK */
#ifdef CONFIG_ARCH_HAS_CUSTOM_SWAP_TO_MAIN
	/* _current may be null if the dummy thread is not used */
	if (!_current) {
 80065dc:	4b08      	ldr	r3, [pc, #32]	@ (8006600 <z_setup_new_thread+0xc0>)
 80065de:	689b      	ldr	r3, [r3, #8]
 80065e0:	b15b      	cbz	r3, 80065fa <z_setup_new_thread+0xba>
	}
#endif /* CONFIG_USERSPACE */
#ifdef CONFIG_SCHED_DEADLINE
	new_thread->base.prio_deadline = 0;
#endif /* CONFIG_SCHED_DEADLINE */
	new_thread->resource_pool = _current->resource_pool;
 80065e2:	f8d3 30a0 	ldr.w	r3, [r3, #160]	@ 0xa0
 80065e6:	f8c4 30a0 	str.w	r3, [r4, #160]	@ 0xa0
#endif /* CONFIG_SCHED_THREAD_USAGE */

	SYS_PORT_TRACING_OBJ_FUNC(k_thread, create, new_thread);

	return stack_ptr;
}
 80065ea:	4628      	mov	r0, r5
 80065ec:	b005      	add	sp, #20
 80065ee:	e8bd 8ff0 	ldmia.w	sp!, {r4, r5, r6, r7, r8, r9, sl, fp, pc}
		new_thread->name[0] = '\0';
 80065f2:	2300      	movs	r3, #0
 80065f4:	f884 3074 	strb.w	r3, [r4, #116]	@ 0x74
 80065f8:	e7f0      	b.n	80065dc <z_setup_new_thread+0x9c>
		new_thread->resource_pool = NULL;
 80065fa:	f8c4 30a0 	str.w	r3, [r4, #160]	@ 0xa0
		return stack_ptr;
 80065fe:	e7f4      	b.n	80065ea <z_setup_new_thread+0xaa>
 8006600:	20001620 	.word	0x20001620

08006604 <z_dummy_thread_init>:

#endif /* CONFIG_THREAD_ABORT_NEED_CLEANUP */

void z_dummy_thread_init(struct k_thread *dummy_thread)
{
	dummy_thread->base.thread_state = _THREAD_DUMMY;
 8006604:	2301      	movs	r3, #1
 8006606:	7403      	strb	r3, [r0, #16]
#ifdef CONFIG_SCHED_CPU_MASK
	dummy_thread->base.cpu_mask = -1;
#endif /* CONFIG_SCHED_CPU_MASK */
	dummy_thread->base.user_options = K_ESSENTIAL;
 8006608:	8183      	strh	r3, [r0, #12]
#ifdef CONFIG_THREAD_STACK_INFO
	dummy_thread->stack_info.start = 0U;
 800660a:	2300      	movs	r3, #0
 800660c:	f8c0 3094 	str.w	r3, [r0, #148]	@ 0x94
	dummy_thread->stack_info.size = 0U;
 8006610:	f8c0 3098 	str.w	r3, [r0, #152]	@ 0x98
	dummy_thread->mem_domain_info.mem_domain = &k_mem_domain_default;
#endif /* CONFIG_USERSPACE */
#if (K_HEAP_MEM_POOL_SIZE > 0)
	k_thread_system_pool_assign(dummy_thread);
#else
	dummy_thread->resource_pool = NULL;
 8006614:	f8c0 30a0 	str.w	r3, [r0, #160]	@ 0xa0

#ifdef CONFIG_TIMESLICE_PER_THREAD
	dummy_thread->base.slice_ticks = 0;
#endif /* CONFIG_TIMESLICE_PER_THREAD */

	z_current_thread_set(dummy_thread);
 8006618:	4b01      	ldr	r3, [pc, #4]	@ (8006620 <z_dummy_thread_init+0x1c>)
 800661a:	6098      	str	r0, [r3, #8]
}
 800661c:	4770      	bx	lr
 800661e:	bf00      	nop
 8006620:	20001620 	.word	0x20001620

08006624 <z_swap_irqlock>:

#ifndef CONFIG_USE_SWITCH
static ALWAYS_INLINE int arch_swap(unsigned int key)
{
	/* store off key and return value */
	_current->arch.basepri = key;
 8006624:	4a0a      	ldr	r2, [pc, #40]	@ (8006650 <z_swap_irqlock+0x2c>)
 8006626:	6893      	ldr	r3, [r2, #8]
 8006628:	f8c3 00a8 	str.w	r0, [r3, #168]	@ 0xa8
	_current->arch.swap_return_value = -EAGAIN;
 800662c:	f06f 010a 	mvn.w	r1, #10
 8006630:	f8c3 10ac 	str.w	r1, [r3, #172]	@ 0xac

	/* set pending bit to make sure we will take a PendSV exception */
	SCB->ICSR |= SCB_ICSR_PENDSVSET_Msk;
 8006634:	4907      	ldr	r1, [pc, #28]	@ (8006654 <z_swap_irqlock+0x30>)
 8006636:	684b      	ldr	r3, [r1, #4]
 8006638:	f043 5380 	orr.w	r3, r3, #268435456	@ 0x10000000
 800663c:	604b      	str	r3, [r1, #4]
 800663e:	2300      	movs	r3, #0
 8006640:	f383 8811 	msr	BASEPRI, r3
 8006644:	f3bf 8f6f 	isb	sy
	irq_unlock(0);

	/* Context switch is performed here. Returning implies the
	 * thread has been context-switched-in again.
	 */
	return _current->arch.swap_return_value;
 8006648:	6893      	ldr	r3, [r2, #8]
# endif /* CONFIG_ARM64 */
#endif /* CONFIG_SPIN_VALIDATE */

	ret = arch_swap(key);
	return ret;
}
 800664a:	f8d3 00ac 	ldr.w	r0, [r3, #172]	@ 0xac
 800664e:	4770      	bx	lr
 8006650:	20001620 	.word	0x20001620
 8006654:	e000ed00 	.word	0xe000ed00

08006658 <reschedule>:
{
#ifdef CONFIG_SMP
	_current_cpu->swap_ok = 0;
#endif /* CONFIG_SMP */

	return arch_irq_unlocked(key) && !arch_is_in_isr();
 8006658:	4608      	mov	r0, r1
 800665a:	b981      	cbnz	r1, 800667e <reschedule+0x26>
	return new_thread != _current;
#endif /* CONFIG_SMP */
}

static void reschedule(struct k_spinlock *lock, k_spinlock_key_t key)
{
 800665c:	b508      	push	{r3, lr}
  __ASM volatile ("MRS %0, ipsr" : "=r" (result) );
 800665e:	f3ef 8305 	mrs	r3, IPSR
	return arch_irq_unlocked(key) && !arch_is_in_isr();
 8006662:	b93b      	cbnz	r3, 8006674 <reschedule+0x1c>
	new_thread = _kernel.ready_q.cache;
 8006664:	4b08      	ldr	r3, [pc, #32]	@ (8006688 <reschedule+0x30>)
 8006666:	695a      	ldr	r2, [r3, #20]
	return new_thread != _current;
 8006668:	689b      	ldr	r3, [r3, #8]
	if (resched(key.key) && need_swap()) {
 800666a:	429a      	cmp	r2, r3
 800666c:	d002      	beq.n	8006674 <reschedule+0x1c>
 * handling.
 */
static ALWAYS_INLINE int z_swap(struct k_spinlock *lock, k_spinlock_key_t key)
{
	k_spin_release(lock);
	return z_swap_irqlock(key.key);
 800666e:	f7ff ffd9 	bl	8006624 <z_swap_irqlock>
		z_swap(lock, key);
 8006672:	e003      	b.n	800667c <reschedule+0x24>
  __ASM volatile ("MSR basepri, %0" : : "r" (basePri) : "memory");
 8006674:	f380 8811 	msr	BASEPRI, r0
 8006678:	f3bf 8f6f 	isb	sy
	} else {
		signal_pending_ipi();
		k_spin_unlock(lock, key);
	}
}
 800667c:	bd08      	pop	{r3, pc}
 800667e:	f381 8811 	msr	BASEPRI, r1
 8006682:	f3bf 8f6f 	isb	sy
 8006686:	4770      	bx	lr
 8006688:	20001620 	.word	0x20001620

0800668c <ready_thread>:
	return (thread->base.thread_state & state) != 0U;
 800668c:	7c03      	ldrb	r3, [r0, #16]
	if (!z_is_thread_queued(thread) && z_is_thread_ready(thread)) {
 800668e:	f990 2010 	ldrsb.w	r2, [r0, #16]
 8006692:	2a00      	cmp	r2, #0
 8006694:	db4e      	blt.n	8006734 <ready_thread+0xa8>
 8006696:	f013 0f1f 	tst.w	r3, #31
 800669a:	d14b      	bne.n	8006734 <ready_thread+0xa8>
{
 800669c:	b510      	push	{r4, lr}
	thread->base.thread_state |= _THREAD_QUEUED;
 800669e:	f063 037f 	orn	r3, r3, #127	@ 0x7f
 80066a2:	7403      	strb	r3, [r0, #16]
	return list->head == list;
 80066a4:	4a24      	ldr	r2, [pc, #144]	@ (8006738 <ready_thread+0xac>)
 80066a6:	f852 3f18 	ldr.w	r3, [r2, #24]!
	return sys_dlist_is_empty(list) ? NULL : list->head;
 80066aa:	4293      	cmp	r3, r2
 80066ac:	d03a      	beq.n	8006724 <ready_thread+0x98>
	SYS_DLIST_FOR_EACH_CONTAINER(pq, t, base.qnode_dlist) {
 80066ae:	b17b      	cbz	r3, 80066d0 <ready_thread+0x44>
	int32_t b1 = thread_1->base.prio;
 80066b0:	f990 100e 	ldrsb.w	r1, [r0, #14]
	int32_t b2 = thread_2->base.prio;
 80066b4:	f993 200e 	ldrsb.w	r2, [r3, #14]
	if (b1 != b2) {
 80066b8:	4291      	cmp	r1, r2
 80066ba:	d002      	beq.n	80066c2 <ready_thread+0x36>
		return b2 - b1;
 80066bc:	1a52      	subs	r2, r2, r1
		if (z_sched_prio_cmp(thread, t) > 0) {
 80066be:	2a00      	cmp	r2, #0
 80066c0:	dc27      	bgt.n	8006712 <ready_thread+0x86>
	SYS_DLIST_FOR_EACH_CONTAINER(pq, t, base.qnode_dlist) {
 80066c2:	4619      	mov	r1, r3
	return (node == list->tail) ? NULL : node->next;
 80066c4:	4a1c      	ldr	r2, [pc, #112]	@ (8006738 <ready_thread+0xac>)
 80066c6:	69d2      	ldr	r2, [r2, #28]
 80066c8:	4293      	cmp	r3, r2
 80066ca:	d001      	beq.n	80066d0 <ready_thread+0x44>
 80066cc:	681b      	ldr	r3, [r3, #0]
 80066ce:	bb33      	cbnz	r3, 800671e <ready_thread+0x92>
	sys_dnode_t *const tail = list->tail;
 80066d0:	4b19      	ldr	r3, [pc, #100]	@ (8006738 <ready_thread+0xac>)
 80066d2:	69da      	ldr	r2, [r3, #28]
	node->next = list;
 80066d4:	f103 0118 	add.w	r1, r3, #24
 80066d8:	6001      	str	r1, [r0, #0]
	node->prev = tail;
 80066da:	6042      	str	r2, [r0, #4]
	tail->next = node;
 80066dc:	6010      	str	r0, [r2, #0]
	list->tail = node;
 80066de:	61d8      	str	r0, [r3, #28]
	return list->head == list;
 80066e0:	4b15      	ldr	r3, [pc, #84]	@ (8006738 <ready_thread+0xac>)
 80066e2:	f853 4f18 	ldr.w	r4, [r3, #24]!
	return sys_dlist_is_empty(list) ? NULL : list->head;
 80066e6:	429c      	cmp	r4, r3
 80066e8:	d01e      	beq.n	8006728 <ready_thread+0x9c>
	if (n != NULL) {
 80066ea:	b1ec      	cbz	r4, 8006728 <ready_thread+0x9c>
	}

	__ASSERT(_current != NULL, "");

	/* Or if we're pended/suspended/dummy (duh) */
	if (z_is_thread_prevented_from_running(_current)) {
 80066ec:	4b12      	ldr	r3, [pc, #72]	@ (8006738 <ready_thread+0xac>)
 80066ee:	689b      	ldr	r3, [r3, #8]
	uint8_t state = thread->base.thread_state;
 80066f0:	7c1a      	ldrb	r2, [r3, #16]
	if (z_is_thread_prevented_from_running(_current)) {
 80066f2:	f012 0f1f 	tst.w	r2, #31
 80066f6:	d104      	bne.n	8006702 <ready_thread+0x76>
	return thread->base.preempt <= _PREEMPT_THRESHOLD;
 80066f8:	89da      	ldrh	r2, [r3, #14]
	}

	/* Otherwise we have to be running a preemptible thread or
	 * switching to a metairq
	 */
	if (thread_is_preemptible(_current) || thread_is_metairq(thread)) {
 80066fa:	2a7f      	cmp	r2, #127	@ 0x7f
 80066fc:	d901      	bls.n	8006702 <ready_thread+0x76>
	return node->next != NULL;
 80066fe:	69a2      	ldr	r2, [r4, #24]
	/* Edge case on ARM where a thread can be pended out of an
	 * interrupt handler before the "synchronous" swap starts
	 * context switching.  Platforms with atomic swap can never
	 * hit this.
	 */
	if (IS_ENABLED(CONFIG_SWAP_NONATOMIC)
 8006700:	b1aa      	cbz	r2, 800672e <ready_thread+0xa2>
		if (thread != _current) {
 8006702:	42a3      	cmp	r3, r4
 8006704:	d002      	beq.n	800670c <ready_thread+0x80>
			z_reset_time_slice(thread);
 8006706:	4620      	mov	r0, r4
 8006708:	f000 fc1a 	bl	8006f40 <z_reset_time_slice>
		_kernel.ready_q.cache = thread;
 800670c:	4b0a      	ldr	r3, [pc, #40]	@ (8006738 <ready_thread+0xac>)
 800670e:	615c      	str	r4, [r3, #20]
}
 8006710:	bd10      	pop	{r4, pc}
	sys_dnode_t *const prev = successor->prev;
 8006712:	685a      	ldr	r2, [r3, #4]
	node->prev = prev;
 8006714:	6042      	str	r2, [r0, #4]
	node->next = successor;
 8006716:	6003      	str	r3, [r0, #0]
	prev->next = node;
 8006718:	6010      	str	r0, [r2, #0]
	successor->prev = node;
 800671a:	6058      	str	r0, [r3, #4]
			return;
 800671c:	e7e0      	b.n	80066e0 <ready_thread+0x54>
	return (node != NULL) ? sys_dlist_peek_next_no_check(list, node) : NULL;
 800671e:	2900      	cmp	r1, #0
 8006720:	d1c5      	bne.n	80066ae <ready_thread+0x22>
 8006722:	e7d5      	b.n	80066d0 <ready_thread+0x44>
	SYS_DLIST_FOR_EACH_CONTAINER(pq, t, base.qnode_dlist) {
 8006724:	2300      	movs	r3, #0
 8006726:	e7c2      	b.n	80066ae <ready_thread+0x22>
	return (thread != NULL) ? thread : _current_cpu->idle_thread;
 8006728:	4b03      	ldr	r3, [pc, #12]	@ (8006738 <ready_thread+0xac>)
 800672a:	68dc      	ldr	r4, [r3, #12]
 800672c:	e7de      	b.n	80066ec <ready_thread+0x60>
		_kernel.ready_q.cache = _current;
 800672e:	4a02      	ldr	r2, [pc, #8]	@ (8006738 <ready_thread+0xac>)
 8006730:	6153      	str	r3, [r2, #20]
 8006732:	e7ed      	b.n	8006710 <ready_thread+0x84>
 8006734:	4770      	bx	lr
 8006736:	bf00      	nop
 8006738:	20001620 	.word	0x20001620

0800673c <unready_thread>:
}
#include <zephyr/syscalls/k_thread_resume_mrsh.c>
#endif /* CONFIG_USERSPACE */

static void unready_thread(struct k_thread *thread)
{
 800673c:	b510      	push	{r4, lr}
	return (thread->base.thread_state & state) != 0U;
 800673e:	7c03      	ldrb	r3, [r0, #16]
	if (z_is_thread_queued(thread)) {
 8006740:	f990 2010 	ldrsb.w	r2, [r0, #16]
 8006744:	2a00      	cmp	r2, #0
 8006746:	db19      	blt.n	800677c <unready_thread+0x40>
		dequeue_thread(thread);
	}
	update_cache(thread == _current);
 8006748:	4b15      	ldr	r3, [pc, #84]	@ (80067a0 <unready_thread+0x64>)
 800674a:	689a      	ldr	r2, [r3, #8]
	return list->head == list;
 800674c:	f853 4f18 	ldr.w	r4, [r3, #24]!
	return sys_dlist_is_empty(list) ? NULL : list->head;
 8006750:	429c      	cmp	r4, r3
 8006752:	d01e      	beq.n	8006792 <unready_thread+0x56>
	if (n != NULL) {
 8006754:	b1ec      	cbz	r4, 8006792 <unready_thread+0x56>
	if (preempt_ok != 0) {
 8006756:	4282      	cmp	r2, r0
 8006758:	d008      	beq.n	800676c <unready_thread+0x30>
	uint8_t state = thread->base.thread_state;
 800675a:	7c13      	ldrb	r3, [r2, #16]
	if (z_is_thread_prevented_from_running(_current)) {
 800675c:	f013 0f1f 	tst.w	r3, #31
 8006760:	d104      	bne.n	800676c <unready_thread+0x30>
	return thread->base.preempt <= _PREEMPT_THRESHOLD;
 8006762:	89d3      	ldrh	r3, [r2, #14]
	if (thread_is_preemptible(_current) || thread_is_metairq(thread)) {
 8006764:	2b7f      	cmp	r3, #127	@ 0x7f
 8006766:	d901      	bls.n	800676c <unready_thread+0x30>
	return node->next != NULL;
 8006768:	69a3      	ldr	r3, [r4, #24]
	if (IS_ENABLED(CONFIG_SWAP_NONATOMIC)
 800676a:	b1ab      	cbz	r3, 8006798 <unready_thread+0x5c>
		if (thread != _current) {
 800676c:	42a2      	cmp	r2, r4
 800676e:	d002      	beq.n	8006776 <unready_thread+0x3a>
			z_reset_time_slice(thread);
 8006770:	4620      	mov	r0, r4
 8006772:	f000 fbe5 	bl	8006f40 <z_reset_time_slice>
		_kernel.ready_q.cache = thread;
 8006776:	4b0a      	ldr	r3, [pc, #40]	@ (80067a0 <unready_thread+0x64>)
 8006778:	615c      	str	r4, [r3, #20]
}
 800677a:	bd10      	pop	{r4, pc}
	thread->base.thread_state &= ~_THREAD_QUEUED;
 800677c:	f003 037f 	and.w	r3, r3, #127	@ 0x7f
 8006780:	7403      	strb	r3, [r0, #16]
	sys_dnode_t *const prev = node->prev;
 8006782:	6842      	ldr	r2, [r0, #4]
	sys_dnode_t *const next = node->next;
 8006784:	6803      	ldr	r3, [r0, #0]
	prev->next = next;
 8006786:	6013      	str	r3, [r2, #0]
	next->prev = prev;
 8006788:	605a      	str	r2, [r3, #4]
	node->next = NULL;
 800678a:	2300      	movs	r3, #0
 800678c:	6003      	str	r3, [r0, #0]
	node->prev = NULL;
 800678e:	6043      	str	r3, [r0, #4]
}
 8006790:	e7da      	b.n	8006748 <unready_thread+0xc>
	return (thread != NULL) ? thread : _current_cpu->idle_thread;
 8006792:	4b03      	ldr	r3, [pc, #12]	@ (80067a0 <unready_thread+0x64>)
 8006794:	68dc      	ldr	r4, [r3, #12]
 8006796:	e7de      	b.n	8006756 <unready_thread+0x1a>
		_kernel.ready_q.cache = _current;
 8006798:	4b01      	ldr	r3, [pc, #4]	@ (80067a0 <unready_thread+0x64>)
 800679a:	615a      	str	r2, [r3, #20]
 800679c:	e7ed      	b.n	800677a <unready_thread+0x3e>
 800679e:	bf00      	nop
 80067a0:	20001620 	.word	0x20001620

080067a4 <thread_halt_spin>:
{
 80067a4:	e92d 43f8 	stmdb	sp!, {r3, r4, r5, r6, r7, r8, r9, lr}
 80067a8:	4605      	mov	r5, r0
 80067aa:	460c      	mov	r4, r1
	if (z_is_thread_halting(_current)) {
 80067ac:	4b42      	ldr	r3, [pc, #264]	@ (80068b8 <thread_halt_spin+0x114>)
 80067ae:	689e      	ldr	r6, [r3, #8]
	return (thread->base.thread_state &
 80067b0:	7c33      	ldrb	r3, [r6, #16]
 80067b2:	f013 0f60 	tst.w	r3, #96	@ 0x60
 80067b6:	d02b      	beq.n	8006810 <thread_halt_spin+0x6c>
		halt_thread(_current,
 80067b8:	f013 0f20 	tst.w	r3, #32
 80067bc:	d02d      	beq.n	800681a <thread_halt_spin+0x76>
 80067be:	2708      	movs	r7, #8
	bool dummify = false;

	/* We hold the lock, and the thread is known not to be running
	 * anywhere.
	 */
	if ((thread->base.thread_state & new_state) == 0U) {
 80067c0:	421f      	tst	r7, r3
 80067c2:	d125      	bne.n	8006810 <thread_halt_spin+0x6c>
		thread->base.thread_state |= new_state;
 80067c4:	433b      	orrs	r3, r7
 80067c6:	7433      	strb	r3, [r6, #16]
		if (z_is_thread_queued(thread)) {
 80067c8:	f013 0f80 	tst.w	r3, #128	@ 0x80
 80067cc:	d127      	bne.n	800681e <thread_halt_spin+0x7a>
			dequeue_thread(thread);
		}

		if (new_state == _THREAD_DEAD) {
 80067ce:	2f08      	cmp	r7, #8
 80067d0:	d030      	beq.n	8006834 <thread_halt_spin+0x90>
	bool dummify = false;
 80067d2:	f04f 0900 	mov.w	r9, #0
	return list->head == list;
 80067d6:	4b38      	ldr	r3, [pc, #224]	@ (80068b8 <thread_halt_spin+0x114>)
 80067d8:	f853 8f18 	ldr.w	r8, [r3, #24]!
	return sys_dlist_is_empty(list) ? NULL : list->head;
 80067dc:	4598      	cmp	r8, r3
 80067de:	d04f      	beq.n	8006880 <thread_halt_spin+0xdc>
 80067e0:	f1b8 0f00 	cmp.w	r8, #0
 80067e4:	d04c      	beq.n	8006880 <thread_halt_spin+0xdc>
		if (thread != _current) {
 80067e6:	4b34      	ldr	r3, [pc, #208]	@ (80068b8 <thread_halt_spin+0x114>)
 80067e8:	689b      	ldr	r3, [r3, #8]
 80067ea:	4543      	cmp	r3, r8
 80067ec:	d002      	beq.n	80067f4 <thread_halt_spin+0x50>
			z_reset_time_slice(thread);
 80067ee:	4640      	mov	r0, r8
 80067f0:	f000 fba6 	bl	8006f40 <z_reset_time_slice>
		_kernel.ready_q.cache = thread;
 80067f4:	4b30      	ldr	r3, [pc, #192]	@ (80068b8 <thread_halt_spin+0x114>)
 80067f6:	f8c3 8014 	str.w	r8, [r3, #20]
#ifdef CONFIG_SMP
		unpend_all(&thread->halt_queue);
#endif /* CONFIG_SMP */
		update_cache(1);

		if (new_state == _THREAD_SUSPENDED) {
 80067fa:	2f10      	cmp	r7, #16
 80067fc:	d008      	beq.n	8006810 <thread_halt_spin+0x6c>
			clear_halting(thread);
			return;
		}

		arch_coprocessors_disable(thread);
 80067fe:	4630      	mov	r0, r6
 8006800:	f002 fd07 	bl	8009212 <arch_coprocessors_disable>

		SYS_PORT_TRACING_FUNC(k_thread, sched_abort, thread);

		z_thread_monitor_exit(thread);
 8006804:	4630      	mov	r0, r6
 8006806:	f000 fbf5 	bl	8006ff4 <z_thread_monitor_exit>
		 * handle for any threads spinning in join() (this can
		 * never be used, as our thread is flagged dead, but
		 * it must not be NULL otherwise join can deadlock).
		 * Use 1 as a clearly invalid but non-NULL value.
		 */
		if (dummify && !IS_ENABLED(CONFIG_ARCH_POSIX)) {
 800680a:	f1b9 0f00 	cmp.w	r9, #0
 800680e:	d13b      	bne.n	8006888 <thread_halt_spin+0xe4>
 8006810:	f384 8811 	msr	BASEPRI, r4
 8006814:	f3bf 8f6f 	isb	sy
	while (z_is_thread_halting(thread)) {
 8006818:	e047      	b.n	80068aa <thread_halt_spin+0x106>
		halt_thread(_current,
 800681a:	2710      	movs	r7, #16
 800681c:	e7d0      	b.n	80067c0 <thread_halt_spin+0x1c>
	thread->base.thread_state &= ~_THREAD_QUEUED;
 800681e:	f003 037f 	and.w	r3, r3, #127	@ 0x7f
 8006822:	7433      	strb	r3, [r6, #16]
	sys_dnode_t *const prev = node->prev;
 8006824:	6872      	ldr	r2, [r6, #4]
	sys_dnode_t *const next = node->next;
 8006826:	6833      	ldr	r3, [r6, #0]
	prev->next = next;
 8006828:	6013      	str	r3, [r2, #0]
	next->prev = prev;
 800682a:	605a      	str	r2, [r3, #4]
	node->next = NULL;
 800682c:	2300      	movs	r3, #0
 800682e:	6033      	str	r3, [r6, #0]
	node->prev = NULL;
 8006830:	6073      	str	r3, [r6, #4]
}
 8006832:	e7cc      	b.n	80067ce <thread_halt_spin+0x2a>
			if (thread->base.pended_on != NULL) {
 8006834:	68b3      	ldr	r3, [r6, #8]
 8006836:	b15b      	cbz	r3, 8006850 <thread_halt_spin+0xac>
	sys_dnode_t *const prev = node->prev;
 8006838:	6872      	ldr	r2, [r6, #4]
	sys_dnode_t *const next = node->next;
 800683a:	6833      	ldr	r3, [r6, #0]
	prev->next = next;
 800683c:	6013      	str	r3, [r2, #0]
	next->prev = prev;
 800683e:	605a      	str	r2, [r3, #4]
	node->next = NULL;
 8006840:	2300      	movs	r3, #0
 8006842:	6033      	str	r3, [r6, #0]
	node->prev = NULL;
 8006844:	6073      	str	r3, [r6, #4]
	thread->base.thread_state &= ~_THREAD_PENDING;
 8006846:	7c32      	ldrb	r2, [r6, #16]
 8006848:	f022 0202 	bic.w	r2, r2, #2
 800684c:	7432      	strb	r2, [r6, #16]
 800684e:	60b3      	str	r3, [r6, #8]
	z_abort_timeout(&thread->base.timeout);
 8006850:	f106 0018 	add.w	r0, r6, #24
 8006854:	f003 fecc 	bl	800a5f0 <z_abort_timeout>
			unpend_all(&thread->join_queue);
 8006858:	f106 0058 	add.w	r0, r6, #88	@ 0x58
 800685c:	f003 fdce 	bl	800a3fc <unpend_all>
			if (thread == _current && arch_is_in_isr()) {
 8006860:	4b15      	ldr	r3, [pc, #84]	@ (80068b8 <thread_halt_spin+0x114>)
 8006862:	689b      	ldr	r3, [r3, #8]
 8006864:	429e      	cmp	r6, r3
 8006866:	d002      	beq.n	800686e <thread_halt_spin+0xca>
	bool dummify = false;
 8006868:	f04f 0900 	mov.w	r9, #0
 800686c:	e7b3      	b.n	80067d6 <thread_halt_spin+0x32>
  __ASM volatile ("MRS %0, ipsr" : "=r" (result) );
 800686e:	f3ef 8305 	mrs	r3, IPSR
			if (thread == _current && arch_is_in_isr()) {
 8006872:	b913      	cbnz	r3, 800687a <thread_halt_spin+0xd6>
	bool dummify = false;
 8006874:	f04f 0900 	mov.w	r9, #0
 8006878:	e7ad      	b.n	80067d6 <thread_halt_spin+0x32>
				dummify = true;
 800687a:	f04f 0901 	mov.w	r9, #1
 800687e:	e7aa      	b.n	80067d6 <thread_halt_spin+0x32>
	return (thread != NULL) ? thread : _current_cpu->idle_thread;
 8006880:	4b0d      	ldr	r3, [pc, #52]	@ (80068b8 <thread_halt_spin+0x114>)
 8006882:	f8d3 800c 	ldr.w	r8, [r3, #12]
 8006886:	e7ae      	b.n	80067e6 <thread_halt_spin+0x42>
#ifdef CONFIG_USE_SWITCH
			_current->switch_handle = (void *)1;
#endif
			z_dummy_thread_init(&_thread_dummy);
 8006888:	480c      	ldr	r0, [pc, #48]	@ (80068bc <thread_halt_spin+0x118>)
 800688a:	f7ff febb 	bl	8006604 <z_dummy_thread_init>
 800688e:	e7bf      	b.n	8006810 <thread_halt_spin+0x6c>
  __ASM volatile ("MRS %0, basepri" : "=r" (result) );
 8006890:	f3ef 8411 	mrs	r4, BASEPRI
  __ASM volatile ("MSR basepri_max, %0" : : "r" (basePri) : "memory");
 8006894:	2310      	movs	r3, #16
 8006896:	f383 8812 	msr	BASEPRI_MAX, r3
 800689a:	f3bf 8f6f 	isb	sy
		arch_spin_relax(); /* Requires interrupts be masked */
 800689e:	f003 fc86 	bl	800a1ae <arch_spin_relax>
  __ASM volatile ("MSR basepri, %0" : : "r" (basePri) : "memory");
 80068a2:	f384 8811 	msr	BASEPRI, r4
 80068a6:	f3bf 8f6f 	isb	sy
	return (thread->base.thread_state &
 80068aa:	7c2b      	ldrb	r3, [r5, #16]
	while (z_is_thread_halting(thread)) {
 80068ac:	f013 0f60 	tst.w	r3, #96	@ 0x60
 80068b0:	d1ee      	bne.n	8006890 <thread_halt_spin+0xec>
}
 80068b2:	e8bd 83f8 	ldmia.w	sp!, {r3, r4, r5, r6, r7, r8, r9, pc}
 80068b6:	bf00      	nop
 80068b8:	20001620 	.word	0x20001620
 80068bc:	200013d8 	.word	0x200013d8

080068c0 <add_thread_timeout>:
	if (!K_TIMEOUT_EQ(timeout, K_FOREVER)) {
 80068c0:	f1b3 3fff 	cmp.w	r3, #4294967295
 80068c4:	bf08      	it	eq
 80068c6:	f1b2 3fff 	cmpeq.w	r2, #4294967295
 80068ca:	d100      	bne.n	80068ce <add_thread_timeout+0xe>
 80068cc:	4770      	bx	lr
{
 80068ce:	b508      	push	{r3, lr}
	return z_add_timeout(&thread->base.timeout, z_thread_timeout, ticks);
 80068d0:	4902      	ldr	r1, [pc, #8]	@ (80068dc <add_thread_timeout+0x1c>)
 80068d2:	3018      	adds	r0, #24
 80068d4:	f000 fbce 	bl	8007074 <z_add_timeout>
}
 80068d8:	bd08      	pop	{r3, pc}
 80068da:	bf00      	nop
 80068dc:	0800a505 	.word	0x0800a505

080068e0 <move_current_to_end_of_prio_q>:
{
 80068e0:	b510      	push	{r4, lr}
	n = sys_dlist_peek_next_no_check(pq, &_current->base.qnode_dlist);
 80068e2:	4b20      	ldr	r3, [pc, #128]	@ (8006964 <move_current_to_end_of_prio_q+0x84>)
 80068e4:	689a      	ldr	r2, [r3, #8]
	return (node == list->tail) ? NULL : node->next;
 80068e6:	69db      	ldr	r3, [r3, #28]
 80068e8:	429a      	cmp	r2, r3
 80068ea:	d005      	beq.n	80068f8 <move_current_to_end_of_prio_q+0x18>
 80068ec:	6813      	ldr	r3, [r2, #0]
	sys_dnode_t *const prev = node->prev;
 80068ee:	6851      	ldr	r1, [r2, #4]
	sys_dnode_t *const next = node->next;
 80068f0:	6812      	ldr	r2, [r2, #0]
	prev->next = next;
 80068f2:	600a      	str	r2, [r1, #0]
	next->prev = prev;
 80068f4:	6051      	str	r1, [r2, #4]
}
 80068f6:	e006      	b.n	8006906 <move_current_to_end_of_prio_q+0x26>
	return (node == list->tail) ? NULL : node->next;
 80068f8:	2300      	movs	r3, #0
 80068fa:	e7f8      	b.n	80068ee <move_current_to_end_of_prio_q+0xe>
 80068fc:	4a19      	ldr	r2, [pc, #100]	@ (8006964 <move_current_to_end_of_prio_q+0x84>)
 80068fe:	69d2      	ldr	r2, [r2, #28]
 8006900:	4293      	cmp	r3, r2
 8006902:	d012      	beq.n	800692a <move_current_to_end_of_prio_q+0x4a>
 8006904:	681b      	ldr	r3, [r3, #0]
	while (n != NULL) {
 8006906:	b183      	cbz	r3, 800692a <move_current_to_end_of_prio_q+0x4a>
		if (z_sched_prio_cmp(_current, t) > 0) {
 8006908:	4a16      	ldr	r2, [pc, #88]	@ (8006964 <move_current_to_end_of_prio_q+0x84>)
 800690a:	6890      	ldr	r0, [r2, #8]
	int32_t b1 = thread_1->base.prio;
 800690c:	f990 100e 	ldrsb.w	r1, [r0, #14]
	int32_t b2 = thread_2->base.prio;
 8006910:	f993 200e 	ldrsb.w	r2, [r3, #14]
	if (b1 != b2) {
 8006914:	4291      	cmp	r1, r2
 8006916:	d0f1      	beq.n	80068fc <move_current_to_end_of_prio_q+0x1c>
		return b2 - b1;
 8006918:	1a52      	subs	r2, r2, r1
		if (z_sched_prio_cmp(_current, t) > 0) {
 800691a:	2a00      	cmp	r2, #0
 800691c:	ddee      	ble.n	80068fc <move_current_to_end_of_prio_q+0x1c>
	sys_dnode_t *const prev = successor->prev;
 800691e:	685a      	ldr	r2, [r3, #4]
	node->prev = prev;
 8006920:	6042      	str	r2, [r0, #4]
	node->next = successor;
 8006922:	6003      	str	r3, [r0, #0]
	prev->next = node;
 8006924:	6010      	str	r0, [r2, #0]
	successor->prev = node;
 8006926:	6058      	str	r0, [r3, #4]
			return;
 8006928:	e008      	b.n	800693c <move_current_to_end_of_prio_q+0x5c>
	sys_dlist_append(pq, &_current->base.qnode_dlist);
 800692a:	4b0e      	ldr	r3, [pc, #56]	@ (8006964 <move_current_to_end_of_prio_q+0x84>)
 800692c:	689a      	ldr	r2, [r3, #8]
	sys_dnode_t *const tail = list->tail;
 800692e:	69d9      	ldr	r1, [r3, #28]
	node->next = list;
 8006930:	f103 0018 	add.w	r0, r3, #24
 8006934:	6010      	str	r0, [r2, #0]
	node->prev = tail;
 8006936:	6051      	str	r1, [r2, #4]
	tail->next = node;
 8006938:	600a      	str	r2, [r1, #0]
	list->tail = node;
 800693a:	61da      	str	r2, [r3, #28]
	return list->head == list;
 800693c:	4b09      	ldr	r3, [pc, #36]	@ (8006964 <move_current_to_end_of_prio_q+0x84>)
 800693e:	f853 4f18 	ldr.w	r4, [r3, #24]!
	return sys_dlist_is_empty(list) ? NULL : list->head;
 8006942:	429c      	cmp	r4, r3
 8006944:	d00a      	beq.n	800695c <move_current_to_end_of_prio_q+0x7c>
	if (n != NULL) {
 8006946:	b14c      	cbz	r4, 800695c <move_current_to_end_of_prio_q+0x7c>
		if (thread != _current) {
 8006948:	4b06      	ldr	r3, [pc, #24]	@ (8006964 <move_current_to_end_of_prio_q+0x84>)
 800694a:	689b      	ldr	r3, [r3, #8]
 800694c:	429c      	cmp	r4, r3
 800694e:	d002      	beq.n	8006956 <move_current_to_end_of_prio_q+0x76>
			z_reset_time_slice(thread);
 8006950:	4620      	mov	r0, r4
 8006952:	f000 faf5 	bl	8006f40 <z_reset_time_slice>
		_kernel.ready_q.cache = thread;
 8006956:	4b03      	ldr	r3, [pc, #12]	@ (8006964 <move_current_to_end_of_prio_q+0x84>)
 8006958:	615c      	str	r4, [r3, #20]
}
 800695a:	bd10      	pop	{r4, pc}
	return (thread != NULL) ? thread : _current_cpu->idle_thread;
 800695c:	4b01      	ldr	r3, [pc, #4]	@ (8006964 <move_current_to_end_of_prio_q+0x84>)
 800695e:	68dc      	ldr	r4, [r3, #12]
 8006960:	e7f2      	b.n	8006948 <move_current_to_end_of_prio_q+0x68>
 8006962:	bf00      	nop
 8006964:	20001620 	.word	0x20001620

08006968 <z_pend_curr>:
{
 8006968:	b510      	push	{r4, lr}
 800696a:	460c      	mov	r4, r1
 800696c:	4611      	mov	r1, r2
	pending_current = _current;
 800696e:	480a      	ldr	r0, [pc, #40]	@ (8006998 <z_pend_curr+0x30>)
 8006970:	6882      	ldr	r2, [r0, #8]
 8006972:	4b0a      	ldr	r3, [pc, #40]	@ (800699c <z_pend_curr+0x34>)
 8006974:	601a      	str	r2, [r3, #0]
  __ASM volatile ("MRS %0, basepri" : "=r" (result) );
 8006976:	f3ef 8311 	mrs	r3, BASEPRI
  __ASM volatile ("MSR basepri_max, %0" : : "r" (basePri) : "memory");
 800697a:	2310      	movs	r3, #16
 800697c:	f383 8812 	msr	BASEPRI_MAX, r3
 8006980:	f3bf 8f6f 	isb	sy
	pend_locked(_current, wait_q, timeout);
 8006984:	e9dd 2302 	ldrd	r2, r3, [sp, #8]
 8006988:	6880      	ldr	r0, [r0, #8]
 800698a:	f003 fd5a 	bl	800a442 <pend_locked>
 800698e:	4620      	mov	r0, r4
 8006990:	f7ff fe48 	bl	8006624 <z_swap_irqlock>
}
 8006994:	bd10      	pop	{r4, pc}
 8006996:	bf00      	nop
 8006998:	20001620 	.word	0x20001620
 800699c:	20001644 	.word	0x20001644

080069a0 <z_thread_prio_set>:
{
 80069a0:	e92d 41f0 	stmdb	sp!, {r4, r5, r6, r7, r8, lr}
 80069a4:	4604      	mov	r4, r0
 80069a6:	460e      	mov	r6, r1
	K_SPINLOCK(&_sched_spinlock) {
 80069a8:	2300      	movs	r3, #0
  __ASM volatile ("MRS %0, basepri" : "=r" (result) );
 80069aa:	f3ef 8511 	mrs	r5, BASEPRI
  __ASM volatile ("MSR basepri_max, %0" : : "r" (basePri) : "memory");
 80069ae:	2210      	movs	r2, #16
 80069b0:	f382 8812 	msr	BASEPRI_MAX, r2
 80069b4:	f3bf 8f6f 	isb	sy
	bool need_sched = false;
 80069b8:	461f      	mov	r7, r3
 80069ba:	e043      	b.n	8006a44 <z_thread_prio_set+0xa4>
	thread->base.thread_state &= ~_THREAD_QUEUED;
 80069bc:	f003 037f 	and.w	r3, r3, #127	@ 0x7f
 80069c0:	7423      	strb	r3, [r4, #16]
	sys_dnode_t *const prev = node->prev;
 80069c2:	6862      	ldr	r2, [r4, #4]
	sys_dnode_t *const next = node->next;
 80069c4:	6823      	ldr	r3, [r4, #0]
	prev->next = next;
 80069c6:	6013      	str	r3, [r2, #0]
	next->prev = prev;
 80069c8:	605a      	str	r2, [r3, #4]
	node->next = NULL;
 80069ca:	2300      	movs	r3, #0
 80069cc:	6023      	str	r3, [r4, #0]
	node->prev = NULL;
 80069ce:	6063      	str	r3, [r4, #4]
				thread->base.prio = prio;
 80069d0:	b271      	sxtb	r1, r6
 80069d2:	73a1      	strb	r1, [r4, #14]
	thread->base.thread_state |= _THREAD_QUEUED;
 80069d4:	7c23      	ldrb	r3, [r4, #16]
 80069d6:	f063 037f 	orn	r3, r3, #127	@ 0x7f
 80069da:	7423      	strb	r3, [r4, #16]
	return list->head == list;
 80069dc:	4a41      	ldr	r2, [pc, #260]	@ (8006ae4 <z_thread_prio_set+0x144>)
 80069de:	f852 3f18 	ldr.w	r3, [r2, #24]!
	return sys_dlist_is_empty(list) ? NULL : list->head;
 80069e2:	4293      	cmp	r3, r2
 80069e4:	d046      	beq.n	8006a74 <z_thread_prio_set+0xd4>
	SYS_DLIST_FOR_EACH_CONTAINER(pq, t, base.qnode_dlist) {
 80069e6:	b173      	cbz	r3, 8006a06 <z_thread_prio_set+0x66>
	int32_t b2 = thread_2->base.prio;
 80069e8:	f993 200e 	ldrsb.w	r2, [r3, #14]
	if (b1 != b2) {
 80069ec:	4291      	cmp	r1, r2
 80069ee:	d002      	beq.n	80069f6 <z_thread_prio_set+0x56>
		return b2 - b1;
 80069f0:	1a52      	subs	r2, r2, r1
		if (z_sched_prio_cmp(thread, t) > 0) {
 80069f2:	2a00      	cmp	r2, #0
 80069f4:	dc35      	bgt.n	8006a62 <z_thread_prio_set+0xc2>
	SYS_DLIST_FOR_EACH_CONTAINER(pq, t, base.qnode_dlist) {
 80069f6:	4618      	mov	r0, r3
	return (node == list->tail) ? NULL : node->next;
 80069f8:	4a3a      	ldr	r2, [pc, #232]	@ (8006ae4 <z_thread_prio_set+0x144>)
 80069fa:	69d2      	ldr	r2, [r2, #28]
 80069fc:	4293      	cmp	r3, r2
 80069fe:	d002      	beq.n	8006a06 <z_thread_prio_set+0x66>
 8006a00:	681b      	ldr	r3, [r3, #0]
 8006a02:	2b00      	cmp	r3, #0
 8006a04:	d133      	bne.n	8006a6e <z_thread_prio_set+0xce>
	sys_dnode_t *const tail = list->tail;
 8006a06:	4b37      	ldr	r3, [pc, #220]	@ (8006ae4 <z_thread_prio_set+0x144>)
 8006a08:	69da      	ldr	r2, [r3, #28]
	node->next = list;
 8006a0a:	f103 0118 	add.w	r1, r3, #24
 8006a0e:	6021      	str	r1, [r4, #0]
	node->prev = tail;
 8006a10:	6062      	str	r2, [r4, #4]
	tail->next = node;
 8006a12:	6014      	str	r4, [r2, #0]
	list->tail = node;
 8006a14:	61dc      	str	r4, [r3, #28]
	return list->head == list;
 8006a16:	4b33      	ldr	r3, [pc, #204]	@ (8006ae4 <z_thread_prio_set+0x144>)
 8006a18:	f853 8f18 	ldr.w	r8, [r3, #24]!
	return sys_dlist_is_empty(list) ? NULL : list->head;
 8006a1c:	4598      	cmp	r8, r3
 8006a1e:	d02b      	beq.n	8006a78 <z_thread_prio_set+0xd8>
	if (n != NULL) {
 8006a20:	f1b8 0f00 	cmp.w	r8, #0
 8006a24:	d028      	beq.n	8006a78 <z_thread_prio_set+0xd8>
		if (thread != _current) {
 8006a26:	4b2f      	ldr	r3, [pc, #188]	@ (8006ae4 <z_thread_prio_set+0x144>)
 8006a28:	689b      	ldr	r3, [r3, #8]
 8006a2a:	4598      	cmp	r8, r3
 8006a2c:	d002      	beq.n	8006a34 <z_thread_prio_set+0x94>
			z_reset_time_slice(thread);
 8006a2e:	4640      	mov	r0, r8
 8006a30:	f000 fa86 	bl	8006f40 <z_reset_time_slice>
		_kernel.ready_q.cache = thread;
 8006a34:	4b2b      	ldr	r3, [pc, #172]	@ (8006ae4 <z_thread_prio_set+0x144>)
 8006a36:	f8c3 8014 	str.w	r8, [r3, #20]
  __ASM volatile ("MSR basepri, %0" : : "r" (basePri) : "memory");
 8006a3a:	f385 8811 	msr	BASEPRI, r5
 8006a3e:	f3bf 8f6f 	isb	sy
	K_SPINLOCK(&_sched_spinlock) {
 8006a42:	2301      	movs	r3, #1
 8006a44:	2b00      	cmp	r3, #0
 8006a46:	d149      	bne.n	8006adc <z_thread_prio_set+0x13c>
	uint8_t state = thread->base.thread_state;
 8006a48:	7c23      	ldrb	r3, [r4, #16]
	return (state & (_THREAD_PENDING | _THREAD_SLEEPING | _THREAD_DEAD |
 8006a4a:	f003 021f 	and.w	r2, r3, #31
	return !z_is_thread_prevented_from_running(thread);
 8006a4e:	2a00      	cmp	r2, #0
 8006a50:	bf0c      	ite	eq
 8006a52:	2701      	moveq	r7, #1
 8006a54:	2700      	movne	r7, #0
		if (need_sched) {
 8006a56:	d0b1      	beq.n	80069bc <z_thread_prio_set+0x1c>
		} else if (z_is_thread_pending(thread)) {
 8006a58:	f013 0f02 	tst.w	r3, #2
 8006a5c:	d110      	bne.n	8006a80 <z_thread_prio_set+0xe0>
			thread->base.prio = prio;
 8006a5e:	73a6      	strb	r6, [r4, #14]
 8006a60:	e7eb      	b.n	8006a3a <z_thread_prio_set+0x9a>
	sys_dnode_t *const prev = successor->prev;
 8006a62:	685a      	ldr	r2, [r3, #4]
	node->prev = prev;
 8006a64:	6062      	str	r2, [r4, #4]
	node->next = successor;
 8006a66:	6023      	str	r3, [r4, #0]
	prev->next = node;
 8006a68:	6014      	str	r4, [r2, #0]
	successor->prev = node;
 8006a6a:	605c      	str	r4, [r3, #4]
			return;
 8006a6c:	e7d3      	b.n	8006a16 <z_thread_prio_set+0x76>
	return (node != NULL) ? sys_dlist_peek_next_no_check(list, node) : NULL;
 8006a6e:	2800      	cmp	r0, #0
 8006a70:	d1b9      	bne.n	80069e6 <z_thread_prio_set+0x46>
 8006a72:	e7c8      	b.n	8006a06 <z_thread_prio_set+0x66>
	SYS_DLIST_FOR_EACH_CONTAINER(pq, t, base.qnode_dlist) {
 8006a74:	2300      	movs	r3, #0
 8006a76:	e7b6      	b.n	80069e6 <z_thread_prio_set+0x46>
	return (thread != NULL) ? thread : _current_cpu->idle_thread;
 8006a78:	4b1a      	ldr	r3, [pc, #104]	@ (8006ae4 <z_thread_prio_set+0x144>)
 8006a7a:	f8d3 800c 	ldr.w	r8, [r3, #12]
 8006a7e:	e7d2      	b.n	8006a26 <z_thread_prio_set+0x86>
	return thread->base.pended_on;
 8006a80:	68a1      	ldr	r1, [r4, #8]
	sys_dnode_t *const prev = node->prev;
 8006a82:	6862      	ldr	r2, [r4, #4]
	sys_dnode_t *const next = node->next;
 8006a84:	6823      	ldr	r3, [r4, #0]
	prev->next = next;
 8006a86:	6013      	str	r3, [r2, #0]
	next->prev = prev;
 8006a88:	605a      	str	r2, [r3, #4]
	node->next = NULL;
 8006a8a:	2300      	movs	r3, #0
 8006a8c:	6023      	str	r3, [r4, #0]
	node->prev = NULL;
 8006a8e:	6063      	str	r3, [r4, #4]
			thread->base.prio = prio;
 8006a90:	b270      	sxtb	r0, r6
 8006a92:	73a0      	strb	r0, [r4, #14]
	return list->head == list;
 8006a94:	680b      	ldr	r3, [r1, #0]
	return sys_dlist_is_empty(list) ? NULL : list->head;
 8006a96:	4299      	cmp	r1, r3
 8006a98:	d108      	bne.n	8006aac <z_thread_prio_set+0x10c>
 8006a9a:	2300      	movs	r3, #0
 8006a9c:	e006      	b.n	8006aac <z_thread_prio_set+0x10c>
 8006a9e:	461a      	mov	r2, r3
	return (node == list->tail) ? NULL : node->next;
 8006aa0:	f8d1 c004 	ldr.w	ip, [r1, #4]
 8006aa4:	4563      	cmp	r3, ip
 8006aa6:	d013      	beq.n	8006ad0 <z_thread_prio_set+0x130>
 8006aa8:	681b      	ldr	r3, [r3, #0]
 8006aaa:	b96b      	cbnz	r3, 8006ac8 <z_thread_prio_set+0x128>
 8006aac:	b183      	cbz	r3, 8006ad0 <z_thread_prio_set+0x130>
	int32_t b2 = thread_2->base.prio;
 8006aae:	f993 200e 	ldrsb.w	r2, [r3, #14]
	if (b1 != b2) {
 8006ab2:	4290      	cmp	r0, r2
 8006ab4:	d0f3      	beq.n	8006a9e <z_thread_prio_set+0xfe>
		return b2 - b1;
 8006ab6:	1a12      	subs	r2, r2, r0
		if (z_sched_prio_cmp(thread, t) > 0) {
 8006ab8:	2a00      	cmp	r2, #0
 8006aba:	ddf0      	ble.n	8006a9e <z_thread_prio_set+0xfe>
	sys_dnode_t *const prev = successor->prev;
 8006abc:	685a      	ldr	r2, [r3, #4]
	node->prev = prev;
 8006abe:	6062      	str	r2, [r4, #4]
	node->next = successor;
 8006ac0:	6023      	str	r3, [r4, #0]
	prev->next = node;
 8006ac2:	6014      	str	r4, [r2, #0]
	successor->prev = node;
 8006ac4:	605c      	str	r4, [r3, #4]
			return;
 8006ac6:	e7b8      	b.n	8006a3a <z_thread_prio_set+0x9a>
	return (node != NULL) ? sys_dlist_peek_next_no_check(list, node) : NULL;
 8006ac8:	2a00      	cmp	r2, #0
 8006aca:	d1ef      	bne.n	8006aac <z_thread_prio_set+0x10c>
 8006acc:	4613      	mov	r3, r2
 8006ace:	e7ed      	b.n	8006aac <z_thread_prio_set+0x10c>
	sys_dnode_t *const tail = list->tail;
 8006ad0:	684b      	ldr	r3, [r1, #4]
	node->next = list;
 8006ad2:	6021      	str	r1, [r4, #0]
	node->prev = tail;
 8006ad4:	6063      	str	r3, [r4, #4]
	tail->next = node;
 8006ad6:	601c      	str	r4, [r3, #0]
	list->tail = node;
 8006ad8:	604c      	str	r4, [r1, #4]
}
 8006ada:	e7ae      	b.n	8006a3a <z_thread_prio_set+0x9a>
}
 8006adc:	4638      	mov	r0, r7
 8006ade:	e8bd 81f0 	ldmia.w	sp!, {r4, r5, r6, r7, r8, pc}
 8006ae2:	bf00      	nop
 8006ae4:	20001620 	.word	0x20001620

08006ae8 <k_sched_lock>:
	K_SPINLOCK(&_sched_spinlock) {
 8006ae8:	2300      	movs	r3, #0
  __ASM volatile ("MRS %0, basepri" : "=r" (result) );
 8006aea:	f3ef 8111 	mrs	r1, BASEPRI
  __ASM volatile ("MSR basepri_max, %0" : : "r" (basePri) : "memory");
 8006aee:	2210      	movs	r2, #16
 8006af0:	f382 8812 	msr	BASEPRI_MAX, r2
 8006af4:	f3bf 8f6f 	isb	sy
 8006af8:	e009      	b.n	8006b0e <k_sched_lock+0x26>
		--_current->base.sched_locked;
 8006afa:	4b06      	ldr	r3, [pc, #24]	@ (8006b14 <k_sched_lock+0x2c>)
 8006afc:	689a      	ldr	r2, [r3, #8]
 8006afe:	7bd3      	ldrb	r3, [r2, #15]
 8006b00:	3b01      	subs	r3, #1
 8006b02:	73d3      	strb	r3, [r2, #15]
  __ASM volatile ("MSR basepri, %0" : : "r" (basePri) : "memory");
 8006b04:	f381 8811 	msr	BASEPRI, r1
 8006b08:	f3bf 8f6f 	isb	sy
	K_SPINLOCK(&_sched_spinlock) {
 8006b0c:	2301      	movs	r3, #1
 8006b0e:	2b00      	cmp	r3, #0
 8006b10:	d0f3      	beq.n	8006afa <k_sched_lock+0x12>
}
 8006b12:	4770      	bx	lr
 8006b14:	20001620 	.word	0x20001620

08006b18 <k_sched_unlock>:
{
 8006b18:	b538      	push	{r3, r4, r5, lr}
  __ASM volatile ("MRS %0, basepri" : "=r" (result) );
 8006b1a:	f3ef 8511 	mrs	r5, BASEPRI
  __ASM volatile ("MSR basepri_max, %0" : : "r" (basePri) : "memory");
 8006b1e:	2310      	movs	r3, #16
 8006b20:	f383 8812 	msr	BASEPRI_MAX, r3
 8006b24:	f3bf 8f6f 	isb	sy
	++_current->base.sched_locked;
 8006b28:	4b12      	ldr	r3, [pc, #72]	@ (8006b74 <k_sched_unlock+0x5c>)
 8006b2a:	689a      	ldr	r2, [r3, #8]
 8006b2c:	7bd1      	ldrb	r1, [r2, #15]
 8006b2e:	3101      	adds	r1, #1
 8006b30:	73d1      	strb	r1, [r2, #15]
	return list->head == list;
 8006b32:	f853 4f18 	ldr.w	r4, [r3, #24]!
	return sys_dlist_is_empty(list) ? NULL : list->head;
 8006b36:	429c      	cmp	r4, r3
 8006b38:	d015      	beq.n	8006b66 <k_sched_unlock+0x4e>
	if (n != NULL) {
 8006b3a:	b1a4      	cbz	r4, 8006b66 <k_sched_unlock+0x4e>
	uint8_t state = thread->base.thread_state;
 8006b3c:	7c13      	ldrb	r3, [r2, #16]
	if (z_is_thread_prevented_from_running(_current)) {
 8006b3e:	f013 0f1f 	tst.w	r3, #31
 8006b42:	d104      	bne.n	8006b4e <k_sched_unlock+0x36>
	return thread->base.preempt <= _PREEMPT_THRESHOLD;
 8006b44:	89d3      	ldrh	r3, [r2, #14]
	if (thread_is_preemptible(_current) || thread_is_metairq(thread)) {
 8006b46:	2b7f      	cmp	r3, #127	@ 0x7f
 8006b48:	d901      	bls.n	8006b4e <k_sched_unlock+0x36>
	return node->next != NULL;
 8006b4a:	69a3      	ldr	r3, [r4, #24]
	if (IS_ENABLED(CONFIG_SWAP_NONATOMIC)
 8006b4c:	b173      	cbz	r3, 8006b6c <k_sched_unlock+0x54>
		if (thread != _current) {
 8006b4e:	4294      	cmp	r4, r2
 8006b50:	d002      	beq.n	8006b58 <k_sched_unlock+0x40>
			z_reset_time_slice(thread);
 8006b52:	4620      	mov	r0, r4
 8006b54:	f000 f9f4 	bl	8006f40 <z_reset_time_slice>
		_kernel.ready_q.cache = thread;
 8006b58:	4b06      	ldr	r3, [pc, #24]	@ (8006b74 <k_sched_unlock+0x5c>)
 8006b5a:	615c      	str	r4, [r3, #20]
	reschedule(&_sched_spinlock, key);
 8006b5c:	4629      	mov	r1, r5
 8006b5e:	4806      	ldr	r0, [pc, #24]	@ (8006b78 <k_sched_unlock+0x60>)
 8006b60:	f7ff fd7a 	bl	8006658 <reschedule>
}
 8006b64:	bd38      	pop	{r3, r4, r5, pc}
	return (thread != NULL) ? thread : _current_cpu->idle_thread;
 8006b66:	4b03      	ldr	r3, [pc, #12]	@ (8006b74 <k_sched_unlock+0x5c>)
 8006b68:	68dc      	ldr	r4, [r3, #12]
 8006b6a:	e7e7      	b.n	8006b3c <k_sched_unlock+0x24>
		_kernel.ready_q.cache = _current;
 8006b6c:	4b01      	ldr	r3, [pc, #4]	@ (8006b74 <k_sched_unlock+0x5c>)
 8006b6e:	615a      	str	r2, [r3, #20]
 8006b70:	e7f4      	b.n	8006b5c <k_sched_unlock+0x44>
 8006b72:	bf00      	nop
 8006b74:	20001620 	.word	0x20001620
 8006b78:	20001644 	.word	0x20001644

08006b7c <z_sched_init>:
{
 8006b7c:	b508      	push	{r3, lr}
	init_ready_q(&_kernel.ready_q);
 8006b7e:	4802      	ldr	r0, [pc, #8]	@ (8006b88 <z_sched_init+0xc>)
 8006b80:	f003 fd00 	bl	800a584 <init_ready_q>
}
 8006b84:	bd08      	pop	{r3, pc}
 8006b86:	bf00      	nop
 8006b88:	20001634 	.word	0x20001634

08006b8c <z_impl_k_yield>:
{
 8006b8c:	b538      	push	{r3, r4, r5, lr}
  __ASM volatile ("MRS %0, basepri" : "=r" (result) );
 8006b8e:	f3ef 8411 	mrs	r4, BASEPRI
  __ASM volatile ("MSR basepri_max, %0" : : "r" (basePri) : "memory");
 8006b92:	2310      	movs	r3, #16
 8006b94:	f383 8812 	msr	BASEPRI_MAX, r3
 8006b98:	f3bf 8f6f 	isb	sy
	n = sys_dlist_peek_next_no_check(pq, &_current->base.qnode_dlist);
 8006b9c:	4b21      	ldr	r3, [pc, #132]	@ (8006c24 <z_impl_k_yield+0x98>)
 8006b9e:	689a      	ldr	r2, [r3, #8]
	return (node == list->tail) ? NULL : node->next;
 8006ba0:	69db      	ldr	r3, [r3, #28]
 8006ba2:	429a      	cmp	r2, r3
 8006ba4:	d005      	beq.n	8006bb2 <z_impl_k_yield+0x26>
 8006ba6:	6813      	ldr	r3, [r2, #0]
	sys_dnode_t *const prev = node->prev;
 8006ba8:	6851      	ldr	r1, [r2, #4]
	sys_dnode_t *const next = node->next;
 8006baa:	6812      	ldr	r2, [r2, #0]
	prev->next = next;
 8006bac:	600a      	str	r2, [r1, #0]
	next->prev = prev;
 8006bae:	6051      	str	r1, [r2, #4]
}
 8006bb0:	e006      	b.n	8006bc0 <z_impl_k_yield+0x34>
	return (node == list->tail) ? NULL : node->next;
 8006bb2:	2300      	movs	r3, #0
 8006bb4:	e7f8      	b.n	8006ba8 <z_impl_k_yield+0x1c>
 8006bb6:	4a1b      	ldr	r2, [pc, #108]	@ (8006c24 <z_impl_k_yield+0x98>)
 8006bb8:	69d2      	ldr	r2, [r2, #28]
 8006bba:	4293      	cmp	r3, r2
 8006bbc:	d012      	beq.n	8006be4 <z_impl_k_yield+0x58>
 8006bbe:	681b      	ldr	r3, [r3, #0]
	while (n != NULL) {
 8006bc0:	b183      	cbz	r3, 8006be4 <z_impl_k_yield+0x58>
		if (z_sched_prio_cmp(_current, t) > 0) {
 8006bc2:	4a18      	ldr	r2, [pc, #96]	@ (8006c24 <z_impl_k_yield+0x98>)
 8006bc4:	6890      	ldr	r0, [r2, #8]
	int32_t b1 = thread_1->base.prio;
 8006bc6:	f990 100e 	ldrsb.w	r1, [r0, #14]
	int32_t b2 = thread_2->base.prio;
 8006bca:	f993 200e 	ldrsb.w	r2, [r3, #14]
	if (b1 != b2) {
 8006bce:	4291      	cmp	r1, r2
 8006bd0:	d0f1      	beq.n	8006bb6 <z_impl_k_yield+0x2a>
		return b2 - b1;
 8006bd2:	1a52      	subs	r2, r2, r1
		if (z_sched_prio_cmp(_current, t) > 0) {
 8006bd4:	2a00      	cmp	r2, #0
 8006bd6:	ddee      	ble.n	8006bb6 <z_impl_k_yield+0x2a>
	sys_dnode_t *const prev = successor->prev;
 8006bd8:	685a      	ldr	r2, [r3, #4]
	node->prev = prev;
 8006bda:	6042      	str	r2, [r0, #4]
	node->next = successor;
 8006bdc:	6003      	str	r3, [r0, #0]
	prev->next = node;
 8006bde:	6010      	str	r0, [r2, #0]
	successor->prev = node;
 8006be0:	6058      	str	r0, [r3, #4]
			return;
 8006be2:	e008      	b.n	8006bf6 <z_impl_k_yield+0x6a>
	sys_dlist_append(pq, &_current->base.qnode_dlist);
 8006be4:	4b0f      	ldr	r3, [pc, #60]	@ (8006c24 <z_impl_k_yield+0x98>)
 8006be6:	689a      	ldr	r2, [r3, #8]
	sys_dnode_t *const tail = list->tail;
 8006be8:	69d9      	ldr	r1, [r3, #28]
	node->next = list;
 8006bea:	f103 0018 	add.w	r0, r3, #24
 8006bee:	6010      	str	r0, [r2, #0]
	node->prev = tail;
 8006bf0:	6051      	str	r1, [r2, #4]
	tail->next = node;
 8006bf2:	600a      	str	r2, [r1, #0]
	list->tail = node;
 8006bf4:	61da      	str	r2, [r3, #28]
	return list->head == list;
 8006bf6:	4b0b      	ldr	r3, [pc, #44]	@ (8006c24 <z_impl_k_yield+0x98>)
 8006bf8:	f853 5f18 	ldr.w	r5, [r3, #24]!
	return sys_dlist_is_empty(list) ? NULL : list->head;
 8006bfc:	429d      	cmp	r5, r3
 8006bfe:	d00d      	beq.n	8006c1c <z_impl_k_yield+0x90>
	if (n != NULL) {
 8006c00:	b165      	cbz	r5, 8006c1c <z_impl_k_yield+0x90>
		if (thread != _current) {
 8006c02:	4b08      	ldr	r3, [pc, #32]	@ (8006c24 <z_impl_k_yield+0x98>)
 8006c04:	689b      	ldr	r3, [r3, #8]
 8006c06:	429d      	cmp	r5, r3
 8006c08:	d002      	beq.n	8006c10 <z_impl_k_yield+0x84>
			z_reset_time_slice(thread);
 8006c0a:	4628      	mov	r0, r5
 8006c0c:	f000 f998 	bl	8006f40 <z_reset_time_slice>
		_kernel.ready_q.cache = thread;
 8006c10:	4b04      	ldr	r3, [pc, #16]	@ (8006c24 <z_impl_k_yield+0x98>)
 8006c12:	615d      	str	r5, [r3, #20]
 8006c14:	4620      	mov	r0, r4
 8006c16:	f7ff fd05 	bl	8006624 <z_swap_irqlock>
}
 8006c1a:	bd38      	pop	{r3, r4, r5, pc}
	return (thread != NULL) ? thread : _current_cpu->idle_thread;
 8006c1c:	4b01      	ldr	r3, [pc, #4]	@ (8006c24 <z_impl_k_yield+0x98>)
 8006c1e:	68dd      	ldr	r5, [r3, #12]
 8006c20:	e7ef      	b.n	8006c02 <z_impl_k_yield+0x76>
 8006c22:	bf00      	nop
 8006c24:	20001620 	.word	0x20001620

08006c28 <z_tick_sleep>:
{
 8006c28:	b5f8      	push	{r3, r4, r5, r6, r7, lr}
	if (K_TIMEOUT_EQ(timeout, K_NO_WAIT)) {
 8006c2a:	ea51 0300 	orrs.w	r3, r1, r0
 8006c2e:	d028      	beq.n	8006c82 <z_tick_sleep+0x5a>
 8006c30:	4605      	mov	r5, r0
 8006c32:	460c      	mov	r4, r1
  __ASM volatile ("MRS %0, basepri" : "=r" (result) );
 8006c34:	f3ef 8711 	mrs	r7, BASEPRI
  __ASM volatile ("MSR basepri_max, %0" : : "r" (basePri) : "memory");
 8006c38:	2310      	movs	r3, #16
 8006c3a:	f383 8812 	msr	BASEPRI_MAX, r3
 8006c3e:	f3bf 8f6f 	isb	sy
	pending_current = _current;
 8006c42:	4e15      	ldr	r6, [pc, #84]	@ (8006c98 <z_tick_sleep+0x70>)
 8006c44:	68b0      	ldr	r0, [r6, #8]
 8006c46:	4b15      	ldr	r3, [pc, #84]	@ (8006c9c <z_tick_sleep+0x74>)
 8006c48:	6018      	str	r0, [r3, #0]
	unready_thread(_current);
 8006c4a:	f7ff fd77 	bl	800673c <unready_thread>
	expected_wakeup_ticks = (uint32_t)z_add_thread_timeout(_current, timeout);
 8006c4e:	68b0      	ldr	r0, [r6, #8]
 8006c50:	462a      	mov	r2, r5
 8006c52:	4623      	mov	r3, r4
 8006c54:	4912      	ldr	r1, [pc, #72]	@ (8006ca0 <z_tick_sleep+0x78>)
 8006c56:	3018      	adds	r0, #24
 8006c58:	f000 fa0c 	bl	8007074 <z_add_timeout>
 8006c5c:	4604      	mov	r4, r0
	z_mark_thread_as_sleeping(_current);
 8006c5e:	68b2      	ldr	r2, [r6, #8]
	thread->base.thread_state |= _THREAD_SLEEPING;
 8006c60:	7c13      	ldrb	r3, [r2, #16]
 8006c62:	f043 0304 	orr.w	r3, r3, #4
 8006c66:	7413      	strb	r3, [r2, #16]
 8006c68:	4638      	mov	r0, r7
 8006c6a:	f7ff fcdb 	bl	8006624 <z_swap_irqlock>
	if (!z_is_aborted_thread_timeout(_current)) {
 8006c6e:	68b3      	ldr	r3, [r6, #8]
	return to->dticks == TIMEOUT_DTICKS_ABORTED;
 8006c70:	6a9a      	ldr	r2, [r3, #40]	@ 0x28
 8006c72:	6adb      	ldr	r3, [r3, #44]	@ 0x2c
 8006c74:	f1b3 4f00 	cmp.w	r3, #2147483648	@ 0x80000000
 8006c78:	bf08      	it	eq
 8006c7a:	2a00      	cmpeq	r2, #0
 8006c7c:	d005      	beq.n	8006c8a <z_tick_sleep+0x62>
		return 0;
 8006c7e:	2000      	movs	r0, #0
}
 8006c80:	bdf8      	pop	{r3, r4, r5, r6, r7, pc}
	z_impl_k_yield();
 8006c82:	f7ff ff83 	bl	8006b8c <z_impl_k_yield>
		return 0;
 8006c86:	2000      	movs	r0, #0
 8006c88:	e7fa      	b.n	8006c80 <z_tick_sleep+0x58>
	uint32_t left_ticks = expected_wakeup_ticks - sys_clock_tick_get_32();
 8006c8a:	f003 fcf0 	bl	800a66e <sys_clock_tick_get_32>
 8006c8e:	1a20      	subs	r0, r4, r0
	if (signed_left > 0) {
 8006c90:	2800      	cmp	r0, #0
 8006c92:	dcf5      	bgt.n	8006c80 <z_tick_sleep+0x58>
	return 0;
 8006c94:	2000      	movs	r0, #0
 8006c96:	e7f3      	b.n	8006c80 <z_tick_sleep+0x58>
 8006c98:	20001620 	.word	0x20001620
 8006c9c:	20001644 	.word	0x20001644
 8006ca0:	0800a505 	.word	0x0800a505

08006ca4 <z_impl_k_sleep>:
{
 8006ca4:	b538      	push	{r3, r4, r5, lr}
 8006ca6:	4604      	mov	r4, r0
 8006ca8:	460d      	mov	r5, r1
	ticks = z_tick_sleep(timeout);
 8006caa:	f7ff ffbd 	bl	8006c28 <z_tick_sleep>
 8006cae:	4603      	mov	r3, r0
	int64_t ms = K_TIMEOUT_EQ(timeout, K_FOREVER) ? K_TICKS_FOREVER :
 8006cb0:	4620      	mov	r0, r4
 8006cb2:	f1b5 3fff 	cmp.w	r5, #4294967295
 8006cb6:	bf08      	it	eq
 8006cb8:	f1b4 3fff 	cmpeq.w	r4, #4294967295
 8006cbc:	d028      	beq.n	8006d10 <z_impl_k_sleep+0x6c>
		clamp(k_ticks_to_ms_ceil64(ticks), 0, INT_MAX);
 8006cbe:	17da      	asrs	r2, r3, #31
 8006cc0:	f113 0009 	adds.w	r0, r3, #9
 8006cc4:	f142 0300 	adc.w	r3, r2, #0
 8006cc8:	2100      	movs	r1, #0
 8006cca:	18c2      	adds	r2, r0, r3
 8006ccc:	d221      	bcs.n	8006d12 <z_impl_k_sleep+0x6e>
 8006cce:	440a      	add	r2, r1
 8006cd0:	4911      	ldr	r1, [pc, #68]	@ (8006d18 <z_impl_k_sleep+0x74>)
 8006cd2:	fba1 4502 	umull	r4, r5, r1, r2
 8006cd6:	f025 0403 	bic.w	r4, r5, #3
 8006cda:	eb04 0495 	add.w	r4, r4, r5, lsr #2
 8006cde:	1b12      	subs	r2, r2, r4
 8006ce0:	1a80      	subs	r0, r0, r2
 8006ce2:	f163 0300 	sbc.w	r3, r3, #0
 8006ce6:	f04f 32cc 	mov.w	r2, #3435973836	@ 0xcccccccc
 8006cea:	fb00 f202 	mul.w	r2, r0, r2
 8006cee:	fb01 2203 	mla	r2, r1, r3, r2
 8006cf2:	fba0 0101 	umull	r0, r1, r0, r1
 8006cf6:	440a      	add	r2, r1
 8006cf8:	0843      	lsrs	r3, r0, #1
 8006cfa:	ea43 73c2 	orr.w	r3, r3, r2, lsl #31
 8006cfe:	0852      	lsrs	r2, r2, #1
 8006d00:	4618      	mov	r0, r3
 8006d02:	f1b3 4f00 	cmp.w	r3, #2147483648	@ 0x80000000
 8006d06:	f172 0200 	sbcs.w	r2, r2, #0
 8006d0a:	d301      	bcc.n	8006d10 <z_impl_k_sleep+0x6c>
 8006d0c:	f06f 4000 	mvn.w	r0, #2147483648	@ 0x80000000
}
 8006d10:	bd38      	pop	{r3, r4, r5, pc}
		clamp(k_ticks_to_ms_ceil64(ticks), 0, INT_MAX);
 8006d12:	2101      	movs	r1, #1
 8006d14:	e7db      	b.n	8006cce <z_impl_k_sleep+0x2a>
 8006d16:	bf00      	nop
 8006d18:	cccccccd 	.word	0xcccccccd

08006d1c <z_impl_k_wakeup>:
{
 8006d1c:	b538      	push	{r3, r4, r5, lr}
  __ASM volatile ("MRS %0, basepri" : "=r" (result) );
 8006d1e:	f3ef 8511 	mrs	r5, BASEPRI
  __ASM volatile ("MSR basepri_max, %0" : : "r" (basePri) : "memory");
 8006d22:	2310      	movs	r3, #16
 8006d24:	f383 8812 	msr	BASEPRI_MAX, r3
 8006d28:	f3bf 8f6f 	isb	sy
	return (thread->base.thread_state & _THREAD_SLEEPING) != 0U;
 8006d2c:	7c03      	ldrb	r3, [r0, #16]
	if (z_is_thread_sleeping(thread)) {
 8006d2e:	f013 0f04 	tst.w	r3, #4
 8006d32:	d104      	bne.n	8006d3e <z_impl_k_wakeup+0x22>
  __ASM volatile ("MSR basepri, %0" : : "r" (basePri) : "memory");
 8006d34:	f385 8811 	msr	BASEPRI, r5
 8006d38:	f3bf 8f6f 	isb	sy
}
 8006d3c:	bd38      	pop	{r3, r4, r5, pc}
 8006d3e:	4604      	mov	r4, r0
	z_abort_timeout(&thread->base.timeout);
 8006d40:	3018      	adds	r0, #24
 8006d42:	f003 fc55 	bl	800a5f0 <z_abort_timeout>
	thread->base.thread_state &= ~_THREAD_SLEEPING;
 8006d46:	7c23      	ldrb	r3, [r4, #16]
 8006d48:	f023 0304 	bic.w	r3, r3, #4
 8006d4c:	7423      	strb	r3, [r4, #16]
		ready_thread(thread);
 8006d4e:	4620      	mov	r0, r4
 8006d50:	f7ff fc9c 	bl	800668c <ready_thread>
		reschedule(&_sched_spinlock, key);
 8006d54:	4629      	mov	r1, r5
 8006d56:	4802      	ldr	r0, [pc, #8]	@ (8006d60 <z_impl_k_wakeup+0x44>)
 8006d58:	f7ff fc7e 	bl	8006658 <reschedule>
 8006d5c:	e7ee      	b.n	8006d3c <z_impl_k_wakeup+0x20>
 8006d5e:	bf00      	nop
 8006d60:	20001644 	.word	0x20001644

08006d64 <z_impl_k_sched_current_thread_query>:
}
 8006d64:	4b01      	ldr	r3, [pc, #4]	@ (8006d6c <z_impl_k_sched_current_thread_query+0x8>)
 8006d66:	6898      	ldr	r0, [r3, #8]
 8006d68:	4770      	bx	lr
 8006d6a:	bf00      	nop
 8006d6c:	20001620 	.word	0x20001620

08006d70 <z_thread_abort>:
#ifdef IAR_SUPPRESS_ALWAYS_INLINE_WARNING_FLAG
TOOLCHAIN_ENABLE_WARNING(TOOLCHAIN_WARNING_ALWAYS_INLINE)
#endif

void z_thread_abort(struct k_thread *thread)
{
 8006d70:	e92d 43f8 	stmdb	sp!, {r3, r4, r5, r6, r7, r8, r9, lr}
	return (thread->base.user_options & K_ESSENTIAL) == K_ESSENTIAL;
 8006d74:	8983      	ldrh	r3, [r0, #12]
 8006d76:	f003 0701 	and.w	r7, r3, #1
  __ASM volatile ("MRS %0, basepri" : "=r" (result) );
 8006d7a:	f3ef 8611 	mrs	r6, BASEPRI
  __ASM volatile ("MSR basepri_max, %0" : : "r" (basePri) : "memory");
 8006d7e:	2310      	movs	r3, #16
 8006d80:	f383 8812 	msr	BASEPRI_MAX, r3
 8006d84:	f3bf 8f6f 	isb	sy
	return (thread->base.thread_state & _THREAD_DEAD) != 0U;
 8006d88:	7c05      	ldrb	r5, [r0, #16]
	bool essential = z_is_thread_essential(thread);
	k_spinlock_key_t key = k_spin_lock(&_sched_spinlock);

	if (z_is_thread_dead(thread)) {
 8006d8a:	f015 0f08 	tst.w	r5, #8
 8006d8e:	d11a      	bne.n	8006dc6 <z_thread_abort+0x56>
 8006d90:	4604      	mov	r4, r0
		k_spin_unlock(&_sched_spinlock, key);
		return;
	}

	z_thread_halt(thread, key, true);
 8006d92:	46b1      	mov	r9, r6
	_wait_q_t *wq = &thread->join_queue;
 8006d94:	f100 0858 	add.w	r8, r0, #88	@ 0x58
	struct _cpu *cpu = thread_active_elsewhere(thread);
 8006d98:	f003 fafe 	bl	800a398 <thread_active_elsewhere>
	if (cpu != NULL) {
 8006d9c:	b310      	cbz	r0, 8006de4 <z_thread_abort+0x74>
		thread->base.thread_state |= (terminate ? _THREAD_ABORTING
 8006d9e:	f045 0520 	orr.w	r5, r5, #32
 8006da2:	7425      	strb	r5, [r4, #16]
  __ASM volatile ("MRS %0, ipsr" : "=r" (result) );
 8006da4:	f3ef 8305 	mrs	r3, IPSR
		if (arch_is_in_isr()) {
 8006da8:	b19b      	cbz	r3, 8006dd2 <z_thread_abort+0x62>
			thread_halt_spin(thread, key);
 8006daa:	4631      	mov	r1, r6
 8006dac:	4620      	mov	r0, r4
 8006dae:	f7ff fcf9 	bl	80067a4 <thread_halt_spin>

	if (essential) {
 8006db2:	b167      	cbz	r7, 8006dce <z_thread_abort+0x5e>
  __ASM volatile ("MSR basepri, %0" : : "r" (basePri) : "memory");
 8006db4:	2300      	movs	r3, #0
 8006db6:	f383 8811 	msr	BASEPRI, r3
 8006dba:	f3bf 8f6f 	isb	sy
		__ASSERT(!essential, "aborted essential thread %p", thread);
		k_panic();
 8006dbe:	2304      	movs	r3, #4
 8006dc0:	4618      	mov	r0, r3
 8006dc2:	df02      	svc	2
 8006dc4:	e003      	b.n	8006dce <z_thread_abort+0x5e>
 8006dc6:	f386 8811 	msr	BASEPRI, r6
 8006dca:	f3bf 8f6f 	isb	sy
	}
}
 8006dce:	e8bd 83f8 	ldmia.w	sp!, {r3, r4, r5, r6, r7, r8, r9, pc}
			add_to_waitq_locked(_current, wq);
 8006dd2:	4641      	mov	r1, r8
 8006dd4:	4b3f      	ldr	r3, [pc, #252]	@ (8006ed4 <z_thread_abort+0x164>)
 8006dd6:	6898      	ldr	r0, [r3, #8]
 8006dd8:	f003 fae0 	bl	800a39c <add_to_waitq_locked>
 8006ddc:	4630      	mov	r0, r6
 8006dde:	f7ff fc21 	bl	8006624 <z_swap_irqlock>
 8006de2:	e7e6      	b.n	8006db2 <z_thread_abort+0x42>
		thread->base.thread_state |= new_state;
 8006de4:	f045 0308 	orr.w	r3, r5, #8
 8006de8:	7423      	strb	r3, [r4, #16]
		if (z_is_thread_queued(thread)) {
 8006dea:	f013 0f80 	tst.w	r3, #128	@ 0x80
 8006dee:	d136      	bne.n	8006e5e <z_thread_abort+0xee>
			if (thread->base.pended_on != NULL) {
 8006df0:	68a3      	ldr	r3, [r4, #8]
 8006df2:	b15b      	cbz	r3, 8006e0c <z_thread_abort+0x9c>
	sys_dnode_t *const prev = node->prev;
 8006df4:	6862      	ldr	r2, [r4, #4]
	sys_dnode_t *const next = node->next;
 8006df6:	6823      	ldr	r3, [r4, #0]
	prev->next = next;
 8006df8:	6013      	str	r3, [r2, #0]
	next->prev = prev;
 8006dfa:	605a      	str	r2, [r3, #4]
	node->next = NULL;
 8006dfc:	2300      	movs	r3, #0
 8006dfe:	6023      	str	r3, [r4, #0]
	node->prev = NULL;
 8006e00:	6063      	str	r3, [r4, #4]
	thread->base.thread_state &= ~_THREAD_PENDING;
 8006e02:	7c22      	ldrb	r2, [r4, #16]
 8006e04:	f022 0202 	bic.w	r2, r2, #2
 8006e08:	7422      	strb	r2, [r4, #16]
	thread->base.pended_on = NULL;
 8006e0a:	60a3      	str	r3, [r4, #8]
 8006e0c:	f104 0018 	add.w	r0, r4, #24
 8006e10:	f003 fbee 	bl	800a5f0 <z_abort_timeout>
			unpend_all(&thread->join_queue);
 8006e14:	4640      	mov	r0, r8
 8006e16:	f003 faf1 	bl	800a3fc <unpend_all>
			if (thread == _current && arch_is_in_isr()) {
 8006e1a:	4b2e      	ldr	r3, [pc, #184]	@ (8006ed4 <z_thread_abort+0x164>)
 8006e1c:	689a      	ldr	r2, [r3, #8]
 8006e1e:	4294      	cmp	r4, r2
 8006e20:	d02a      	beq.n	8006e78 <z_thread_abort+0x108>
	bool dummify = false;
 8006e22:	2600      	movs	r6, #0
	return list->head == list;
 8006e24:	4b2b      	ldr	r3, [pc, #172]	@ (8006ed4 <z_thread_abort+0x164>)
 8006e26:	f853 5f18 	ldr.w	r5, [r3, #24]!
	return sys_dlist_is_empty(list) ? NULL : list->head;
 8006e2a:	429d      	cmp	r5, r3
 8006e2c:	d02b      	beq.n	8006e86 <z_thread_abort+0x116>
 8006e2e:	b355      	cbz	r5, 8006e86 <z_thread_abort+0x116>
		if (thread != _current) {
 8006e30:	42aa      	cmp	r2, r5
 8006e32:	d002      	beq.n	8006e3a <z_thread_abort+0xca>
			z_reset_time_slice(thread);
 8006e34:	4628      	mov	r0, r5
 8006e36:	f000 f883 	bl	8006f40 <z_reset_time_slice>
		_kernel.ready_q.cache = thread;
 8006e3a:	4b26      	ldr	r3, [pc, #152]	@ (8006ed4 <z_thread_abort+0x164>)
 8006e3c:	615d      	str	r5, [r3, #20]
		arch_coprocessors_disable(thread);
 8006e3e:	4620      	mov	r0, r4
 8006e40:	f002 f9e7 	bl	8009212 <arch_coprocessors_disable>
		z_thread_monitor_exit(thread);
 8006e44:	4620      	mov	r0, r4
 8006e46:	f000 f8d5 	bl	8006ff4 <z_thread_monitor_exit>
		if (dummify && !IS_ENABLED(CONFIG_ARCH_POSIX)) {
 8006e4a:	b9fe      	cbnz	r6, 8006e8c <z_thread_abort+0x11c>
		if ((thread == _current) && !arch_is_in_isr()) {
 8006e4c:	4b21      	ldr	r3, [pc, #132]	@ (8006ed4 <z_thread_abort+0x164>)
 8006e4e:	689b      	ldr	r3, [r3, #8]
 8006e50:	429c      	cmp	r4, r3
 8006e52:	d01f      	beq.n	8006e94 <z_thread_abort+0x124>
 8006e54:	f389 8811 	msr	BASEPRI, r9
 8006e58:	f3bf 8f6f 	isb	sy
 8006e5c:	e7a9      	b.n	8006db2 <z_thread_abort+0x42>
	thread->base.thread_state &= ~_THREAD_QUEUED;
 8006e5e:	f005 057f 	and.w	r5, r5, #127	@ 0x7f
 8006e62:	f045 0508 	orr.w	r5, r5, #8
 8006e66:	7425      	strb	r5, [r4, #16]
	sys_dnode_t *const prev = node->prev;
 8006e68:	6862      	ldr	r2, [r4, #4]
	sys_dnode_t *const next = node->next;
 8006e6a:	6823      	ldr	r3, [r4, #0]
	prev->next = next;
 8006e6c:	6013      	str	r3, [r2, #0]
	next->prev = prev;
 8006e6e:	605a      	str	r2, [r3, #4]
	node->next = NULL;
 8006e70:	2300      	movs	r3, #0
 8006e72:	6023      	str	r3, [r4, #0]
	node->prev = NULL;
 8006e74:	6063      	str	r3, [r4, #4]
}
 8006e76:	e7bb      	b.n	8006df0 <z_thread_abort+0x80>
  __ASM volatile ("MRS %0, ipsr" : "=r" (result) );
 8006e78:	f3ef 8305 	mrs	r3, IPSR
			if (thread == _current && arch_is_in_isr()) {
 8006e7c:	b90b      	cbnz	r3, 8006e82 <z_thread_abort+0x112>
	bool dummify = false;
 8006e7e:	2600      	movs	r6, #0
 8006e80:	e7d0      	b.n	8006e24 <z_thread_abort+0xb4>
				dummify = true;
 8006e82:	2601      	movs	r6, #1
 8006e84:	e7ce      	b.n	8006e24 <z_thread_abort+0xb4>
	return (thread != NULL) ? thread : _current_cpu->idle_thread;
 8006e86:	4b13      	ldr	r3, [pc, #76]	@ (8006ed4 <z_thread_abort+0x164>)
 8006e88:	68dd      	ldr	r5, [r3, #12]
 8006e8a:	e7d1      	b.n	8006e30 <z_thread_abort+0xc0>
			z_dummy_thread_init(&_thread_dummy);
 8006e8c:	4812      	ldr	r0, [pc, #72]	@ (8006ed8 <z_thread_abort+0x168>)
 8006e8e:	f7ff fbb9 	bl	8006604 <z_dummy_thread_init>
 8006e92:	e7db      	b.n	8006e4c <z_thread_abort+0xdc>
 8006e94:	f3ef 8305 	mrs	r3, IPSR
		if ((thread == _current) && !arch_is_in_isr()) {
 8006e98:	2b00      	cmp	r3, #0
 8006e9a:	d1db      	bne.n	8006e54 <z_thread_abort+0xe4>
	return (thread->base.user_options & K_ESSENTIAL) == K_ESSENTIAL;
 8006e9c:	89a3      	ldrh	r3, [r4, #12]
			if (z_is_thread_essential(thread)) {
 8006e9e:	f013 0f01 	tst.w	r3, #1
 8006ea2:	d012      	beq.n	8006eca <z_thread_abort+0x15a>
  __ASM volatile ("MSR basepri, %0" : : "r" (basePri) : "memory");
 8006ea4:	f389 8811 	msr	BASEPRI, r9
 8006ea8:	f3bf 8f6f 	isb	sy
 8006eac:	2300      	movs	r3, #0
 8006eae:	f383 8811 	msr	BASEPRI, r3
 8006eb2:	f3bf 8f6f 	isb	sy
				k_panic();
 8006eb6:	2304      	movs	r3, #4
 8006eb8:	4618      	mov	r0, r3
 8006eba:	df02      	svc	2
  __ASM volatile ("MRS %0, basepri" : "=r" (result) );
 8006ebc:	f3ef 8911 	mrs	r9, BASEPRI
  __ASM volatile ("MSR basepri_max, %0" : : "r" (basePri) : "memory");
 8006ec0:	2310      	movs	r3, #16
 8006ec2:	f383 8812 	msr	BASEPRI_MAX, r3
 8006ec6:	f3bf 8f6f 	isb	sy
 8006eca:	4648      	mov	r0, r9
 8006ecc:	f7ff fbaa 	bl	8006624 <z_swap_irqlock>
			z_swap(&_sched_spinlock, key);
 8006ed0:	e76f      	b.n	8006db2 <z_thread_abort+0x42>
 8006ed2:	bf00      	nop
 8006ed4:	20001620 	.word	0x20001620
 8006ed8:	200013d8 	.word	0x200013d8

08006edc <z_time_slice_size>:
#endif
	return ret;
}

static int z_time_slice_size(struct k_thread *thread)
{
 8006edc:	4603      	mov	r3, r0
	uint8_t state = thread->base.thread_state;
 8006ede:	7c02      	ldrb	r2, [r0, #16]
	if (z_is_thread_prevented_from_running(thread) ||
 8006ee0:	f012 0f1f 	tst.w	r2, #31
 8006ee4:	d110      	bne.n	8006f08 <z_time_slice_size+0x2c>
 8006ee6:	4a0b      	ldr	r2, [pc, #44]	@ (8006f14 <z_time_slice_size+0x38>)
 8006ee8:	4290      	cmp	r0, r2
 8006eea:	d00f      	beq.n	8006f0c <z_time_slice_size+0x30>
	int ret = slice_ticks;
 8006eec:	4a0a      	ldr	r2, [pc, #40]	@ (8006f18 <z_time_slice_size+0x3c>)
 8006eee:	6810      	ldr	r0, [r2, #0]
	    z_is_idle_thread_object(thread) ||
 8006ef0:	b178      	cbz	r0, 8006f12 <z_time_slice_size+0x36>
	return thread->base.preempt <= _PREEMPT_THRESHOLD;
 8006ef2:	89da      	ldrh	r2, [r3, #14]
	if (thread->base.slice_ticks != 0) {
		return thread->base.slice_ticks;
	}
#endif

	if (thread_is_preemptible(thread) &&
 8006ef4:	2a7f      	cmp	r2, #127	@ 0x7f
 8006ef6:	d80b      	bhi.n	8006f10 <z_time_slice_size+0x34>
	    !z_is_prio_higher(thread->base.prio, slice_max_prio)) {
 8006ef8:	f993 200e 	ldrsb.w	r2, [r3, #14]
 8006efc:	4b07      	ldr	r3, [pc, #28]	@ (8006f1c <z_time_slice_size+0x40>)
 8006efe:	681b      	ldr	r3, [r3, #0]
	if (thread_is_preemptible(thread) &&
 8006f00:	429a      	cmp	r2, r3
 8006f02:	da06      	bge.n	8006f12 <z_time_slice_size+0x36>
		return slice_ticks;
	}

	return 0;
 8006f04:	2000      	movs	r0, #0
 8006f06:	4770      	bx	lr
		return 0;
 8006f08:	2000      	movs	r0, #0
 8006f0a:	4770      	bx	lr
 8006f0c:	2000      	movs	r0, #0
 8006f0e:	4770      	bx	lr
	return 0;
 8006f10:	2000      	movs	r0, #0
}
 8006f12:	4770      	bx	lr
 8006f14:	20001278 	.word	0x20001278
 8006f18:	2000010c 	.word	0x2000010c
 8006f1c:	2000164c 	.word	0x2000164c

08006f20 <slice_timeout>:

static void slice_timeout(struct _timeout *timeout)
{
	int cpu = ARRAY_INDEX(slice_timeouts, timeout);
 8006f20:	4b04      	ldr	r3, [pc, #16]	@ (8006f34 <slice_timeout+0x14>)
 8006f22:	1ac0      	subs	r0, r0, r3
 8006f24:	10c0      	asrs	r0, r0, #3
 8006f26:	4b04      	ldr	r3, [pc, #16]	@ (8006f38 <slice_timeout+0x18>)
 8006f28:	fb03 f000 	mul.w	r0, r3, r0

	slice_expired[cpu] = true;
 8006f2c:	4b03      	ldr	r3, [pc, #12]	@ (8006f3c <slice_timeout+0x1c>)
 8006f2e:	2201      	movs	r2, #1
 8006f30:	541a      	strb	r2, [r3, r0]
	 * for a different CPU.
	 */
	if (cpu != _current_cpu->id) {
		flag_ipi(IPI_CPU_MASK(cpu));
	}
}
 8006f32:	4770      	bx	lr
 8006f34:	20001488 	.word	0x20001488
 8006f38:	aaaaaaab 	.word	0xaaaaaaab
 8006f3c:	20001648 	.word	0x20001648

08006f40 <z_reset_time_slice>:

void z_reset_time_slice(struct k_thread *thread)
{
 8006f40:	b570      	push	{r4, r5, r6, lr}
	int cpu = _current_cpu->id;
 8006f42:	4b0c      	ldr	r3, [pc, #48]	@ (8006f74 <z_reset_time_slice+0x34>)
 8006f44:	7c1e      	ldrb	r6, [r3, #16]
	int slice_size = z_time_slice_size(thread);
 8006f46:	f7ff ffc9 	bl	8006edc <z_time_slice_size>
 8006f4a:	4604      	mov	r4, r0

	z_abort_timeout(&slice_timeouts[cpu]);
 8006f4c:	eb06 0346 	add.w	r3, r6, r6, lsl #1
 8006f50:	4d09      	ldr	r5, [pc, #36]	@ (8006f78 <z_reset_time_slice+0x38>)
 8006f52:	eb05 05c3 	add.w	r5, r5, r3, lsl #3
 8006f56:	4628      	mov	r0, r5
 8006f58:	f003 fb4a 	bl	800a5f0 <z_abort_timeout>
	slice_expired[cpu] = false;
 8006f5c:	4b07      	ldr	r3, [pc, #28]	@ (8006f7c <z_reset_time_slice+0x3c>)
 8006f5e:	2200      	movs	r2, #0
 8006f60:	559a      	strb	r2, [r3, r6]
	if (slice_size != 0) {
 8006f62:	b904      	cbnz	r4, 8006f66 <z_reset_time_slice+0x26>
		z_add_timeout(&slice_timeouts[cpu], slice_timeout,
			      K_TICKS(slice_size - 1));
	}
}
 8006f64:	bd70      	pop	{r4, r5, r6, pc}
			      K_TICKS(slice_size - 1));
 8006f66:	1e62      	subs	r2, r4, #1
		z_add_timeout(&slice_timeouts[cpu], slice_timeout,
 8006f68:	17d3      	asrs	r3, r2, #31
 8006f6a:	4905      	ldr	r1, [pc, #20]	@ (8006f80 <z_reset_time_slice+0x40>)
 8006f6c:	4628      	mov	r0, r5
 8006f6e:	f000 f881 	bl	8007074 <z_add_timeout>
}
 8006f72:	e7f7      	b.n	8006f64 <z_reset_time_slice+0x24>
 8006f74:	20001620 	.word	0x20001620
 8006f78:	20001488 	.word	0x20001488
 8006f7c:	20001648 	.word	0x20001648
 8006f80:	08006f21 	.word	0x08006f21

08006f84 <z_time_slice>:
}
#endif

/* Called out of each timer and IPI interrupt */
void z_time_slice(void)
{
 8006f84:	b538      	push	{r3, r4, r5, lr}
  __ASM volatile ("MRS %0, basepri" : "=r" (result) );
 8006f86:	f3ef 8511 	mrs	r5, BASEPRI
  __ASM volatile ("MSR basepri_max, %0" : : "r" (basePri) : "memory");
 8006f8a:	2310      	movs	r3, #16
 8006f8c:	f383 8812 	msr	BASEPRI_MAX, r3
 8006f90:	f3bf 8f6f 	isb	sy
	k_spinlock_key_t key = k_spin_lock(&_sched_spinlock);
	struct k_thread *curr = _current;
 8006f94:	4b14      	ldr	r3, [pc, #80]	@ (8006fe8 <z_time_slice+0x64>)
 8006f96:	689c      	ldr	r4, [r3, #8]

#ifdef CONFIG_SWAP_NONATOMIC
	if (pending_current == curr) {
 8006f98:	4b14      	ldr	r3, [pc, #80]	@ (8006fec <z_time_slice+0x68>)
 8006f9a:	681b      	ldr	r3, [r3, #0]
 8006f9c:	42a3      	cmp	r3, r4
 8006f9e:	d017      	beq.n	8006fd0 <z_time_slice+0x4c>
		z_reset_time_slice(curr);
		k_spin_unlock(&_sched_spinlock, key);
		return;
	}
	pending_current = NULL;
 8006fa0:	4b12      	ldr	r3, [pc, #72]	@ (8006fec <z_time_slice+0x68>)
 8006fa2:	2200      	movs	r2, #0
 8006fa4:	601a      	str	r2, [r3, #0]
#endif

	if (slice_expired[_current_cpu->id] && (z_time_slice_size(curr) != 0)) {
 8006fa6:	4b10      	ldr	r3, [pc, #64]	@ (8006fe8 <z_time_slice+0x64>)
 8006fa8:	7c1b      	ldrb	r3, [r3, #16]
 8006faa:	4a11      	ldr	r2, [pc, #68]	@ (8006ff0 <z_time_slice+0x6c>)
 8006fac:	5cd3      	ldrb	r3, [r2, r3]
 8006fae:	b153      	cbz	r3, 8006fc6 <z_time_slice+0x42>
 8006fb0:	4620      	mov	r0, r4
 8006fb2:	f7ff ff93 	bl	8006edc <z_time_slice_size>
 8006fb6:	b130      	cbz	r0, 8006fc6 <z_time_slice+0x42>
	uint8_t state = thread->base.thread_state;
 8006fb8:	7c23      	ldrb	r3, [r4, #16]
			k_spin_unlock(&_sched_spinlock, key);
			handler(curr, curr->base.slice_data);
			key = k_spin_lock(&_sched_spinlock);
		}
#endif
		if (!z_is_thread_prevented_from_running(curr)) {
 8006fba:	f013 0f1f 	tst.w	r3, #31
 8006fbe:	d00f      	beq.n	8006fe0 <z_time_slice+0x5c>
			move_current_to_end_of_prio_q();
		}
		z_reset_time_slice(curr);
 8006fc0:	4620      	mov	r0, r4
 8006fc2:	f7ff ffbd 	bl	8006f40 <z_reset_time_slice>
  __ASM volatile ("MSR basepri, %0" : : "r" (basePri) : "memory");
 8006fc6:	f385 8811 	msr	BASEPRI, r5
 8006fca:	f3bf 8f6f 	isb	sy
	}
	k_spin_unlock(&_sched_spinlock, key);
}
 8006fce:	bd38      	pop	{r3, r4, r5, pc}
		z_reset_time_slice(curr);
 8006fd0:	4620      	mov	r0, r4
 8006fd2:	f7ff ffb5 	bl	8006f40 <z_reset_time_slice>
 8006fd6:	f385 8811 	msr	BASEPRI, r5
 8006fda:	f3bf 8f6f 	isb	sy
		return;
 8006fde:	e7f6      	b.n	8006fce <z_time_slice+0x4a>
			move_current_to_end_of_prio_q();
 8006fe0:	f7ff fc7e 	bl	80068e0 <move_current_to_end_of_prio_q>
 8006fe4:	e7ec      	b.n	8006fc0 <z_time_slice+0x3c>
 8006fe6:	bf00      	nop
 8006fe8:	20001620 	.word	0x20001620
 8006fec:	20001644 	.word	0x20001644
 8006ff0:	20001648 	.word	0x20001648

08006ff4 <z_thread_monitor_exit>:
  __ASM volatile ("MRS %0, basepri" : "=r" (result) );
 8006ff4:	f3ef 8111 	mrs	r1, BASEPRI
  __ASM volatile ("MSR basepri_max, %0" : : "r" (basePri) : "memory");
 8006ff8:	2310      	movs	r3, #16
 8006ffa:	f383 8812 	msr	BASEPRI_MAX, r3
 8006ffe:	f3bf 8f6f 	isb	sy
 */
void z_thread_monitor_exit(struct k_thread *thread)
{
	k_spinlock_key_t key = k_spin_lock(&z_thread_monitor_lock);

	if (thread == _kernel.threads) {
 8007002:	4b0a      	ldr	r3, [pc, #40]	@ (800702c <z_thread_monitor_exit+0x38>)
 8007004:	6a1b      	ldr	r3, [r3, #32]
 8007006:	4283      	cmp	r3, r0
 8007008:	d104      	bne.n	8007014 <z_thread_monitor_exit+0x20>
		_kernel.threads = _kernel.threads->next_thread;
 800700a:	6f1a      	ldr	r2, [r3, #112]	@ 0x70
 800700c:	4b07      	ldr	r3, [pc, #28]	@ (800702c <z_thread_monitor_exit+0x38>)
 800700e:	621a      	str	r2, [r3, #32]
 8007010:	e007      	b.n	8007022 <z_thread_monitor_exit+0x2e>
		struct k_thread *prev_thread;

		prev_thread = _kernel.threads;
		while ((prev_thread != NULL) &&
			(thread != prev_thread->next_thread)) {
			prev_thread = prev_thread->next_thread;
 8007012:	4613      	mov	r3, r2
		while ((prev_thread != NULL) &&
 8007014:	b113      	cbz	r3, 800701c <z_thread_monitor_exit+0x28>
			(thread != prev_thread->next_thread)) {
 8007016:	6f1a      	ldr	r2, [r3, #112]	@ 0x70
		while ((prev_thread != NULL) &&
 8007018:	4282      	cmp	r2, r0
 800701a:	d1fa      	bne.n	8007012 <z_thread_monitor_exit+0x1e>
		}
		if (prev_thread != NULL) {
 800701c:	b10b      	cbz	r3, 8007022 <z_thread_monitor_exit+0x2e>
			prev_thread->next_thread = thread->next_thread;
 800701e:	6f02      	ldr	r2, [r0, #112]	@ 0x70
 8007020:	671a      	str	r2, [r3, #112]	@ 0x70
  __ASM volatile ("MSR basepri, %0" : : "r" (basePri) : "memory");
 8007022:	f381 8811 	msr	BASEPRI, r1
 8007026:	f3bf 8f6f 	isb	sy
		}
	}

	k_spin_unlock(&z_thread_monitor_lock, key);
}
 800702a:	4770      	bx	lr
 800702c:	20001620 	.word	0x20001620

08007030 <first>:
	return list->head == list;
 8007030:	4b03      	ldr	r3, [pc, #12]	@ (8007040 <first+0x10>)
 8007032:	6818      	ldr	r0, [r3, #0]
	return sys_dlist_is_empty(list) ? NULL : list->head;
 8007034:	4298      	cmp	r0, r3
 8007036:	d000      	beq.n	800703a <first+0xa>
static struct _timeout *first(void)
{
	sys_dnode_t *t = sys_dlist_peek_head(&timeout_list);

	return (t == NULL) ? NULL : CONTAINER_OF(t, struct _timeout, node);
}
 8007038:	4770      	bx	lr
 800703a:	2000      	movs	r0, #0
	return (t == NULL) ? NULL : CONTAINER_OF(t, struct _timeout, node);
 800703c:	e7fc      	b.n	8007038 <first+0x8>
 800703e:	bf00      	nop
 8007040:	20000110 	.word	0x20000110

08007044 <next>:
	return (node != NULL) ? sys_dlist_peek_next_no_check(list, node) : NULL;
 8007044:	b130      	cbz	r0, 8007054 <next+0x10>
	return (node == list->tail) ? NULL : node->next;
 8007046:	4a04      	ldr	r2, [pc, #16]	@ (8007058 <next+0x14>)
 8007048:	6852      	ldr	r2, [r2, #4]
 800704a:	4290      	cmp	r0, r2
 800704c:	d001      	beq.n	8007052 <next+0xe>
 800704e:	6800      	ldr	r0, [r0, #0]
 8007050:	4770      	bx	lr
 8007052:	2000      	movs	r0, #0
static struct _timeout *next(struct _timeout *t)
{
	sys_dnode_t *n = sys_dlist_peek_next(&timeout_list, &t->node);

	return (n == NULL) ? NULL : CONTAINER_OF(n, struct _timeout, node);
}
 8007054:	4770      	bx	lr
 8007056:	bf00      	nop
 8007058:	20000110 	.word	0x20000110

0800705c <elapsed>:

	sys_dlist_remove(&t->node);
}

static int32_t elapsed(void)
{
 800705c:	b508      	push	{r3, lr}
	 *
	 * The distinction is implemented by looking at announce_remaining which
	 * will be non-zero while sys_clock_announce() is executing and zero
	 * otherwise.
	 */
	return announce_remaining == 0 ? sys_clock_elapsed() : 0U;
 800705e:	4b04      	ldr	r3, [pc, #16]	@ (8007070 <elapsed+0x14>)
 8007060:	681b      	ldr	r3, [r3, #0]
 8007062:	b10b      	cbz	r3, 8007068 <elapsed+0xc>
 8007064:	2000      	movs	r0, #0
}
 8007066:	bd08      	pop	{r3, pc}
	return announce_remaining == 0 ? sys_clock_elapsed() : 0U;
 8007068:	f7fe fcc2 	bl	80059f0 <sys_clock_elapsed>
 800706c:	e7fb      	b.n	8007066 <elapsed+0xa>
 800706e:	bf00      	nop
 8007070:	20001650 	.word	0x20001650

08007074 <z_add_timeout>:

	return ret;
}

k_ticks_t z_add_timeout(struct _timeout *to, _timeout_func_t fn, k_timeout_t timeout)
{
 8007074:	e92d 4ff0 	stmdb	sp!, {r4, r5, r6, r7, r8, r9, sl, fp, lr}
 8007078:	b083      	sub	sp, #12
	k_ticks_t ticks = 0;

	if (K_TIMEOUT_EQ(timeout, K_FOREVER)) {
 800707a:	f1b3 3fff 	cmp.w	r3, #4294967295
 800707e:	bf08      	it	eq
 8007080:	f1b2 3fff 	cmpeq.w	r2, #4294967295
 8007084:	d00e      	beq.n	80070a4 <z_add_timeout+0x30>
 8007086:	4604      	mov	r4, r0
 8007088:	4691      	mov	r9, r2
 800708a:	461f      	mov	r7, r3
#ifdef CONFIG_KERNEL_COHERENCE
	__ASSERT_NO_MSG(sys_cache_is_mem_coherent(to));
#endif /* CONFIG_KERNEL_COHERENCE */

	__ASSERT(!sys_dnode_is_linked(&to->node), "");
	to->fn = fn;
 800708c:	6081      	str	r1, [r0, #8]

	K_SPINLOCK(&timeout_lock) {
 800708e:	2300      	movs	r3, #0
  __ASM volatile ("MRS %0, basepri" : "=r" (result) );
 8007090:	f3ef 8a11 	mrs	sl, BASEPRI
  __ASM volatile ("MSR basepri_max, %0" : : "r" (basePri) : "memory");
 8007094:	2210      	movs	r2, #16
 8007096:	f382 8812 	msr	BASEPRI_MAX, r2
 800709a:	f3bf 8f6f 	isb	sy
	k_ticks_t ticks = 0;
 800709e:	461d      	mov	r5, r3
 80070a0:	9301      	str	r3, [sp, #4]
 80070a2:	e035      	b.n	8007110 <z_add_timeout+0x9c>
		return 0;
 80070a4:	2500      	movs	r5, #0
 80070a6:	9501      	str	r5, [sp, #4]
			sys_clock_set_timeout(next_timeout(ticks_elapsed), false);
		}
	}

	return ticks;
}
 80070a8:	4628      	mov	r0, r5
 80070aa:	9901      	ldr	r1, [sp, #4]
 80070ac:	b003      	add	sp, #12
 80070ae:	e8bd 8ff0 	ldmia.w	sp!, {r4, r5, r6, r7, r8, r9, sl, fp, pc}
			ticks_elapsed = elapsed();
 80070b2:	f7ff ffd3 	bl	800705c <elapsed>
 80070b6:	4680      	mov	r8, r0
			to->dticks = timeout.ticks + 1 + ticks_elapsed;
 80070b8:	3501      	adds	r5, #1
 80070ba:	f147 0600 	adc.w	r6, r7, #0
 80070be:	1945      	adds	r5, r0, r5
 80070c0:	eb46 76e0 	adc.w	r6, r6, r0, asr #31
 80070c4:	6125      	str	r5, [r4, #16]
 80070c6:	6166      	str	r6, [r4, #20]
			ticks = curr_tick + to->dticks;
 80070c8:	4a34      	ldr	r2, [pc, #208]	@ (800719c <z_add_timeout+0x128>)
 80070ca:	6813      	ldr	r3, [r2, #0]
 80070cc:	6852      	ldr	r2, [r2, #4]
 80070ce:	18ed      	adds	r5, r5, r3
 80070d0:	eb46 0302 	adc.w	r3, r6, r2
 80070d4:	9301      	str	r3, [sp, #4]
			has_elapsed = true;
 80070d6:	f04f 0b01 	mov.w	fp, #1
 80070da:	e038      	b.n	800714e <z_add_timeout+0xda>
				t->dticks -= to->dticks;
 80070dc:	1ac9      	subs	r1, r1, r3
 80070de:	eb66 0202 	sbc.w	r2, r6, r2
 80070e2:	6101      	str	r1, [r0, #16]
 80070e4:	6142      	str	r2, [r0, #20]
	sys_dnode_t *const prev = successor->prev;
 80070e6:	6843      	ldr	r3, [r0, #4]
	node->prev = prev;
 80070e8:	6063      	str	r3, [r4, #4]
	node->next = successor;
 80070ea:	6020      	str	r0, [r4, #0]
	prev->next = node;
 80070ec:	601c      	str	r4, [r3, #0]
	successor->prev = node;
 80070ee:	6044      	str	r4, [r0, #4]
		if (t == NULL) {
 80070f0:	e005      	b.n	80070fe <z_add_timeout+0x8a>
	sys_dnode_t *const tail = list->tail;
 80070f2:	4b2b      	ldr	r3, [pc, #172]	@ (80071a0 <z_add_timeout+0x12c>)
 80070f4:	685a      	ldr	r2, [r3, #4]
	node->next = list;
 80070f6:	6023      	str	r3, [r4, #0]
	node->prev = tail;
 80070f8:	6062      	str	r2, [r4, #4]
	tail->next = node;
 80070fa:	6014      	str	r4, [r2, #0]
	list->tail = node;
 80070fc:	605c      	str	r4, [r3, #4]
		if (to == first() && announce_remaining == 0) {
 80070fe:	f7ff ff97 	bl	8007030 <first>
 8007102:	4284      	cmp	r4, r0
 8007104:	d037      	beq.n	8007176 <z_add_timeout+0x102>
  __ASM volatile ("MSR basepri, %0" : : "r" (basePri) : "memory");
 8007106:	f38a 8811 	msr	BASEPRI, sl
 800710a:	f3bf 8f6f 	isb	sy
	K_SPINLOCK(&timeout_lock) {
 800710e:	2301      	movs	r3, #1
 8007110:	2b00      	cmp	r3, #0
 8007112:	d1c9      	bne.n	80070a8 <z_add_timeout+0x34>
		if (Z_IS_TIMEOUT_RELATIVE(timeout)) {
 8007114:	464d      	mov	r5, r9
 8007116:	9701      	str	r7, [sp, #4]
 8007118:	2f00      	cmp	r7, #0
 800711a:	daca      	bge.n	80070b2 <z_add_timeout+0x3e>
			k_ticks_t dticks = Z_TICK_ABS(timeout.ticks) - curr_tick;
 800711c:	4b1f      	ldr	r3, [pc, #124]	@ (800719c <z_add_timeout+0x128>)
 800711e:	6819      	ldr	r1, [r3, #0]
 8007120:	685b      	ldr	r3, [r3, #4]
 8007122:	1869      	adds	r1, r5, r1
 8007124:	eb43 0307 	adc.w	r3, r3, r7
 8007128:	f06f 0201 	mvn.w	r2, #1
 800712c:	1a52      	subs	r2, r2, r1
 800712e:	f04f 31ff 	mov.w	r1, #4294967295
 8007132:	eb61 0303 	sbc.w	r3, r1, r3
			to->dticks = max(1, dticks);
 8007136:	4610      	mov	r0, r2
 8007138:	4619      	mov	r1, r3
 800713a:	2a01      	cmp	r2, #1
 800713c:	f173 0300 	sbcs.w	r3, r3, #0
 8007140:	da01      	bge.n	8007146 <z_add_timeout+0xd2>
 8007142:	2001      	movs	r0, #1
 8007144:	2100      	movs	r1, #0
 8007146:	6120      	str	r0, [r4, #16]
 8007148:	6161      	str	r1, [r4, #20]
		bool has_elapsed = false;
 800714a:	f04f 0b00 	mov.w	fp, #0
		for (t = first(); t != NULL; t = next(t)) {
 800714e:	f7ff ff6f 	bl	8007030 <first>
 8007152:	2800      	cmp	r0, #0
 8007154:	d0cd      	beq.n	80070f2 <z_add_timeout+0x7e>
			if (t->dticks > to->dticks) {
 8007156:	6901      	ldr	r1, [r0, #16]
 8007158:	6946      	ldr	r6, [r0, #20]
 800715a:	6923      	ldr	r3, [r4, #16]
 800715c:	6962      	ldr	r2, [r4, #20]
 800715e:	428b      	cmp	r3, r1
 8007160:	eb72 0e06 	sbcs.w	lr, r2, r6
 8007164:	dbba      	blt.n	80070dc <z_add_timeout+0x68>
			to->dticks -= t->dticks;
 8007166:	1a5b      	subs	r3, r3, r1
 8007168:	eb62 0206 	sbc.w	r2, r2, r6
 800716c:	6123      	str	r3, [r4, #16]
 800716e:	6162      	str	r2, [r4, #20]
		for (t = first(); t != NULL; t = next(t)) {
 8007170:	f7ff ff68 	bl	8007044 <next>
 8007174:	e7ed      	b.n	8007152 <z_add_timeout+0xde>
		if (to == first() && announce_remaining == 0) {
 8007176:	4b0b      	ldr	r3, [pc, #44]	@ (80071a4 <z_add_timeout+0x130>)
 8007178:	681b      	ldr	r3, [r3, #0]
 800717a:	2b00      	cmp	r3, #0
 800717c:	d1c3      	bne.n	8007106 <z_add_timeout+0x92>
			if (!has_elapsed) {
 800717e:	f1bb 0f00 	cmp.w	fp, #0
 8007182:	d006      	beq.n	8007192 <z_add_timeout+0x11e>
			sys_clock_set_timeout(next_timeout(ticks_elapsed), false);
 8007184:	4640      	mov	r0, r8
 8007186:	f003 fa18 	bl	800a5ba <next_timeout>
 800718a:	2100      	movs	r1, #0
 800718c:	f7fe fb9e 	bl	80058cc <sys_clock_set_timeout>
 8007190:	e7b9      	b.n	8007106 <z_add_timeout+0x92>
				ticks_elapsed = elapsed();
 8007192:	f7ff ff63 	bl	800705c <elapsed>
 8007196:	4680      	mov	r8, r0
 8007198:	e7f4      	b.n	8007184 <z_add_timeout+0x110>
 800719a:	bf00      	nop
 800719c:	200014a0 	.word	0x200014a0
 80071a0:	20000110 	.word	0x20000110
 80071a4:	20001650 	.word	0x20001650

080071a8 <sys_clock_announce_locked>:
	}
	return ret;
}

void sys_clock_announce_locked(int32_t ticks, k_spinlock_key_t key)
{
 80071a8:	b570      	push	{r4, r5, r6, lr}
 80071aa:	460e      	mov	r6, r1
		announce_remaining += ticks;
		k_spin_unlock(&timeout_lock, key);
		return;
	}

	announce_remaining = ticks;
 80071ac:	4b2d      	ldr	r3, [pc, #180]	@ (8007264 <sys_clock_announce_locked+0xbc>)
 80071ae:	6018      	str	r0, [r3, #0]

	struct _timeout *t;

	for (t = first();
 80071b0:	f7ff ff3e 	bl	8007030 <first>
 80071b4:	4604      	mov	r4, r0
 80071b6:	e028      	b.n	800720a <sys_clock_announce_locked+0x62>
	     (t != NULL) && (t->dticks <= announce_remaining);
	     t = first()) {
		int dt = t->dticks;

		curr_tick += dt;
 80071b8:	4a2b      	ldr	r2, [pc, #172]	@ (8007268 <sys_clock_announce_locked+0xc0>)
 80071ba:	6813      	ldr	r3, [r2, #0]
 80071bc:	6851      	ldr	r1, [r2, #4]
 80071be:	195b      	adds	r3, r3, r5
 80071c0:	eb41 71e5 	adc.w	r1, r1, r5, asr #31
 80071c4:	6013      	str	r3, [r2, #0]
 80071c6:	6051      	str	r1, [r2, #4]
		t->dticks = 0;
 80071c8:	2200      	movs	r2, #0
 80071ca:	2300      	movs	r3, #0
 80071cc:	e9c4 2304 	strd	r2, r3, [r4, #16]
		remove_timeout(t);
 80071d0:	4620      	mov	r0, r4
 80071d2:	f003 f9db 	bl	800a58c <remove_timeout>
		t->dticks = TIMEOUT_DTICKS_ANNOUNCING;
 80071d6:	2201      	movs	r2, #1
 80071d8:	f04f 4300 	mov.w	r3, #2147483648	@ 0x80000000
 80071dc:	e9c4 2304 	strd	r2, r3, [r4, #16]
 80071e0:	f386 8811 	msr	BASEPRI, r6
 80071e4:	f3bf 8f6f 	isb	sy

		k_spin_unlock(&timeout_lock, key);
		t->fn(t);
 80071e8:	68a3      	ldr	r3, [r4, #8]
 80071ea:	4620      	mov	r0, r4
 80071ec:	4798      	blx	r3
  __ASM volatile ("MRS %0, basepri" : "=r" (result) );
 80071ee:	f3ef 8611 	mrs	r6, BASEPRI
  __ASM volatile ("MSR basepri_max, %0" : : "r" (basePri) : "memory");
 80071f2:	2310      	movs	r3, #16
 80071f4:	f383 8812 	msr	BASEPRI_MAX, r3
 80071f8:	f3bf 8f6f 	isb	sy
		key = k_spin_lock(&timeout_lock);
		announce_remaining -= dt;
 80071fc:	4a19      	ldr	r2, [pc, #100]	@ (8007264 <sys_clock_announce_locked+0xbc>)
 80071fe:	6813      	ldr	r3, [r2, #0]
 8007200:	1b5b      	subs	r3, r3, r5
 8007202:	6013      	str	r3, [r2, #0]
	     t = first()) {
 8007204:	f7ff ff14 	bl	8007030 <first>
 8007208:	4604      	mov	r4, r0
	     (t != NULL) && (t->dticks <= announce_remaining);
 800720a:	b13c      	cbz	r4, 800721c <sys_clock_announce_locked+0x74>
 800720c:	6925      	ldr	r5, [r4, #16]
 800720e:	6961      	ldr	r1, [r4, #20]
 8007210:	4b14      	ldr	r3, [pc, #80]	@ (8007264 <sys_clock_announce_locked+0xbc>)
 8007212:	681a      	ldr	r2, [r3, #0]
 8007214:	17d3      	asrs	r3, r2, #31
 8007216:	42aa      	cmp	r2, r5
 8007218:	418b      	sbcs	r3, r1
 800721a:	dacd      	bge.n	80071b8 <sys_clock_announce_locked+0x10>
	}

	if (t != NULL) {
 800721c:	b144      	cbz	r4, 8007230 <sys_clock_announce_locked+0x88>
		t->dticks -= announce_remaining;
 800721e:	6923      	ldr	r3, [r4, #16]
 8007220:	6962      	ldr	r2, [r4, #20]
 8007222:	4910      	ldr	r1, [pc, #64]	@ (8007264 <sys_clock_announce_locked+0xbc>)
 8007224:	6809      	ldr	r1, [r1, #0]
 8007226:	1a5b      	subs	r3, r3, r1
 8007228:	eb62 72e1 	sbc.w	r2, r2, r1, asr #31
 800722c:	6123      	str	r3, [r4, #16]
 800722e:	6162      	str	r2, [r4, #20]
	}

	curr_tick += announce_remaining;
 8007230:	4a0d      	ldr	r2, [pc, #52]	@ (8007268 <sys_clock_announce_locked+0xc0>)
 8007232:	4d0c      	ldr	r5, [pc, #48]	@ (8007264 <sys_clock_announce_locked+0xbc>)
 8007234:	6828      	ldr	r0, [r5, #0]
 8007236:	6813      	ldr	r3, [r2, #0]
 8007238:	6851      	ldr	r1, [r2, #4]
 800723a:	181b      	adds	r3, r3, r0
 800723c:	eb41 71e0 	adc.w	r1, r1, r0, asr #31
 8007240:	6013      	str	r3, [r2, #0]
 8007242:	6051      	str	r1, [r2, #4]
	announce_remaining = 0;
 8007244:	2400      	movs	r4, #0
 8007246:	602c      	str	r4, [r5, #0]

	sys_clock_set_timeout(next_timeout(0), false);
 8007248:	4620      	mov	r0, r4
 800724a:	f003 f9b6 	bl	800a5ba <next_timeout>
 800724e:	4621      	mov	r1, r4
 8007250:	f7fe fb3c 	bl	80058cc <sys_clock_set_timeout>
  __ASM volatile ("MSR basepri, %0" : : "r" (basePri) : "memory");
 8007254:	f386 8811 	msr	BASEPRI, r6
 8007258:	f3bf 8f6f 	isb	sy

	k_spin_unlock(&timeout_lock, key);

#ifdef CONFIG_TIMESLICING
	z_time_slice();
 800725c:	f7ff fe92 	bl	8006f84 <z_time_slice>
#endif /* CONFIG_TIMESLICING */
}
 8007260:	bd70      	pop	{r4, r5, r6, pc}
 8007262:	bf00      	nop
 8007264:	20001650 	.word	0x20001650
 8007268:	200014a0 	.word	0x200014a0

0800726c <sys_clock_tick_get>:
	k_spin_unlock(&timeout_lock, key);
}
#endif

int64_t sys_clock_tick_get(void)
{
 800726c:	b510      	push	{r4, lr}
	uint64_t t = 0U;

	K_SPINLOCK(&timeout_lock) {
 800726e:	2200      	movs	r2, #0
  __ASM volatile ("MRS %0, basepri" : "=r" (result) );
 8007270:	f3ef 8411 	mrs	r4, BASEPRI
  __ASM volatile ("MSR basepri_max, %0" : : "r" (basePri) : "memory");
 8007274:	2310      	movs	r3, #16
 8007276:	f383 8812 	msr	BASEPRI_MAX, r3
 800727a:	f3bf 8f6f 	isb	sy
	uint64_t t = 0U;
 800727e:	4613      	mov	r3, r2
 8007280:	4611      	mov	r1, r2
 8007282:	e00c      	b.n	800729e <sys_clock_tick_get+0x32>
		t = curr_tick + elapsed();
 8007284:	f7ff feea 	bl	800705c <elapsed>
 8007288:	4a07      	ldr	r2, [pc, #28]	@ (80072a8 <sys_clock_tick_get+0x3c>)
 800728a:	6813      	ldr	r3, [r2, #0]
 800728c:	6851      	ldr	r1, [r2, #4]
 800728e:	18c3      	adds	r3, r0, r3
 8007290:	eb41 71e0 	adc.w	r1, r1, r0, asr #31
  __ASM volatile ("MSR basepri, %0" : : "r" (basePri) : "memory");
 8007294:	f384 8811 	msr	BASEPRI, r4
 8007298:	f3bf 8f6f 	isb	sy
	K_SPINLOCK(&timeout_lock) {
 800729c:	2201      	movs	r2, #1
 800729e:	2a00      	cmp	r2, #0
 80072a0:	d0f0      	beq.n	8007284 <sys_clock_tick_get+0x18>
	}
	return t;
}
 80072a2:	4618      	mov	r0, r3
 80072a4:	bd10      	pop	{r4, pc}
 80072a6:	bf00      	nop
 80072a8:	200014a0 	.word	0x200014a0

080072ac <z_timer_expiration_handler>:
  __ASM volatile ("MRS %0, basepri" : "=r" (result) );
 80072ac:	f3ef 8311 	mrs	r3, BASEPRI
  __ASM volatile ("MSR basepri_max, %0" : : "r" (basePri) : "memory");
 80072b0:	2210      	movs	r2, #16
 80072b2:	f382 8812 	msr	BASEPRI_MAX, r2
 80072b6:	f3bf 8f6f 	isb	sy
	return (to->dticks != TIMEOUT_DTICKS_ANNOUNCING);
 80072ba:	6901      	ldr	r1, [r0, #16]
 80072bc:	6942      	ldr	r2, [r0, #20]
{
	struct k_timer *timer = CONTAINER_OF(t, struct k_timer, timeout);
	struct k_thread *thread;
	k_spinlock_key_t key = k_spin_lock(&lock);

	if (z_is_timeout_handler_canceled(t)) {
 80072be:	f1b2 4f00 	cmp.w	r2, #2147483648	@ 0x80000000
 80072c2:	bf08      	it	eq
 80072c4:	2901      	cmpeq	r1, #1
 80072c6:	d004      	beq.n	80072d2 <z_timer_expiration_handler+0x26>
  __ASM volatile ("MSR basepri, %0" : : "r" (basePri) : "memory");
 80072c8:	f383 8811 	msr	BASEPRI, r3
 80072cc:	f3bf 8f6f 	isb	sy
		k_spin_unlock(&lock, key);
		return;
 80072d0:	4770      	bx	lr
{
 80072d2:	e92d 41f0 	stmdb	sp!, {r4, r5, r6, r7, r8, lr}
 80072d6:	4604      	mov	r4, r0
 80072d8:	461d      	mov	r5, r3

	/*
	 * if the timer is periodic, start it again; don't add _TICK_ALIGN
	 * since we're already aligned to a tick boundary
	 */
	if (!K_TIMEOUT_EQ(timer->period, K_NO_WAIT) &&
 80072da:	6a86      	ldr	r6, [r0, #40]	@ 0x28
 80072dc:	6ac2      	ldr	r2, [r0, #44]	@ 0x2c
 80072de:	ea56 0102 	orrs.w	r1, r6, r2
 80072e2:	d005      	beq.n	80072f0 <z_timer_expiration_handler+0x44>
 80072e4:	f1b2 3fff 	cmp.w	r2, #4294967295
 80072e8:	bf08      	it	eq
 80072ea:	f1b6 3fff 	cmpeq.w	r6, #4294967295
 80072ee:	d127      	bne.n	8007340 <z_timer_expiration_handler+0x94>
		z_add_timeout(&timer->timeout, z_timer_expiration_handler,
			      next);
	}

	/* update timer's status */
	timer->status += 1U;
 80072f0:	6b23      	ldr	r3, [r4, #48]	@ 0x30
 80072f2:	3301      	adds	r3, #1
 80072f4:	6323      	str	r3, [r4, #48]	@ 0x30

	z_timer_observer_on_expiry(timer);

	/* invoke timer expiry function */
	if (timer->expiry_fn != NULL) {
 80072f6:	6a23      	ldr	r3, [r4, #32]
 80072f8:	b163      	cbz	r3, 8007314 <z_timer_expiration_handler+0x68>
 80072fa:	f385 8811 	msr	BASEPRI, r5
 80072fe:	f3bf 8f6f 	isb	sy
		/* Unlock for user handler. */
		k_spin_unlock(&lock, key);

		SYS_PORT_TRACING_OBJ_FUNC_ENTER(k_timer, expiry, timer);

		expiry_fn(timer);
 8007302:	4620      	mov	r0, r4
 8007304:	4798      	blx	r3
  __ASM volatile ("MRS %0, basepri" : "=r" (result) );
 8007306:	f3ef 8511 	mrs	r5, BASEPRI
  __ASM volatile ("MSR basepri_max, %0" : : "r" (basePri) : "memory");
 800730a:	2310      	movs	r3, #16
 800730c:	f383 8812 	msr	BASEPRI_MAX, r3
 8007310:	f3bf 8f6f 	isb	sy
}

static inline struct k_thread *z_waitq_head(_wait_q_t *w)
{
	return (struct k_thread *)sys_dlist_peek_head(&w->waitq);
 8007314:	f104 0318 	add.w	r3, r4, #24
	return list->head == list;
 8007318:	69a4      	ldr	r4, [r4, #24]
	return sys_dlist_is_empty(list) ? NULL : list->head;
 800731a:	42a3      	cmp	r3, r4
 800731c:	d051      	beq.n	80073c2 <z_timer_expiration_handler+0x116>
		return;
	}

	thread = z_waitq_head(&timer->wait_q);

	if (thread == NULL) {
 800731e:	2c00      	cmp	r4, #0
 8007320:	d04f      	beq.n	80073c2 <z_timer_expiration_handler+0x116>
		k_spin_unlock(&lock, key);
		return;
	}

	z_unpend_thread_no_timeout(thread);
 8007322:	4620      	mov	r0, r4
 8007324:	f003 f8b4 	bl	800a490 <z_unpend_thread_no_timeout>
	thread->arch.swap_return_value = value;
 8007328:	2300      	movs	r3, #0
 800732a:	f8c4 30ac 	str.w	r3, [r4, #172]	@ 0xac
  __ASM volatile ("MSR basepri, %0" : : "r" (basePri) : "memory");
 800732e:	f385 8811 	msr	BASEPRI, r5
 8007332:	f3bf 8f6f 	isb	sy

	arch_thread_return_value_set(thread, 0);

	k_spin_unlock(&lock, key);

	z_ready_thread(thread);
 8007336:	4620      	mov	r0, r4
 8007338:	f003 f88f 	bl	800a45a <z_ready_thread>
}
 800733c:	e8bd 81f0 	ldmia.w	sp!, {r4, r5, r6, r7, r8, pc}
		next.ticks = max(next.ticks - 1, 0);
 8007340:	3e01      	subs	r6, #1
 8007342:	f142 32ff 	adc.w	r2, r2, #4294967295
 8007346:	4617      	mov	r7, r2
 8007348:	2a00      	cmp	r2, #0
 800734a:	db14      	blt.n	8007376 <z_timer_expiration_handler+0xca>
	return z_impl_k_uptime_ticks();
 800734c:	f003 f993 	bl	800a676 <z_impl_k_uptime_ticks>
		next = K_TIMEOUT_ABS_TICKS(k_uptime_ticks() + 1 + next.ticks);
 8007350:	3001      	adds	r0, #1
 8007352:	f141 0100 	adc.w	r1, r1, #0
 8007356:	1980      	adds	r0, r0, r6
 8007358:	eb41 0107 	adc.w	r1, r1, r7
 800735c:	2801      	cmp	r0, #1
 800735e:	f171 0100 	sbcs.w	r1, r1, #0
 8007362:	da0b      	bge.n	800737c <z_timer_expiration_handler+0xd0>
 8007364:	f06f 0201 	mvn.w	r2, #1
 8007368:	f04f 33ff 	mov.w	r3, #4294967295
		z_add_timeout(&timer->timeout, z_timer_expiration_handler,
 800736c:	4917      	ldr	r1, [pc, #92]	@ (80073cc <z_timer_expiration_handler+0x120>)
 800736e:	4620      	mov	r0, r4
 8007370:	f7ff fe80 	bl	8007074 <z_add_timeout>
 8007374:	e7bc      	b.n	80072f0 <z_timer_expiration_handler+0x44>
		next.ticks = max(next.ticks - 1, 0);
 8007376:	2600      	movs	r6, #0
 8007378:	4637      	mov	r7, r6
 800737a:	e7e7      	b.n	800734c <z_timer_expiration_handler+0xa0>
 800737c:	f003 f97b 	bl	800a676 <z_impl_k_uptime_ticks>
		next = K_TIMEOUT_ABS_TICKS(k_uptime_ticks() + 1 + next.ticks);
 8007380:	3001      	adds	r0, #1
 8007382:	f141 0100 	adc.w	r1, r1, #0
 8007386:	1980      	adds	r0, r0, r6
 8007388:	eb41 0107 	adc.w	r1, r1, r7
 800738c:	f06f 0302 	mvn.w	r3, #2
 8007390:	4283      	cmp	r3, r0
 8007392:	f06f 4300 	mvn.w	r3, #2147483648	@ 0x80000000
 8007396:	418b      	sbcs	r3, r1
 8007398:	da03      	bge.n	80073a2 <z_timer_expiration_handler+0xf6>
 800739a:	2200      	movs	r2, #0
 800739c:	f04f 4300 	mov.w	r3, #2147483648	@ 0x80000000
 80073a0:	e7e4      	b.n	800736c <z_timer_expiration_handler+0xc0>
 80073a2:	f003 f968 	bl	800a676 <z_impl_k_uptime_ticks>
 80073a6:	3001      	adds	r0, #1
 80073a8:	f141 0300 	adc.w	r3, r1, #0
 80073ac:	1980      	adds	r0, r0, r6
 80073ae:	eb43 0307 	adc.w	r3, r3, r7
 80073b2:	f06f 0201 	mvn.w	r2, #1
 80073b6:	1a12      	subs	r2, r2, r0
 80073b8:	f04f 31ff 	mov.w	r1, #4294967295
 80073bc:	eb61 0303 	sbc.w	r3, r1, r3
 80073c0:	e7d4      	b.n	800736c <z_timer_expiration_handler+0xc0>
 80073c2:	f385 8811 	msr	BASEPRI, r5
 80073c6:	f3bf 8f6f 	isb	sy
		return;
 80073ca:	e7b7      	b.n	800733c <z_timer_expiration_handler+0x90>
 80073cc:	080072ad 	.word	0x080072ad

080073d0 <z_impl_k_timer_start>:
}


void z_impl_k_timer_start(struct k_timer *timer, k_timeout_t duration,
			  k_timeout_t period)
{
 80073d0:	b5f8      	push	{r3, r4, r5, r6, r7, lr}
 80073d2:	461c      	mov	r4, r3
  __ASM volatile ("MRS %0, basepri" : "=r" (result) );
 80073d4:	f3ef 8711 	mrs	r7, BASEPRI
  __ASM volatile ("MSR basepri_max, %0" : : "r" (basePri) : "memory");
 80073d8:	2310      	movs	r3, #16
 80073da:	f383 8812 	msr	BASEPRI_MAX, r3
 80073de:	f3bf 8f6f 	isb	sy
	 * since k_timer_start can be preempted, especially for the same
	 * timer instance.
	 */
	k_spinlock_key_t key = k_spin_lock(&lock);

	if (K_TIMEOUT_EQ(duration, K_FOREVER)) {
 80073e2:	f1b4 3fff 	cmp.w	r4, #4294967295
 80073e6:	bf08      	it	eq
 80073e8:	f1b2 3fff 	cmpeq.w	r2, #4294967295
 80073ec:	d023      	beq.n	8007436 <z_impl_k_timer_start+0x66>
 80073ee:	4606      	mov	r6, r0
 80073f0:	4615      	mov	r5, r2
	 * for backwards compatibility.  This is unfortunate
	 * (i.e. k_timer_start() doesn't treat its initial sleep
	 * argument the same way k_sleep() does), but historical.  The
	 * timer_api test relies on this behavior.
	 */
	if (Z_IS_TIMEOUT_RELATIVE(duration)) {
 80073f2:	2c00      	cmp	r4, #0
 80073f4:	db0b      	blt.n	800740e <z_impl_k_timer_start+0x3e>
		/* For the duration == K_NO_WAIT case, ensure that behaviour
		 * is consistent for both 32-bit k_ticks_t which are unsigned
		 * and 64-bit k_ticks_t which are signed.
		 */
		duration.ticks = max(1, duration.ticks);
 80073f6:	4613      	mov	r3, r2
 80073f8:	4621      	mov	r1, r4
 80073fa:	2a01      	cmp	r2, #1
 80073fc:	f174 0400 	sbcs.w	r4, r4, #0
 8007400:	da01      	bge.n	8007406 <z_impl_k_timer_start+0x36>
 8007402:	2301      	movs	r3, #1
 8007404:	2100      	movs	r1, #0
		duration.ticks = duration.ticks - 1;
 8007406:	1e5a      	subs	r2, r3, #1
 8007408:	4615      	mov	r5, r2
 800740a:	f141 34ff 	adc.w	r4, r1, #4294967295
	}

	(void)z_abort_timeout(&timer->timeout);
 800740e:	4630      	mov	r0, r6
 8007410:	f003 f8ee 	bl	800a5f0 <z_abort_timeout>
	timer->period = period;
 8007414:	e9dd 2306 	ldrd	r2, r3, [sp, #24]
 8007418:	e9c6 230a 	strd	r2, r3, [r6, #40]	@ 0x28
	timer->status = 0U;
 800741c:	2300      	movs	r3, #0
 800741e:	6333      	str	r3, [r6, #48]	@ 0x30

	z_add_timeout(&timer->timeout, z_timer_expiration_handler,
 8007420:	462a      	mov	r2, r5
 8007422:	4623      	mov	r3, r4
 8007424:	4906      	ldr	r1, [pc, #24]	@ (8007440 <z_impl_k_timer_start+0x70>)
 8007426:	4630      	mov	r0, r6
 8007428:	f7ff fe24 	bl	8007074 <z_add_timeout>
  __ASM volatile ("MSR basepri, %0" : : "r" (basePri) : "memory");
 800742c:	f387 8811 	msr	BASEPRI, r7
 8007430:	f3bf 8f6f 	isb	sy
		     duration);

	z_timer_observer_on_start(timer, duration, period);

	k_spin_unlock(&lock, key);
}
 8007434:	bdf8      	pop	{r3, r4, r5, r6, r7, pc}
 8007436:	f387 8811 	msr	BASEPRI, r7
 800743a:	f3bf 8f6f 	isb	sy
		return;
 800743e:	e7f9      	b.n	8007434 <z_impl_k_timer_start+0x64>
 8007440:	080072ad 	.word	0x080072ad

08007444 <z_impl_k_timer_stop>:
}
#include <zephyr/syscalls/k_timer_start_mrsh.c>
#endif /* CONFIG_USERSPACE */

void z_impl_k_timer_stop(struct k_timer *timer)
{
 8007444:	b570      	push	{r4, r5, r6, lr}
 8007446:	4604      	mov	r4, r0
  __ASM volatile ("MRS %0, basepri" : "=r" (result) );
 8007448:	f3ef 8611 	mrs	r6, BASEPRI
  __ASM volatile ("MSR basepri_max, %0" : : "r" (basePri) : "memory");
 800744c:	2310      	movs	r3, #16
 800744e:	f383 8812 	msr	BASEPRI_MAX, r3
 8007452:	f3bf 8f6f 	isb	sy
	SYS_PORT_TRACING_OBJ_FUNC(k_timer, stop, timer);

	k_spinlock_key_t key = k_spin_lock(&lock);

	bool inactive = (z_abort_timeout(&timer->timeout) != 0);
 8007456:	f003 f8cb 	bl	800a5f0 <z_abort_timeout>

	if (inactive) {
 800745a:	b9e0      	cbnz	r0, 8007496 <z_impl_k_timer_stop+0x52>
 800745c:	4635      	mov	r5, r6
		return;
	}

	z_timer_observer_on_stop(timer);

	if (timer->stop_fn != NULL) {
 800745e:	6a63      	ldr	r3, [r4, #36]	@ 0x24
 8007460:	b16b      	cbz	r3, 800747e <z_impl_k_timer_stop+0x3a>
  __ASM volatile ("MSR basepri, %0" : : "r" (basePri) : "memory");
 8007462:	f386 8811 	msr	BASEPRI, r6
 8007466:	f3bf 8f6f 	isb	sy
		SYS_PORT_TRACING_OBJ_FUNC_ENTER(k_timer, stop_fn_expiry, timer);
		k_spin_unlock(&lock, key);

		timer->stop_fn(timer);
 800746a:	6a63      	ldr	r3, [r4, #36]	@ 0x24
 800746c:	4620      	mov	r0, r4
 800746e:	4798      	blx	r3
  __ASM volatile ("MRS %0, basepri" : "=r" (result) );
 8007470:	f3ef 8511 	mrs	r5, BASEPRI
  __ASM volatile ("MSR basepri_max, %0" : : "r" (basePri) : "memory");
 8007474:	2310      	movs	r3, #16
 8007476:	f383 8812 	msr	BASEPRI_MAX, r3
 800747a:	f3bf 8f6f 	isb	sy
		k_spin_unlock(&lock, key);
		return;

	}

	struct k_thread *pending_thread = z_unpend1_no_timeout(&timer->wait_q);
 800747e:	f104 0018 	add.w	r0, r4, #24
 8007482:	f003 f856 	bl	800a532 <z_unpend1_no_timeout>

	if (pending_thread != NULL) {
 8007486:	b158      	cbz	r0, 80074a0 <z_impl_k_timer_stop+0x5c>
		z_ready_thread(pending_thread);
 8007488:	f002 ffe7 	bl	800a45a <z_ready_thread>
		z_reschedule(&lock, key);
 800748c:	4629      	mov	r1, r5
 800748e:	4807      	ldr	r0, [pc, #28]	@ (80074ac <z_impl_k_timer_stop+0x68>)
 8007490:	f003 f874 	bl	800a57c <z_reschedule>
	} else {
		k_spin_unlock(&lock, key);
	}
}
 8007494:	bd70      	pop	{r4, r5, r6, pc}
  __ASM volatile ("MSR basepri, %0" : : "r" (basePri) : "memory");
 8007496:	f386 8811 	msr	BASEPRI, r6
 800749a:	f3bf 8f6f 	isb	sy
		return;
 800749e:	e7f9      	b.n	8007494 <z_impl_k_timer_stop+0x50>
 80074a0:	f385 8811 	msr	BASEPRI, r5
 80074a4:	f3bf 8f6f 	isb	sy
 80074a8:	e7f4      	b.n	8007494 <z_impl_k_timer_stop+0x50>
 80074aa:	bf00      	nop
 80074ac:	20001654 	.word	0x20001654

080074b0 <boot_banner>:
#define BANNER_VERSION KERNEL_VERSION_STRING
#endif /* BUILD_VERSION */
#endif /* !BANNER_VERSION */

void boot_banner(void)
{
 80074b0:	b508      	push	{r3, lr}
	  */
	printk("\x1b[3J\x1b[2J\x1b[H");
#endif /* CONFIG_BOOT_CLEAR_SCREEN */

#ifdef CONFIG_BOOT_BANNER
	printk("*** " CONFIG_BOOT_BANNER_STRING " " BANNER_VERSION BANNER_POSTFIX " ***\n");
 80074b2:	4802      	ldr	r0, [pc, #8]	@ (80074bc <boot_banner+0xc>)
 80074b4:	f001 f88e 	bl	80085d4 <printk>
#endif /* CONFIG_BOOT_BANNER */
}
 80074b8:	bd08      	pop	{r3, pc}
 80074ba:	bf00      	nop
 80074bc:	0800bfc0 	.word	0x0800bfc0

080074c0 <statics_init>:

	SYS_PORT_TRACING_OBJ_INIT(k_heap, heap);
}

static int statics_init(void)
{
 80074c0:	b510      	push	{r4, lr}
	STRUCT_SECTION_FOREACH(k_heap, heap) {
 80074c2:	4c06      	ldr	r4, [pc, #24]	@ (80074dc <statics_init+0x1c>)
 80074c4:	e005      	b.n	80074d2 <statics_init+0x12>
		}

		if (do_clear)
#endif /* CONFIG_DEMAND_PAGING && !CONFIG_LINKER_GENERIC_SECTIONS_PRESENT_AT_BOOT */
		{
			k_heap_init(heap, heap->heap.init_mem, heap->heap.init_bytes);
 80074c6:	68a2      	ldr	r2, [r4, #8]
 80074c8:	6861      	ldr	r1, [r4, #4]
 80074ca:	4620      	mov	r0, r4
 80074cc:	f003 f8e6 	bl	800a69c <k_heap_init>
	STRUCT_SECTION_FOREACH(k_heap, heap) {
 80074d0:	3414      	adds	r4, #20
 80074d2:	4b03      	ldr	r3, [pc, #12]	@ (80074e0 <statics_init+0x20>)
 80074d4:	429c      	cmp	r4, r3
 80074d6:	d3f6      	bcc.n	80074c6 <statics_init+0x6>
		}
	}
	return 0;
}
 80074d8:	2000      	movs	r0, #0
 80074da:	bd10      	pop	{r4, pc}
 80074dc:	20000178 	.word	0x20000178
 80074e0:	20000178 	.word	0x20000178

080074e4 <memset>:
 80074e4:	b570      	push	{r4, r5, r6, lr}
 80074e6:	0786      	lsls	r6, r0, #30
 80074e8:	d04f      	beq.n	800758a <memset+0xa6>
 80074ea:	1884      	adds	r4, r0, r2
 80074ec:	4684      	mov	ip, r0
 80074ee:	e004      	b.n	80074fa <memset+0x16>
 80074f0:	f803 1b01 	strb.w	r1, [r3], #1
 80074f4:	079d      	lsls	r5, r3, #30
 80074f6:	d004      	beq.n	8007502 <memset+0x1e>
 80074f8:	469c      	mov	ip, r3
 80074fa:	4564      	cmp	r4, ip
 80074fc:	4663      	mov	r3, ip
 80074fe:	d1f7      	bne.n	80074f0 <memset+0xc>
 8007500:	bd70      	pop	{r4, r5, r6, pc}
 8007502:	3a01      	subs	r2, #1
 8007504:	4402      	add	r2, r0
 8007506:	eba2 020c 	sub.w	r2, r2, ip
 800750a:	2a03      	cmp	r2, #3
 800750c:	d92f      	bls.n	800756e <memset+0x8a>
 800750e:	b2cc      	uxtb	r4, r1
 8007510:	eb04 2404 	add.w	r4, r4, r4, lsl #8
 8007514:	2a0f      	cmp	r2, #15
 8007516:	eb04 4404 	add.w	r4, r4, r4, lsl #16
 800751a:	d938      	bls.n	800758e <memset+0xaa>
 800751c:	f1a2 0610 	sub.w	r6, r2, #16
 8007520:	0935      	lsrs	r5, r6, #4
 8007522:	3501      	adds	r5, #1
 8007524:	469c      	mov	ip, r3
 8007526:	f04f 0e00 	mov.w	lr, #0
 800752a:	f10e 0e01 	add.w	lr, lr, #1
 800752e:	45ae      	cmp	lr, r5
 8007530:	e9cc 4400 	strd	r4, r4, [ip]
 8007534:	e9cc 4402 	strd	r4, r4, [ip, #8]
 8007538:	f10c 0c10 	add.w	ip, ip, #16
 800753c:	d3f5      	bcc.n	800752a <memset+0x46>
 800753e:	f026 060f 	bic.w	r6, r6, #15
 8007542:	3310      	adds	r3, #16
 8007544:	f012 0f0c 	tst.w	r2, #12
 8007548:	4433      	add	r3, r6
 800754a:	f002 050f 	and.w	r5, r2, #15
 800754e:	d01a      	beq.n	8007586 <memset+0xa2>
 8007550:	1f2a      	subs	r2, r5, #4
 8007552:	2a03      	cmp	r2, #3
 8007554:	601c      	str	r4, [r3, #0]
 8007556:	d905      	bls.n	8007564 <memset+0x80>
 8007558:	f1a5 0208 	sub.w	r2, r5, #8
 800755c:	2a03      	cmp	r2, #3
 800755e:	605c      	str	r4, [r3, #4]
 8007560:	bf88      	it	hi
 8007562:	609c      	strhi	r4, [r3, #8]
 8007564:	f005 0203 	and.w	r2, r5, #3
 8007568:	f025 0503 	bic.w	r5, r5, #3
 800756c:	442b      	add	r3, r5
 800756e:	1e54      	subs	r4, r2, #1
 8007570:	2a00      	cmp	r2, #0
 8007572:	d0c5      	beq.n	8007500 <memset+0x1c>
 8007574:	b2c9      	uxtb	r1, r1
 8007576:	7019      	strb	r1, [r3, #0]
 8007578:	2c00      	cmp	r4, #0
 800757a:	d0c1      	beq.n	8007500 <memset+0x1c>
 800757c:	2c01      	cmp	r4, #1
 800757e:	7059      	strb	r1, [r3, #1]
 8007580:	bf18      	it	ne
 8007582:	7099      	strbne	r1, [r3, #2]
 8007584:	bd70      	pop	{r4, r5, r6, pc}
 8007586:	462a      	mov	r2, r5
 8007588:	e7f1      	b.n	800756e <memset+0x8a>
 800758a:	4603      	mov	r3, r0
 800758c:	e7bd      	b.n	800750a <memset+0x26>
 800758e:	4615      	mov	r5, r2
 8007590:	e7de      	b.n	8007550 <memset+0x6c>
 8007592:	bf00      	nop

08007594 <strncpy>:
 8007594:	b538      	push	{r3, r4, r5, lr}
 8007596:	ea40 0301 	orr.w	r3, r0, r1
 800759a:	079b      	lsls	r3, r3, #30
 800759c:	4604      	mov	r4, r0
 800759e:	d122      	bne.n	80075e6 <strncpy+0x52>
 80075a0:	2a03      	cmp	r2, #3
 80075a2:	d920      	bls.n	80075e6 <strncpy+0x52>
 80075a4:	468c      	mov	ip, r1
 80075a6:	f8dc 5000 	ldr.w	r5, [ip]
 80075aa:	f1a5 3301 	sub.w	r3, r5, #16843009	@ 0x1010101
 80075ae:	ea23 0305 	bic.w	r3, r3, r5
 80075b2:	f013 3f80 	tst.w	r3, #2155905152	@ 0x80808080
 80075b6:	4661      	mov	r1, ip
 80075b8:	f10c 0c04 	add.w	ip, ip, #4
 80075bc:	d114      	bne.n	80075e8 <strncpy+0x54>
 80075be:	3a04      	subs	r2, #4
 80075c0:	2a03      	cmp	r2, #3
 80075c2:	f840 5b04 	str.w	r5, [r0], #4
 80075c6:	d8ee      	bhi.n	80075a6 <strncpy+0x12>
 80075c8:	4661      	mov	r1, ip
 80075ca:	1e4b      	subs	r3, r1, #1
 80075cc:	b14a      	cbz	r2, 80075e2 <strncpy+0x4e>
 80075ce:	f813 1f01 	ldrb.w	r1, [r3, #1]!
 80075d2:	f800 1b01 	strb.w	r1, [r0], #1
 80075d6:	3a01      	subs	r2, #1
 80075d8:	2900      	cmp	r1, #0
 80075da:	d1f7      	bne.n	80075cc <strncpy+0x38>
 80075dc:	b10a      	cbz	r2, 80075e2 <strncpy+0x4e>
 80075de:	f7ff ff81 	bl	80074e4 <memset>
 80075e2:	4620      	mov	r0, r4
 80075e4:	bd38      	pop	{r3, r4, r5, pc}
 80075e6:	4620      	mov	r0, r4
 80075e8:	1e4b      	subs	r3, r1, #1
 80075ea:	e7ef      	b.n	80075cc <strncpy+0x38>

080075ec <strnlen>:
 80075ec:	b171      	cbz	r1, 800760c <strnlen+0x20>
 80075ee:	4603      	mov	r3, r0
 80075f0:	eb01 0c00 	add.w	ip, r1, r0
 80075f4:	e001      	b.n	80075fa <strnlen+0xe>
 80075f6:	4563      	cmp	r3, ip
 80075f8:	d006      	beq.n	8007608 <strnlen+0x1c>
 80075fa:	461a      	mov	r2, r3
 80075fc:	3301      	adds	r3, #1
 80075fe:	7811      	ldrb	r1, [r2, #0]
 8007600:	2900      	cmp	r1, #0
 8007602:	d1f8      	bne.n	80075f6 <strnlen+0xa>
 8007604:	1a10      	subs	r0, r2, r0
 8007606:	4770      	bx	lr
 8007608:	1a18      	subs	r0, r3, r0
 800760a:	4770      	bx	lr
 800760c:	4608      	mov	r0, r1
 800760e:	4770      	bx	lr

08007610 <snprintf>:
 8007610:	b40c      	push	{r2, r3}
 8007612:	b530      	push	{r4, r5, lr}
 8007614:	b08b      	sub	sp, #44	@ 0x2c
 8007616:	460d      	mov	r5, r1
 8007618:	2220      	movs	r2, #32
 800761a:	4604      	mov	r4, r0
 800761c:	2100      	movs	r1, #0
 800761e:	a802      	add	r0, sp, #8
 8007620:	f7ff ff60 	bl	80074e4 <memset>
 8007624:	4b13      	ldr	r3, [pc, #76]	@ (8007674 <snprintf+0x64>)
 8007626:	9303      	str	r3, [sp, #12]
 8007628:	2202      	movs	r2, #2
 800762a:	2d00      	cmp	r5, #0
 800762c:	f88d 200a 	strb.w	r2, [sp, #10]
 8007630:	9406      	str	r4, [sp, #24]
 8007632:	db1d      	blt.n	8007670 <snprintf+0x60>
 8007634:	d010      	beq.n	8007658 <snprintf+0x48>
 8007636:	3d01      	subs	r5, #1
 8007638:	442c      	add	r4, r5
 800763a:	aa0f      	add	r2, sp, #60	@ 0x3c
 800763c:	990e      	ldr	r1, [sp, #56]	@ 0x38
 800763e:	9201      	str	r2, [sp, #4]
 8007640:	a802      	add	r0, sp, #8
 8007642:	9407      	str	r4, [sp, #28]
 8007644:	f000 f896 	bl	8007774 <__l_vfprintf>
 8007648:	9b06      	ldr	r3, [sp, #24]
 800764a:	2200      	movs	r2, #0
 800764c:	701a      	strb	r2, [r3, #0]
 800764e:	b00b      	add	sp, #44	@ 0x2c
 8007650:	e8bd 4030 	ldmia.w	sp!, {r4, r5, lr}
 8007654:	b002      	add	sp, #8
 8007656:	4770      	bx	lr
 8007658:	aa0f      	add	r2, sp, #60	@ 0x3c
 800765a:	990e      	ldr	r1, [sp, #56]	@ 0x38
 800765c:	9407      	str	r4, [sp, #28]
 800765e:	a802      	add	r0, sp, #8
 8007660:	9201      	str	r2, [sp, #4]
 8007662:	f000 f887 	bl	8007774 <__l_vfprintf>
 8007666:	b00b      	add	sp, #44	@ 0x2c
 8007668:	e8bd 4030 	ldmia.w	sp!, {r4, r5, lr}
 800766c:	b002      	add	sp, #8
 800766e:	4770      	bx	lr
 8007670:	2400      	movs	r4, #0
 8007672:	e7e2      	b.n	800763a <snprintf+0x2a>
 8007674:	08008129 	.word	0x08008129

08007678 <__ultoa_invert>:
 8007678:	b570      	push	{r4, r5, r6, lr}
 800767a:	f003 051f 	and.w	r5, r3, #31
 800767e:	2d08      	cmp	r5, #8
 8007680:	4684      	mov	ip, r0
 8007682:	468e      	mov	lr, r1
 8007684:	d065      	beq.n	8007752 <__ultoa_invert+0xda>
 8007686:	f1c3 0337 	rsb	r3, r3, #55	@ 0x37
 800768a:	2d10      	cmp	r5, #16
 800768c:	b2dc      	uxtb	r4, r3
 800768e:	4610      	mov	r0, r2
 8007690:	d044      	beq.n	800771c <__ultoa_invert+0xa4>
 8007692:	ea4f 039c 	mov.w	r3, ip, lsr #2
 8007696:	ea4f 025c 	mov.w	r2, ip, lsr #1
 800769a:	ea43 738e 	orr.w	r3, r3, lr, lsl #30
 800769e:	ea42 72ce 	orr.w	r2, r2, lr, lsl #31
 80076a2:	189a      	adds	r2, r3, r2
 80076a4:	ea4f 015e 	mov.w	r1, lr, lsr #1
 80076a8:	eb41 019e 	adc.w	r1, r1, lr, lsr #2
 80076ac:	0913      	lsrs	r3, r2, #4
 80076ae:	ea43 7301 	orr.w	r3, r3, r1, lsl #28
 80076b2:	189a      	adds	r2, r3, r2
 80076b4:	eb41 1111 	adc.w	r1, r1, r1, lsr #4
 80076b8:	0a13      	lsrs	r3, r2, #8
 80076ba:	ea43 6301 	orr.w	r3, r3, r1, lsl #24
 80076be:	189a      	adds	r2, r3, r2
 80076c0:	eb41 2111 	adc.w	r1, r1, r1, lsr #8
 80076c4:	0c13      	lsrs	r3, r2, #16
 80076c6:	ea43 4301 	orr.w	r3, r3, r1, lsl #16
 80076ca:	189b      	adds	r3, r3, r2
 80076cc:	eb41 4111 	adc.w	r1, r1, r1, lsr #16
 80076d0:	18cb      	adds	r3, r1, r3
 80076d2:	fa5f f28c 	uxtb.w	r2, ip
 80076d6:	f141 0100 	adc.w	r1, r1, #0
 80076da:	ea4f 0cd3 	mov.w	ip, r3, lsr #3
 80076de:	ea4c 7c41 	orr.w	ip, ip, r1, lsl #29
 80076e2:	eb0c 038c 	add.w	r3, ip, ip, lsl #2
 80076e6:	eba2 0343 	sub.w	r3, r2, r3, lsl #1
 80076ea:	b2db      	uxtb	r3, r3
 80076ec:	f1a3 020a 	sub.w	r2, r3, #10
 80076f0:	b2d2      	uxtb	r2, r2
 80076f2:	18a5      	adds	r5, r4, r2
 80076f4:	2b09      	cmp	r3, #9
 80076f6:	f103 0630 	add.w	r6, r3, #48	@ 0x30
 80076fa:	ea4f 0ed1 	mov.w	lr, r1, lsr #3
 80076fe:	f105 0530 	add.w	r5, r5, #48	@ 0x30
 8007702:	d920      	bls.n	8007746 <__ultoa_invert+0xce>
 8007704:	f11c 0c01 	adds.w	ip, ip, #1
 8007708:	f14e 0e00 	adc.w	lr, lr, #0
 800770c:	2a09      	cmp	r2, #9
 800770e:	bf9a      	itte	ls
 8007710:	3326      	addls	r3, #38	@ 0x26
 8007712:	f800 3b01 	strbls.w	r3, [r0], #1
 8007716:	f800 5b01 	strbhi.w	r5, [r0], #1
 800771a:	e7ba      	b.n	8007692 <__ultoa_invert+0x1a>
 800771c:	f00c 030f 	and.w	r3, ip, #15
 8007720:	2b09      	cmp	r3, #9
 8007722:	bf88      	it	hi
 8007724:	191b      	addhi	r3, r3, r4
 8007726:	ea4f 121c 	mov.w	r2, ip, lsr #4
 800772a:	ea42 720e 	orr.w	r2, r2, lr, lsl #28
 800772e:	ea4f 111e 	mov.w	r1, lr, lsr #4
 8007732:	bf88      	it	hi
 8007734:	b2db      	uxtbhi	r3, r3
 8007736:	4694      	mov	ip, r2
 8007738:	3330      	adds	r3, #48	@ 0x30
 800773a:	430a      	orrs	r2, r1
 800773c:	f800 3b01 	strb.w	r3, [r0], #1
 8007740:	468e      	mov	lr, r1
 8007742:	d1eb      	bne.n	800771c <__ultoa_invert+0xa4>
 8007744:	bd70      	pop	{r4, r5, r6, pc}
 8007746:	ea5c 030e 	orrs.w	r3, ip, lr
 800774a:	f800 6b01 	strb.w	r6, [r0], #1
 800774e:	d1a0      	bne.n	8007692 <__ultoa_invert+0x1a>
 8007750:	bd70      	pop	{r4, r5, r6, pc}
 8007752:	4610      	mov	r0, r2
 8007754:	f00c 0307 	and.w	r3, ip, #7
 8007758:	ea4f 0cdc 	mov.w	ip, ip, lsr #3
 800775c:	ea4c 7c4e 	orr.w	ip, ip, lr, lsl #29
 8007760:	3330      	adds	r3, #48	@ 0x30
 8007762:	ea4f 0ede 	mov.w	lr, lr, lsr #3
 8007766:	f800 3b01 	strb.w	r3, [r0], #1
 800776a:	ea5c 030e 	orrs.w	r3, ip, lr
 800776e:	d1f1      	bne.n	8007754 <__ultoa_invert+0xdc>
 8007770:	bd70      	pop	{r4, r5, r6, pc}
 8007772:	bf00      	nop

08007774 <__l_vfprintf>:
 8007774:	e92d 4ff0 	stmdb	sp!, {r4, r5, r6, r7, r8, r9, sl, fp, lr}
 8007778:	7883      	ldrb	r3, [r0, #2]
 800777a:	f8d0 9004 	ldr.w	r9, [r0, #4]
 800777e:	079f      	lsls	r7, r3, #30
 8007780:	b08b      	sub	sp, #44	@ 0x2c
 8007782:	f140 8132 	bpl.w	80079ea <__l_vfprintf+0x276>
 8007786:	460b      	mov	r3, r1
 8007788:	4680      	mov	r8, r0
 800778a:	f813 0b01 	ldrb.w	r0, [r3], #1
 800778e:	460c      	mov	r4, r1
 8007790:	2800      	cmp	r0, #0
 8007792:	f000 83d8 	beq.w	8007f46 <__l_vfprintf+0x7d2>
 8007796:	2500      	movs	r5, #0
 8007798:	9200      	str	r2, [sp, #0]
 800779a:	e00d      	b.n	80077b8 <__l_vfprintf+0x44>
 800779c:	461c      	mov	r4, r3
 800779e:	4641      	mov	r1, r8
 80077a0:	47c8      	blx	r9
 80077a2:	2800      	cmp	r0, #0
 80077a4:	f105 0501 	add.w	r5, r5, #1
 80077a8:	f2c0 8119 	blt.w	80079de <__l_vfprintf+0x26a>
 80077ac:	4623      	mov	r3, r4
 80077ae:	f813 0b01 	ldrb.w	r0, [r3], #1
 80077b2:	2800      	cmp	r0, #0
 80077b4:	f000 811b 	beq.w	80079ee <__l_vfprintf+0x27a>
 80077b8:	2825      	cmp	r0, #37	@ 0x25
 80077ba:	d1ef      	bne.n	800779c <__l_vfprintf+0x28>
 80077bc:	7866      	ldrb	r6, [r4, #1]
 80077be:	2e25      	cmp	r6, #37	@ 0x25
 80077c0:	f104 0402 	add.w	r4, r4, #2
 80077c4:	d0eb      	beq.n	800779e <__l_vfprintf+0x2a>
 80077c6:	f04f 0b00 	mov.w	fp, #0
 80077ca:	46da      	mov	sl, fp
 80077cc:	465f      	mov	r7, fp
 80077ce:	2f1f      	cmp	r7, #31
 80077d0:	d95d      	bls.n	800788e <__l_vfprintf+0x11a>
 80077d2:	2f7f      	cmp	r7, #127	@ 0x7f
 80077d4:	f200 808a 	bhi.w	80078ec <__l_vfprintf+0x178>
 80077d8:	f1a6 0330 	sub.w	r3, r6, #48	@ 0x30
 80077dc:	2b09      	cmp	r3, #9
 80077de:	d811      	bhi.n	8007804 <__l_vfprintf+0x90>
 80077e0:	067e      	lsls	r6, r7, #25
 80077e2:	f100 8132 	bmi.w	8007a4a <__l_vfprintf+0x2d6>
 80077e6:	f814 6b01 	ldrb.w	r6, [r4], #1
 80077ea:	eb0a 0a8a 	add.w	sl, sl, sl, lsl #2
 80077ee:	eb03 0a4a 	add.w	sl, r3, sl, lsl #1
 80077f2:	f047 0720 	orr.w	r7, r7, #32
 80077f6:	f1a6 0330 	sub.w	r3, r6, #48	@ 0x30
 80077fa:	2e00      	cmp	r6, #0
 80077fc:	f000 80e1 	beq.w	80079c2 <__l_vfprintf+0x24e>
 8007800:	2b09      	cmp	r3, #9
 8007802:	d9f0      	bls.n	80077e6 <__l_vfprintf+0x72>
 8007804:	2e2a      	cmp	r6, #42	@ 0x2a
 8007806:	f000 810e 	beq.w	8007a26 <__l_vfprintf+0x2b2>
 800780a:	2e2e      	cmp	r6, #46	@ 0x2e
 800780c:	f000 81c3 	beq.w	8007b96 <__l_vfprintf+0x422>
 8007810:	f1a6 034c 	sub.w	r3, r6, #76	@ 0x4c
 8007814:	2b2e      	cmp	r3, #46	@ 0x2e
 8007816:	f200 8125 	bhi.w	8007a64 <__l_vfprintf+0x2f0>
 800781a:	e8df f013 	tbh	[pc, r3, lsl #1]
 800781e:	0061      	.short	0x0061
 8007820:	01230123 	.word	0x01230123
 8007824:	01230123 	.word	0x01230123
 8007828:	01230123 	.word	0x01230123
 800782c:	01230123 	.word	0x01230123
 8007830:	01230123 	.word	0x01230123
 8007834:	01230123 	.word	0x01230123
 8007838:	01230123 	.word	0x01230123
 800783c:	01230123 	.word	0x01230123
 8007840:	01230123 	.word	0x01230123
 8007844:	01230123 	.word	0x01230123
 8007848:	01230123 	.word	0x01230123
 800784c:	01230123 	.word	0x01230123
 8007850:	01230123 	.word	0x01230123
 8007854:	01510123 	.word	0x01510123
 8007858:	00610123 	.word	0x00610123
 800785c:	015d0123 	.word	0x015d0123
 8007860:	01230123 	.word	0x01230123
 8007864:	01230123 	.word	0x01230123
 8007868:	01230123 	.word	0x01230123
 800786c:	00cd0123 	.word	0x00cd0123
 8007870:	01230123 	.word	0x01230123
 8007874:	01230123 	.word	0x01230123
 8007878:	00cd0123 	.word	0x00cd0123
 800787c:	f047 0702 	orr.w	r7, r7, #2
 8007880:	f814 6b01 	ldrb.w	r6, [r4], #1
 8007884:	f047 0704 	orr.w	r7, r7, #4
 8007888:	2e00      	cmp	r6, #0
 800788a:	f000 809a 	beq.w	80079c2 <__l_vfprintf+0x24e>
 800788e:	f1a6 0320 	sub.w	r3, r6, #32
 8007892:	2b10      	cmp	r3, #16
 8007894:	d8a0      	bhi.n	80077d8 <__l_vfprintf+0x64>
 8007896:	a201      	add	r2, pc, #4	@ (adr r2, 800789c <__l_vfprintf+0x128>)
 8007898:	f852 f023 	ldr.w	pc, [r2, r3, lsl #2]
 800789c:	08007881 	.word	0x08007881
 80078a0:	080077d9 	.word	0x080077d9
 80078a4:	080077d9 	.word	0x080077d9
 80078a8:	080079f7 	.word	0x080079f7
 80078ac:	080077d9 	.word	0x080077d9
 80078b0:	080077d9 	.word	0x080077d9
 80078b4:	080077d9 	.word	0x080077d9
 80078b8:	080079b9 	.word	0x080079b9
 80078bc:	080077d9 	.word	0x080077d9
 80078c0:	080077d9 	.word	0x080077d9
 80078c4:	080077d9 	.word	0x080077d9
 80078c8:	0800787d 	.word	0x0800787d
 80078cc:	080077d9 	.word	0x080077d9
 80078d0:	08007a17 	.word	0x08007a17
 80078d4:	080077d9 	.word	0x080077d9
 80078d8:	080077d9 	.word	0x080077d9
 80078dc:	08007a07 	.word	0x08007a07
 80078e0:	f814 6b01 	ldrb.w	r6, [r4], #1
 80078e4:	f447 7720 	orr.w	r7, r7, #640	@ 0x280
 80078e8:	2e00      	cmp	r6, #0
 80078ea:	d06a      	beq.n	80079c2 <__l_vfprintf+0x24e>
 80078ec:	f1a6 034c 	sub.w	r3, r6, #76	@ 0x4c
 80078f0:	2b2e      	cmp	r3, #46	@ 0x2e
 80078f2:	f200 80b7 	bhi.w	8007a64 <__l_vfprintf+0x2f0>
 80078f6:	a201      	add	r2, pc, #4	@ (adr r2, 80078fc <__l_vfprintf+0x188>)
 80078f8:	f852 f023 	ldr.w	pc, [r2, r3, lsl #2]
 80078fc:	080078e1 	.word	0x080078e1
 8007900:	08007a65 	.word	0x08007a65
 8007904:	08007a65 	.word	0x08007a65
 8007908:	08007a65 	.word	0x08007a65
 800790c:	08007a65 	.word	0x08007a65
 8007910:	08007a65 	.word	0x08007a65
 8007914:	08007a65 	.word	0x08007a65
 8007918:	08007a65 	.word	0x08007a65
 800791c:	08007a65 	.word	0x08007a65
 8007920:	08007a65 	.word	0x08007a65
 8007924:	08007a65 	.word	0x08007a65
 8007928:	08007a65 	.word	0x08007a65
 800792c:	08007a65 	.word	0x08007a65
 8007930:	08007a65 	.word	0x08007a65
 8007934:	08007a65 	.word	0x08007a65
 8007938:	08007a65 	.word	0x08007a65
 800793c:	08007a65 	.word	0x08007a65
 8007940:	08007a65 	.word	0x08007a65
 8007944:	08007a65 	.word	0x08007a65
 8007948:	08007a65 	.word	0x08007a65
 800794c:	08007a65 	.word	0x08007a65
 8007950:	08007a65 	.word	0x08007a65
 8007954:	08007a65 	.word	0x08007a65
 8007958:	08007a65 	.word	0x08007a65
 800795c:	08007a65 	.word	0x08007a65
 8007960:	08007a65 	.word	0x08007a65
 8007964:	08007a65 	.word	0x08007a65
 8007968:	08007a65 	.word	0x08007a65
 800796c:	08007ab9 	.word	0x08007ab9
 8007970:	08007a65 	.word	0x08007a65
 8007974:	080078e1 	.word	0x080078e1
 8007978:	08007a65 	.word	0x08007a65
 800797c:	08007ad1 	.word	0x08007ad1
 8007980:	08007a65 	.word	0x08007a65
 8007984:	08007a65 	.word	0x08007a65
 8007988:	08007a65 	.word	0x08007a65
 800798c:	08007a65 	.word	0x08007a65
 8007990:	08007a65 	.word	0x08007a65
 8007994:	08007a65 	.word	0x08007a65
 8007998:	08007a65 	.word	0x08007a65
 800799c:	08007bad 	.word	0x08007bad
 80079a0:	08007a65 	.word	0x08007a65
 80079a4:	08007a65 	.word	0x08007a65
 80079a8:	08007a65 	.word	0x08007a65
 80079ac:	08007a65 	.word	0x08007a65
 80079b0:	08007a65 	.word	0x08007a65
 80079b4:	08007bad 	.word	0x08007bad
 80079b8:	f814 6b01 	ldrb.w	r6, [r4], #1
 80079bc:	2e00      	cmp	r6, #0
 80079be:	f47f af06 	bne.w	80077ce <__l_vfprintf+0x5a>
 80079c2:	2600      	movs	r6, #0
 80079c4:	4641      	mov	r1, r8
 80079c6:	2025      	movs	r0, #37	@ 0x25
 80079c8:	47c8      	blx	r9
 80079ca:	2800      	cmp	r0, #0
 80079cc:	db07      	blt.n	80079de <__l_vfprintf+0x26a>
 80079ce:	4630      	mov	r0, r6
 80079d0:	4641      	mov	r1, r8
 80079d2:	47c8      	blx	r9
 80079d4:	2800      	cmp	r0, #0
 80079d6:	f105 0502 	add.w	r5, r5, #2
 80079da:	f6bf aee7 	bge.w	80077ac <__l_vfprintf+0x38>
 80079de:	f898 3002 	ldrb.w	r3, [r8, #2]
 80079e2:	f043 0304 	orr.w	r3, r3, #4
 80079e6:	f888 3002 	strb.w	r3, [r8, #2]
 80079ea:	f04f 35ff 	mov.w	r5, #4294967295
 80079ee:	4628      	mov	r0, r5
 80079f0:	b00b      	add	sp, #44	@ 0x2c
 80079f2:	e8bd 8ff0 	ldmia.w	sp!, {r4, r5, r6, r7, r8, r9, sl, fp, pc}
 80079f6:	f814 6b01 	ldrb.w	r6, [r4], #1
 80079fa:	f047 0710 	orr.w	r7, r7, #16
 80079fe:	2e00      	cmp	r6, #0
 8007a00:	f47f af45 	bne.w	800788e <__l_vfprintf+0x11a>
 8007a04:	e7dd      	b.n	80079c2 <__l_vfprintf+0x24e>
 8007a06:	f814 6b01 	ldrb.w	r6, [r4], #1
 8007a0a:	f047 0701 	orr.w	r7, r7, #1
 8007a0e:	2e00      	cmp	r6, #0
 8007a10:	f47f af3d 	bne.w	800788e <__l_vfprintf+0x11a>
 8007a14:	e7d5      	b.n	80079c2 <__l_vfprintf+0x24e>
 8007a16:	f814 6b01 	ldrb.w	r6, [r4], #1
 8007a1a:	f047 0708 	orr.w	r7, r7, #8
 8007a1e:	2e00      	cmp	r6, #0
 8007a20:	f47f af35 	bne.w	800788e <__l_vfprintf+0x11a>
 8007a24:	e7cd      	b.n	80079c2 <__l_vfprintf+0x24e>
 8007a26:	9900      	ldr	r1, [sp, #0]
 8007a28:	0678      	lsls	r0, r7, #25
 8007a2a:	f851 2b04 	ldr.w	r2, [r1], #4
 8007a2e:	f140 80c3 	bpl.w	8007bb8 <__l_vfprintf+0x444>
 8007a32:	f814 6b01 	ldrb.w	r6, [r4], #1
 8007a36:	2e00      	cmp	r6, #0
 8007a38:	f000 825d 	beq.w	8007ef6 <__l_vfprintf+0x782>
 8007a3c:	f1a6 0330 	sub.w	r3, r6, #48	@ 0x30
 8007a40:	2b09      	cmp	r3, #9
 8007a42:	9100      	str	r1, [sp, #0]
 8007a44:	4693      	mov	fp, r2
 8007a46:	f63f aedd 	bhi.w	8007804 <__l_vfprintf+0x90>
 8007a4a:	f814 6b01 	ldrb.w	r6, [r4], #1
 8007a4e:	eb0b 0b8b 	add.w	fp, fp, fp, lsl #2
 8007a52:	eb03 0b4b 	add.w	fp, r3, fp, lsl #1
 8007a56:	2e00      	cmp	r6, #0
 8007a58:	d0b3      	beq.n	80079c2 <__l_vfprintf+0x24e>
 8007a5a:	f1a6 0330 	sub.w	r3, r6, #48	@ 0x30
 8007a5e:	2b09      	cmp	r3, #9
 8007a60:	d9f3      	bls.n	8007a4a <__l_vfprintf+0x2d6>
 8007a62:	e6cf      	b.n	8007804 <__l_vfprintf+0x90>
 8007a64:	f046 0320 	orr.w	r3, r6, #32
 8007a68:	f1bb 0f00 	cmp.w	fp, #0
 8007a6c:	f1a3 0265 	sub.w	r2, r3, #101	@ 0x65
 8007a70:	da04      	bge.n	8007a7c <__l_vfprintf+0x308>
 8007a72:	f027 0740 	bic.w	r7, r7, #64	@ 0x40
 8007a76:	b2bf      	uxth	r7, r7
 8007a78:	f04f 0b00 	mov.w	fp, #0
 8007a7c:	2a02      	cmp	r2, #2
 8007a7e:	d933      	bls.n	8007ae8 <__l_vfprintf+0x374>
 8007a80:	2b61      	cmp	r3, #97	@ 0x61
 8007a82:	d031      	beq.n	8007ae8 <__l_vfprintf+0x374>
 8007a84:	f1a6 0263 	sub.w	r2, r6, #99	@ 0x63
 8007a88:	2a12      	cmp	r2, #18
 8007a8a:	f200 81fc 	bhi.w	8007e86 <__l_vfprintf+0x712>
 8007a8e:	e8df f012 	tbh	[pc, r2, lsl #1]
 8007a92:	012e      	.short	0x012e
 8007a94:	01fa00a5 	.word	0x01fa00a5
 8007a98:	01fa01fa 	.word	0x01fa01fa
 8007a9c:	00a501fa 	.word	0x00a501fa
 8007aa0:	01fa01fa 	.word	0x01fa01fa
 8007aa4:	01fa01fa 	.word	0x01fa01fa
 8007aa8:	01f001fa 	.word	0x01f001fa
 8007aac:	01fa014e 	.word	0x01fa014e
 8007ab0:	013801fa 	.word	0x013801fa
 8007ab4:	00ef01fa 	.word	0x00ef01fa
 8007ab8:	05fe      	lsls	r6, r7, #23
 8007aba:	bf48      	it	mi
 8007abc:	f447 7700 	orrmi.w	r7, r7, #512	@ 0x200
 8007ac0:	f814 6b01 	ldrb.w	r6, [r4], #1
 8007ac4:	f447 7780 	orr.w	r7, r7, #256	@ 0x100
 8007ac8:	2e00      	cmp	r6, #0
 8007aca:	f47f af0f 	bne.w	80078ec <__l_vfprintf+0x178>
 8007ace:	e778      	b.n	80079c2 <__l_vfprintf+0x24e>
 8007ad0:	063b      	lsls	r3, r7, #24
 8007ad2:	bf48      	it	mi
 8007ad4:	f447 7700 	orrmi.w	r7, r7, #512	@ 0x200
 8007ad8:	f814 6b01 	ldrb.w	r6, [r4], #1
 8007adc:	f047 0780 	orr.w	r7, r7, #128	@ 0x80
 8007ae0:	2e00      	cmp	r6, #0
 8007ae2:	f47f af03 	bne.w	80078ec <__l_vfprintf+0x178>
 8007ae6:	e76c      	b.n	80079c2 <__l_vfprintf+0x24e>
 8007ae8:	9b00      	ldr	r3, [sp, #0]
 8007aea:	f103 0b07 	add.w	fp, r3, #7
 8007aee:	f02b 0b07 	bic.w	fp, fp, #7
 8007af2:	f10b 0308 	add.w	r3, fp, #8
 8007af6:	9300      	str	r3, [sp, #0]
 8007af8:	4bba      	ldr	r3, [pc, #744]	@ (8007de4 <__l_vfprintf+0x670>)
 8007afa:	f04f 0b07 	mov.w	fp, #7
 8007afe:	0738      	lsls	r0, r7, #28
 8007b00:	4651      	mov	r1, sl
 8007b02:	d418      	bmi.n	8007b36 <__l_vfprintf+0x3c2>
 8007b04:	45d3      	cmp	fp, sl
 8007b06:	d216      	bcs.n	8007b36 <__l_vfprintf+0x3c2>
 8007b08:	464e      	mov	r6, r9
 8007b0a:	461f      	mov	r7, r3
 8007b0c:	46d1      	mov	r9, sl
 8007b0e:	e002      	b.n	8007b16 <__l_vfprintf+0x3a2>
 8007b10:	4583      	cmp	fp, r0
 8007b12:	d208      	bcs.n	8007b26 <__l_vfprintf+0x3b2>
 8007b14:	4682      	mov	sl, r0
 8007b16:	4641      	mov	r1, r8
 8007b18:	2020      	movs	r0, #32
 8007b1a:	47b0      	blx	r6
 8007b1c:	2800      	cmp	r0, #0
 8007b1e:	f10a 30ff 	add.w	r0, sl, #4294967295
 8007b22:	daf5      	bge.n	8007b10 <__l_vfprintf+0x39c>
 8007b24:	e75b      	b.n	80079de <__l_vfprintf+0x26a>
 8007b26:	4649      	mov	r1, r9
 8007b28:	3501      	adds	r5, #1
 8007b2a:	440d      	add	r5, r1
 8007b2c:	463b      	mov	r3, r7
 8007b2e:	46b1      	mov	r9, r6
 8007b30:	eba5 050a 	sub.w	r5, r5, sl
 8007b34:	4601      	mov	r1, r0
 8007b36:	461e      	mov	r6, r3
 8007b38:	eb03 070b 	add.w	r7, r3, fp
 8007b3c:	9401      	str	r4, [sp, #4]
 8007b3e:	464c      	mov	r4, r9
 8007b40:	4699      	mov	r9, r3
 8007b42:	462b      	mov	r3, r5
 8007b44:	468a      	mov	sl, r1
 8007b46:	4635      	mov	r5, r6
 8007b48:	461e      	mov	r6, r3
 8007b4a:	e005      	b.n	8007b58 <__l_vfprintf+0x3e4>
 8007b4c:	f815 0b01 	ldrb.w	r0, [r5], #1
 8007b50:	47a0      	blx	r4
 8007b52:	2800      	cmp	r0, #0
 8007b54:	f6ff af43 	blt.w	80079de <__l_vfprintf+0x26a>
 8007b58:	42bd      	cmp	r5, r7
 8007b5a:	4641      	mov	r1, r8
 8007b5c:	d1f6      	bne.n	8007b4c <__l_vfprintf+0x3d8>
 8007b5e:	464b      	mov	r3, r9
 8007b60:	4632      	mov	r2, r6
 8007b62:	46a1      	mov	r9, r4
 8007b64:	462e      	mov	r6, r5
 8007b66:	1ad3      	subs	r3, r2, r3
 8007b68:	9c01      	ldr	r4, [sp, #4]
 8007b6a:	441e      	add	r6, r3
 8007b6c:	ebaa 0a0b 	sub.w	sl, sl, fp
 8007b70:	4635      	mov	r5, r6
 8007b72:	44b2      	add	sl, r6
 8007b74:	464e      	mov	r6, r9
 8007b76:	e005      	b.n	8007b84 <__l_vfprintf+0x410>
 8007b78:	47b0      	blx	r6
 8007b7a:	2800      	cmp	r0, #0
 8007b7c:	f105 0501 	add.w	r5, r5, #1
 8007b80:	f6ff af2d 	blt.w	80079de <__l_vfprintf+0x26a>
 8007b84:	ebaa 0305 	sub.w	r3, sl, r5
 8007b88:	2b00      	cmp	r3, #0
 8007b8a:	4641      	mov	r1, r8
 8007b8c:	f04f 0020 	mov.w	r0, #32
 8007b90:	dcf2      	bgt.n	8007b78 <__l_vfprintf+0x404>
 8007b92:	46b1      	mov	r9, r6
 8007b94:	e60a      	b.n	80077ac <__l_vfprintf+0x38>
 8007b96:	067a      	lsls	r2, r7, #25
 8007b98:	f53f af29 	bmi.w	80079ee <__l_vfprintf+0x27a>
 8007b9c:	f814 6b01 	ldrb.w	r6, [r4], #1
 8007ba0:	f047 0740 	orr.w	r7, r7, #64	@ 0x40
 8007ba4:	2e00      	cmp	r6, #0
 8007ba6:	f47f af58 	bne.w	8007a5a <__l_vfprintf+0x2e6>
 8007baa:	e70a      	b.n	80079c2 <__l_vfprintf+0x24e>
 8007bac:	f814 6b01 	ldrb.w	r6, [r4], #1
 8007bb0:	2e00      	cmp	r6, #0
 8007bb2:	f47f ae0e 	bne.w	80077d2 <__l_vfprintf+0x5e>
 8007bb6:	e704      	b.n	80079c2 <__l_vfprintf+0x24e>
 8007bb8:	2a00      	cmp	r2, #0
 8007bba:	f2c0 8122 	blt.w	8007e02 <__l_vfprintf+0x68e>
 8007bbe:	f814 6b01 	ldrb.w	r6, [r4], #1
 8007bc2:	f047 0720 	orr.w	r7, r7, #32
 8007bc6:	2e00      	cmp	r6, #0
 8007bc8:	f000 8195 	beq.w	8007ef6 <__l_vfprintf+0x782>
 8007bcc:	f1a6 0330 	sub.w	r3, r6, #48	@ 0x30
 8007bd0:	2b09      	cmp	r3, #9
 8007bd2:	9100      	str	r1, [sp, #0]
 8007bd4:	4692      	mov	sl, r2
 8007bd6:	f67f ae06 	bls.w	80077e6 <__l_vfprintf+0x72>
 8007bda:	e613      	b.n	8007804 <__l_vfprintf+0x90>
 8007bdc:	063a      	lsls	r2, r7, #24
 8007bde:	9b00      	ldr	r3, [sp, #0]
 8007be0:	f100 813b 	bmi.w	8007e5a <__l_vfprintf+0x6e6>
 8007be4:	461a      	mov	r2, r3
 8007be6:	05f9      	lsls	r1, r7, #23
 8007be8:	f852 3b04 	ldr.w	r3, [r2], #4
 8007bec:	9201      	str	r2, [sp, #4]
 8007bee:	f100 81fd 	bmi.w	8007fec <__l_vfprintf+0x878>
 8007bf2:	4618      	mov	r0, r3
 8007bf4:	17db      	asrs	r3, r3, #31
 8007bf6:	f027 0110 	bic.w	r1, r7, #16
 8007bfa:	b28a      	uxth	r2, r1
 8007bfc:	2b00      	cmp	r3, #0
 8007bfe:	9200      	str	r2, [sp, #0]
 8007c00:	f2c0 8186 	blt.w	8007f10 <__l_vfprintf+0x79c>
 8007c04:	ea50 0103 	orrs.w	r1, r0, r3
 8007c08:	f040 825e 	bne.w	80080c8 <__l_vfprintf+0x954>
 8007c0c:	067b      	lsls	r3, r7, #25
 8007c0e:	f140 81d5 	bpl.w	8007fbc <__l_vfprintf+0x848>
 8007c12:	f1bb 0f00 	cmp.w	fp, #0
 8007c16:	f040 8216 	bne.w	8008046 <__l_vfprintf+0x8d2>
 8007c1a:	f027 0711 	bic.w	r7, r7, #17
 8007c1e:	b2bb      	uxth	r3, r7
 8007c20:	9300      	str	r3, [sp, #0]
 8007c22:	4659      	mov	r1, fp
 8007c24:	465b      	mov	r3, fp
 8007c26:	f8dd c000 	ldr.w	ip, [sp]
 8007c2a:	f240 4706 	movw	r7, #1030	@ 0x406
 8007c2e:	f00c 0008 	and.w	r0, ip, #8
 8007c32:	ea1c 0f07 	tst.w	ip, r7
 8007c36:	4602      	mov	r2, r0
 8007c38:	f000 826d 	beq.w	8008116 <__l_vfprintf+0x9a2>
 8007c3c:	3101      	adds	r1, #1
 8007c3e:	2800      	cmp	r0, #0
 8007c40:	f000 81c7 	beq.w	8007fd2 <__l_vfprintf+0x85e>
 8007c44:	ebaa 0a01 	sub.w	sl, sl, r1
 8007c48:	9302      	str	r3, [sp, #8]
 8007c4a:	9b00      	ldr	r3, [sp, #0]
 8007c4c:	f013 0f02 	tst.w	r3, #2
 8007c50:	bf14      	ite	ne
 8007c52:	202b      	movne	r0, #43	@ 0x2b
 8007c54:	2020      	moveq	r0, #32
 8007c56:	f413 6f80 	tst.w	r3, #1024	@ 0x400
 8007c5a:	bf18      	it	ne
 8007c5c:	202d      	movne	r0, #45	@ 0x2d
 8007c5e:	4641      	mov	r1, r8
 8007c60:	47c8      	blx	r9
 8007c62:	2800      	cmp	r0, #0
 8007c64:	9b02      	ldr	r3, [sp, #8]
 8007c66:	f105 0601 	add.w	r6, r5, #1
 8007c6a:	f280 80b1 	bge.w	8007dd0 <__l_vfprintf+0x65c>
 8007c6e:	e6b6      	b.n	80079de <__l_vfprintf+0x26a>
 8007c70:	f027 0710 	bic.w	r7, r7, #16
 8007c74:	b2bf      	uxth	r7, r7
 8007c76:	230a      	movs	r3, #10
 8007c78:	f017 0280 	ands.w	r2, r7, #128	@ 0x80
 8007c7c:	d05c      	beq.n	8007d38 <__l_vfprintf+0x5c4>
 8007c7e:	f417 7100 	ands.w	r1, r7, #512	@ 0x200
 8007c82:	9a00      	ldr	r2, [sp, #0]
 8007c84:	f000 80cc 	beq.w	8007e20 <__l_vfprintf+0x6ac>
 8007c88:	3207      	adds	r2, #7
 8007c8a:	f022 0207 	bic.w	r2, r2, #7
 8007c8e:	6851      	ldr	r1, [r2, #4]
 8007c90:	f852 0b08 	ldr.w	r0, [r2], #8
 8007c94:	9201      	str	r2, [sp, #4]
 8007c96:	f007 0c40 	and.w	ip, r7, #64	@ 0x40
 8007c9a:	ea50 0201 	orrs.w	r2, r0, r1
 8007c9e:	f8cd c000 	str.w	ip, [sp]
 8007ca2:	d16c      	bne.n	8007d7e <__l_vfprintf+0x60a>
 8007ca4:	4662      	mov	r2, ip
 8007ca6:	2a00      	cmp	r2, #0
 8007ca8:	d054      	beq.n	8007d54 <__l_vfprintf+0x5e0>
 8007caa:	f1bb 0f00 	cmp.w	fp, #0
 8007cae:	f040 80bb 	bne.w	8007e28 <__l_vfprintf+0x6b4>
 8007cb2:	073b      	lsls	r3, r7, #28
 8007cb4:	f140 81d1 	bpl.w	800805a <__l_vfprintf+0x8e6>
 8007cb8:	465b      	mov	r3, fp
 8007cba:	aa04      	add	r2, sp, #16
 8007cbc:	18d6      	adds	r6, r2, r3
 8007cbe:	4623      	mov	r3, r4
 8007cc0:	4637      	mov	r7, r6
 8007cc2:	464c      	mov	r4, r9
 8007cc4:	4693      	mov	fp, r2
 8007cc6:	4699      	mov	r9, r3
 8007cc8:	e005      	b.n	8007cd6 <__l_vfprintf+0x562>
 8007cca:	f817 0d01 	ldrb.w	r0, [r7, #-1]!
 8007cce:	47a0      	blx	r4
 8007cd0:	2800      	cmp	r0, #0
 8007cd2:	f6ff ae84 	blt.w	80079de <__l_vfprintf+0x26a>
 8007cd6:	45bb      	cmp	fp, r7
 8007cd8:	4641      	mov	r1, r8
 8007cda:	d1f6      	bne.n	8007cca <__l_vfprintf+0x556>
 8007cdc:	464b      	mov	r3, r9
 8007cde:	465a      	mov	r2, fp
 8007ce0:	46a1      	mov	r9, r4
 8007ce2:	442e      	add	r6, r5
 8007ce4:	461c      	mov	r4, r3
 8007ce6:	9b01      	ldr	r3, [sp, #4]
 8007ce8:	9300      	str	r3, [sp, #0]
 8007cea:	1ab6      	subs	r6, r6, r2
 8007cec:	e740      	b.n	8007b70 <__l_vfprintf+0x3fc>
 8007cee:	9a00      	ldr	r2, [sp, #0]
 8007cf0:	f852 3b04 	ldr.w	r3, [r2], #4
 8007cf4:	f88d 3010 	strb.w	r3, [sp, #16]
 8007cf8:	f04f 0b01 	mov.w	fp, #1
 8007cfc:	9200      	str	r2, [sp, #0]
 8007cfe:	ab04      	add	r3, sp, #16
 8007d00:	e6fd      	b.n	8007afe <__l_vfprintf+0x38a>
 8007d02:	9e00      	ldr	r6, [sp, #0]
 8007d04:	4a38      	ldr	r2, [pc, #224]	@ (8007de8 <__l_vfprintf+0x674>)
 8007d06:	f856 3b04 	ldr.w	r3, [r6], #4
 8007d0a:	2b00      	cmp	r3, #0
 8007d0c:	bf08      	it	eq
 8007d0e:	4613      	moveq	r3, r2
 8007d10:	f017 0f40 	tst.w	r7, #64	@ 0x40
 8007d14:	bf18      	it	ne
 8007d16:	4659      	movne	r1, fp
 8007d18:	4618      	mov	r0, r3
 8007d1a:	bf08      	it	eq
 8007d1c:	f04f 31ff 	moveq.w	r1, #4294967295
 8007d20:	9301      	str	r3, [sp, #4]
 8007d22:	f7ff fc63 	bl	80075ec <strnlen>
 8007d26:	9b01      	ldr	r3, [sp, #4]
 8007d28:	9600      	str	r6, [sp, #0]
 8007d2a:	4683      	mov	fp, r0
 8007d2c:	e6e7      	b.n	8007afe <__l_vfprintf+0x38a>
 8007d2e:	f047 0710 	orr.w	r7, r7, #16
 8007d32:	2310      	movs	r3, #16
 8007d34:	2678      	movs	r6, #120	@ 0x78
 8007d36:	e79f      	b.n	8007c78 <__l_vfprintf+0x504>
 8007d38:	9900      	ldr	r1, [sp, #0]
 8007d3a:	f851 0b04 	ldr.w	r0, [r1], #4
 8007d3e:	9101      	str	r1, [sp, #4]
 8007d40:	f417 7180 	ands.w	r1, r7, #256	@ 0x100
 8007d44:	d0a7      	beq.n	8007c96 <__l_vfprintf+0x522>
 8007d46:	f417 7100 	ands.w	r1, r7, #512	@ 0x200
 8007d4a:	bf1a      	itte	ne
 8007d4c:	b2c0      	uxtbne	r0, r0
 8007d4e:	4611      	movne	r1, r2
 8007d50:	b280      	uxtheq	r0, r0
 8007d52:	e7a0      	b.n	8007c96 <__l_vfprintf+0x522>
 8007d54:	f027 0716 	bic.w	r7, r7, #22
 8007d58:	b2ba      	uxth	r2, r7
 8007d5a:	9200      	str	r2, [sp, #0]
 8007d5c:	2000      	movs	r0, #0
 8007d5e:	aa04      	add	r2, sp, #16
 8007d60:	2100      	movs	r1, #0
 8007d62:	9202      	str	r2, [sp, #8]
 8007d64:	f7ff fc88 	bl	8007678 <__ultoa_invert>
 8007d68:	9a02      	ldr	r2, [sp, #8]
 8007d6a:	1a83      	subs	r3, r0, r2
 8007d6c:	9900      	ldr	r1, [sp, #0]
 8007d6e:	f011 0108 	ands.w	r1, r1, #8
 8007d72:	f000 8090 	beq.w	8007e96 <__l_vfprintf+0x722>
 8007d76:	ebaa 0a03 	sub.w	sl, sl, r3
 8007d7a:	462e      	mov	r6, r5
 8007d7c:	e028      	b.n	8007dd0 <__l_vfprintf+0x65c>
 8007d7e:	aa04      	add	r2, sp, #16
 8007d80:	9202      	str	r2, [sp, #8]
 8007d82:	f7ff fc79 	bl	8007678 <__ultoa_invert>
 8007d86:	9a02      	ldr	r2, [sp, #8]
 8007d88:	9900      	ldr	r1, [sp, #0]
 8007d8a:	1a83      	subs	r3, r0, r2
 8007d8c:	2900      	cmp	r1, #0
 8007d8e:	d073      	beq.n	8007e78 <__l_vfprintf+0x704>
 8007d90:	f027 0107 	bic.w	r1, r7, #7
 8007d94:	b289      	uxth	r1, r1
 8007d96:	455b      	cmp	r3, fp
 8007d98:	9100      	str	r1, [sp, #0]
 8007d9a:	f2c0 80d6 	blt.w	8007f4a <__l_vfprintf+0x7d6>
 8007d9e:	06f9      	lsls	r1, r7, #27
 8007da0:	f140 813f 	bpl.w	8008022 <__l_vfprintf+0x8ae>
 8007da4:	9a00      	ldr	r2, [sp, #0]
 8007da6:	f002 0208 	and.w	r2, r2, #8
 8007daa:	2e00      	cmp	r6, #0
 8007dac:	f040 80a9 	bne.w	8007f02 <__l_vfprintf+0x78e>
 8007db0:	1c59      	adds	r1, r3, #1
 8007db2:	2a00      	cmp	r2, #0
 8007db4:	f000 8123 	beq.w	8007ffe <__l_vfprintf+0x88a>
 8007db8:	ebaa 0a01 	sub.w	sl, sl, r1
 8007dbc:	2030      	movs	r0, #48	@ 0x30
 8007dbe:	4641      	mov	r1, r8
 8007dc0:	9300      	str	r3, [sp, #0]
 8007dc2:	47c8      	blx	r9
 8007dc4:	2800      	cmp	r0, #0
 8007dc6:	9b00      	ldr	r3, [sp, #0]
 8007dc8:	f105 0601 	add.w	r6, r5, #1
 8007dcc:	f6ff ae07 	blt.w	80079de <__l_vfprintf+0x26a>
 8007dd0:	459b      	cmp	fp, r3
 8007dd2:	f340 817e 	ble.w	80080d2 <__l_vfprintf+0x95e>
 8007dd6:	eb0b 0506 	add.w	r5, fp, r6
 8007dda:	464f      	mov	r7, r9
 8007ddc:	1aed      	subs	r5, r5, r3
 8007dde:	4699      	mov	r9, r3
 8007de0:	e007      	b.n	8007df2 <__l_vfprintf+0x67e>
 8007de2:	bf00      	nop
 8007de4:	0800bff0 	.word	0x0800bff0
 8007de8:	0800bfe8 	.word	0x0800bfe8
 8007dec:	42ae      	cmp	r6, r5
 8007dee:	f000 8084 	beq.w	8007efa <__l_vfprintf+0x786>
 8007df2:	4641      	mov	r1, r8
 8007df4:	2030      	movs	r0, #48	@ 0x30
 8007df6:	47b8      	blx	r7
 8007df8:	2800      	cmp	r0, #0
 8007dfa:	f106 0601 	add.w	r6, r6, #1
 8007dfe:	daf5      	bge.n	8007dec <__l_vfprintf+0x678>
 8007e00:	e5ed      	b.n	80079de <__l_vfprintf+0x26a>
 8007e02:	f814 6b01 	ldrb.w	r6, [r4], #1
 8007e06:	f1c2 0a00 	rsb	sl, r2, #0
 8007e0a:	f047 0728 	orr.w	r7, r7, #40	@ 0x28
 8007e0e:	2e00      	cmp	r6, #0
 8007e10:	d071      	beq.n	8007ef6 <__l_vfprintf+0x782>
 8007e12:	f1a6 0330 	sub.w	r3, r6, #48	@ 0x30
 8007e16:	2b09      	cmp	r3, #9
 8007e18:	9100      	str	r1, [sp, #0]
 8007e1a:	f67f ace4 	bls.w	80077e6 <__l_vfprintf+0x72>
 8007e1e:	e4f1      	b.n	8007804 <__l_vfprintf+0x90>
 8007e20:	f852 0b04 	ldr.w	r0, [r2], #4
 8007e24:	9201      	str	r2, [sp, #4]
 8007e26:	e736      	b.n	8007c96 <__l_vfprintf+0x522>
 8007e28:	aa04      	add	r2, sp, #16
 8007e2a:	2100      	movs	r1, #0
 8007e2c:	2000      	movs	r0, #0
 8007e2e:	9200      	str	r2, [sp, #0]
 8007e30:	f7ff fc22 	bl	8007678 <__ultoa_invert>
 8007e34:	9a00      	ldr	r2, [sp, #0]
 8007e36:	f027 0117 	bic.w	r1, r7, #23
 8007e3a:	1a83      	subs	r3, r0, r2
 8007e3c:	b289      	uxth	r1, r1
 8007e3e:	459b      	cmp	fp, r3
 8007e40:	9100      	str	r1, [sp, #0]
 8007e42:	f340 80ee 	ble.w	8008022 <__l_vfprintf+0x8ae>
 8007e46:	2e00      	cmp	r6, #0
 8007e48:	f040 8127 	bne.w	800809a <__l_vfprintf+0x926>
 8007e4c:	0739      	lsls	r1, r7, #28
 8007e4e:	f140 8086 	bpl.w	8007f5e <__l_vfprintf+0x7ea>
 8007e52:	ebaa 0a0b 	sub.w	sl, sl, fp
 8007e56:	462e      	mov	r6, r5
 8007e58:	e7bd      	b.n	8007dd6 <__l_vfprintf+0x662>
 8007e5a:	05b8      	lsls	r0, r7, #22
 8007e5c:	f140 80da 	bpl.w	8008014 <__l_vfprintf+0x8a0>
 8007e60:	3307      	adds	r3, #7
 8007e62:	f023 0307 	bic.w	r3, r3, #7
 8007e66:	461a      	mov	r2, r3
 8007e68:	685b      	ldr	r3, [r3, #4]
 8007e6a:	f852 0b08 	ldr.w	r0, [r2], #8
 8007e6e:	9201      	str	r2, [sp, #4]
 8007e70:	e6c1      	b.n	8007bf6 <__l_vfprintf+0x482>
 8007e72:	2308      	movs	r3, #8
 8007e74:	2600      	movs	r6, #0
 8007e76:	e6ff      	b.n	8007c78 <__l_vfprintf+0x504>
 8007e78:	f027 0106 	bic.w	r1, r7, #6
 8007e7c:	b289      	uxth	r1, r1
 8007e7e:	9100      	str	r1, [sp, #0]
 8007e80:	06f9      	lsls	r1, r7, #27
 8007e82:	d48f      	bmi.n	8007da4 <__l_vfprintf+0x630>
 8007e84:	e772      	b.n	8007d6c <__l_vfprintf+0x5f8>
 8007e86:	2b78      	cmp	r3, #120	@ 0x78
 8007e88:	f47f ad9c 	bne.w	80079c4 <__l_vfprintf+0x250>
 8007e8c:	f1c6 0378 	rsb	r3, r6, #120	@ 0x78
 8007e90:	f043 0310 	orr.w	r3, r3, #16
 8007e94:	e6f0      	b.n	8007c78 <__l_vfprintf+0x504>
 8007e96:	9800      	ldr	r0, [sp, #0]
 8007e98:	07c0      	lsls	r0, r0, #31
 8007e9a:	f140 8121 	bpl.w	80080e0 <__l_vfprintf+0x96c>
 8007e9e:	459a      	cmp	sl, r3
 8007ea0:	ebaa 0003 	sub.w	r0, sl, r3
 8007ea4:	dd25      	ble.n	8007ef2 <__l_vfprintf+0x77e>
 8007ea6:	eb03 0b00 	add.w	fp, r3, r0
 8007eaa:	2900      	cmp	r1, #0
 8007eac:	f000 8120 	beq.w	80080f0 <__l_vfprintf+0x97c>
 8007eb0:	f04f 0a00 	mov.w	sl, #0
 8007eb4:	4641      	mov	r1, r8
 8007eb6:	2030      	movs	r0, #48	@ 0x30
 8007eb8:	9300      	str	r3, [sp, #0]
 8007eba:	47c8      	blx	r9
 8007ebc:	2800      	cmp	r0, #0
 8007ebe:	f6ff ad8e 	blt.w	80079de <__l_vfprintf+0x26a>
 8007ec2:	9b00      	ldr	r3, [sp, #0]
 8007ec4:	2e00      	cmp	r6, #0
 8007ec6:	f000 80aa 	beq.w	800801e <__l_vfprintf+0x8aa>
 8007eca:	4630      	mov	r0, r6
 8007ecc:	4641      	mov	r1, r8
 8007ece:	9300      	str	r3, [sp, #0]
 8007ed0:	47c8      	blx	r9
 8007ed2:	2800      	cmp	r0, #0
 8007ed4:	9b00      	ldr	r3, [sp, #0]
 8007ed6:	f105 0602 	add.w	r6, r5, #2
 8007eda:	f6bf af79 	bge.w	8007dd0 <__l_vfprintf+0x65c>
 8007ede:	e57e      	b.n	80079de <__l_vfprintf+0x26a>
 8007ee0:	9800      	ldr	r0, [sp, #0]
 8007ee2:	07c7      	lsls	r7, r0, #31
 8007ee4:	f140 810e 	bpl.w	8008104 <__l_vfprintf+0x990>
 8007ee8:	45d3      	cmp	fp, sl
 8007eea:	ebaa 000b 	sub.w	r0, sl, fp
 8007eee:	dbda      	blt.n	8007ea6 <__l_vfprintf+0x732>
 8007ef0:	aa04      	add	r2, sp, #16
 8007ef2:	4682      	mov	sl, r0
 8007ef4:	e6e2      	b.n	8007cbc <__l_vfprintf+0x548>
 8007ef6:	9100      	str	r1, [sp, #0]
 8007ef8:	e563      	b.n	80079c2 <__l_vfprintf+0x24e>
 8007efa:	464b      	mov	r3, r9
 8007efc:	aa04      	add	r2, sp, #16
 8007efe:	46b9      	mov	r9, r7
 8007f00:	e6dc      	b.n	8007cbc <__l_vfprintf+0x548>
 8007f02:	1c99      	adds	r1, r3, #2
 8007f04:	2a00      	cmp	r2, #0
 8007f06:	f000 8091 	beq.w	800802c <__l_vfprintf+0x8b8>
 8007f0a:	ebaa 0a01 	sub.w	sl, sl, r1
 8007f0e:	e7d1      	b.n	8007eb4 <__l_vfprintf+0x740>
 8007f10:	4240      	negs	r0, r0
 8007f12:	eb63 0143 	sbc.w	r1, r3, r3, lsl #1
 8007f16:	f442 6380 	orr.w	r3, r2, #1024	@ 0x400
 8007f1a:	9300      	str	r3, [sp, #0]
 8007f1c:	aa04      	add	r2, sp, #16
 8007f1e:	230a      	movs	r3, #10
 8007f20:	9202      	str	r2, [sp, #8]
 8007f22:	f7ff fba9 	bl	8007678 <__ultoa_invert>
 8007f26:	9a02      	ldr	r2, [sp, #8]
 8007f28:	1a83      	subs	r3, r0, r2
 8007f2a:	9a00      	ldr	r2, [sp, #0]
 8007f2c:	0650      	lsls	r0, r2, #25
 8007f2e:	f140 80c4 	bpl.w	80080ba <__l_vfprintf+0x946>
 8007f32:	9a00      	ldr	r2, [sp, #0]
 8007f34:	f022 0201 	bic.w	r2, r2, #1
 8007f38:	b292      	uxth	r2, r2
 8007f3a:	459b      	cmp	fp, r3
 8007f3c:	4659      	mov	r1, fp
 8007f3e:	9200      	str	r2, [sp, #0]
 8007f40:	bfb8      	it	lt
 8007f42:	4619      	movlt	r1, r3
 8007f44:	e66f      	b.n	8007c26 <__l_vfprintf+0x4b2>
 8007f46:	4605      	mov	r5, r0
 8007f48:	e551      	b.n	80079ee <__l_vfprintf+0x27a>
 8007f4a:	2e00      	cmp	r6, #0
 8007f4c:	f040 8090 	bne.w	8008070 <__l_vfprintf+0x8fc>
 8007f50:	0738      	lsls	r0, r7, #28
 8007f52:	f53f af7e 	bmi.w	8007e52 <__l_vfprintf+0x6de>
 8007f56:	f027 0717 	bic.w	r7, r7, #23
 8007f5a:	b2ba      	uxth	r2, r7
 8007f5c:	9200      	str	r2, [sp, #0]
 8007f5e:	4659      	mov	r1, fp
 8007f60:	2600      	movs	r6, #0
 8007f62:	458a      	cmp	sl, r1
 8007f64:	f340 80d3 	ble.w	800810e <__l_vfprintf+0x99a>
 8007f68:	e9cd 3402 	strd	r3, r4, [sp, #8]
 8007f6c:	462b      	mov	r3, r5
 8007f6e:	464c      	mov	r4, r9
 8007f70:	460d      	mov	r5, r1
 8007f72:	4689      	mov	r9, r1
 8007f74:	461f      	mov	r7, r3
 8007f76:	e002      	b.n	8007f7e <__l_vfprintf+0x80a>
 8007f78:	4552      	cmp	r2, sl
 8007f7a:	da08      	bge.n	8007f8e <__l_vfprintf+0x81a>
 8007f7c:	4615      	mov	r5, r2
 8007f7e:	4641      	mov	r1, r8
 8007f80:	2020      	movs	r0, #32
 8007f82:	47a0      	blx	r4
 8007f84:	2800      	cmp	r0, #0
 8007f86:	f105 0201 	add.w	r2, r5, #1
 8007f8a:	daf5      	bge.n	8007f78 <__l_vfprintf+0x804>
 8007f8c:	e527      	b.n	80079de <__l_vfprintf+0x26a>
 8007f8e:	4638      	mov	r0, r7
 8007f90:	462f      	mov	r7, r5
 8007f92:	4605      	mov	r5, r0
 8007f94:	4649      	mov	r1, r9
 8007f96:	ebaa 0a02 	sub.w	sl, sl, r2
 8007f9a:	3501      	adds	r5, #1
 8007f9c:	9a00      	ldr	r2, [sp, #0]
 8007f9e:	1a6d      	subs	r5, r5, r1
 8007fa0:	443d      	add	r5, r7
 8007fa2:	06d7      	lsls	r7, r2, #27
 8007fa4:	46a1      	mov	r9, r4
 8007fa6:	e9dd 3402 	ldrd	r3, r4, [sp, #8]
 8007faa:	d483      	bmi.n	8007eb4 <__l_vfprintf+0x740>
 8007fac:	4611      	mov	r1, r2
 8007fae:	f240 4206 	movw	r2, #1030	@ 0x406
 8007fb2:	4211      	tst	r1, r2
 8007fb4:	f47f ae48 	bne.w	8007c48 <__l_vfprintf+0x4d4>
 8007fb8:	462e      	mov	r6, r5
 8007fba:	e709      	b.n	8007dd0 <__l_vfprintf+0x65c>
 8007fbc:	aa04      	add	r2, sp, #16
 8007fbe:	230a      	movs	r3, #10
 8007fc0:	2100      	movs	r1, #0
 8007fc2:	2000      	movs	r0, #0
 8007fc4:	9202      	str	r2, [sp, #8]
 8007fc6:	f7ff fb57 	bl	8007678 <__ultoa_invert>
 8007fca:	9a02      	ldr	r2, [sp, #8]
 8007fcc:	1a81      	subs	r1, r0, r2
 8007fce:	460b      	mov	r3, r1
 8007fd0:	e629      	b.n	8007c26 <__l_vfprintf+0x4b2>
 8007fd2:	ea5f 77cc 	movs.w	r7, ip, lsl #31
 8007fd6:	4660      	mov	r0, ip
 8007fd8:	d532      	bpl.n	8008040 <__l_vfprintf+0x8cc>
 8007fda:	458a      	cmp	sl, r1
 8007fdc:	ebaa 0001 	sub.w	r0, sl, r1
 8007fe0:	dd6d      	ble.n	80080be <__l_vfprintf+0x94a>
 8007fe2:	eb03 0b00 	add.w	fp, r3, r0
 8007fe6:	4610      	mov	r0, r2
 8007fe8:	4682      	mov	sl, r0
 8007fea:	e62d      	b.n	8007c48 <__l_vfprintf+0x4d4>
 8007fec:	05ba      	lsls	r2, r7, #22
 8007fee:	bf4b      	itete	mi
 8007ff0:	b258      	sxtbmi	r0, r3
 8007ff2:	b218      	sxthpl	r0, r3
 8007ff4:	f343 13c0 	sbfxmi	r3, r3, #7, #1
 8007ff8:	f343 33c0 	sbfxpl	r3, r3, #15, #1
 8007ffc:	e5fb      	b.n	8007bf6 <__l_vfprintf+0x482>
 8007ffe:	9a00      	ldr	r2, [sp, #0]
 8008000:	07d0      	lsls	r0, r2, #31
 8008002:	d556      	bpl.n	80080b2 <__l_vfprintf+0x93e>
 8008004:	4551      	cmp	r1, sl
 8008006:	ebaa 0201 	sub.w	r2, sl, r1
 800800a:	da5f      	bge.n	80080cc <__l_vfprintf+0x958>
 800800c:	eb03 0b02 	add.w	fp, r3, r2
 8008010:	46b2      	mov	sl, r6
 8008012:	e74f      	b.n	8007eb4 <__l_vfprintf+0x740>
 8008014:	f853 0b04 	ldr.w	r0, [r3], #4
 8008018:	9301      	str	r3, [sp, #4]
 800801a:	17c3      	asrs	r3, r0, #31
 800801c:	e5eb      	b.n	8007bf6 <__l_vfprintf+0x482>
 800801e:	1c6e      	adds	r6, r5, #1
 8008020:	e6d6      	b.n	8007dd0 <__l_vfprintf+0x65c>
 8008022:	0739      	lsls	r1, r7, #28
 8008024:	d56c      	bpl.n	8008100 <__l_vfprintf+0x98c>
 8008026:	ebaa 0a03 	sub.w	sl, sl, r3
 800802a:	e647      	b.n	8007cbc <__l_vfprintf+0x548>
 800802c:	9a00      	ldr	r2, [sp, #0]
 800802e:	07d2      	lsls	r2, r2, #31
 8008030:	d552      	bpl.n	80080d8 <__l_vfprintf+0x964>
 8008032:	4551      	cmp	r1, sl
 8008034:	ebaa 0001 	sub.w	r0, sl, r1
 8008038:	db44      	blt.n	80080c4 <__l_vfprintf+0x950>
 800803a:	4682      	mov	sl, r0
 800803c:	469b      	mov	fp, r3
 800803e:	e739      	b.n	8007eb4 <__l_vfprintf+0x740>
 8008040:	458a      	cmp	sl, r1
 8008042:	dc91      	bgt.n	8007f68 <__l_vfprintf+0x7f4>
 8008044:	e5fe      	b.n	8007c44 <__l_vfprintf+0x4d0>
 8008046:	aa04      	add	r2, sp, #16
 8008048:	230a      	movs	r3, #10
 800804a:	2000      	movs	r0, #0
 800804c:	2100      	movs	r1, #0
 800804e:	9202      	str	r2, [sp, #8]
 8008050:	f7ff fb12 	bl	8007678 <__ultoa_invert>
 8008054:	9a02      	ldr	r2, [sp, #8]
 8008056:	1a83      	subs	r3, r0, r2
 8008058:	e76b      	b.n	8007f32 <__l_vfprintf+0x7be>
 800805a:	f1ba 0f00 	cmp.w	sl, #0
 800805e:	f77f ae2b 	ble.w	8007cb8 <__l_vfprintf+0x544>
 8008062:	f027 0717 	bic.w	r7, r7, #23
 8008066:	b2bb      	uxth	r3, r7
 8008068:	9300      	str	r3, [sp, #0]
 800806a:	4659      	mov	r1, fp
 800806c:	465b      	mov	r3, fp
 800806e:	e77b      	b.n	8007f68 <__l_vfprintf+0x7f4>
 8008070:	06fa      	lsls	r2, r7, #27
 8008072:	d540      	bpl.n	80080f6 <__l_vfprintf+0x982>
 8008074:	0738      	lsls	r0, r7, #28
 8008076:	f10b 0102 	add.w	r1, fp, #2
 800807a:	f53f af46 	bmi.w	8007f0a <__l_vfprintf+0x796>
 800807e:	458a      	cmp	sl, r1
 8008080:	f73f af72 	bgt.w	8007f68 <__l_vfprintf+0x7f4>
 8008084:	ebaa 0a01 	sub.w	sl, sl, r1
 8008088:	2030      	movs	r0, #48	@ 0x30
 800808a:	4641      	mov	r1, r8
 800808c:	9300      	str	r3, [sp, #0]
 800808e:	47c8      	blx	r9
 8008090:	2800      	cmp	r0, #0
 8008092:	9b00      	ldr	r3, [sp, #0]
 8008094:	f6bf af19 	bge.w	8007eca <__l_vfprintf+0x756>
 8008098:	e4a1      	b.n	80079de <__l_vfprintf+0x26a>
 800809a:	465a      	mov	r2, fp
 800809c:	f001 0008 	and.w	r0, r1, #8
 80080a0:	b281      	uxth	r1, r0
 80080a2:	2800      	cmp	r0, #0
 80080a4:	f43f af1c 	beq.w	8007ee0 <__l_vfprintf+0x76c>
 80080a8:	ebaa 0a0b 	sub.w	sl, sl, fp
 80080ac:	462e      	mov	r6, r5
 80080ae:	4693      	mov	fp, r2
 80080b0:	e68e      	b.n	8007dd0 <__l_vfprintf+0x65c>
 80080b2:	4551      	cmp	r1, sl
 80080b4:	f6ff af58 	blt.w	8007f68 <__l_vfprintf+0x7f4>
 80080b8:	e67e      	b.n	8007db8 <__l_vfprintf+0x644>
 80080ba:	4619      	mov	r1, r3
 80080bc:	e5b3      	b.n	8007c26 <__l_vfprintf+0x4b2>
 80080be:	469b      	mov	fp, r3
 80080c0:	4682      	mov	sl, r0
 80080c2:	e5c1      	b.n	8007c48 <__l_vfprintf+0x4d4>
 80080c4:	2110      	movs	r1, #16
 80080c6:	e6ee      	b.n	8007ea6 <__l_vfprintf+0x732>
 80080c8:	4619      	mov	r1, r3
 80080ca:	e727      	b.n	8007f1c <__l_vfprintf+0x7a8>
 80080cc:	4692      	mov	sl, r2
 80080ce:	469b      	mov	fp, r3
 80080d0:	e6f0      	b.n	8007eb4 <__l_vfprintf+0x740>
 80080d2:	4635      	mov	r5, r6
 80080d4:	aa04      	add	r2, sp, #16
 80080d6:	e5f1      	b.n	8007cbc <__l_vfprintf+0x548>
 80080d8:	4551      	cmp	r1, sl
 80080da:	f6ff af45 	blt.w	8007f68 <__l_vfprintf+0x7f4>
 80080de:	e714      	b.n	8007f0a <__l_vfprintf+0x796>
 80080e0:	459a      	cmp	sl, r3
 80080e2:	bfd8      	it	le
 80080e4:	ebaa 0a03 	suble.w	sl, sl, r3
 80080e8:	f77f af66 	ble.w	8007fb8 <__l_vfprintf+0x844>
 80080ec:	4619      	mov	r1, r3
 80080ee:	e73b      	b.n	8007f68 <__l_vfprintf+0x7f4>
 80080f0:	462e      	mov	r6, r5
 80080f2:	468a      	mov	sl, r1
 80080f4:	e66c      	b.n	8007dd0 <__l_vfprintf+0x65c>
 80080f6:	9900      	ldr	r1, [sp, #0]
 80080f8:	465a      	mov	r2, fp
 80080fa:	f001 0008 	and.w	r0, r1, #8
 80080fe:	e7cf      	b.n	80080a0 <__l_vfprintf+0x92c>
 8008100:	4619      	mov	r1, r3
 8008102:	e72e      	b.n	8007f62 <__l_vfprintf+0x7ee>
 8008104:	45d3      	cmp	fp, sl
 8008106:	da09      	bge.n	800811c <__l_vfprintf+0x9a8>
 8008108:	4659      	mov	r1, fp
 800810a:	4693      	mov	fp, r2
 800810c:	e72c      	b.n	8007f68 <__l_vfprintf+0x7f4>
 800810e:	ebaa 0a01 	sub.w	sl, sl, r1
 8008112:	462e      	mov	r6, r5
 8008114:	e65c      	b.n	8007dd0 <__l_vfprintf+0x65c>
 8008116:	465a      	mov	r2, fp
 8008118:	468b      	mov	fp, r1
 800811a:	e7c1      	b.n	80080a0 <__l_vfprintf+0x92c>
 800811c:	ebaa 0a0b 	sub.w	sl, sl, fp
 8008120:	462e      	mov	r6, r5
 8008122:	4693      	mov	fp, r2
 8008124:	e654      	b.n	8007dd0 <__l_vfprintf+0x65c>
 8008126:	bf00      	nop

08008128 <__file_str_put>:
 8008128:	e9d1 3204 	ldrd	r3, r2, [r1, #16]
 800812c:	4293      	cmp	r3, r2
 800812e:	d002      	beq.n	8008136 <__file_str_put+0xe>
 8008130:	1c5a      	adds	r2, r3, #1
 8008132:	610a      	str	r2, [r1, #16]
 8008134:	7018      	strb	r0, [r3, #0]
 8008136:	4770      	bx	lr

08008138 <_OffsetAbsSyms>:

#include <gen_offset.h>

#include "offsets_aarch32.c"

GEN_ABS_SYM_END
 8008138:	4770      	bx	lr

0800813a <z_impl_gpio_pin_configure>:
{
 800813a:	b538      	push	{r3, r4, r5, lr}
 800813c:	4613      	mov	r3, r2
	const struct gpio_driver_api *api =
 800813e:	6885      	ldr	r5, [r0, #8]
	struct gpio_driver_data *data =
 8008140:	6904      	ldr	r4, [r0, #16]
	if (((flags & GPIO_OUTPUT_INIT_LOGICAL) != 0)
 8008142:	f412 1f80 	tst.w	r2, #1048576	@ 0x100000
 8008146:	d007      	beq.n	8008158 <z_impl_gpio_pin_configure+0x1e>
	    && ((flags & (GPIO_OUTPUT_INIT_LOW | GPIO_OUTPUT_INIT_HIGH)) != 0)
 8008148:	f412 2f40 	tst.w	r2, #786432	@ 0xc0000
 800814c:	d004      	beq.n	8008158 <z_impl_gpio_pin_configure+0x1e>
	    && ((flags & GPIO_ACTIVE_LOW) != 0)) {
 800814e:	f012 0f01 	tst.w	r2, #1
 8008152:	d001      	beq.n	8008158 <z_impl_gpio_pin_configure+0x1e>
		flags ^= GPIO_OUTPUT_INIT_LOW | GPIO_OUTPUT_INIT_HIGH;
 8008154:	f482 2340 	eor.w	r3, r2, #786432	@ 0xc0000
	flags &= ~GPIO_OUTPUT_INIT_LOGICAL;
 8008158:	f423 1280 	bic.w	r2, r3, #1048576	@ 0x100000
	if ((flags & GPIO_ACTIVE_LOW) != 0) {
 800815c:	f013 0f01 	tst.w	r3, #1
 8008160:	d00a      	beq.n	8008178 <z_impl_gpio_pin_configure+0x3e>
		data->invert |= (gpio_port_pins_t)BIT(pin);
 8008162:	6823      	ldr	r3, [r4, #0]
 8008164:	f04f 0c01 	mov.w	ip, #1
 8008168:	fa0c fc01 	lsl.w	ip, ip, r1
 800816c:	ea43 030c 	orr.w	r3, r3, ip
 8008170:	6023      	str	r3, [r4, #0]
	ret = api->pin_configure(port, pin, flags);
 8008172:	682b      	ldr	r3, [r5, #0]
 8008174:	4798      	blx	r3
}
 8008176:	bd38      	pop	{r3, r4, r5, pc}
		data->invert &= ~(gpio_port_pins_t)BIT(pin);
 8008178:	6823      	ldr	r3, [r4, #0]
 800817a:	f04f 0c01 	mov.w	ip, #1
 800817e:	fa0c fc01 	lsl.w	ip, ip, r1
 8008182:	ea23 030c 	bic.w	r3, r3, ip
 8008186:	6023      	str	r3, [r4, #0]
 8008188:	e7f3      	b.n	8008172 <z_impl_gpio_pin_configure+0x38>

0800818a <gpio_pin_configure_dt>:
{
 800818a:	b508      	push	{r3, lr}
 800818c:	4603      	mov	r3, r0
 800818e:	468c      	mov	ip, r1
	return gpio_pin_configure(spec->port,
 8008190:	6800      	ldr	r0, [r0, #0]
				  spec->pin,
 8008192:	7919      	ldrb	r1, [r3, #4]
				  spec->dt_flags | extra_flags);
 8008194:	88da      	ldrh	r2, [r3, #6]
	return gpio_pin_configure(spec->port,
 8008196:	ea42 020c 	orr.w	r2, r2, ip
		union { uintptr_t x; gpio_flags_t val; } parm2 = { .val = flags };
		return (int) arch_syscall_invoke3(parm0.x, parm1.x, parm2.x, K_SYSCALL_GPIO_PIN_CONFIGURE);
	}
#endif
	compiler_barrier();
	return z_impl_gpio_pin_configure(port, pin, flags);
 800819a:	f7ff ffce 	bl	800813a <z_impl_gpio_pin_configure>
}
 800819e:	bd08      	pop	{r3, pc}

080081a0 <gpio_pin_set_raw>:
{
 80081a0:	b508      	push	{r3, lr}
	if (value != 0)	{
 80081a2:	b132      	cbz	r2, 80081b2 <gpio_pin_set_raw+0x12>
		ret = gpio_port_set_bits_raw(port, (gpio_port_pins_t)BIT(pin));
 80081a4:	2301      	movs	r3, #1
 80081a6:	fa03 f101 	lsl.w	r1, r3, r1
	const struct gpio_driver_api *api =
 80081aa:	6883      	ldr	r3, [r0, #8]
	ret = api->port_set_bits_raw(port, pins);
 80081ac:	68db      	ldr	r3, [r3, #12]
 80081ae:	4798      	blx	r3
}
 80081b0:	bd08      	pop	{r3, pc}
		ret = gpio_port_clear_bits_raw(port, (gpio_port_pins_t)BIT(pin));
 80081b2:	2301      	movs	r3, #1
 80081b4:	fa03 f101 	lsl.w	r1, r3, r1
	const struct gpio_driver_api *api =
 80081b8:	6883      	ldr	r3, [r0, #8]
	ret = api->port_clear_bits_raw(port, pins);
 80081ba:	691b      	ldr	r3, [r3, #16]
 80081bc:	4798      	blx	r3
	return ret;
 80081be:	e7f7      	b.n	80081b0 <gpio_pin_set_raw+0x10>

080081c0 <gpio_pin_set>:
{
 80081c0:	b510      	push	{r4, lr}
	const struct gpio_driver_data *const data =
 80081c2:	6903      	ldr	r3, [r0, #16]
	if (data->invert & (gpio_port_pins_t)BIT(pin)) {
 80081c4:	681c      	ldr	r4, [r3, #0]
 80081c6:	2301      	movs	r3, #1
 80081c8:	408b      	lsls	r3, r1
 80081ca:	421c      	tst	r4, r3
 80081cc:	d002      	beq.n	80081d4 <gpio_pin_set+0x14>
		value = (value != 0) ? 0 : 1;
 80081ce:	fab2 f282 	clz	r2, r2
 80081d2:	0952      	lsrs	r2, r2, #5
	return gpio_pin_set_raw(port, pin, value);
 80081d4:	f7ff ffe4 	bl	80081a0 <gpio_pin_set_raw>
}
 80081d8:	bd10      	pop	{r4, pc}

080081da <pwm_set_cycles>:

extern int z_impl_pwm_set_cycles(const struct device * dev, uint32_t channel, uint32_t period, uint32_t pulse, pwm_flags_t flags);

__pinned_func
static inline int pwm_set_cycles(const struct device * dev, uint32_t channel, uint32_t period, uint32_t pulse, pwm_flags_t flags)
{
 80081da:	b530      	push	{r4, r5, lr}
 80081dc:	b083      	sub	sp, #12
	const struct pwm_driver_api *api =
 80081de:	6884      	ldr	r4, [r0, #8]
	if (pulse > period) {
 80081e0:	429a      	cmp	r2, r3
 80081e2:	d306      	bcc.n	80081f2 <pwm_set_cycles+0x18>
	return api->set_cycles(dev, channel, period, pulse, flags);
 80081e4:	6824      	ldr	r4, [r4, #0]
 80081e6:	f8bd 5018 	ldrh.w	r5, [sp, #24]
 80081ea:	9500      	str	r5, [sp, #0]
 80081ec:	47a0      	blx	r4
		return (int) arch_syscall_invoke5(parm0.x, parm1.x, parm2.x, parm3.x, parm4.x, K_SYSCALL_PWM_SET_CYCLES);
	}
#endif
	compiler_barrier();
	return z_impl_pwm_set_cycles(dev, channel, period, pulse, flags);
}
 80081ee:	b003      	add	sp, #12
 80081f0:	bd30      	pop	{r4, r5, pc}
		return -EINVAL;
 80081f2:	f06f 0015 	mvn.w	r0, #21
	return z_impl_pwm_set_cycles(dev, channel, period, pulse, flags);
 80081f6:	e7fa      	b.n	80081ee <pwm_set_cycles+0x14>

080081f8 <pwm_set_dt>:
 *
 * @see pwm_set_pulse_dt()
 */
static inline int pwm_set_dt(const struct pwm_dt_spec *spec, uint32_t period,
			     uint32_t pulse)
{
 80081f8:	b500      	push	{lr}
 80081fa:	b083      	sub	sp, #12
 80081fc:	4613      	mov	r3, r2
	return pwm_set(spec->dev, spec->channel, period, pulse, spec->flags);
 80081fe:	8982      	ldrh	r2, [r0, #12]
 8008200:	9200      	str	r2, [sp, #0]
 8008202:	460a      	mov	r2, r1
 8008204:	6841      	ldr	r1, [r0, #4]
 8008206:	6800      	ldr	r0, [r0, #0]
 8008208:	f7f8 fc36 	bl	8000a78 <pwm_set>
}
 800820c:	b003      	add	sp, #12
 800820e:	f85d fb04 	ldr.w	pc, [sp], #4

08008212 <pwm_set_pulse_dt>:
 *
 * @see pwm_set_pulse_dt()
 */
static inline int pwm_set_pulse_dt(const struct pwm_dt_spec *spec,
				   uint32_t pulse)
{
 8008212:	b500      	push	{lr}
 8008214:	b083      	sub	sp, #12
 8008216:	460b      	mov	r3, r1
	return pwm_set(spec->dev, spec->channel, spec->period, pulse,
		       spec->flags);
 8008218:	8982      	ldrh	r2, [r0, #12]
	return pwm_set(spec->dev, spec->channel, spec->period, pulse,
 800821a:	9200      	str	r2, [sp, #0]
 800821c:	6882      	ldr	r2, [r0, #8]
 800821e:	6841      	ldr	r1, [r0, #4]
 8008220:	6800      	ldr	r0, [r0, #0]
 8008222:	f7f8 fc29 	bl	8000a78 <pwm_set>
}
 8008226:	b003      	add	sp, #12
 8008228:	f85d fb04 	ldr.w	pc, [sp], #4

0800822c <k_msleep>:
{
 800822c:	b508      	push	{r3, lr}
	return k_sleep(Z_TIMEOUT_MS(ms));
 800822e:	ea20 73e0 	bic.w	r3, r0, r0, asr #31
 8008232:	17d9      	asrs	r1, r3, #31
 8008234:	008a      	lsls	r2, r1, #2
 8008236:	ea42 7293 	orr.w	r2, r2, r3, lsr #30
 800823a:	0098      	lsls	r0, r3, #2
 800823c:	18c0      	adds	r0, r0, r3
 800823e:	eb41 0102 	adc.w	r1, r1, r2
 8008242:	1800      	adds	r0, r0, r0
 8008244:	4149      	adcs	r1, r1
	return z_impl_k_sleep(timeout);
 8008246:	f7fe fd2d 	bl	8006ca4 <z_impl_k_sleep>
}
 800824a:	bd08      	pop	{r3, pc}

0800824c <pasfal>:
void pasfal(bool i){
 800824c:	b508      	push	{r3, lr}
	if (i) {
 800824e:	b180      	cbz	r0, 8008272 <pasfal+0x26>
		tm1638_set_digit(4, 0x73); //P
 8008250:	2173      	movs	r1, #115	@ 0x73
 8008252:	2004      	movs	r0, #4
 8008254:	f7f9 f90c 	bl	8001470 <tm1638_set_digit>
		tm1638_set_digit(5, 0x77); //A
 8008258:	2177      	movs	r1, #119	@ 0x77
 800825a:	2005      	movs	r0, #5
 800825c:	f7f9 f908 	bl	8001470 <tm1638_set_digit>
		tm1638_set_digit(6, 0x6D); //S
 8008260:	216d      	movs	r1, #109	@ 0x6d
 8008262:	2006      	movs	r0, #6
 8008264:	f7f9 f904 	bl	8001470 <tm1638_set_digit>
		tm1638_set_digit(7, 0xED); //S.
 8008268:	21ed      	movs	r1, #237	@ 0xed
 800826a:	2007      	movs	r0, #7
 800826c:	f7f9 f900 	bl	8001470 <tm1638_set_digit>
}
 8008270:	bd08      	pop	{r3, pc}
		tm1638_set_digit(4, 0x71); //F
 8008272:	2171      	movs	r1, #113	@ 0x71
 8008274:	2004      	movs	r0, #4
 8008276:	f7f9 f8fb 	bl	8001470 <tm1638_set_digit>
		tm1638_set_digit(5, 0x77); //A
 800827a:	2177      	movs	r1, #119	@ 0x77
 800827c:	2005      	movs	r0, #5
 800827e:	f7f9 f8f7 	bl	8001470 <tm1638_set_digit>
		tm1638_set_digit(6, 0x30); //I
 8008282:	2130      	movs	r1, #48	@ 0x30
 8008284:	2006      	movs	r0, #6
 8008286:	f7f9 f8f3 	bl	8001470 <tm1638_set_digit>
		tm1638_set_digit(7, 0xB8); //L
 800828a:	21b8      	movs	r1, #184	@ 0xb8
 800828c:	2007      	movs	r0, #7
 800828e:	f7f9 f8ef 	bl	8001470 <tm1638_set_digit>
}
 8008292:	e7ed      	b.n	8008270 <pasfal+0x24>

08008294 <opco>:
void opco (bool i){
 8008294:	b508      	push	{r3, lr}
	if (i){
 8008296:	b180      	cbz	r0, 80082ba <opco+0x26>
		tm1638_set_digit(4, 0x3F); //O
 8008298:	213f      	movs	r1, #63	@ 0x3f
 800829a:	2004      	movs	r0, #4
 800829c:	f7f9 f8e8 	bl	8001470 <tm1638_set_digit>
		tm1638_set_digit(5, 0x73); //P
 80082a0:	2173      	movs	r1, #115	@ 0x73
 80082a2:	2005      	movs	r0, #5
 80082a4:	f7f9 f8e4 	bl	8001470 <tm1638_set_digit>
		tm1638_set_digit(6, 0x79); //E
 80082a8:	2179      	movs	r1, #121	@ 0x79
 80082aa:	2006      	movs	r0, #6
 80082ac:	f7f9 f8e0 	bl	8001470 <tm1638_set_digit>
		tm1638_set_digit(7, 0xD4); //N.
 80082b0:	21d4      	movs	r1, #212	@ 0xd4
 80082b2:	2007      	movs	r0, #7
 80082b4:	f7f9 f8dc 	bl	8001470 <tm1638_set_digit>
}
 80082b8:	bd08      	pop	{r3, pc}
		tm1638_set_digit(4, 0x39); //C
 80082ba:	2139      	movs	r1, #57	@ 0x39
 80082bc:	2004      	movs	r0, #4
 80082be:	f7f9 f8d7 	bl	8001470 <tm1638_set_digit>
		tm1638_set_digit(5, 0x38); //L
 80082c2:	2138      	movs	r1, #56	@ 0x38
 80082c4:	2005      	movs	r0, #5
 80082c6:	f7f9 f8d3 	bl	8001470 <tm1638_set_digit>
		tm1638_set_digit(6, 0x3F); //0
 80082ca:	213f      	movs	r1, #63	@ 0x3f
 80082cc:	2006      	movs	r0, #6
 80082ce:	f7f9 f8cf 	bl	8001470 <tm1638_set_digit>
		tm1638_set_digit(7, 0xED); //S.
 80082d2:	21ed      	movs	r1, #237	@ 0xed
 80082d4:	2007      	movs	r0, #7
 80082d6:	f7f9 f8cb 	bl	8001470 <tm1638_set_digit>
}
 80082da:	e7ed      	b.n	80082b8 <opco+0x24>

080082dc <z_impl_gpio_pin_configure>:
{
 80082dc:	b538      	push	{r3, r4, r5, lr}
 80082de:	4613      	mov	r3, r2
	const struct gpio_driver_api *api =
 80082e0:	6885      	ldr	r5, [r0, #8]
	struct gpio_driver_data *data =
 80082e2:	6904      	ldr	r4, [r0, #16]
	if (((flags & GPIO_OUTPUT_INIT_LOGICAL) != 0)
 80082e4:	f412 1f80 	tst.w	r2, #1048576	@ 0x100000
 80082e8:	d007      	beq.n	80082fa <z_impl_gpio_pin_configure+0x1e>
	    && ((flags & (GPIO_OUTPUT_INIT_LOW | GPIO_OUTPUT_INIT_HIGH)) != 0)
 80082ea:	f412 2f40 	tst.w	r2, #786432	@ 0xc0000
 80082ee:	d004      	beq.n	80082fa <z_impl_gpio_pin_configure+0x1e>
	    && ((flags & GPIO_ACTIVE_LOW) != 0)) {
 80082f0:	f012 0f01 	tst.w	r2, #1
 80082f4:	d001      	beq.n	80082fa <z_impl_gpio_pin_configure+0x1e>
		flags ^= GPIO_OUTPUT_INIT_LOW | GPIO_OUTPUT_INIT_HIGH;
 80082f6:	f482 2340 	eor.w	r3, r2, #786432	@ 0xc0000
	flags &= ~GPIO_OUTPUT_INIT_LOGICAL;
 80082fa:	f423 1280 	bic.w	r2, r3, #1048576	@ 0x100000
	if ((flags & GPIO_ACTIVE_LOW) != 0) {
 80082fe:	f013 0f01 	tst.w	r3, #1
 8008302:	d00a      	beq.n	800831a <z_impl_gpio_pin_configure+0x3e>
		data->invert |= (gpio_port_pins_t)BIT(pin);
 8008304:	6823      	ldr	r3, [r4, #0]
 8008306:	f04f 0c01 	mov.w	ip, #1
 800830a:	fa0c fc01 	lsl.w	ip, ip, r1
 800830e:	ea43 030c 	orr.w	r3, r3, ip
 8008312:	6023      	str	r3, [r4, #0]
	ret = api->pin_configure(port, pin, flags);
 8008314:	682b      	ldr	r3, [r5, #0]
 8008316:	4798      	blx	r3
}
 8008318:	bd38      	pop	{r3, r4, r5, pc}
		data->invert &= ~(gpio_port_pins_t)BIT(pin);
 800831a:	6823      	ldr	r3, [r4, #0]
 800831c:	f04f 0c01 	mov.w	ip, #1
 8008320:	fa0c fc01 	lsl.w	ip, ip, r1
 8008324:	ea23 030c 	bic.w	r3, r3, ip
 8008328:	6023      	str	r3, [r4, #0]
 800832a:	e7f3      	b.n	8008314 <z_impl_gpio_pin_configure+0x38>

0800832c <gpio_pin_configure_dt>:
{
 800832c:	b508      	push	{r3, lr}
 800832e:	4603      	mov	r3, r0
 8008330:	468c      	mov	ip, r1
	return gpio_pin_configure(spec->port,
 8008332:	6800      	ldr	r0, [r0, #0]
				  spec->pin,
 8008334:	7919      	ldrb	r1, [r3, #4]
				  spec->dt_flags | extra_flags);
 8008336:	88da      	ldrh	r2, [r3, #6]
	return gpio_pin_configure(spec->port,
 8008338:	ea42 020c 	orr.w	r2, r2, ip
 800833c:	f7ff ffce 	bl	80082dc <z_impl_gpio_pin_configure>
}
 8008340:	bd08      	pop	{r3, pc}

08008342 <gpio_port_get>:
{
 8008342:	b538      	push	{r3, r4, r5, lr}
 8008344:	460c      	mov	r4, r1
	const struct gpio_driver_data *const data =
 8008346:	6905      	ldr	r5, [r0, #16]
	const struct gpio_driver_api *api = (const struct gpio_driver_api *)port->api;
 8008348:	6883      	ldr	r3, [r0, #8]
	ret = api->port_get_raw(port, value);
 800834a:	685b      	ldr	r3, [r3, #4]
 800834c:	4798      	blx	r3
	if (ret == 0) {
 800834e:	b918      	cbnz	r0, 8008358 <gpio_port_get+0x16>
		*value ^= data->invert;
 8008350:	6823      	ldr	r3, [r4, #0]
 8008352:	682a      	ldr	r2, [r5, #0]
 8008354:	4053      	eors	r3, r2
 8008356:	6023      	str	r3, [r4, #0]
}
 8008358:	bd38      	pop	{r3, r4, r5, pc}

0800835a <gpio_pin_get>:
{
 800835a:	b510      	push	{r4, lr}
 800835c:	b082      	sub	sp, #8
 800835e:	460c      	mov	r4, r1
	ret = gpio_port_get(port, &value);
 8008360:	a901      	add	r1, sp, #4
 8008362:	f7ff ffee 	bl	8008342 <gpio_port_get>
	if (ret == 0) {
 8008366:	4603      	mov	r3, r0
 8008368:	b930      	cbnz	r0, 8008378 <gpio_pin_get+0x1e>
		ret = (value & (gpio_port_pins_t)BIT(pin)) != 0 ? 1 : 0;
 800836a:	2301      	movs	r3, #1
 800836c:	40a3      	lsls	r3, r4
 800836e:	9a01      	ldr	r2, [sp, #4]
 8008370:	4013      	ands	r3, r2
 8008372:	3b00      	subs	r3, #0
 8008374:	bf18      	it	ne
 8008376:	2301      	movne	r3, #1
}
 8008378:	4618      	mov	r0, r3
 800837a:	b002      	add	sp, #8
 800837c:	bd10      	pop	{r4, pc}

0800837e <gpio_pin_set_raw>:
{
 800837e:	b508      	push	{r3, lr}
	if (value != 0)	{
 8008380:	b132      	cbz	r2, 8008390 <gpio_pin_set_raw+0x12>
		ret = gpio_port_set_bits_raw(port, (gpio_port_pins_t)BIT(pin));
 8008382:	2301      	movs	r3, #1
 8008384:	fa03 f101 	lsl.w	r1, r3, r1
	const struct gpio_driver_api *api =
 8008388:	6883      	ldr	r3, [r0, #8]
	ret = api->port_set_bits_raw(port, pins);
 800838a:	68db      	ldr	r3, [r3, #12]
 800838c:	4798      	blx	r3
}
 800838e:	bd08      	pop	{r3, pc}
		ret = gpio_port_clear_bits_raw(port, (gpio_port_pins_t)BIT(pin));
 8008390:	2301      	movs	r3, #1
 8008392:	fa03 f101 	lsl.w	r1, r3, r1
	const struct gpio_driver_api *api =
 8008396:	6883      	ldr	r3, [r0, #8]
	ret = api->port_clear_bits_raw(port, pins);
 8008398:	691b      	ldr	r3, [r3, #16]
 800839a:	4798      	blx	r3
	return ret;
 800839c:	e7f7      	b.n	800838e <gpio_pin_set_raw+0x10>

0800839e <gpio_pin_set>:
{
 800839e:	b510      	push	{r4, lr}
	const struct gpio_driver_data *const data =
 80083a0:	6903      	ldr	r3, [r0, #16]
	if (data->invert & (gpio_port_pins_t)BIT(pin)) {
 80083a2:	681c      	ldr	r4, [r3, #0]
 80083a4:	2301      	movs	r3, #1
 80083a6:	408b      	lsls	r3, r1
 80083a8:	421c      	tst	r4, r3
 80083aa:	d002      	beq.n	80083b2 <gpio_pin_set+0x14>
		value = (value != 0) ? 0 : 1;
 80083ac:	fab2 f282 	clz	r2, r2
 80083b0:	0952      	lsrs	r2, r2, #5
	return gpio_pin_set_raw(port, pin, value);
 80083b2:	f7ff ffe4 	bl	800837e <gpio_pin_set_raw>
}
 80083b6:	bd10      	pop	{r4, pc}

080083b8 <free_list_add_bidx>:
		free_list_remove_bidx(h, c, bidx);
	}
}

static void free_list_add_bidx(struct z_heap *h, chunkid_t c, int bidx)
{
 80083b8:	b510      	push	{r4, lr}
	struct z_heap_bucket *b = &h->buckets[bidx];

	if (b->next == 0U) {
 80083ba:	1d13      	adds	r3, r2, #4
 80083bc:	f850 4023 	ldr.w	r4, [r0, r3, lsl #2]
 80083c0:	b974      	cbnz	r4, 80083e0 <free_list_add_bidx+0x28>
		CHECK((h->avail_buckets & BIT(bidx)) == 0);

		/* Empty list, first item */
		h->avail_buckets |= BIT(bidx);
 80083c2:	68c3      	ldr	r3, [r0, #12]
 80083c4:	2401      	movs	r4, #1
 80083c6:	4094      	lsls	r4, r2
 80083c8:	4323      	orrs	r3, r4
 80083ca:	60c3      	str	r3, [r0, #12]
		b->next = c;
 80083cc:	3204      	adds	r2, #4
 80083ce:	f840 1022 	str.w	r1, [r0, r2, lsl #2]
			     enum chunk_fields f, chunkid_t val)
{
	CHECK(c <= h->end_chunk);

	chunk_unit_t *buf = chunk_buf(h);
	void *cmem = &buf[c];
 80083d2:	00cb      	lsls	r3, r1, #3
	if (big_heap(h)) {
		CHECK(val == (uint32_t)val);
		((uint32_t *)cmem)[f] = val;
	} else {
		CHECK(val == (uint16_t)val);
		((uint16_t *)cmem)[f] = val;
 80083d4:	1d1a      	adds	r2, r3, #4
 80083d6:	b289      	uxth	r1, r1
 80083d8:	5281      	strh	r1, [r0, r2]
 80083da:	3306      	adds	r3, #6
 80083dc:	52c1      	strh	r1, [r0, r3]
	}

#ifdef CONFIG_SYS_HEAP_RUNTIME_STATS
	h->free_bytes += chunk_usable_bytes(h, c);
#endif
}
 80083de:	bd10      	pop	{r4, pc}
	void *cmem = &buf[c];
 80083e0:	00e2      	lsls	r2, r4, #3
		return ((uint16_t *)cmem)[f];
 80083e2:	3204      	adds	r2, #4
 80083e4:	5a83      	ldrh	r3, [r0, r2]
	void *cmem = &buf[c];
 80083e6:	ea4f 0cc1 	mov.w	ip, r1, lsl #3
		((uint16_t *)cmem)[f] = val;
 80083ea:	f10c 0e04 	add.w	lr, ip, #4
 80083ee:	f820 300e 	strh.w	r3, [r0, lr]
 80083f2:	f10c 0c06 	add.w	ip, ip, #6
 80083f6:	f820 400c 	strh.w	r4, [r0, ip]
	void *cmem = &buf[c];
 80083fa:	00db      	lsls	r3, r3, #3
		((uint16_t *)cmem)[f] = val;
 80083fc:	3306      	adds	r3, #6
 80083fe:	b289      	uxth	r1, r1
 8008400:	52c1      	strh	r1, [r0, r3]
 8008402:	5281      	strh	r1, [r0, r2]
 8008404:	e7eb      	b.n	80083de <free_list_add_bidx+0x26>

08008406 <free_list_add>:

static void free_list_add(struct z_heap *h, chunkid_t c)
{
 8008406:	b508      	push	{r3, lr}
		return ((uint16_t *)cmem)[f];
 8008408:	eb00 03c1 	add.w	r3, r0, r1, lsl #3
 800840c:	885a      	ldrh	r2, [r3, #2]
	return chunk_field(h, c, SIZE_AND_USED) & 1U;
}

static inline chunksz_t chunk_size(struct z_heap *h, chunkid_t c)
{
	return chunk_field(h, c, SIZE_AND_USED) >> 1;
 800840e:	0852      	lsrs	r2, r2, #1
}

static inline int bucket_idx(struct z_heap *h, chunksz_t sz)
{
	unsigned int usable_sz = sz - min_chunk_size(h) + 1;
	return 31 - __builtin_clz(usable_sz);
 8008410:	fab2 f282 	clz	r2, r2
	if (!undersized_chunk(h, c)) {
		int bidx = bucket_idx(h, chunk_size(h, c));
		free_list_add_bidx(h, c, bidx);
 8008414:	f1c2 021f 	rsb	r2, r2, #31
 8008418:	f7ff ffce 	bl	80083b8 <free_list_add_bidx>
	}
}
 800841c:	bd08      	pop	{r3, pc}

0800841e <sys_heap_init>:
	}
	return ptr2;
}

void sys_heap_init(struct sys_heap *heap, void *mem, size_t bytes)
{
 800841e:	b570      	push	{r4, r5, r6, lr}
 8008420:	4603      	mov	r3, r0
		__ASSERT(bytes / CHUNK_UNIT <= 0x7fffffffU, "heap size is too big");
	}

	/* Reserve the end marker chunk's header */
	__ASSERT(bytes > heap_footer_bytes(bytes), "heap size is too small");
	bytes -= heap_footer_bytes(bytes);
 8008422:	3a04      	subs	r2, #4

	/* Round the start up, the end down */
	uintptr_t addr = ROUND_UP(mem, CHUNK_UNIT);
 8008424:	1dc8      	adds	r0, r1, #7
 8008426:	f020 0007 	bic.w	r0, r0, #7
	uintptr_t end = ROUND_DOWN((uint8_t *)mem + bytes, CHUNK_UNIT);
 800842a:	440a      	add	r2, r1
 800842c:	f022 0207 	bic.w	r2, r2, #7
	chunksz_t heap_sz = (end - addr) / CHUNK_UNIT;
 8008430:	1a12      	subs	r2, r2, r0
 8008432:	08d5      	lsrs	r5, r2, #3

	CHECK(end > addr);
	__ASSERT(heap_sz > chunksz(sizeof(struct z_heap)), "heap size is too small");

	struct z_heap *h = (struct z_heap *)addr;
	heap->heap = h;
 8008434:	6018      	str	r0, [r3, #0]
	h->end_chunk = heap_sz;
 8008436:	6085      	str	r5, [r0, #8]
	h->avail_buckets = 0;
 8008438:	2300      	movs	r3, #0
 800843a:	60c3      	str	r3, [r0, #12]
 800843c:	fab5 f185 	clz	r1, r5

#if CONFIG_SYS_HEAP_ARRAY_SIZE
	sys_heap_array_save(heap);
#endif

	int nb_buckets = bucket_idx(h, heap_sz) + 1;
 8008440:	f1c1 0e20 	rsb	lr, r1, #32
	chunksz_t chunk0_size = chunksz(sizeof(struct z_heap) +
 8008444:	f1c1 0124 	rsb	r1, r1, #36	@ 0x24
				     nb_buckets * sizeof(struct z_heap_bucket)) +
 8008448:	0089      	lsls	r1, r1, #2
	return (bytes + CHUNK_UNIT - 1U) / CHUNK_UNIT;
 800844a:	1dce      	adds	r6, r1, #7
 800844c:	08f1      	lsrs	r1, r6, #3
				CHUNK_TRAILER_SIZE;

	__ASSERT(chunk0_size + min_chunk_size(h) <= heap_sz, "heap size is too small");

	for (int i = 0; i < nb_buckets; i++) {
 800844e:	e005      	b.n	800845c <sys_heap_init+0x3e>
		h->buckets[i].next = 0;
 8008450:	f103 0c04 	add.w	ip, r3, #4
 8008454:	2400      	movs	r4, #0
 8008456:	f840 402c 	str.w	r4, [r0, ip, lsl #2]
	for (int i = 0; i < nb_buckets; i++) {
 800845a:	3301      	adds	r3, #1
 800845c:	4573      	cmp	r3, lr
 800845e:	dbf7      	blt.n	8008450 <sys_heap_init+0x32>
		((uint16_t *)cmem)[f] = val;
 8008460:	fa1f fe81 	uxth.w	lr, r1
 8008464:	ea4f 044e 	mov.w	r4, lr, lsl #1
 8008468:	b2a4      	uxth	r4, r4
 800846a:	8044      	strh	r4, [r0, #2]
 800846c:	f04f 0c00 	mov.w	ip, #0
 8008470:	f8a0 c000 	strh.w	ip, [r0]
			((uint16_t *)cmem)[SIZE_AND_USED] |= 1U;
 8008474:	f044 0401 	orr.w	r4, r4, #1
 8008478:	8044      	strh	r4, [r0, #2]
	if (SYS_HEAP_HARDENING_FULL) {
		set_chunk_canary(h, 0);
	}

	/* chunk containing the free heap */
	set_chunk_size(h, chunk0_size, heap_sz - chunk0_size);
 800847a:	1a6b      	subs	r3, r5, r1
	void *cmem = &buf[c];
 800847c:	f026 0407 	bic.w	r4, r6, #7
		((uint16_t *)cmem)[f] = val;
 8008480:	1ca5      	adds	r5, r4, #2
 8008482:	b29b      	uxth	r3, r3
 8008484:	005e      	lsls	r6, r3, #1
 8008486:	5346      	strh	r6, [r0, r5]
 8008488:	f820 e004 	strh.w	lr, [r0, r4]
	void *cmem = &buf[c];
 800848c:	f022 0407 	bic.w	r4, r2, #7
		((uint16_t *)cmem)[f] = val;
 8008490:	1c95      	adds	r5, r2, #2
 8008492:	f820 c005 	strh.w	ip, [r0, r5]
 8008496:	4402      	add	r2, r0
 8008498:	5303      	strh	r3, [r0, r4]
			((uint16_t *)cmem)[SIZE_AND_USED] |= 1U;
 800849a:	8853      	ldrh	r3, [r2, #2]
 800849c:	f043 0301 	orr.w	r3, r3, #1
 80084a0:	8053      	strh	r3, [r2, #2]
	/* the end marker chunk */
	set_chunk_size(h, heap_sz, 0);
	set_left_chunk_size(h, heap_sz, heap_sz - chunk0_size);
	set_chunk_used(h, heap_sz, true);

	free_list_add(h, chunk0_size);
 80084a2:	f7ff ffb0 	bl	8008406 <free_list_add>
}
 80084a6:	bd70      	pop	{r4, r5, r6, pc}

080084a8 <cbprintf_via_va_list>:
{
 80084a8:	b510      	push	{r4, lr}
 80084aa:	460c      	mov	r4, r1
 80084ac:	4611      	mov	r1, r2
 80084ae:	461a      	mov	r2, r3
	return formatter(out, ctx, fmt, u.ap);
 80084b0:	9b02      	ldr	r3, [sp, #8]
 80084b2:	47a0      	blx	r4
}
 80084b4:	bd10      	pop	{r4, pc}

080084b6 <is_fmt_spec>:
	return (c >= 64) && (c <= 122);
 80084b6:	3840      	subs	r0, #64	@ 0x40
 80084b8:	b2c0      	uxtb	r0, r0
}
 80084ba:	283a      	cmp	r0, #58	@ 0x3a
 80084bc:	bf8c      	ite	hi
 80084be:	2000      	movhi	r0, #0
 80084c0:	2001      	movls	r0, #1
 80084c2:	4770      	bx	lr

080084c4 <get_package_len>:
{
 80084c4:	b5f8      	push	{r3, r4, r5, r6, r7, lr}
 80084c6:	4606      	mov	r6, r0
	args_size = buf[0] * sizeof(int);
 80084c8:	7803      	ldrb	r3, [r0, #0]
	s_nbr     = buf[1];
 80084ca:	7845      	ldrb	r5, [r0, #1]
	ros_nbr   = buf[2];
 80084cc:	7884      	ldrb	r4, [r0, #2]
	buf += ros_nbr;
 80084ce:	eb04 0483 	add.w	r4, r4, r3, lsl #2
 80084d2:	4404      	add	r4, r0
	for (unsigned int i = 0; i < s_nbr; i++) {
 80084d4:	2700      	movs	r7, #0
 80084d6:	e006      	b.n	80084e6 <get_package_len+0x22>
		buf++;
 80084d8:	3401      	adds	r4, #1
		buf += strlen((const char *)buf) + 1;
 80084da:	4620      	mov	r0, r4
 80084dc:	f7f7 fe50 	bl	8000180 <strlen>
 80084e0:	3001      	adds	r0, #1
 80084e2:	4404      	add	r4, r0
	for (unsigned int i = 0; i < s_nbr; i++) {
 80084e4:	3701      	adds	r7, #1
 80084e6:	42af      	cmp	r7, r5
 80084e8:	d3f6      	bcc.n	80084d8 <get_package_len+0x14>
}
 80084ea:	1ba0      	subs	r0, r4, r6
 80084ec:	bdf8      	pop	{r3, r4, r5, r6, r7, pc}

080084ee <append_string>:
{
 80084ee:	b570      	push	{r4, r5, r6, lr}
 80084f0:	4614      	mov	r4, r2
	if (cb == NULL) {
 80084f2:	b168      	cbz	r0, 8008510 <append_string+0x22>
 80084f4:	460d      	mov	r5, r1
 80084f6:	4619      	mov	r1, r3
 80084f8:	4606      	mov	r6, r0
	strl = strl > 0 ? strl : strlen(str) + 1;
 80084fa:	b92b      	cbnz	r3, 8008508 <append_string+0x1a>
 80084fc:	4610      	mov	r0, r2
 80084fe:	f7f7 fe3f 	bl	8000180 <strlen>
 8008502:	b283      	uxth	r3, r0
 8008504:	3301      	adds	r3, #1
 8008506:	b299      	uxth	r1, r3
	return cb(str, strl, ctx);
 8008508:	462a      	mov	r2, r5
 800850a:	4620      	mov	r0, r4
 800850c:	47b0      	blx	r6
}
 800850e:	bd70      	pop	{r4, r5, r6, pc}
		return 1 + strlen(str);
 8008510:	4610      	mov	r0, r2
 8008512:	f7f7 fe35 	bl	8000180 <strlen>
 8008516:	3001      	adds	r0, #1
 8008518:	e7f9      	b.n	800850e <append_string+0x20>

0800851a <cbpprintf_external>:
	if (buf == NULL) {
 800851a:	b35b      	cbz	r3, 8008574 <cbpprintf_external+0x5a>
{
 800851c:	e92d 47f0 	stmdb	sp!, {r4, r5, r6, r7, r8, r9, sl, lr}
 8008520:	b082      	sub	sp, #8
 8008522:	4607      	mov	r7, r0
 8008524:	4688      	mov	r8, r1
 8008526:	4691      	mov	r9, r2
 8008528:	461d      	mov	r5, r3
	args_size = hdr->hdr.desc.len * sizeof(int);
 800852a:	781a      	ldrb	r2, [r3, #0]
	s_nbr     = hdr->hdr.desc.str_cnt;
 800852c:	785e      	ldrb	r6, [r3, #1]
	ros_nbr   = hdr->hdr.desc.ro_str_cnt;
 800852e:	789c      	ldrb	r4, [r3, #2]
	rws_nbr   = hdr->hdr.desc.rw_str_cnt;
 8008530:	78db      	ldrb	r3, [r3, #3]
	s = (char *)(buf + args_size + ros_nbr + 2 * rws_nbr);
 8008532:	eb04 0482 	add.w	r4, r4, r2, lsl #2
 8008536:	eb04 0443 	add.w	r4, r4, r3, lsl #1
 800853a:	442c      	add	r4, r5
	for (i = 0; i < s_nbr; i++) {
 800853c:	f04f 0a00 	mov.w	sl, #0
 8008540:	e00a      	b.n	8008558 <cbpprintf_external+0x3e>
		s_idx = *(uint8_t *)s;
 8008542:	f814 3b01 	ldrb.w	r3, [r4], #1
		*ps = s;
 8008546:	f845 4023 	str.w	r4, [r5, r3, lsl #2]
		s += strlen(s) + 1;
 800854a:	4620      	mov	r0, r4
 800854c:	f7f7 fe18 	bl	8000180 <strlen>
 8008550:	3001      	adds	r0, #1
 8008552:	4404      	add	r4, r0
	for (i = 0; i < s_nbr; i++) {
 8008554:	f10a 0a01 	add.w	sl, sl, #1
 8008558:	45b2      	cmp	sl, r6
 800855a:	d3f2      	bcc.n	8008542 <cbpprintf_external+0x28>
	buf += sizeof(*hdr);
 800855c:	f105 0308 	add.w	r3, r5, #8
	return cbprintf_via_va_list(out, formatter, ctx, hdr->fmt, buf);
 8008560:	9300      	str	r3, [sp, #0]
 8008562:	686b      	ldr	r3, [r5, #4]
 8008564:	464a      	mov	r2, r9
 8008566:	4641      	mov	r1, r8
 8008568:	4638      	mov	r0, r7
 800856a:	f7ff ff9d 	bl	80084a8 <cbprintf_via_va_list>
}
 800856e:	b002      	add	sp, #8
 8008570:	e8bd 87f0 	ldmia.w	sp!, {r4, r5, r6, r7, r8, r9, sl, pc}
		return -EINVAL;
 8008574:	f06f 0015 	mvn.w	r0, #21
}
 8008578:	4770      	bx	lr

0800857a <is_ptr>:
{
 800857a:	e92d 41f0 	stmdb	sp!, {r4, r5, r6, r7, r8, lr}
 800857e:	4604      	mov	r4, r0
 8008580:	4688      	mov	r8, r1
	int cnt = 0;
 8008582:	2700      	movs	r7, #0
	bool mod = false;
 8008584:	463e      	mov	r6, r7
	while ((c = *fmt++) != '\0') {
 8008586:	e007      	b.n	8008598 <is_ptr+0x1e>
				if (c == 'p') {
 8008588:	2d70      	cmp	r5, #112	@ 0x70
 800858a:	d018      	beq.n	80085be <is_ptr+0x44>
				} else if (is_fmt_spec(c)) {
 800858c:	4628      	mov	r0, r5
 800858e:	f7ff ff92 	bl	80084b6 <is_fmt_spec>
 8008592:	b9b8      	cbnz	r0, 80085c4 <is_ptr+0x4a>
		if (c == '%') {
 8008594:	2d25      	cmp	r5, #37	@ 0x25
 8008596:	d00e      	beq.n	80085b6 <is_ptr+0x3c>
	while ((c = *fmt++) != '\0') {
 8008598:	f814 5b01 	ldrb.w	r5, [r4], #1
 800859c:	b175      	cbz	r5, 80085bc <is_ptr+0x42>
		if (mod) {
 800859e:	2e00      	cmp	r6, #0
 80085a0:	d0f8      	beq.n	8008594 <is_ptr+0x1a>
			if (cnt == n) {
 80085a2:	4547      	cmp	r7, r8
 80085a4:	d0f0      	beq.n	8008588 <is_ptr+0xe>
			} else if (is_fmt_spec(c)) {
 80085a6:	4628      	mov	r0, r5
 80085a8:	f7ff ff85 	bl	80084b6 <is_fmt_spec>
 80085ac:	2800      	cmp	r0, #0
 80085ae:	d0f1      	beq.n	8008594 <is_ptr+0x1a>
				cnt++;
 80085b0:	3701      	adds	r7, #1
				mod = false;
 80085b2:	2600      	movs	r6, #0
 80085b4:	e7ee      	b.n	8008594 <is_ptr+0x1a>
			mod = !mod;
 80085b6:	f086 0601 	eor.w	r6, r6, #1
 80085ba:	e7ed      	b.n	8008598 <is_ptr+0x1e>
	return false;
 80085bc:	2600      	movs	r6, #0
}
 80085be:	4630      	mov	r0, r6
 80085c0:	e8bd 81f0 	ldmia.w	sp!, {r4, r5, r6, r7, r8, pc}
					return false;
 80085c4:	2600      	movs	r6, #0
 80085c6:	e7fa      	b.n	80085be <is_ptr+0x44>

080085c8 <arch_printk_char_out>:
}
 80085c8:	2000      	movs	r0, #0
 80085ca:	4770      	bx	lr

080085cc <vprintk>:
	ARG_UNUSED(ctx_p);
	return _char_out(c);
}

void vprintk(const char *fmt, va_list ap)
{
 80085cc:	b508      	push	{r3, lr}
	if (IS_ENABLED(CONFIG_LOG_PRINTK)) {
		z_log_vprintk(fmt, ap);
 80085ce:	f000 fc33 	bl	8008e38 <z_log_vprintk>

#ifdef CONFIG_PRINTK_SYNC
		k_spin_unlock(&lock, key);
#endif
	}
}
 80085d2:	bd08      	pop	{r3, pc}

080085d4 <printk>:
 *
 * @param fmt formatted string to output
 */

void printk(const char *fmt, ...)
{
 80085d4:	b40f      	push	{r0, r1, r2, r3}
 80085d6:	b500      	push	{lr}
 80085d8:	b083      	sub	sp, #12
 80085da:	a904      	add	r1, sp, #16
 80085dc:	f851 0b04 	ldr.w	r0, [r1], #4
	va_list ap;

	va_start(ap, fmt);
 80085e0:	9101      	str	r1, [sp, #4]

	vprintk(fmt, ap);
 80085e2:	f7ff fff3 	bl	80085cc <vprintk>

	va_end(ap);
}
 80085e6:	b003      	add	sp, #12
 80085e8:	f85d eb04 	ldr.w	lr, [sp], #4
 80085ec:	b004      	add	sp, #16
 80085ee:	4770      	bx	lr

080085f0 <free_space>:
 * be more space available after wrapping.
 * @retval false When result is total free space.
 */
static inline bool free_space(struct mpsc_pbuf_buffer *buffer, uint32_t *res)
{
	if (buffer->flags & MPSC_PBUF_FULL) {
 80085f0:	6903      	ldr	r3, [r0, #16]
 80085f2:	f013 0f08 	tst.w	r3, #8
 80085f6:	d108      	bne.n	800860a <free_space+0x1a>
		*res = 0;
		return false;
	}

	if (buffer->rd_idx > buffer->tmp_wr_idx) {
 80085f8:	68c3      	ldr	r3, [r0, #12]
 80085fa:	6802      	ldr	r2, [r0, #0]
 80085fc:	4293      	cmp	r3, r2
 80085fe:	d807      	bhi.n	8008610 <free_space+0x20>
		*res =  buffer->rd_idx - buffer->tmp_wr_idx;
		return false;
	}
	*res = buffer->size - buffer->tmp_wr_idx;
 8008600:	6a03      	ldr	r3, [r0, #32]
 8008602:	1a9b      	subs	r3, r3, r2
 8008604:	600b      	str	r3, [r1, #0]

	return true;
 8008606:	2001      	movs	r0, #1
}
 8008608:	4770      	bx	lr
		*res = 0;
 800860a:	2000      	movs	r0, #0
 800860c:	6008      	str	r0, [r1, #0]
		return false;
 800860e:	4770      	bx	lr
		*res =  buffer->rd_idx - buffer->tmp_wr_idx;
 8008610:	1a9b      	subs	r3, r3, r2
 8008612:	600b      	str	r3, [r1, #0]
		return false;
 8008614:	2000      	movs	r0, #0
 8008616:	4770      	bx	lr

08008618 <available>:
 * be more space available after wrapping.
 * @retval false When result is total free space.
 */
static inline bool available(struct mpsc_pbuf_buffer *buffer, uint32_t *res)
{
	if (buffer->flags & MPSC_PBUF_FULL || buffer->tmp_rd_idx > buffer->wr_idx) {
 8008618:	6903      	ldr	r3, [r0, #16]
 800861a:	f013 0f08 	tst.w	r3, #8
 800861e:	d107      	bne.n	8008630 <available+0x18>
 8008620:	6882      	ldr	r2, [r0, #8]
 8008622:	6843      	ldr	r3, [r0, #4]
 8008624:	429a      	cmp	r2, r3
 8008626:	d803      	bhi.n	8008630 <available+0x18>
		*res = buffer->size - buffer->tmp_rd_idx;
		return true;
	}

	*res = (buffer->wr_idx - buffer->tmp_rd_idx);
 8008628:	1a9b      	subs	r3, r3, r2
 800862a:	600b      	str	r3, [r1, #0]

	return false;
 800862c:	2000      	movs	r0, #0
}
 800862e:	4770      	bx	lr
		*res = buffer->size - buffer->tmp_rd_idx;
 8008630:	6a03      	ldr	r3, [r0, #32]
 8008632:	6882      	ldr	r2, [r0, #8]
 8008634:	1a9b      	subs	r3, r3, r2
 8008636:	600b      	str	r3, [r1, #0]
		return true;
 8008638:	2001      	movs	r0, #1
 800863a:	4770      	bx	lr

0800863c <get_usage>:

static inline uint32_t get_usage(struct mpsc_pbuf_buffer *buffer)
{
 800863c:	b510      	push	{r4, lr}
 800863e:	b082      	sub	sp, #8
 8008640:	4604      	mov	r4, r0
	uint32_t f;

	if (free_space(buffer, &f)) {
 8008642:	a901      	add	r1, sp, #4
 8008644:	f7ff ffd4 	bl	80085f0 <free_space>
 8008648:	b120      	cbz	r0, 8008654 <get_usage+0x18>
		f += (buffer->rd_idx - 1);
 800864a:	68e3      	ldr	r3, [r4, #12]
 800864c:	9a01      	ldr	r2, [sp, #4]
 800864e:	4413      	add	r3, r2
 8008650:	3b01      	subs	r3, #1
 8008652:	9301      	str	r3, [sp, #4]
	}

	return buffer->size - 1 - f;
 8008654:	6a20      	ldr	r0, [r4, #32]
 8008656:	9b01      	ldr	r3, [sp, #4]
 8008658:	1ac0      	subs	r0, r0, r3
}
 800865a:	3801      	subs	r0, #1
 800865c:	b002      	add	sp, #8
 800865e:	bd10      	pop	{r4, pc}

08008660 <max_utilization_update>:

static inline void max_utilization_update(struct mpsc_pbuf_buffer *buffer)
{
 8008660:	b538      	push	{r3, r4, r5, lr}
	if (!(buffer->flags & MPSC_PBUF_MAX_UTILIZATION)) {
 8008662:	6903      	ldr	r3, [r0, #16]
 8008664:	f013 0f04 	tst.w	r3, #4
 8008668:	d100      	bne.n	800866c <max_utilization_update+0xc>
		return;
	}

	buffer->max_usage = max(buffer->max_usage, get_usage(buffer));
}
 800866a:	bd38      	pop	{r3, r4, r5, pc}
 800866c:	4604      	mov	r4, r0
	buffer->max_usage = max(buffer->max_usage, get_usage(buffer));
 800866e:	6a45      	ldr	r5, [r0, #36]	@ 0x24
 8008670:	f7ff ffe4 	bl	800863c <get_usage>
 8008674:	42a8      	cmp	r0, r5
 8008676:	bf38      	it	cc
 8008678:	4628      	movcc	r0, r5
 800867a:	6260      	str	r0, [r4, #36]	@ 0x24
 800867c:	e7f5      	b.n	800866a <max_utilization_update+0xa>

0800867e <rd_idx_inc>:
	}
}

static void rd_idx_inc(struct mpsc_pbuf_buffer *buffer, int32_t wlen)
{
	buffer->rd_idx = idx_inc(buffer, buffer->rd_idx, wlen);
 800867e:	68c3      	ldr	r3, [r0, #12]
	uint32_t i = idx + val;
 8008680:	4419      	add	r1, r3
	if (buffer->flags & MPSC_PBUF_SIZE_POW2) {
 8008682:	6903      	ldr	r3, [r0, #16]
 8008684:	f013 0f01 	tst.w	r3, #1
 8008688:	d104      	bne.n	8008694 <rd_idx_inc+0x16>
	return (i >= buffer->size) ? i - buffer->size : i;
 800868a:	6a02      	ldr	r2, [r0, #32]
 800868c:	4291      	cmp	r1, r2
 800868e:	d304      	bcc.n	800869a <rd_idx_inc+0x1c>
 8008690:	1a89      	subs	r1, r1, r2
 8008692:	e002      	b.n	800869a <rd_idx_inc+0x1c>
		return i & (buffer->size - 1);
 8008694:	6a02      	ldr	r2, [r0, #32]
 8008696:	3a01      	subs	r2, #1
 8008698:	4011      	ands	r1, r2
	buffer->rd_idx = idx_inc(buffer, buffer->rd_idx, wlen);
 800869a:	60c1      	str	r1, [r0, #12]
	buffer->flags &= ~MPSC_PBUF_FULL;
 800869c:	f023 0308 	bic.w	r3, r3, #8
 80086a0:	6103      	str	r3, [r0, #16]
}
 80086a2:	4770      	bx	lr

080086a4 <add_skip_item>:

static void add_skip_item(struct mpsc_pbuf_buffer *buffer, uint32_t wlen)
{
 80086a4:	b410      	push	{r4}
	union mpsc_pbuf_generic skip = {
 80086a6:	2300      	movs	r3, #0
 80086a8:	f023 0301 	bic.w	r3, r3, #1
 80086ac:	f043 0302 	orr.w	r3, r3, #2
 80086b0:	f361 039f 	bfi	r3, r1, #2, #30
		.skip = { .valid = 0, .busy = 1, .len = wlen }
	};

	buffer->buf[buffer->tmp_wr_idx] = skip.raw;
 80086b4:	69c2      	ldr	r2, [r0, #28]
 80086b6:	6804      	ldr	r4, [r0, #0]
 80086b8:	f842 3024 	str.w	r3, [r2, r4, lsl #2]
	buffer->tmp_wr_idx = idx_inc(buffer, buffer->tmp_wr_idx, wlen);
 80086bc:	6803      	ldr	r3, [r0, #0]
	uint32_t i = idx + val;
 80086be:	440b      	add	r3, r1
	if (buffer->flags & MPSC_PBUF_SIZE_POW2) {
 80086c0:	6902      	ldr	r2, [r0, #16]
 80086c2:	f012 0f01 	tst.w	r2, #1
 80086c6:	d104      	bne.n	80086d2 <add_skip_item+0x2e>
	return (i >= buffer->size) ? i - buffer->size : i;
 80086c8:	6a04      	ldr	r4, [r0, #32]
 80086ca:	42a3      	cmp	r3, r4
 80086cc:	d304      	bcc.n	80086d8 <add_skip_item+0x34>
 80086ce:	1b1b      	subs	r3, r3, r4
 80086d0:	e002      	b.n	80086d8 <add_skip_item+0x34>
		return i & (buffer->size - 1);
 80086d2:	6a04      	ldr	r4, [r0, #32]
 80086d4:	3c01      	subs	r4, #1
 80086d6:	4023      	ands	r3, r4
	buffer->tmp_wr_idx = idx_inc(buffer, buffer->tmp_wr_idx, wlen);
 80086d8:	6003      	str	r3, [r0, #0]
	if (buffer->tmp_wr_idx == buffer->rd_idx) {
 80086da:	68c4      	ldr	r4, [r0, #12]
 80086dc:	42a3      	cmp	r3, r4
 80086de:	d00a      	beq.n	80086f6 <add_skip_item+0x52>
	tmp_wr_idx_inc(buffer, wlen);
	buffer->wr_idx = idx_inc(buffer, buffer->wr_idx, wlen);
 80086e0:	6843      	ldr	r3, [r0, #4]
	uint32_t i = idx + val;
 80086e2:	4419      	add	r1, r3
	if (buffer->flags & MPSC_PBUF_SIZE_POW2) {
 80086e4:	6903      	ldr	r3, [r0, #16]
 80086e6:	f013 0f01 	tst.w	r3, #1
 80086ea:	d108      	bne.n	80086fe <add_skip_item+0x5a>
	return (i >= buffer->size) ? i - buffer->size : i;
 80086ec:	6a03      	ldr	r3, [r0, #32]
 80086ee:	4299      	cmp	r1, r3
 80086f0:	d308      	bcc.n	8008704 <add_skip_item+0x60>
 80086f2:	1ac9      	subs	r1, r1, r3
 80086f4:	e006      	b.n	8008704 <add_skip_item+0x60>
		buffer->flags |= MPSC_PBUF_FULL;
 80086f6:	f042 0208 	orr.w	r2, r2, #8
 80086fa:	6102      	str	r2, [r0, #16]
 80086fc:	e7f0      	b.n	80086e0 <add_skip_item+0x3c>
		return i & (buffer->size - 1);
 80086fe:	6a03      	ldr	r3, [r0, #32]
 8008700:	3b01      	subs	r3, #1
 8008702:	4019      	ands	r1, r3
	buffer->wr_idx = idx_inc(buffer, buffer->wr_idx, wlen);
 8008704:	6041      	str	r1, [r0, #4]
}
 8008706:	bc10      	pop	{r4}
 8008708:	4770      	bx	lr

0800870a <drop_item_locked>:

static bool drop_item_locked(struct mpsc_pbuf_buffer *buffer,
			     uint32_t free_wlen,
			     union mpsc_pbuf_generic **item_to_drop,
			     uint32_t *tmp_wr_idx_shift)
{
 800870a:	e92d 4ff0 	stmdb	sp!, {r4, r5, r6, r7, r8, r9, sl, fp, lr}
 800870e:	b083      	sub	sp, #12
 8008710:	4604      	mov	r4, r0
 8008712:	9101      	str	r1, [sp, #4]
 8008714:	4617      	mov	r7, r2
 8008716:	4698      	mov	r8, r3
	union mpsc_pbuf_generic *item;
	uint32_t skip_wlen;

	item = (union mpsc_pbuf_generic *)&buffer->buf[buffer->rd_idx];
 8008718:	69c5      	ldr	r5, [r0, #28]
 800871a:	68c6      	ldr	r6, [r0, #12]
 800871c:	eb05 0b86 	add.w	fp, r5, r6, lsl #2
	if (item->hdr.busy && !item->hdr.valid) {
 8008720:	f815 3026 	ldrb.w	r3, [r5, r6, lsl #2]
 8008724:	f003 0303 	and.w	r3, r3, #3
 8008728:	2b02      	cmp	r3, #2
 800872a:	d024      	beq.n	8008776 <drop_item_locked+0x6c>
	return 0;
 800872c:	2100      	movs	r1, #0
	skip_wlen = get_skip(item);
	*item_to_drop = NULL;
 800872e:	2300      	movs	r3, #0
 8008730:	603b      	str	r3, [r7, #0]
	*tmp_wr_idx_shift = 0;
 8008732:	f8c8 3000 	str.w	r3, [r8]

	if (skip_wlen) {
 8008736:	bb19      	cbnz	r1, 8008780 <drop_item_locked+0x76>
		buffer->tmp_rd_idx = buffer->rd_idx;
		return true;
	}

	/* Other options for dropping available only in overwrite mode. */
	if (!(buffer->flags & MPSC_PBUF_MODE_OVERWRITE)) {
 8008738:	6923      	ldr	r3, [r4, #16]
 800873a:	f013 0f02 	tst.w	r3, #2
 800873e:	d075      	beq.n	800882c <drop_item_locked+0x122>
		return false;
	}

	uint32_t rd_wlen = buffer->get_wlen(item);
 8008740:	69a3      	ldr	r3, [r4, #24]
 8008742:	4658      	mov	r0, fp
 8008744:	4798      	blx	r3
 8008746:	4682      	mov	sl, r0
	return item->hdr.valid;
 8008748:	f815 9026 	ldrb.w	r9, [r5, r6, lsl #2]

	/* If packet is busy need to be omitted. */
	if (!is_valid(item)) {
 800874c:	f019 0901 	ands.w	r9, r9, #1
 8008750:	d06e      	beq.n	8008830 <drop_item_locked+0x126>
		return false;
	} else if (item->hdr.busy) {
 8008752:	f815 3026 	ldrb.w	r3, [r5, r6, lsl #2]
 8008756:	f013 0f02 	tst.w	r3, #2
 800875a:	d03b      	beq.n	80087d4 <drop_item_locked+0xca>
		bool ret = true;

		MPSC_PBUF_DBG(buffer, "no space: Found busy packet %p (len:%d)", item, rd_wlen);
		/* Add skip packet before claimed packet. */
		if (free_wlen) {
 800875c:	9b01      	ldr	r3, [sp, #4]
 800875e:	b9bb      	cbnz	r3, 8008790 <drop_item_locked+0x86>
			add_skip_item(buffer, free_wlen);
			MPSC_PBUF_DBG(buffer, "no space: Added skip packet (len:%d)", free_wlen);
		}
		/* Move all indexes forward, after claimed packet. */
		buffer->wr_idx = idx_inc(buffer, buffer->wr_idx, rd_wlen);
 8008760:	6862      	ldr	r2, [r4, #4]
	uint32_t i = idx + val;
 8008762:	4452      	add	r2, sl
	if (buffer->flags & MPSC_PBUF_SIZE_POW2) {
 8008764:	6923      	ldr	r3, [r4, #16]
 8008766:	f013 0001 	ands.w	r0, r3, #1
 800876a:	d116      	bne.n	800879a <drop_item_locked+0x90>
	return (i >= buffer->size) ? i - buffer->size : i;
 800876c:	6a21      	ldr	r1, [r4, #32]
 800876e:	428a      	cmp	r2, r1
 8008770:	d316      	bcc.n	80087a0 <drop_item_locked+0x96>
 8008772:	1a52      	subs	r2, r2, r1
 8008774:	e014      	b.n	80087a0 <drop_item_locked+0x96>
		return item->skip.len;
 8008776:	f855 1026 	ldr.w	r1, [r5, r6, lsl #2]
 800877a:	f3c1 019d 	ubfx	r1, r1, #2, #30
 800877e:	e7d6      	b.n	800872e <drop_item_locked+0x24>
		rd_idx_inc(buffer, skip_wlen);
 8008780:	4620      	mov	r0, r4
 8008782:	f7ff ff7c 	bl	800867e <rd_idx_inc>
		buffer->tmp_rd_idx = buffer->rd_idx;
 8008786:	68e3      	ldr	r3, [r4, #12]
 8008788:	60a3      	str	r3, [r4, #8]
		return true;
 800878a:	f04f 0901 	mov.w	r9, #1
 800878e:	e04f      	b.n	8008830 <drop_item_locked+0x126>
			add_skip_item(buffer, free_wlen);
 8008790:	4619      	mov	r1, r3
 8008792:	4620      	mov	r0, r4
 8008794:	f7ff ff86 	bl	80086a4 <add_skip_item>
			MPSC_PBUF_DBG(buffer, "no space: Added skip packet (len:%d)", free_wlen);
 8008798:	e7e2      	b.n	8008760 <drop_item_locked+0x56>
		return i & (buffer->size - 1);
 800879a:	6a21      	ldr	r1, [r4, #32]
 800879c:	3901      	subs	r1, #1
 800879e:	400a      	ands	r2, r1
		buffer->wr_idx = idx_inc(buffer, buffer->wr_idx, rd_wlen);
 80087a0:	6062      	str	r2, [r4, #4]

		/* If allocation wrapped around the buffer and found busy packet
		 * that was already omitted, skip it again and indicate that no
		 * packet was dropped.
		 */
		if (buffer->rd_idx == buffer->tmp_rd_idx) {
 80087a2:	68e1      	ldr	r1, [r4, #12]
 80087a4:	68a2      	ldr	r2, [r4, #8]
 80087a6:	4291      	cmp	r1, r2
 80087a8:	d006      	beq.n	80087b8 <drop_item_locked+0xae>
			buffer->tmp_rd_idx = idx_inc(buffer, buffer->tmp_rd_idx, rd_wlen);
			ret = false;
		}

		buffer->tmp_wr_idx = buffer->tmp_rd_idx;
 80087aa:	68a2      	ldr	r2, [r4, #8]
 80087ac:	6022      	str	r2, [r4, #0]
		buffer->rd_idx = buffer->tmp_rd_idx;
 80087ae:	60e2      	str	r2, [r4, #12]
		buffer->flags |= MPSC_PBUF_FULL;
 80087b0:	f043 0308 	orr.w	r3, r3, #8
 80087b4:	6123      	str	r3, [r4, #16]
		return ret;
 80087b6:	e03b      	b.n	8008830 <drop_item_locked+0x126>
	uint32_t i = idx + val;
 80087b8:	4452      	add	r2, sl
	if (buffer->flags & MPSC_PBUF_SIZE_POW2) {
 80087ba:	b920      	cbnz	r0, 80087c6 <drop_item_locked+0xbc>
	return (i >= buffer->size) ? i - buffer->size : i;
 80087bc:	6a21      	ldr	r1, [r4, #32]
 80087be:	428a      	cmp	r2, r1
 80087c0:	d304      	bcc.n	80087cc <drop_item_locked+0xc2>
 80087c2:	1a52      	subs	r2, r2, r1
 80087c4:	e002      	b.n	80087cc <drop_item_locked+0xc2>
		return i & (buffer->size - 1);
 80087c6:	6a21      	ldr	r1, [r4, #32]
 80087c8:	3901      	subs	r1, #1
 80087ca:	400a      	ands	r2, r1
			buffer->tmp_rd_idx = idx_inc(buffer, buffer->tmp_rd_idx, rd_wlen);
 80087cc:	60a2      	str	r2, [r4, #8]
			ret = false;
 80087ce:	f04f 0900 	mov.w	r9, #0
 80087d2:	e7ea      	b.n	80087aa <drop_item_locked+0xa0>
	} else {
		/* Prepare packet dropping. */
		rd_idx_inc(buffer, rd_wlen);
 80087d4:	4601      	mov	r1, r0
 80087d6:	4620      	mov	r0, r4
 80087d8:	f7ff ff51 	bl	800867e <rd_idx_inc>
		buffer->tmp_rd_idx = buffer->rd_idx;
 80087dc:	68e3      	ldr	r3, [r4, #12]
 80087de:	60a3      	str	r3, [r4, #8]
		/* Temporary move tmp_wr idx forward to ensure that packet
		 * will not be dropped twice and content will not be
		 * overwritten.
		 */
		if (free_wlen) {
 80087e0:	9b01      	ldr	r3, [sp, #4]
 80087e2:	b123      	cbz	r3, 80087ee <drop_item_locked+0xe4>
					.valid = 0,
					.busy = 0
				}
			};

			buffer->buf[buffer->tmp_wr_idx] = invalid.raw;
 80087e4:	69e3      	ldr	r3, [r4, #28]
 80087e6:	6822      	ldr	r2, [r4, #0]
 80087e8:	2100      	movs	r1, #0
 80087ea:	f843 1022 	str.w	r1, [r3, r2, lsl #2]
		}

		*tmp_wr_idx_shift = rd_wlen + free_wlen;
 80087ee:	9b01      	ldr	r3, [sp, #4]
 80087f0:	4453      	add	r3, sl
 80087f2:	f8c8 3000 	str.w	r3, [r8]
		buffer->tmp_wr_idx = idx_inc(buffer, buffer->tmp_wr_idx, *tmp_wr_idx_shift);
 80087f6:	6822      	ldr	r2, [r4, #0]
	uint32_t i = idx + val;
 80087f8:	4413      	add	r3, r2
	if (buffer->flags & MPSC_PBUF_SIZE_POW2) {
 80087fa:	6922      	ldr	r2, [r4, #16]
 80087fc:	f012 0f01 	tst.w	r2, #1
 8008800:	d104      	bne.n	800880c <drop_item_locked+0x102>
	return (i >= buffer->size) ? i - buffer->size : i;
 8008802:	6a21      	ldr	r1, [r4, #32]
 8008804:	428b      	cmp	r3, r1
 8008806:	d304      	bcc.n	8008812 <drop_item_locked+0x108>
 8008808:	1a5b      	subs	r3, r3, r1
 800880a:	e002      	b.n	8008812 <drop_item_locked+0x108>
		return i & (buffer->size - 1);
 800880c:	6a21      	ldr	r1, [r4, #32]
 800880e:	3901      	subs	r1, #1
 8008810:	400b      	ands	r3, r1
		buffer->tmp_wr_idx = idx_inc(buffer, buffer->tmp_wr_idx, *tmp_wr_idx_shift);
 8008812:	6023      	str	r3, [r4, #0]
		buffer->flags |= MPSC_PBUF_FULL;
 8008814:	f042 0208 	orr.w	r2, r2, #8
 8008818:	6122      	str	r2, [r4, #16]
		item->hdr.valid = 0;
 800881a:	f815 3026 	ldrb.w	r3, [r5, r6, lsl #2]
 800881e:	f023 0301 	bic.w	r3, r3, #1
 8008822:	f805 3026 	strb.w	r3, [r5, r6, lsl #2]
		*item_to_drop = item;
 8008826:	f8c7 b000 	str.w	fp, [r7]
		MPSC_PBUF_DBG(buffer, "no space: dropping packet %p (len: %d)",
			       item, rd_wlen);
	}

	return true;
 800882a:	e001      	b.n	8008830 <drop_item_locked+0x126>
		return false;
 800882c:	f04f 0900 	mov.w	r9, #0
}
 8008830:	4648      	mov	r0, r9
 8008832:	b003      	add	sp, #12
 8008834:	e8bd 8ff0 	ldmia.w	sp!, {r4, r5, r6, r7, r8, r9, sl, fp, pc}

08008838 <post_drop_action>:

static void post_drop_action(struct mpsc_pbuf_buffer *buffer,
			     uint32_t prev_tmp_wr_idx,
			     uint32_t tmp_wr_idx_shift)
{
 8008838:	b430      	push	{r4, r5}
	uint32_t i = idx + val;
 800883a:	1853      	adds	r3, r2, r1
	if (buffer->flags & MPSC_PBUF_SIZE_POW2) {
 800883c:	6904      	ldr	r4, [r0, #16]
 800883e:	f014 0f01 	tst.w	r4, #1
 8008842:	d104      	bne.n	800884e <post_drop_action+0x16>
	return (i >= buffer->size) ? i - buffer->size : i;
 8008844:	6a05      	ldr	r5, [r0, #32]
 8008846:	42ab      	cmp	r3, r5
 8008848:	d304      	bcc.n	8008854 <post_drop_action+0x1c>
 800884a:	1b5b      	subs	r3, r3, r5
 800884c:	e002      	b.n	8008854 <post_drop_action+0x1c>
		return i & (buffer->size - 1);
 800884e:	6a05      	ldr	r5, [r0, #32]
 8008850:	3d01      	subs	r5, #1
 8008852:	402b      	ands	r3, r5
	uint32_t cmp_tmp_wr_idx = idx_inc(buffer, prev_tmp_wr_idx, tmp_wr_idx_shift);

	if (cmp_tmp_wr_idx == buffer->tmp_wr_idx) {
 8008854:	6805      	ldr	r5, [r0, #0]
 8008856:	429d      	cmp	r5, r3
 8008858:	d014      	beq.n	8008884 <post_drop_action+0x4c>
		buffer->flags &= ~MPSC_PBUF_FULL;
		return;
	}

	/* Operation interrupted, mark area as to be skipped. */
	union mpsc_pbuf_generic skip = {
 800885a:	2300      	movs	r3, #0
 800885c:	f023 0301 	bic.w	r3, r3, #1
 8008860:	f043 0302 	orr.w	r3, r3, #2
 8008864:	f362 039f 	bfi	r3, r2, #2, #30
			.busy = 1,
			.len = tmp_wr_idx_shift
		}
	};

	buffer->buf[prev_tmp_wr_idx] = skip.raw;
 8008868:	69c4      	ldr	r4, [r0, #28]
 800886a:	f844 3021 	str.w	r3, [r4, r1, lsl #2]
	buffer->wr_idx = idx_inc(buffer,
 800886e:	6843      	ldr	r3, [r0, #4]
	uint32_t i = idx + val;
 8008870:	4413      	add	r3, r2
	if (buffer->flags & MPSC_PBUF_SIZE_POW2) {
 8008872:	6902      	ldr	r2, [r0, #16]
 8008874:	f012 0f01 	tst.w	r2, #1
 8008878:	d109      	bne.n	800888e <post_drop_action+0x56>
	return (i >= buffer->size) ? i - buffer->size : i;
 800887a:	6a02      	ldr	r2, [r0, #32]
 800887c:	4293      	cmp	r3, r2
 800887e:	d309      	bcc.n	8008894 <post_drop_action+0x5c>
 8008880:	1a9b      	subs	r3, r3, r2
 8008882:	e007      	b.n	8008894 <post_drop_action+0x5c>
		buffer->tmp_wr_idx = prev_tmp_wr_idx;
 8008884:	6001      	str	r1, [r0, #0]
		buffer->flags &= ~MPSC_PBUF_FULL;
 8008886:	f024 0408 	bic.w	r4, r4, #8
 800888a:	6104      	str	r4, [r0, #16]
		return;
 800888c:	e003      	b.n	8008896 <post_drop_action+0x5e>
		return i & (buffer->size - 1);
 800888e:	6a02      	ldr	r2, [r0, #32]
 8008890:	3a01      	subs	r2, #1
 8008892:	4013      	ands	r3, r2
	buffer->wr_idx = idx_inc(buffer,
 8008894:	6043      	str	r3, [r0, #4]
				 buffer->wr_idx,
				 tmp_wr_idx_shift);
	/* full flag? */
}
 8008896:	bc30      	pop	{r4, r5}
 8008898:	4770      	bx	lr

0800889a <mpsc_pbuf_init>:
{
 800889a:	b508      	push	{r3, lr}
	memset(buffer, 0, offsetof(struct mpsc_pbuf_buffer, buf));
 800889c:	2300      	movs	r3, #0
 800889e:	6003      	str	r3, [r0, #0]
 80088a0:	6043      	str	r3, [r0, #4]
 80088a2:	6083      	str	r3, [r0, #8]
 80088a4:	60c3      	str	r3, [r0, #12]
 80088a6:	6103      	str	r3, [r0, #16]
 80088a8:	6143      	str	r3, [r0, #20]
 80088aa:	6183      	str	r3, [r0, #24]
	buffer->get_wlen = cfg->get_wlen;
 80088ac:	68ca      	ldr	r2, [r1, #12]
 80088ae:	6182      	str	r2, [r0, #24]
	buffer->notify_drop = cfg->notify_drop;
 80088b0:	688a      	ldr	r2, [r1, #8]
 80088b2:	6142      	str	r2, [r0, #20]
	buffer->buf = cfg->buf;
 80088b4:	680a      	ldr	r2, [r1, #0]
 80088b6:	61c2      	str	r2, [r0, #28]
	buffer->size = cfg->size;
 80088b8:	684a      	ldr	r2, [r1, #4]
 80088ba:	6202      	str	r2, [r0, #32]
	buffer->max_usage = 0;
 80088bc:	6243      	str	r3, [r0, #36]	@ 0x24
	buffer->flags = cfg->flags;
 80088be:	690b      	ldr	r3, [r1, #16]
 80088c0:	6103      	str	r3, [r0, #16]
	return IS_POWER_OF_TWO(x);
 80088c2:	b12a      	cbz	r2, 80088d0 <mpsc_pbuf_init+0x36>
 80088c4:	1e51      	subs	r1, r2, #1
 80088c6:	420a      	tst	r2, r1
 80088c8:	d102      	bne.n	80088d0 <mpsc_pbuf_init+0x36>
		buffer->flags |= MPSC_PBUF_SIZE_POW2;
 80088ca:	f043 0301 	orr.w	r3, r3, #1
 80088ce:	6103      	str	r3, [r0, #16]
		err = k_sem_init(&buffer->sem, 0, 1);
 80088d0:	3028      	adds	r0, #40	@ 0x28
	return z_impl_k_sem_init(sem, initial_count, limit);
 80088d2:	2201      	movs	r2, #1
 80088d4:	2100      	movs	r1, #0
 80088d6:	f001 fcf5 	bl	800a2c4 <z_impl_k_sem_init>
}
 80088da:	bd08      	pop	{r3, pc}

080088dc <mpsc_pbuf_alloc>:
	} while (cont);
}

union mpsc_pbuf_generic *mpsc_pbuf_alloc(struct mpsc_pbuf_buffer *buffer,
					 size_t wlen, k_timeout_t timeout)
{
 80088dc:	e92d 4ff0 	stmdb	sp!, {r4, r5, r6, r7, r8, r9, sl, fp, lr}
 80088e0:	b087      	sub	sp, #28
 80088e2:	469a      	mov	sl, r3
	union mpsc_pbuf_generic *item = NULL;
	union mpsc_pbuf_generic *dropped_item = NULL;
 80088e4:	2300      	movs	r3, #0
 80088e6:	9305      	str	r3, [sp, #20]
	bool cont = true;
	uint32_t free_wlen;
	uint32_t tmp_wr_idx_shift = 0;
 80088e8:	9303      	str	r3, [sp, #12]
	uint32_t tmp_wr_idx_val = 0;

	MPSC_PBUF_DBG(buffer, "alloc %d words", (int)wlen);

	if (wlen > (buffer->size)) {
 80088ea:	6a03      	ldr	r3, [r0, #32]
 80088ec:	428b      	cmp	r3, r1
 80088ee:	f0c0 8089 	bcc.w	8008a04 <mpsc_pbuf_alloc+0x128>
 80088f2:	4604      	mov	r4, r0
 80088f4:	4689      	mov	r9, r1
 80088f6:	4693      	mov	fp, r2
	uint32_t tmp_wr_idx_val = 0;
 80088f8:	2300      	movs	r3, #0
 80088fa:	9301      	str	r3, [sp, #4]
	bool cont = true;
 80088fc:	2601      	movs	r6, #1
	union mpsc_pbuf_generic *item = NULL;
 80088fe:	9300      	str	r3, [sp, #0]
 8008900:	e041      	b.n	8008986 <mpsc_pbuf_alloc+0xaa>
		k_spinlock_key_t key;
		bool wrap;

		key = k_spin_lock(&buffer->lock);
		if (tmp_wr_idx_shift) {
			post_drop_action(buffer, tmp_wr_idx_val, tmp_wr_idx_shift);
 8008902:	9901      	ldr	r1, [sp, #4]
 8008904:	4620      	mov	r0, r4
 8008906:	f7ff ff97 	bl	8008838 <post_drop_action>
			tmp_wr_idx_shift = 0;
 800890a:	2300      	movs	r3, #0
 800890c:	9303      	str	r3, [sp, #12]
 800890e:	e045      	b.n	800899c <mpsc_pbuf_alloc+0xc0>

		wrap = free_space(buffer, &free_wlen);

		if (free_wlen >= wlen) {
			item =
			    (union mpsc_pbuf_generic *)&buffer->buf[buffer->tmp_wr_idx];
 8008910:	69e3      	ldr	r3, [r4, #28]
 8008912:	6822      	ldr	r2, [r4, #0]
			item =
 8008914:	eb03 0182 	add.w	r1, r3, r2, lsl #2
 8008918:	9100      	str	r1, [sp, #0]
			item->hdr.valid = 0;
 800891a:	f813 1022 	ldrb.w	r1, [r3, r2, lsl #2]
 800891e:	f021 0101 	bic.w	r1, r1, #1
 8008922:	f803 1022 	strb.w	r1, [r3, r2, lsl #2]
			item->hdr.busy = 0;
 8008926:	b2c9      	uxtb	r1, r1
 8008928:	f021 0102 	bic.w	r1, r1, #2
 800892c:	f803 1022 	strb.w	r1, [r3, r2, lsl #2]
	buffer->tmp_wr_idx = idx_inc(buffer, buffer->tmp_wr_idx, wlen);
 8008930:	6823      	ldr	r3, [r4, #0]
	uint32_t i = idx + val;
 8008932:	444b      	add	r3, r9
	if (buffer->flags & MPSC_PBUF_SIZE_POW2) {
 8008934:	6922      	ldr	r2, [r4, #16]
 8008936:	f012 0f01 	tst.w	r2, #1
 800893a:	d104      	bne.n	8008946 <mpsc_pbuf_alloc+0x6a>
	return (i >= buffer->size) ? i - buffer->size : i;
 800893c:	6a21      	ldr	r1, [r4, #32]
 800893e:	428b      	cmp	r3, r1
 8008940:	d304      	bcc.n	800894c <mpsc_pbuf_alloc+0x70>
 8008942:	1a5b      	subs	r3, r3, r1
 8008944:	e002      	b.n	800894c <mpsc_pbuf_alloc+0x70>
		return i & (buffer->size - 1);
 8008946:	6a21      	ldr	r1, [r4, #32]
 8008948:	3901      	subs	r1, #1
 800894a:	400b      	ands	r3, r1
	buffer->tmp_wr_idx = idx_inc(buffer, buffer->tmp_wr_idx, wlen);
 800894c:	6023      	str	r3, [r4, #0]
	if (buffer->tmp_wr_idx == buffer->rd_idx) {
 800894e:	68e1      	ldr	r1, [r4, #12]
 8008950:	428b      	cmp	r3, r1
 8008952:	d001      	beq.n	8008958 <mpsc_pbuf_alloc+0x7c>
			tmp_wr_idx_inc(buffer, wlen);
			cont = false;
 8008954:	2600      	movs	r6, #0
 8008956:	e008      	b.n	800896a <mpsc_pbuf_alloc+0x8e>
		buffer->flags |= MPSC_PBUF_FULL;
 8008958:	f042 0208 	orr.w	r2, r2, #8
 800895c:	6122      	str	r2, [r4, #16]
			cont = false;
 800895e:	2600      	movs	r6, #0
 8008960:	e003      	b.n	800896a <mpsc_pbuf_alloc+0x8e>
		} else if (wrap) {
			add_skip_item(buffer, free_wlen);
 8008962:	4620      	mov	r0, r4
 8008964:	f7ff fe9e 	bl	80086a4 <add_skip_item>
			cont = true;
 8008968:	462e      	mov	r6, r5
 800896a:	f388 8811 	msr	BASEPRI, r8
 800896e:	f3bf 8f6f 	isb	sy
			cont = drop_item_locked(buffer, free_wlen,
						&dropped_item, &tmp_wr_idx_shift);
		}
		k_spin_unlock(&buffer->lock, key);

		if (dropped_item) {
 8008972:	9905      	ldr	r1, [sp, #20]
 8008974:	b129      	cbz	r1, 8008982 <mpsc_pbuf_alloc+0xa6>
			/* Notify about item being dropped. */
			if (buffer->notify_drop) {
 8008976:	6963      	ldr	r3, [r4, #20]
 8008978:	b10b      	cbz	r3, 800897e <mpsc_pbuf_alloc+0xa2>
				buffer->notify_drop(buffer, dropped_item);
 800897a:	4620      	mov	r0, r4
 800897c:	4798      	blx	r3
			}
			dropped_item = NULL;
 800897e:	2300      	movs	r3, #0
 8008980:	9305      	str	r3, [sp, #20]
		}
	} while (cont);
 8008982:	2e00      	cmp	r6, #0
 8008984:	d040      	beq.n	8008a08 <mpsc_pbuf_alloc+0x12c>
  __ASM volatile ("MRS %0, basepri" : "=r" (result) );
 8008986:	f3ef 8711 	mrs	r7, BASEPRI
  __ASM volatile ("MSR basepri_max, %0" : : "r" (basePri) : "memory");
 800898a:	2310      	movs	r3, #16
 800898c:	f383 8812 	msr	BASEPRI_MAX, r3
 8008990:	f3bf 8f6f 	isb	sy
 8008994:	46b8      	mov	r8, r7
		if (tmp_wr_idx_shift) {
 8008996:	9a03      	ldr	r2, [sp, #12]
 8008998:	2a00      	cmp	r2, #0
 800899a:	d1b2      	bne.n	8008902 <mpsc_pbuf_alloc+0x26>
		wrap = free_space(buffer, &free_wlen);
 800899c:	a904      	add	r1, sp, #16
 800899e:	4620      	mov	r0, r4
 80089a0:	f7ff fe26 	bl	80085f0 <free_space>
 80089a4:	4605      	mov	r5, r0
		if (free_wlen >= wlen) {
 80089a6:	9904      	ldr	r1, [sp, #16]
 80089a8:	4549      	cmp	r1, r9
 80089aa:	d2b1      	bcs.n	8008910 <mpsc_pbuf_alloc+0x34>
		} else if (wrap) {
 80089ac:	2800      	cmp	r0, #0
 80089ae:	d1d8      	bne.n	8008962 <mpsc_pbuf_alloc+0x86>
		} else if (IS_ENABLED(CONFIG_MULTITHREADING) && !K_TIMEOUT_EQ(timeout, K_NO_WAIT) &&
 80089b0:	ea5a 030b 	orrs.w	r3, sl, fp
 80089b4:	d10b      	bne.n	80089ce <mpsc_pbuf_alloc+0xf2>
		} else if (cont) {
 80089b6:	2e00      	cmp	r6, #0
 80089b8:	d0d7      	beq.n	800896a <mpsc_pbuf_alloc+0x8e>
			tmp_wr_idx_val = buffer->tmp_wr_idx;
 80089ba:	6823      	ldr	r3, [r4, #0]
 80089bc:	9301      	str	r3, [sp, #4]
			cont = drop_item_locked(buffer, free_wlen,
 80089be:	ab03      	add	r3, sp, #12
 80089c0:	aa05      	add	r2, sp, #20
 80089c2:	9904      	ldr	r1, [sp, #16]
 80089c4:	4620      	mov	r0, r4
 80089c6:	f7ff fea0 	bl	800870a <drop_item_locked>
 80089ca:	4606      	mov	r6, r0
 80089cc:	e7cd      	b.n	800896a <mpsc_pbuf_alloc+0x8e>
			   !k_is_in_isr() && arch_irq_unlocked(key.key)) {
 80089ce:	f001 fcae 	bl	800a32e <k_is_in_isr>
		} else if (IS_ENABLED(CONFIG_MULTITHREADING) && !K_TIMEOUT_EQ(timeout, K_NO_WAIT) &&
 80089d2:	2800      	cmp	r0, #0
 80089d4:	d1ef      	bne.n	80089b6 <mpsc_pbuf_alloc+0xda>
			   !k_is_in_isr() && arch_irq_unlocked(key.key)) {
 80089d6:	2f00      	cmp	r7, #0
 80089d8:	d1ed      	bne.n	80089b6 <mpsc_pbuf_alloc+0xda>
  __ASM volatile ("MSR basepri, %0" : : "r" (basePri) : "memory");
 80089da:	f387 8811 	msr	BASEPRI, r7
 80089de:	f3bf 8f6f 	isb	sy
			err = k_sem_take(&buffer->sem, timeout);
 80089e2:	f104 0028 	add.w	r0, r4, #40	@ 0x28
	return z_impl_k_sem_take(sem, timeout);
 80089e6:	465a      	mov	r2, fp
 80089e8:	4653      	mov	r3, sl
 80089ea:	f7fd fd61 	bl	80064b0 <z_impl_k_sem_take>
  __ASM volatile ("MRS %0, basepri" : "=r" (result) );
 80089ee:	f3ef 8811 	mrs	r8, BASEPRI
  __ASM volatile ("MSR basepri_max, %0" : : "r" (basePri) : "memory");
 80089f2:	2310      	movs	r3, #16
 80089f4:	f383 8812 	msr	BASEPRI_MAX, r3
 80089f8:	f3bf 8f6f 	isb	sy
			cont = (err == 0) ? true : false;
 80089fc:	fab0 f680 	clz	r6, r0
 8008a00:	0976      	lsrs	r6, r6, #5
			   !k_is_in_isr() && arch_irq_unlocked(key.key)) {
 8008a02:	e7b2      	b.n	800896a <mpsc_pbuf_alloc+0x8e>
		return NULL;
 8008a04:	2300      	movs	r3, #0
 8008a06:	9300      	str	r3, [sp, #0]
		/* During test fill with 0's to simplify message comparison */
		memset(item, 0, sizeof(int) * wlen);
	}

	return item;
}
 8008a08:	9800      	ldr	r0, [sp, #0]
 8008a0a:	b007      	add	sp, #28
 8008a0c:	e8bd 8ff0 	ldmia.w	sp!, {r4, r5, r6, r7, r8, r9, sl, fp, pc}

08008a10 <mpsc_pbuf_commit>:

void mpsc_pbuf_commit(struct mpsc_pbuf_buffer *buffer,
		       union mpsc_pbuf_generic *item)
{
 8008a10:	b570      	push	{r4, r5, r6, lr}
 8008a12:	4604      	mov	r4, r0
 8008a14:	460d      	mov	r5, r1
	uint32_t wlen = buffer->get_wlen(item);
 8008a16:	6983      	ldr	r3, [r0, #24]
 8008a18:	4608      	mov	r0, r1
 8008a1a:	4798      	blx	r3
  __ASM volatile ("MRS %0, basepri" : "=r" (result) );
 8008a1c:	f3ef 8611 	mrs	r6, BASEPRI
  __ASM volatile ("MSR basepri_max, %0" : : "r" (basePri) : "memory");
 8008a20:	2310      	movs	r3, #16
 8008a22:	f383 8812 	msr	BASEPRI_MAX, r3
 8008a26:	f3bf 8f6f 	isb	sy

	k_spinlock_key_t key = k_spin_lock(&buffer->lock);

	item->hdr.valid = 1;
 8008a2a:	782b      	ldrb	r3, [r5, #0]
 8008a2c:	f043 0301 	orr.w	r3, r3, #1
 8008a30:	702b      	strb	r3, [r5, #0]
	buffer->wr_idx = idx_inc(buffer, buffer->wr_idx, wlen);
 8008a32:	6863      	ldr	r3, [r4, #4]
	uint32_t i = idx + val;
 8008a34:	4418      	add	r0, r3
	if (buffer->flags & MPSC_PBUF_SIZE_POW2) {
 8008a36:	6923      	ldr	r3, [r4, #16]
 8008a38:	f013 0f01 	tst.w	r3, #1
 8008a3c:	d104      	bne.n	8008a48 <mpsc_pbuf_commit+0x38>
	return (i >= buffer->size) ? i - buffer->size : i;
 8008a3e:	6a23      	ldr	r3, [r4, #32]
 8008a40:	4298      	cmp	r0, r3
 8008a42:	d304      	bcc.n	8008a4e <mpsc_pbuf_commit+0x3e>
 8008a44:	1ac0      	subs	r0, r0, r3
 8008a46:	e002      	b.n	8008a4e <mpsc_pbuf_commit+0x3e>
		return i & (buffer->size - 1);
 8008a48:	6a23      	ldr	r3, [r4, #32]
 8008a4a:	3b01      	subs	r3, #1
 8008a4c:	4018      	ands	r0, r3
	buffer->wr_idx = idx_inc(buffer, buffer->wr_idx, wlen);
 8008a4e:	6060      	str	r0, [r4, #4]
	max_utilization_update(buffer);
 8008a50:	4620      	mov	r0, r4
 8008a52:	f7ff fe05 	bl	8008660 <max_utilization_update>
  __ASM volatile ("MSR basepri, %0" : : "r" (basePri) : "memory");
 8008a56:	f386 8811 	msr	BASEPRI, r6
 8008a5a:	f3bf 8f6f 	isb	sy
	k_spin_unlock(&buffer->lock, key);
	MPSC_PBUF_DBG(buffer, "committed %p", item);
}
 8008a5e:	bd70      	pop	{r4, r5, r6, pc}

08008a60 <mpsc_pbuf_claim>:
		}
	} while (cont);
}

const union mpsc_pbuf_generic *mpsc_pbuf_claim(struct mpsc_pbuf_buffer *buffer)
{
 8008a60:	e92d 41f0 	stmdb	sp!, {r4, r5, r6, r7, r8, lr}
 8008a64:	b082      	sub	sp, #8
 8008a66:	4604      	mov	r4, r0
	union mpsc_pbuf_generic *item;
	bool cont;
	bool need_post = false;
 8008a68:	2700      	movs	r7, #0
 8008a6a:	e030      	b.n	8008ace <mpsc_pbuf_claim+0x6e>
		return item->skip.len;
 8008a6c:	f853 1022 	ldr.w	r1, [r3, r2, lsl #2]
			MPSC_PBUF_DBG(buffer, "invalid claim %d: %p", a, item);
			item = NULL;
		} else {
			uint32_t skip = get_skip(item);

			if (skip || !is_valid(item)) {
 8008a70:	0889      	lsrs	r1, r1, #2
 8008a72:	d150      	bne.n	8008b16 <mpsc_pbuf_claim+0xb6>
 8008a74:	e045      	b.n	8008b02 <mpsc_pbuf_claim+0xa2>
		return i & (buffer->size - 1);
 8008a76:	6a22      	ldr	r2, [r4, #32]
 8008a78:	3a01      	subs	r2, #1
 8008a7a:	4013      	ands	r3, r2
				uint32_t inc =
					skip ? skip : buffer->get_wlen(item);

				buffer->tmp_rd_idx =
 8008a7c:	60a3      	str	r3, [r4, #8]
				      idx_inc(buffer, buffer->tmp_rd_idx, inc);
				rd_idx_inc(buffer, inc);
 8008a7e:	4620      	mov	r0, r4
 8008a80:	f7ff fdfd 	bl	800867e <rd_idx_inc>
				cont = true;
				need_post = true;
 8008a84:	2701      	movs	r7, #1
				cont = true;
 8008a86:	463b      	mov	r3, r7
			if (skip || !is_valid(item)) {
 8008a88:	e01c      	b.n	8008ac4 <mpsc_pbuf_claim+0x64>
			} else {
				item->hdr.busy = 1;
 8008a8a:	f813 1022 	ldrb.w	r1, [r3, r2, lsl #2]
 8008a8e:	f041 0102 	orr.w	r1, r1, #2
 8008a92:	f803 1022 	strb.w	r1, [r3, r2, lsl #2]
				buffer->tmp_rd_idx =
					idx_inc(buffer, buffer->tmp_rd_idx,
 8008a96:	f8d4 8008 	ldr.w	r8, [r4, #8]
						buffer->get_wlen(item));
 8008a9a:	69a3      	ldr	r3, [r4, #24]
 8008a9c:	4628      	mov	r0, r5
 8008a9e:	4798      	blx	r3
	uint32_t i = idx + val;
 8008aa0:	4440      	add	r0, r8
	if (buffer->flags & MPSC_PBUF_SIZE_POW2) {
 8008aa2:	6923      	ldr	r3, [r4, #16]
 8008aa4:	f013 0f01 	tst.w	r3, #1
 8008aa8:	d104      	bne.n	8008ab4 <mpsc_pbuf_claim+0x54>
	return (i >= buffer->size) ? i - buffer->size : i;
 8008aaa:	6a23      	ldr	r3, [r4, #32]
 8008aac:	4298      	cmp	r0, r3
 8008aae:	d304      	bcc.n	8008aba <mpsc_pbuf_claim+0x5a>
 8008ab0:	1ac0      	subs	r0, r0, r3
 8008ab2:	e002      	b.n	8008aba <mpsc_pbuf_claim+0x5a>
		return i & (buffer->size - 1);
 8008ab4:	6a23      	ldr	r3, [r4, #32]
 8008ab6:	3b01      	subs	r3, #1
 8008ab8:	4018      	ands	r0, r3
				buffer->tmp_rd_idx =
 8008aba:	60a0      	str	r0, [r4, #8]
		cont = false;
 8008abc:	2300      	movs	r3, #0
 8008abe:	e001      	b.n	8008ac4 <mpsc_pbuf_claim+0x64>
 8008ac0:	2300      	movs	r3, #0
			item = NULL;
 8008ac2:	461d      	mov	r5, r3
 8008ac4:	f386 8811 	msr	BASEPRI, r6
 8008ac8:	f3bf 8f6f 	isb	sy

		if (!cont) {
			MPSC_PBUF_DBG(buffer, ">>claimed %d: %p", a, item);
		}
		k_spin_unlock(&buffer->lock, key);
	} while (cont);
 8008acc:	b38b      	cbz	r3, 8008b32 <mpsc_pbuf_claim+0xd2>
  __ASM volatile ("MRS %0, basepri" : "=r" (result) );
 8008ace:	f3ef 8611 	mrs	r6, BASEPRI
  __ASM volatile ("MSR basepri_max, %0" : : "r" (basePri) : "memory");
 8008ad2:	2310      	movs	r3, #16
 8008ad4:	f383 8812 	msr	BASEPRI_MAX, r3
 8008ad8:	f3bf 8f6f 	isb	sy
		(void)available(buffer, &a);
 8008adc:	a901      	add	r1, sp, #4
 8008ade:	4620      	mov	r0, r4
 8008ae0:	f7ff fd9a 	bl	8008618 <available>
			&buffer->buf[buffer->tmp_rd_idx];
 8008ae4:	69e3      	ldr	r3, [r4, #28]
 8008ae6:	68a2      	ldr	r2, [r4, #8]
		item = (union mpsc_pbuf_generic *)
 8008ae8:	eb03 0582 	add.w	r5, r3, r2, lsl #2
		if (!a || is_invalid(item)) {
 8008aec:	9901      	ldr	r1, [sp, #4]
 8008aee:	2900      	cmp	r1, #0
 8008af0:	d0e6      	beq.n	8008ac0 <mpsc_pbuf_claim+0x60>
	return !item->hdr.valid && !item->hdr.busy;
 8008af2:	f813 1022 	ldrb.w	r1, [r3, r2, lsl #2]
		if (!a || is_invalid(item)) {
 8008af6:	f011 0103 	ands.w	r1, r1, #3
 8008afa:	d017      	beq.n	8008b2c <mpsc_pbuf_claim+0xcc>
	if (item->hdr.busy && !item->hdr.valid) {
 8008afc:	2902      	cmp	r1, #2
 8008afe:	d0b5      	beq.n	8008a6c <mpsc_pbuf_claim+0xc>
	return 0;
 8008b00:	2100      	movs	r1, #0
	return item->hdr.valid;
 8008b02:	f813 0022 	ldrb.w	r0, [r3, r2, lsl #2]
			if (skip || !is_valid(item)) {
 8008b06:	f010 0f01 	tst.w	r0, #1
 8008b0a:	d1be      	bne.n	8008a8a <mpsc_pbuf_claim+0x2a>
					skip ? skip : buffer->get_wlen(item);
 8008b0c:	b919      	cbnz	r1, 8008b16 <mpsc_pbuf_claim+0xb6>
 8008b0e:	69a3      	ldr	r3, [r4, #24]
 8008b10:	4628      	mov	r0, r5
 8008b12:	4798      	blx	r3
 8008b14:	4601      	mov	r1, r0
				      idx_inc(buffer, buffer->tmp_rd_idx, inc);
 8008b16:	68a3      	ldr	r3, [r4, #8]
	uint32_t i = idx + val;
 8008b18:	440b      	add	r3, r1
	if (buffer->flags & MPSC_PBUF_SIZE_POW2) {
 8008b1a:	6922      	ldr	r2, [r4, #16]
 8008b1c:	f012 0f01 	tst.w	r2, #1
 8008b20:	d1a9      	bne.n	8008a76 <mpsc_pbuf_claim+0x16>
	return (i >= buffer->size) ? i - buffer->size : i;
 8008b22:	6a22      	ldr	r2, [r4, #32]
 8008b24:	4293      	cmp	r3, r2
 8008b26:	d3a9      	bcc.n	8008a7c <mpsc_pbuf_claim+0x1c>
 8008b28:	1a9b      	subs	r3, r3, r2
 8008b2a:	e7a7      	b.n	8008a7c <mpsc_pbuf_claim+0x1c>
		cont = false;
 8008b2c:	2300      	movs	r3, #0
			item = NULL;
 8008b2e:	461d      	mov	r5, r3
 8008b30:	e7c8      	b.n	8008ac4 <mpsc_pbuf_claim+0x64>

	if (IS_ENABLED(CONFIG_MULTITHREADING) && need_post && item == NULL) {
 8008b32:	b107      	cbz	r7, 8008b36 <mpsc_pbuf_claim+0xd6>
 8008b34:	b11d      	cbz	r5, 8008b3e <mpsc_pbuf_claim+0xde>
		k_sem_give(&buffer->sem);
	}

	return item;
}
 8008b36:	4628      	mov	r0, r5
 8008b38:	b002      	add	sp, #8
 8008b3a:	e8bd 81f0 	ldmia.w	sp!, {r4, r5, r6, r7, r8, pc}
		k_sem_give(&buffer->sem);
 8008b3e:	f104 0028 	add.w	r0, r4, #40	@ 0x28
	z_impl_k_sem_give(sem);
 8008b42:	f7fd fc7f 	bl	8006444 <z_impl_k_sem_give>
	return item;
 8008b46:	e7f6      	b.n	8008b36 <mpsc_pbuf_claim+0xd6>

08008b48 <mpsc_pbuf_free>:

void mpsc_pbuf_free(struct mpsc_pbuf_buffer *buffer,
		     const union mpsc_pbuf_generic *item)
{
 8008b48:	b570      	push	{r4, r5, r6, lr}
 8008b4a:	4604      	mov	r4, r0
 8008b4c:	460d      	mov	r5, r1
	uint32_t wlen = buffer->get_wlen(item);
 8008b4e:	6983      	ldr	r3, [r0, #24]
 8008b50:	4608      	mov	r0, r1
 8008b52:	4798      	blx	r3
 8008b54:	4601      	mov	r1, r0
  __ASM volatile ("MRS %0, basepri" : "=r" (result) );
 8008b56:	f3ef 8611 	mrs	r6, BASEPRI
  __ASM volatile ("MSR basepri_max, %0" : : "r" (basePri) : "memory");
 8008b5a:	2310      	movs	r3, #16
 8008b5c:	f383 8812 	msr	BASEPRI_MAX, r3
 8008b60:	f3bf 8f6f 	isb	sy
	k_spinlock_key_t key = k_spin_lock(&buffer->lock);
	union mpsc_pbuf_generic *witem = (union mpsc_pbuf_generic *)item;

	witem->hdr.valid = 0;
 8008b64:	782b      	ldrb	r3, [r5, #0]
 8008b66:	f023 0301 	bic.w	r3, r3, #1
 8008b6a:	702b      	strb	r3, [r5, #0]
	if (!(buffer->flags & MPSC_PBUF_MODE_OVERWRITE) ||
 8008b6c:	6923      	ldr	r3, [r4, #16]
 8008b6e:	f013 0f02 	tst.w	r3, #2
 8008b72:	d00a      	beq.n	8008b8a <mpsc_pbuf_free+0x42>
		 ((uint32_t *)item == &buffer->buf[buffer->rd_idx])) {
 8008b74:	69e3      	ldr	r3, [r4, #28]
 8008b76:	68e2      	ldr	r2, [r4, #12]
 8008b78:	eb03 0382 	add.w	r3, r3, r2, lsl #2
	if (!(buffer->flags & MPSC_PBUF_MODE_OVERWRITE) ||
 8008b7c:	42ab      	cmp	r3, r5
 8008b7e:	d004      	beq.n	8008b8a <mpsc_pbuf_free+0x42>
			buffer->tmp_rd_idx = idx_inc(buffer, buffer->tmp_rd_idx, wlen);
		}
		rd_idx_inc(buffer, wlen);
	} else {
		MPSC_PBUF_DBG(buffer, "Allocation occurred during claim");
		witem->skip.len = wlen;
 8008b80:	682b      	ldr	r3, [r5, #0]
 8008b82:	f360 039f 	bfi	r3, r0, #2, #30
 8008b86:	602b      	str	r3, [r5, #0]
 8008b88:	e00a      	b.n	8008ba0 <mpsc_pbuf_free+0x58>
		witem->hdr.busy = 0;
 8008b8a:	782b      	ldrb	r3, [r5, #0]
 8008b8c:	f023 0302 	bic.w	r3, r3, #2
 8008b90:	702b      	strb	r3, [r5, #0]
		if (buffer->rd_idx == buffer->tmp_rd_idx) {
 8008b92:	68e2      	ldr	r2, [r4, #12]
 8008b94:	68a3      	ldr	r3, [r4, #8]
 8008b96:	429a      	cmp	r2, r3
 8008b98:	d00b      	beq.n	8008bb2 <mpsc_pbuf_free+0x6a>
		rd_idx_inc(buffer, wlen);
 8008b9a:	4620      	mov	r0, r4
 8008b9c:	f7ff fd6f 	bl	800867e <rd_idx_inc>
  __ASM volatile ("MSR basepri, %0" : : "r" (basePri) : "memory");
 8008ba0:	f386 8811 	msr	BASEPRI, r6
 8008ba4:	f3bf 8f6f 	isb	sy
	}
	MPSC_PBUF_DBG(buffer, "<<freed: %p", item);

	k_spin_unlock(&buffer->lock, key);
	if (IS_ENABLED(CONFIG_MULTITHREADING)) {
		k_sem_give(&buffer->sem);
 8008ba8:	f104 0028 	add.w	r0, r4, #40	@ 0x28
 8008bac:	f7fd fc4a 	bl	8006444 <z_impl_k_sem_give>
	}
}
 8008bb0:	bd70      	pop	{r4, r5, r6, pc}
	uint32_t i = idx + val;
 8008bb2:	440b      	add	r3, r1
	if (buffer->flags & MPSC_PBUF_SIZE_POW2) {
 8008bb4:	6922      	ldr	r2, [r4, #16]
 8008bb6:	f012 0f01 	tst.w	r2, #1
 8008bba:	d104      	bne.n	8008bc6 <mpsc_pbuf_free+0x7e>
	return (i >= buffer->size) ? i - buffer->size : i;
 8008bbc:	6a22      	ldr	r2, [r4, #32]
 8008bbe:	4293      	cmp	r3, r2
 8008bc0:	d304      	bcc.n	8008bcc <mpsc_pbuf_free+0x84>
 8008bc2:	1a9b      	subs	r3, r3, r2
 8008bc4:	e002      	b.n	8008bcc <mpsc_pbuf_free+0x84>
		return i & (buffer->size - 1);
 8008bc6:	6a22      	ldr	r2, [r4, #32]
 8008bc8:	3a01      	subs	r2, #1
 8008bca:	4013      	ands	r3, r2
			buffer->tmp_rd_idx = idx_inc(buffer, buffer->tmp_rd_idx, wlen);
 8008bcc:	60a3      	str	r3, [r4, #8]
 8008bce:	e7e4      	b.n	8008b9a <mpsc_pbuf_free+0x52>

08008bd0 <mpsc_pbuf_is_pending>:

bool mpsc_pbuf_is_pending(struct mpsc_pbuf_buffer *buffer)
{
 8008bd0:	b510      	push	{r4, lr}
 8008bd2:	b082      	sub	sp, #8
  __ASM volatile ("MRS %0, basepri" : "=r" (result) );
 8008bd4:	f3ef 8411 	mrs	r4, BASEPRI
  __ASM volatile ("MSR basepri_max, %0" : : "r" (basePri) : "memory");
 8008bd8:	2310      	movs	r3, #16
 8008bda:	f383 8812 	msr	BASEPRI_MAX, r3
 8008bde:	f3bf 8f6f 	isb	sy
	uint32_t a;
	k_spinlock_key_t key = k_spin_lock(&buffer->lock);

	(void)available(buffer, &a);
 8008be2:	a901      	add	r1, sp, #4
 8008be4:	f7ff fd18 	bl	8008618 <available>
  __ASM volatile ("MSR basepri, %0" : : "r" (basePri) : "memory");
 8008be8:	f384 8811 	msr	BASEPRI, r4
 8008bec:	f3bf 8f6f 	isb	sy
	k_spin_unlock(&buffer->lock, key);

	return a ? true : false;
 8008bf0:	9801      	ldr	r0, [sp, #4]
}
 8008bf2:	3800      	subs	r0, #0
 8008bf4:	bf18      	it	ne
 8008bf6:	2001      	movne	r0, #1
 8008bf8:	b002      	add	sp, #8
 8008bfa:	bd10      	pop	{r4, pc}

08008bfc <_ConfigAbsSyms>:
GEN_ABSOLUTE_SYM_KCONFIG(CONFIG_WARN_DEPRECATED, 1);
GEN_ABSOLUTE_SYM_KCONFIG(CONFIG_TAINT, 1);
GEN_ABSOLUTE_SYM_KCONFIG(CONFIG_ENFORCE_ZEPHYR_STDINT, 1);
GEN_ABSOLUTE_SYM_KCONFIG(CONFIG_LEGACY_GENERATED_INCLUDE_PATH, 1);

GEN_ABS_SYM_END
 8008bfc:	4770      	bx	lr

08008bfe <pm_device_driver_init>:
	ARG_UNUSED(dev);
	return true;
}

static inline int pm_device_driver_init(const struct device *dev, pm_device_action_cb_t action_cb)
{
 8008bfe:	b538      	push	{r3, r4, r5, lr}
 8008c00:	4605      	mov	r5, r0
 8008c02:	460c      	mov	r4, r1
	int rc;

	/* When power management is not enabled, all drivers should initialise to active state */
	rc = action_cb(dev, PM_DEVICE_ACTION_TURN_ON);
 8008c04:	2103      	movs	r1, #3
 8008c06:	47a0      	blx	r4
	if ((rc < 0) && (rc != -ENOTSUP)) {
 8008c08:	2800      	cmp	r0, #0
 8008c0a:	db06      	blt.n	8008c1a <pm_device_driver_init+0x1c>
		return rc;
	}

	rc = action_cb(dev, PM_DEVICE_ACTION_RESUME);
 8008c0c:	2101      	movs	r1, #1
 8008c0e:	4628      	mov	r0, r5
 8008c10:	47a0      	blx	r4
	if (rc < 0) {
 8008c12:	2800      	cmp	r0, #0
 8008c14:	db00      	blt.n	8008c18 <pm_device_driver_init+0x1a>
		return rc;
	}

	return 0;
 8008c16:	2000      	movs	r0, #0
}
 8008c18:	bd38      	pop	{r3, r4, r5, pc}
	if ((rc < 0) && (rc != -ENOTSUP)) {
 8008c1a:	f110 0f86 	cmn.w	r0, #134	@ 0x86
 8008c1e:	d1fb      	bne.n	8008c18 <pm_device_driver_init+0x1a>
 8008c20:	e7f4      	b.n	8008c0c <pm_device_driver_init+0xe>

08008c22 <LL_GPIO_SetPinSpeed>:
  *         @arg @ref LL_GPIO_SPEED_FREQ_HIGH
  *         @arg @ref LL_GPIO_SPEED_FREQ_VERY_HIGH
  * @retval None
  */
__STATIC_INLINE void LL_GPIO_SetPinSpeed(GPIO_TypeDef *GPIOx, uint32_t Pin, uint32_t  Speed)
{
 8008c22:	b410      	push	{r4}
  MODIFY_REG(GPIOx->OSPEEDR, (GPIO_OSPEEDER_OSPEEDR0 << (POSITION_VAL(Pin) * 2U)),
 8008c24:	6884      	ldr	r4, [r0, #8]
   __ASM ("rbit %0, %1" : "=r" (result) : "r" (value) );
 8008c26:	fa91 f3a1 	rbit	r3, r1
  if (value == 0U)
 8008c2a:	b19b      	cbz	r3, 8008c54 <LL_GPIO_SetPinSpeed+0x32>
  return __builtin_clz(value);
 8008c2c:	fab3 f383 	clz	r3, r3
 8008c30:	005b      	lsls	r3, r3, #1
 8008c32:	f04f 0c03 	mov.w	ip, #3
 8008c36:	fa0c f303 	lsl.w	r3, ip, r3
 8008c3a:	ea24 0303 	bic.w	r3, r4, r3
   __ASM ("rbit %0, %1" : "=r" (result) : "r" (value) );
 8008c3e:	fa91 f1a1 	rbit	r1, r1
  if (value == 0U)
 8008c42:	b149      	cbz	r1, 8008c58 <LL_GPIO_SetPinSpeed+0x36>
  return __builtin_clz(value);
 8008c44:	fab1 f181 	clz	r1, r1
 8008c48:	0049      	lsls	r1, r1, #1
 8008c4a:	408a      	lsls	r2, r1
 8008c4c:	4313      	orrs	r3, r2
 8008c4e:	6083      	str	r3, [r0, #8]
             (Speed << (POSITION_VAL(Pin) * 2U)));
}
 8008c50:	bc10      	pop	{r4}
 8008c52:	4770      	bx	lr
    return 32U;
 8008c54:	2320      	movs	r3, #32
 8008c56:	e7eb      	b.n	8008c30 <LL_GPIO_SetPinSpeed+0xe>
 8008c58:	2120      	movs	r1, #32
 8008c5a:	e7f5      	b.n	8008c48 <LL_GPIO_SetPinSpeed+0x26>

08008c5c <LL_GPIO_SetPinPull>:
  *         @arg @ref LL_GPIO_PULL_UP
  *         @arg @ref LL_GPIO_PULL_DOWN
  * @retval None
  */
__STATIC_INLINE void LL_GPIO_SetPinPull(GPIO_TypeDef *GPIOx, uint32_t Pin, uint32_t Pull)
{
 8008c5c:	b410      	push	{r4}
  MODIFY_REG(GPIOx->PUPDR, (GPIO_PUPDR_PUPDR0 << (POSITION_VAL(Pin) * 2U)), (Pull << (POSITION_VAL(Pin) * 2U)));
 8008c5e:	68c4      	ldr	r4, [r0, #12]
   __ASM ("rbit %0, %1" : "=r" (result) : "r" (value) );
 8008c60:	fa91 f3a1 	rbit	r3, r1
  if (value == 0U)
 8008c64:	b19b      	cbz	r3, 8008c8e <LL_GPIO_SetPinPull+0x32>
  return __builtin_clz(value);
 8008c66:	fab3 f383 	clz	r3, r3
 8008c6a:	005b      	lsls	r3, r3, #1
 8008c6c:	f04f 0c03 	mov.w	ip, #3
 8008c70:	fa0c f303 	lsl.w	r3, ip, r3
 8008c74:	ea24 0303 	bic.w	r3, r4, r3
   __ASM ("rbit %0, %1" : "=r" (result) : "r" (value) );
 8008c78:	fa91 f1a1 	rbit	r1, r1
  if (value == 0U)
 8008c7c:	b149      	cbz	r1, 8008c92 <LL_GPIO_SetPinPull+0x36>
  return __builtin_clz(value);
 8008c7e:	fab1 f181 	clz	r1, r1
 8008c82:	0049      	lsls	r1, r1, #1
 8008c84:	408a      	lsls	r2, r1
 8008c86:	4313      	orrs	r3, r2
 8008c88:	60c3      	str	r3, [r0, #12]
}
 8008c8a:	bc10      	pop	{r4}
 8008c8c:	4770      	bx	lr
    return 32U;
 8008c8e:	2320      	movs	r3, #32
 8008c90:	e7eb      	b.n	8008c6a <LL_GPIO_SetPinPull+0xe>
 8008c92:	2120      	movs	r1, #32
 8008c94:	e7f5      	b.n	8008c82 <LL_GPIO_SetPinPull+0x26>

08008c96 <ll_gpio_set_pin_pull>:
{
 8008c96:	b508      	push	{r3, lr}
	LL_GPIO_SetPinPull(GPIOx, Pin, Pull);
 8008c98:	f7ff ffe0 	bl	8008c5c <LL_GPIO_SetPinPull>
}
 8008c9c:	bd08      	pop	{r3, pc}

08008c9e <LL_GPIO_SetAFPin_0_7>:
  *         @arg @ref LL_GPIO_AF_14
  *         @arg @ref LL_GPIO_AF_15
  * @retval None
  */
__STATIC_INLINE void LL_GPIO_SetAFPin_0_7(GPIO_TypeDef *GPIOx, uint32_t Pin, uint32_t Alternate)
{
 8008c9e:	b410      	push	{r4}
  MODIFY_REG(GPIOx->AFR[0], (GPIO_AFRL_AFSEL0 << (POSITION_VAL(Pin) * 4U)),
 8008ca0:	6a04      	ldr	r4, [r0, #32]
   __ASM ("rbit %0, %1" : "=r" (result) : "r" (value) );
 8008ca2:	fa91 f3a1 	rbit	r3, r1
  if (value == 0U)
 8008ca6:	b19b      	cbz	r3, 8008cd0 <LL_GPIO_SetAFPin_0_7+0x32>
  return __builtin_clz(value);
 8008ca8:	fab3 f383 	clz	r3, r3
 8008cac:	009b      	lsls	r3, r3, #2
 8008cae:	f04f 0c0f 	mov.w	ip, #15
 8008cb2:	fa0c f303 	lsl.w	r3, ip, r3
 8008cb6:	ea24 0303 	bic.w	r3, r4, r3
   __ASM ("rbit %0, %1" : "=r" (result) : "r" (value) );
 8008cba:	fa91 f1a1 	rbit	r1, r1
  if (value == 0U)
 8008cbe:	b149      	cbz	r1, 8008cd4 <LL_GPIO_SetAFPin_0_7+0x36>
  return __builtin_clz(value);
 8008cc0:	fab1 f181 	clz	r1, r1
 8008cc4:	0089      	lsls	r1, r1, #2
 8008cc6:	408a      	lsls	r2, r1
 8008cc8:	4313      	orrs	r3, r2
 8008cca:	6203      	str	r3, [r0, #32]
             (Alternate << (POSITION_VAL(Pin) * 4U)));
}
 8008ccc:	bc10      	pop	{r4}
 8008cce:	4770      	bx	lr
    return 32U;
 8008cd0:	2320      	movs	r3, #32
 8008cd2:	e7eb      	b.n	8008cac <LL_GPIO_SetAFPin_0_7+0xe>
 8008cd4:	2120      	movs	r1, #32
 8008cd6:	e7f5      	b.n	8008cc4 <LL_GPIO_SetAFPin_0_7+0x26>

08008cd8 <LL_GPIO_SetAFPin_8_15>:
  *         @arg @ref LL_GPIO_AF_14
  *         @arg @ref LL_GPIO_AF_15
  * @retval None
  */
__STATIC_INLINE void LL_GPIO_SetAFPin_8_15(GPIO_TypeDef *GPIOx, uint32_t Pin, uint32_t Alternate)
{
 8008cd8:	b410      	push	{r4}
  MODIFY_REG(GPIOx->AFR[1], (GPIO_AFRH_AFSEL8 << (POSITION_VAL(Pin >> 8U) * 4U)),
 8008cda:	6a44      	ldr	r4, [r0, #36]	@ 0x24
 8008cdc:	0a09      	lsrs	r1, r1, #8
   __ASM ("rbit %0, %1" : "=r" (result) : "r" (value) );
 8008cde:	fa91 f3a1 	rbit	r3, r1
  if (value == 0U)
 8008ce2:	b19b      	cbz	r3, 8008d0c <LL_GPIO_SetAFPin_8_15+0x34>
  return __builtin_clz(value);
 8008ce4:	fab3 f383 	clz	r3, r3
 8008ce8:	009b      	lsls	r3, r3, #2
 8008cea:	f04f 0c0f 	mov.w	ip, #15
 8008cee:	fa0c f303 	lsl.w	r3, ip, r3
 8008cf2:	ea24 0403 	bic.w	r4, r4, r3
   __ASM ("rbit %0, %1" : "=r" (result) : "r" (value) );
 8008cf6:	fa91 f1a1 	rbit	r1, r1
  if (value == 0U)
 8008cfa:	b149      	cbz	r1, 8008d10 <LL_GPIO_SetAFPin_8_15+0x38>
  return __builtin_clz(value);
 8008cfc:	fab1 f181 	clz	r1, r1
 8008d00:	0089      	lsls	r1, r1, #2
 8008d02:	408a      	lsls	r2, r1
 8008d04:	4314      	orrs	r4, r2
 8008d06:	6244      	str	r4, [r0, #36]	@ 0x24
             (Alternate << (POSITION_VAL(Pin >> 8U) * 4U)));
}
 8008d08:	bc10      	pop	{r4}
 8008d0a:	4770      	bx	lr
    return 32U;
 8008d0c:	2320      	movs	r3, #32
 8008d0e:	e7eb      	b.n	8008ce8 <LL_GPIO_SetAFPin_8_15+0x10>
 8008d10:	2120      	movs	r1, #32
 8008d12:	e7f5      	b.n	8008d00 <LL_GPIO_SetAFPin_8_15+0x28>

08008d14 <LL_GPIO_SetPinMode>:
{
 8008d14:	b410      	push	{r4}
  MODIFY_REG(GPIOx->MODER, (GPIO_MODER_MODER0 << (POSITION_VAL(Pin) * 2U)), (Mode << (POSITION_VAL(Pin) * 2U)));
 8008d16:	6804      	ldr	r4, [r0, #0]
   __ASM ("rbit %0, %1" : "=r" (result) : "r" (value) );
 8008d18:	fa91 f3a1 	rbit	r3, r1
  if (value == 0U)
 8008d1c:	b19b      	cbz	r3, 8008d46 <LL_GPIO_SetPinMode+0x32>
  return __builtin_clz(value);
 8008d1e:	fab3 f383 	clz	r3, r3
 8008d22:	005b      	lsls	r3, r3, #1
 8008d24:	f04f 0c03 	mov.w	ip, #3
 8008d28:	fa0c f303 	lsl.w	r3, ip, r3
 8008d2c:	ea24 0303 	bic.w	r3, r4, r3
   __ASM ("rbit %0, %1" : "=r" (result) : "r" (value) );
 8008d30:	fa91 f1a1 	rbit	r1, r1
  if (value == 0U)
 8008d34:	b149      	cbz	r1, 8008d4a <LL_GPIO_SetPinMode+0x36>
  return __builtin_clz(value);
 8008d36:	fab1 f181 	clz	r1, r1
 8008d3a:	0049      	lsls	r1, r1, #1
 8008d3c:	408a      	lsls	r2, r1
 8008d3e:	4313      	orrs	r3, r2
 8008d40:	6003      	str	r3, [r0, #0]
}
 8008d42:	bc10      	pop	{r4}
 8008d44:	4770      	bx	lr
    return 32U;
 8008d46:	2320      	movs	r3, #32
 8008d48:	e7eb      	b.n	8008d22 <LL_GPIO_SetPinMode+0xe>
 8008d4a:	2120      	movs	r1, #32
 8008d4c:	e7f5      	b.n	8008d3a <LL_GPIO_SetPinMode+0x26>

08008d4e <stm32_gpioport_configure_pin>:
{
 8008d4e:	e92d 43f8 	stmdb	sp!, {r3, r4, r5, r6, r7, r8, r9, lr}
 8008d52:	460f      	mov	r7, r1
 8008d54:	4615      	mov	r5, r2
 8008d56:	4698      	mov	r8, r3
	const struct gpio_stm32_config *dev_cfg = port->config;
 8008d58:	6843      	ldr	r3, [r0, #4]
	GPIO_TypeDef *gpio = (GPIO_TypeDef *)dev_cfg->base;
 8008d5a:	685e      	ldr	r6, [r3, #4]
		pinval |= 1u << pinnum;
	} else {
		pinval |= (1u << (pinnum % 8)) | 0x04000000u;
	}
#else
	pinval = 1u << pinnum;
 8008d5c:	2401      	movs	r4, #1
 8008d5e:	408c      	lsls	r4, r1
	mode = config & (STM32_MODER_MASK << STM32_MODER_SHIFT);
 8008d60:	f002 0930 	and.w	r9, r2, #48	@ 0x30
	LL_GPIO_SetPinOutputType(gpio, pin_ll, otype >> STM32_OTYPER_SHIFT);
 8008d64:	f3c2 1380 	ubfx	r3, r2, #6, #1
  MODIFY_REG(GPIOx->OTYPER, PinMask, (PinMask * OutputType));
 8008d68:	6870      	ldr	r0, [r6, #4]
 8008d6a:	ea20 0004 	bic.w	r0, r0, r4
 8008d6e:	408b      	lsls	r3, r1
 8008d70:	4318      	orrs	r0, r3
 8008d72:	6070      	str	r0, [r6, #4]
	LL_GPIO_SetPinSpeed(gpio, pin_ll, ospeed >> STM32_OSPEEDR_SHIFT);
 8008d74:	f3c2 12c1 	ubfx	r2, r2, #7, #2
 8008d78:	4621      	mov	r1, r4
 8008d7a:	4630      	mov	r0, r6
 8008d7c:	f7ff ff51 	bl	8008c22 <LL_GPIO_SetPinSpeed>
	ll_gpio_set_pin_pull(gpio, pin_ll, pupd >> STM32_PUPDR_SHIFT);
 8008d80:	f3c5 2241 	ubfx	r2, r5, #9, #2
 8008d84:	4621      	mov	r1, r4
 8008d86:	4630      	mov	r0, r6
 8008d88:	f7ff ff85 	bl	8008c96 <ll_gpio_set_pin_pull>
	if (mode == STM32_MODER_ALT_MODE) {
 8008d8c:	f1b9 0f20 	cmp.w	r9, #32
 8008d90:	d008      	beq.n	8008da4 <stm32_gpioport_configure_pin+0x56>
	LL_GPIO_SetPinMode(gpio, pin_ll, mode >> STM32_MODER_SHIFT);
 8008d92:	ea4f 1219 	mov.w	r2, r9, lsr #4
 8008d96:	4621      	mov	r1, r4
 8008d98:	4630      	mov	r0, r6
 8008d9a:	f7ff ffbb 	bl	8008d14 <LL_GPIO_SetPinMode>
}
 8008d9e:	2000      	movs	r0, #0
 8008da0:	e8bd 83f8 	ldmia.w	sp!, {r3, r4, r5, r6, r7, r8, r9, pc}
		if (pin < 8) {
 8008da4:	2f07      	cmp	r7, #7
 8008da6:	d805      	bhi.n	8008db4 <stm32_gpioport_configure_pin+0x66>
			LL_GPIO_SetAFPin_0_7(gpio, pin_ll, func);
 8008da8:	4642      	mov	r2, r8
 8008daa:	4621      	mov	r1, r4
 8008dac:	4630      	mov	r0, r6
 8008dae:	f7ff ff76 	bl	8008c9e <LL_GPIO_SetAFPin_0_7>
 8008db2:	e7ee      	b.n	8008d92 <stm32_gpioport_configure_pin+0x44>
			LL_GPIO_SetAFPin_8_15(gpio, pin_ll, func);
 8008db4:	4642      	mov	r2, r8
 8008db6:	4621      	mov	r1, r4
 8008db8:	4630      	mov	r0, r6
 8008dba:	f7ff ff8d 	bl	8008cd8 <LL_GPIO_SetAFPin_8_15>
 8008dbe:	e7e8      	b.n	8008d92 <stm32_gpioport_configure_pin+0x44>

08008dc0 <log_msg_generic_get_wlen>:
	return msg->generic.type == Z_LOG_MSG_LOG;
 8008dc0:	7803      	ldrb	r3, [r0, #0]
	if (z_log_item_is_msg(generic_msg)) {
 8008dc2:	f013 0f04 	tst.w	r3, #4
 8008dc6:	d001      	beq.n	8008dcc <log_msg_generic_get_wlen+0xc>
	return 0;
 8008dc8:	2000      	movs	r0, #0
}
 8008dca:	4770      	bx	lr
		return log_msg_get_total_wlen(msg->hdr.desc);
 8008dcc:	6803      	ldr	r3, [r0, #0]
	return Z_LOG_MSG_ALIGNED_WLEN(desc.package_len, desc.data_len);
 8008dce:	f3c3 204a 	ubfx	r0, r3, #9, #11
 8008dd2:	eb00 5013 	add.w	r0, r0, r3, lsr #20
 8008dd6:	3017      	adds	r0, #23
 8008dd8:	f020 0007 	bic.w	r0, r0, #7
 8008ddc:	0880      	lsrs	r0, r0, #2
		return log_msg_get_total_wlen(msg->hdr.desc);
 8008dde:	4770      	bx	lr

08008de0 <log_backend_init>:
{
 8008de0:	b510      	push	{r4, lr}
 8008de2:	4604      	mov	r4, r0
	if (backend->api->init) {
 8008de4:	6803      	ldr	r3, [r0, #0]
 8008de6:	68db      	ldr	r3, [r3, #12]
 8008de8:	b103      	cbz	r3, 8008dec <log_backend_init+0xc>
		backend->api->init(backend);
 8008dea:	4798      	blx	r3
	backend->cb->initialized = true;
 8008dec:	6863      	ldr	r3, [r4, #4]
 8008dee:	2201      	movs	r2, #1
 8008df0:	719a      	strb	r2, [r3, #6]
}
 8008df2:	bd10      	pop	{r4, pc}

08008df4 <dummy_timestamp>:
}
 8008df4:	2000      	movs	r0, #0
 8008df6:	4770      	bx	lr

08008df8 <msg_filter_check>:
}
 8008df8:	2001      	movs	r0, #1
 8008dfa:	4770      	bx	lr

08008dfc <k_msleep>:
{
 8008dfc:	b508      	push	{r3, lr}
	return k_sleep(Z_TIMEOUT_MS(ms));
 8008dfe:	ea20 73e0 	bic.w	r3, r0, r0, asr #31
 8008e02:	17d9      	asrs	r1, r3, #31
 8008e04:	008a      	lsls	r2, r1, #2
 8008e06:	ea42 7293 	orr.w	r2, r2, r3, lsr #30
 8008e0a:	0098      	lsls	r0, r3, #2
 8008e0c:	18c0      	adds	r0, r0, r3
 8008e0e:	eb41 0102 	adc.w	r1, r1, r2
 8008e12:	1800      	adds	r0, r0, r0
 8008e14:	4149      	adcs	r1, r1
	return z_impl_k_sleep(timeout);
 8008e16:	f7fd ff45 	bl	8006ca4 <z_impl_k_sleep>
}
 8008e1a:	bd08      	pop	{r3, pc}

08008e1c <msg_alloc>:
{
 8008e1c:	b508      	push	{r3, lr}
	return (struct log_msg *)mpsc_pbuf_alloc(
 8008e1e:	2200      	movs	r2, #0
 8008e20:	2300      	movs	r3, #0
 8008e22:	f7ff fd5b 	bl	80088dc <mpsc_pbuf_alloc>
}
 8008e26:	bd08      	pop	{r3, pc}

08008e28 <msg_free>:
{
 8008e28:	b508      	push	{r3, lr}
	mpsc_pbuf_free(buffer, &msg->buf);
 8008e2a:	f7ff fe8d 	bl	8008b48 <mpsc_pbuf_free>
}
 8008e2e:	bd08      	pop	{r3, pc}

08008e30 <msg_pending>:
{
 8008e30:	b508      	push	{r3, lr}
	return mpsc_pbuf_is_pending(buffer);
 8008e32:	f7ff fecd 	bl	8008bd0 <mpsc_pbuf_is_pending>
}
 8008e36:	bd08      	pop	{r3, pc}

08008e38 <z_log_vprintk>:
{
 8008e38:	b500      	push	{lr}
 8008e3a:	b085      	sub	sp, #20
	z_log_msg_runtime_vcreate(Z_LOG_LOCAL_DOMAIN_ID, NULL,
 8008e3c:	9103      	str	r1, [sp, #12]
 8008e3e:	9002      	str	r0, [sp, #8]
 8008e40:	2000      	movs	r0, #0
 8008e42:	9001      	str	r0, [sp, #4]
 8008e44:	9000      	str	r0, [sp, #0]
 8008e46:	4603      	mov	r3, r0
 8008e48:	4602      	mov	r2, r0
 8008e4a:	4601      	mov	r1, r0
 8008e4c:	f7f9 fe06 	bl	8002a5c <z_log_msg_runtime_vcreate>
}
 8008e50:	b005      	add	sp, #20
 8008e52:	f85d fb04 	ldr.w	pc, [sp], #4

08008e56 <z_log_notify_drop>:
 */
bool z_log_msg_pending(void);

static inline void z_log_notify_drop(const struct mpsc_pbuf_buffer *buffer,
				     const union mpsc_pbuf_generic *item)
{
 8008e56:	b508      	push	{r3, lr}
	ARG_UNUSED(buffer);
	ARG_UNUSED(item);

	z_log_dropped(true);
 8008e58:	2001      	movs	r0, #1
 8008e5a:	f7f9 fb45 	bl	80024e8 <z_log_dropped>
}
 8008e5e:	bd08      	pop	{r3, pc}

08008e60 <z_log_msg_claim>:
{
 8008e60:	b508      	push	{r3, lr}
	return z_log_msg_local_claim();
 8008e62:	f7f9 fbe1 	bl	8002628 <z_log_msg_local_claim>
}
 8008e66:	bd08      	pop	{r3, pc}

08008e68 <msg_commit>:
{
 8008e68:	b508      	push	{r3, lr}
	mpsc_pbuf_commit(buffer, &m->buf);
 8008e6a:	f7ff fdd1 	bl	8008a10 <mpsc_pbuf_commit>
	z_log_msg_post_finalize();
 8008e6e:	f7f9 fc8b 	bl	8002788 <z_log_msg_post_finalize>
}
 8008e72:	bd08      	pop	{r3, pc}

08008e74 <z_log_get_tag>:
}
 8008e74:	2000      	movs	r0, #0
 8008e76:	4770      	bx	lr

08008e78 <log_backend_enable>:
}

void log_backend_enable(struct log_backend const *const backend,
			void *ctx,
			uint32_t level)
{
 8008e78:	b508      	push	{r3, lr}
	backend->cb->level = level;
 8008e7a:	6843      	ldr	r3, [r0, #4]
 8008e7c:	71da      	strb	r2, [r3, #7]
	backend->cb->ctx = ctx;
 8008e7e:	6843      	ldr	r3, [r0, #4]
 8008e80:	6019      	str	r1, [r3, #0]
	backend->cb->active = true;
 8008e82:	6843      	ldr	r3, [r0, #4]
 8008e84:	2201      	movs	r2, #1
 8008e86:	715a      	strb	r2, [r3, #5]
	backend_filter_set(backend, level);
	log_backend_activate(backend, ctx);

	z_log_notify_backend_enabled();
 8008e88:	f7f9 fb1e 	bl	80024c8 <z_log_notify_backend_enabled>
}
 8008e8c:	bd08      	pop	{r3, pc}

08008e8e <z_cbprintf_cpy>:
	if (len == 0) {
 8008e8e:	b191      	cbz	r1, 8008eb6 <z_cbprintf_cpy+0x28>
{
 8008e90:	b570      	push	{r4, r5, r6, lr}
 8008e92:	4614      	mov	r4, r2
 8008e94:	460d      	mov	r5, r1
	if ((desc->size - desc->off) < len) {
 8008e96:	6853      	ldr	r3, [r2, #4]
 8008e98:	6896      	ldr	r6, [r2, #8]
 8008e9a:	1b9b      	subs	r3, r3, r6
 8008e9c:	428b      	cmp	r3, r1
 8008e9e:	d30c      	bcc.n	8008eba <z_cbprintf_cpy+0x2c>
	memcpy(&((uint8_t *)desc->buf)[desc->off], buf, len);
 8008ea0:	6813      	ldr	r3, [r2, #0]
 8008ea2:	460a      	mov	r2, r1
 8008ea4:	4601      	mov	r1, r0
 8008ea6:	1998      	adds	r0, r3, r6
 8008ea8:	f7f7 f9d6 	bl	8000258 <__aeabi_memcpy>
	desc->off += len;
 8008eac:	68a3      	ldr	r3, [r4, #8]
 8008eae:	442b      	add	r3, r5
 8008eb0:	60a3      	str	r3, [r4, #8]
	return len;
 8008eb2:	4628      	mov	r0, r5
}
 8008eb4:	bd70      	pop	{r4, r5, r6, pc}
		return 0;
 8008eb6:	2000      	movs	r0, #0
}
 8008eb8:	4770      	bx	lr
		return -ENOSPC;
 8008eba:	f06f 001b 	mvn.w	r0, #27
 8008ebe:	e7f9      	b.n	8008eb4 <z_cbprintf_cpy+0x26>

08008ec0 <z_log_msg_finalize>:
{
 8008ec0:	b570      	push	{r4, r5, r6, lr}
	if (!msg) {
 8008ec2:	b188      	cbz	r0, 8008ee8 <z_log_msg_finalize+0x28>
 8008ec4:	460e      	mov	r6, r1
 8008ec6:	4614      	mov	r4, r2
 8008ec8:	4619      	mov	r1, r3
 8008eca:	4605      	mov	r5, r0
	if (data) {
 8008ecc:	b133      	cbz	r3, 8008edc <z_log_msg_finalize+0x1c>
		uint8_t *d = msg->data + desc.package_len;
 8008ece:	3010      	adds	r0, #16
 8008ed0:	f3c2 234a 	ubfx	r3, r2, #9, #11
		memcpy(d, data, desc.data_len);
 8008ed4:	0d12      	lsrs	r2, r2, #20
 8008ed6:	4418      	add	r0, r3
 8008ed8:	f7f7 f9be 	bl	8000258 <__aeabi_memcpy>
	msg->hdr.desc = desc;
 8008edc:	602c      	str	r4, [r5, #0]
	msg->hdr.source = source;
 8008ede:	606e      	str	r6, [r5, #4]
	z_log_msg_commit(msg);
 8008ee0:	4628      	mov	r0, r5
 8008ee2:	f7f9 fc93 	bl	800280c <z_log_msg_commit>
}
 8008ee6:	bd70      	pop	{r4, r5, r6, pc}
		z_log_dropped(false);
 8008ee8:	f7f9 fafe 	bl	80024e8 <z_log_dropped>
		return;
 8008eec:	e7fb      	b.n	8008ee6 <z_log_msg_finalize+0x26>

08008eee <z_log_msg_simple_create>:
{
 8008eee:	e92d 43f0 	stmdb	sp!, {r4, r5, r6, r7, r8, r9, lr}
 8008ef2:	b083      	sub	sp, #12
 8008ef4:	4606      	mov	r6, r0
 8008ef6:	460f      	mov	r7, r1
 8008ef8:	4615      	mov	r5, r2
 8008efa:	461c      	mov	r4, r3
	size_t plen32 = len + CBPRINTF_DESC_SIZE32;
 8008efc:	f103 0901 	add.w	r9, r3, #1
	size_t plen8 = sizeof(uint32_t) * plen32 +
 8008f00:	ea4f 0889 	mov.w	r8, r9, lsl #2
	struct log_msg *msg = z_log_msg_alloc(Z_LOG_MSG_ALIGNED_WLEN(plen8, 0));
 8008f04:	f108 0017 	add.w	r0, r8, #23
 8008f08:	f020 0007 	bic.w	r0, r0, #7
 8008f0c:	0880      	lsrs	r0, r0, #2
 8008f0e:	f7f9 fb83 	bl	8002618 <z_log_msg_alloc>
	union cbprintf_package_hdr package_hdr = {
 8008f12:	2200      	movs	r2, #0
 8008f14:	9201      	str	r2, [sp, #4]
 8008f16:	f88d 9004 	strb.w	r9, [sp, #4]
	if (msg) {
 8008f1a:	b168      	cbz	r0, 8008f38 <z_log_msg_simple_create+0x4a>
		*package++ = (uint32_t)(uintptr_t)package_hdr.raw;
 8008f1c:	f100 0c14 	add.w	ip, r0, #20
 8008f20:	9b01      	ldr	r3, [sp, #4]
 8008f22:	6103      	str	r3, [r0, #16]
		for (size_t i = 0; i < len; i++) {
 8008f24:	4696      	mov	lr, r2
 8008f26:	e005      	b.n	8008f34 <z_log_msg_simple_create+0x46>
			*package++ = data[i];
 8008f28:	f855 302e 	ldr.w	r3, [r5, lr, lsl #2]
 8008f2c:	f84c 3b04 	str.w	r3, [ip], #4
		for (size_t i = 0; i < len; i++) {
 8008f30:	f10e 0e01 	add.w	lr, lr, #1
 8008f34:	45a6      	cmp	lr, r4
 8008f36:	d3f7      	bcc.n	8008f28 <z_log_msg_simple_create+0x3a>
	struct log_msg_desc desc = {
 8008f38:	2200      	movs	r2, #0
 8008f3a:	f367 1288 	bfi	r2, r7, #6, #3
 8008f3e:	f368 2253 	bfi	r2, r8, #9, #11
	z_log_msg_finalize(msg, source, desc, NULL);
 8008f42:	2300      	movs	r3, #0
 8008f44:	4631      	mov	r1, r6
 8008f46:	f7ff ffbb 	bl	8008ec0 <z_log_msg_finalize>
}
 8008f4a:	b003      	add	sp, #12
 8008f4c:	e8bd 83f0 	ldmia.w	sp!, {r4, r5, r6, r7, r8, r9, pc}

08008f50 <z_impl_z_log_msg_simple_create_0>:
{
 8008f50:	b500      	push	{lr}
 8008f52:	b083      	sub	sp, #12
	uint32_t data[] = {(uint32_t)(uintptr_t)fmt};
 8008f54:	9201      	str	r2, [sp, #4]
	z_log_msg_simple_create(source, level, data, ARRAY_SIZE(data));
 8008f56:	2301      	movs	r3, #1
 8008f58:	aa01      	add	r2, sp, #4
 8008f5a:	f7ff ffc8 	bl	8008eee <z_log_msg_simple_create>
}
 8008f5e:	b003      	add	sp, #12
 8008f60:	f85d fb04 	ldr.w	pc, [sp], #4

08008f64 <z_impl_z_log_msg_simple_create_1>:
{
 8008f64:	b500      	push	{lr}
 8008f66:	b083      	sub	sp, #12
	uint32_t data[] = {(uint32_t)(uintptr_t)fmt, arg};
 8008f68:	9200      	str	r2, [sp, #0]
 8008f6a:	9301      	str	r3, [sp, #4]
	z_log_msg_simple_create(source, level, data, ARRAY_SIZE(data));
 8008f6c:	2302      	movs	r3, #2
 8008f6e:	466a      	mov	r2, sp
 8008f70:	f7ff ffbd 	bl	8008eee <z_log_msg_simple_create>
}
 8008f74:	b003      	add	sp, #12
 8008f76:	f85d fb04 	ldr.w	pc, [sp], #4

08008f7a <z_impl_z_log_msg_simple_create_2>:
{
 8008f7a:	b500      	push	{lr}
 8008f7c:	b085      	sub	sp, #20
	uint32_t data[] = {(uint32_t)(uintptr_t)fmt, arg0, arg1};
 8008f7e:	9201      	str	r2, [sp, #4]
 8008f80:	9302      	str	r3, [sp, #8]
 8008f82:	9b06      	ldr	r3, [sp, #24]
 8008f84:	9303      	str	r3, [sp, #12]
	z_log_msg_simple_create(source, level, data, ARRAY_SIZE(data));
 8008f86:	2303      	movs	r3, #3
 8008f88:	aa01      	add	r2, sp, #4
 8008f8a:	f7ff ffb0 	bl	8008eee <z_log_msg_simple_create>
}
 8008f8e:	b005      	add	sp, #20
 8008f90:	f85d fb04 	ldr.w	pc, [sp], #4

08008f94 <z_log_msg_static_create>:
{
 8008f94:	b508      	push	{r3, lr}
	z_impl_z_log_msg_static_create(source, desc, package, data);
 8008f96:	f7f9 fcb5 	bl	8002904 <z_impl_z_log_msg_static_create>
}
 8008f9a:	bd08      	pop	{r3, pc}

08008f9c <log_output_flush>:
/** @brief Flush output buffer.
 *
 * @param output Pointer to the log output instance.
 */
static inline void log_output_flush(const struct log_output *output)
{
 8008f9c:	e92d 41f0 	stmdb	sp!, {r4, r5, r6, r7, r8, lr}
 8008fa0:	4680      	mov	r8, r0
	log_output_write(output->func, output->buf, output->control_block->offset,
 8008fa2:	6807      	ldr	r7, [r0, #0]
 8008fa4:	6885      	ldr	r5, [r0, #8]
 8008fa6:	6843      	ldr	r3, [r0, #4]
 8008fa8:	681c      	ldr	r4, [r3, #0]
 8008faa:	685e      	ldr	r6, [r3, #4]
	while (len != 0) {
 8008fac:	e005      	b.n	8008fba <log_output_flush+0x1e>
		processed = outf(buf, len, ctx);
 8008fae:	4632      	mov	r2, r6
 8008fb0:	4621      	mov	r1, r4
 8008fb2:	4628      	mov	r0, r5
 8008fb4:	47b8      	blx	r7
		len -= processed;
 8008fb6:	1a24      	subs	r4, r4, r0
		buf += processed;
 8008fb8:	4405      	add	r5, r0
	while (len != 0) {
 8008fba:	2c00      	cmp	r4, #0
 8008fbc:	d1f7      	bne.n	8008fae <log_output_flush+0x12>
			 output->control_block->ctx);
	output->control_block->offset = 0;
 8008fbe:	f8d8 3004 	ldr.w	r3, [r8, #4]
 8008fc2:	2200      	movs	r2, #0
 8008fc4:	601a      	str	r2, [r3, #0]
}
 8008fc6:	e8bd 81f0 	ldmia.w	sp!, {r4, r5, r6, r7, r8, pc}

08008fca <out_func>:
{
 8008fca:	b538      	push	{r3, r4, r5, lr}
 8008fcc:	4605      	mov	r5, r0
 8008fce:	460c      	mov	r4, r1
	if (out_ctx->control_block->offset == out_ctx->size) {
 8008fd0:	684b      	ldr	r3, [r1, #4]
 8008fd2:	681a      	ldr	r2, [r3, #0]
 8008fd4:	68cb      	ldr	r3, [r1, #12]
 8008fd6:	429a      	cmp	r2, r3
 8008fd8:	d00f      	beq.n	8008ffa <out_func+0x30>
	idx = atomic_inc(&out_ctx->control_block->offset);
 8008fda:	6863      	ldr	r3, [r4, #4]
 8008fdc:	f3bf 8f5b 	dmb	ish
 8008fe0:	e853 2f00 	ldrex	r2, [r3]
 8008fe4:	1c51      	adds	r1, r2, #1
 8008fe6:	e843 1000 	strex	r0, r1, [r3]
 8008fea:	2800      	cmp	r0, #0
 8008fec:	d1f8      	bne.n	8008fe0 <out_func+0x16>
 8008fee:	f3bf 8f5b 	dmb	ish
	out_ctx->buf[idx] = (uint8_t)c;
 8008ff2:	68a3      	ldr	r3, [r4, #8]
 8008ff4:	549d      	strb	r5, [r3, r2]
}
 8008ff6:	2000      	movs	r0, #0
 8008ff8:	bd38      	pop	{r3, r4, r5, pc}
		log_output_flush(out_ctx);
 8008ffa:	4608      	mov	r0, r1
 8008ffc:	f7ff ffce 	bl	8008f9c <log_output_flush>
 8009000:	e7eb      	b.n	8008fda <out_func+0x10>

08009002 <cr_out_func>:
{
 8009002:	b538      	push	{r3, r4, r5, lr}
 8009004:	4604      	mov	r4, r0
 8009006:	460d      	mov	r5, r1
	if (c == '\n') {
 8009008:	280a      	cmp	r0, #10
 800900a:	d005      	beq.n	8009018 <cr_out_func+0x16>
	out_func(c, ctx);
 800900c:	4629      	mov	r1, r5
 800900e:	4620      	mov	r0, r4
 8009010:	f7ff ffdb 	bl	8008fca <out_func>
}
 8009014:	2000      	movs	r0, #0
 8009016:	bd38      	pop	{r3, r4, r5, pc}
		out_func((int)'\r', ctx);
 8009018:	200d      	movs	r0, #13
 800901a:	f7ff ffd6 	bl	8008fca <out_func>
 800901e:	e7f5      	b.n	800900c <cr_out_func+0xa>

08009020 <color_prefix>:
{
 8009020:	b508      	push	{r3, lr}
 8009022:	4613      	mov	r3, r2
	color_print(output, color, true, level);
 8009024:	2201      	movs	r2, #1
 8009026:	f7f9 fdd3 	bl	8002bd0 <color_print>
}
 800902a:	bd08      	pop	{r3, pc}

0800902c <color_postfix>:
{
 800902c:	b508      	push	{r3, lr}
 800902e:	4613      	mov	r3, r2
	color_print(output, color, false, level);
 8009030:	2200      	movs	r2, #0
 8009032:	f7f9 fdcd 	bl	8002bd0 <color_print>
}
 8009036:	bd08      	pop	{r3, pc}

08009038 <postfix_print>:
{
 8009038:	b538      	push	{r3, r4, r5, lr}
 800903a:	4605      	mov	r5, r0
 800903c:	460c      	mov	r4, r1
	color_postfix(output, (flags & LOG_OUTPUT_FLAG_COLORS),
 800903e:	f001 0101 	and.w	r1, r1, #1
 8009042:	f7ff fff3 	bl	800902c <color_postfix>
	newline_print(output, flags);
 8009046:	4621      	mov	r1, r4
 8009048:	4628      	mov	r0, r5
 800904a:	f7f9 fe57 	bl	8002cfc <newline_print>
}
 800904e:	bd38      	pop	{r3, r4, r5, pc}

08009050 <log_msg_hexdump>:
{
 8009050:	e92d 43f0 	stmdb	sp!, {r4, r5, r6, r7, r8, r9, lr}
 8009054:	b083      	sub	sp, #12
 8009056:	4680      	mov	r8, r0
 8009058:	460e      	mov	r6, r1
 800905a:	4615      	mov	r5, r2
 800905c:	461f      	mov	r7, r3
 800905e:	f8dd 9028 	ldr.w	r9, [sp, #40]	@ 0x28
		length = MIN(len, HEXDUMP_BYTES_IN_LINE);
 8009062:	462c      	mov	r4, r5
 8009064:	2d10      	cmp	r5, #16
 8009066:	bf28      	it	cs
 8009068:	2410      	movcs	r4, #16
		hexdump_line_print(output, data, length,
 800906a:	f8cd 9000 	str.w	r9, [sp]
 800906e:	463b      	mov	r3, r7
 8009070:	4622      	mov	r2, r4
 8009072:	4631      	mov	r1, r6
 8009074:	4640      	mov	r0, r8
 8009076:	f7f9 fe55 	bl	8002d24 <hexdump_line_print>
		data += length;
 800907a:	4426      	add	r6, r4
	} while (len);
 800907c:	1b2d      	subs	r5, r5, r4
 800907e:	d1f0      	bne.n	8009062 <log_msg_hexdump+0x12>
}
 8009080:	b003      	add	sp, #12
 8009082:	e8bd 83f0 	ldmia.w	sp!, {r4, r5, r6, r7, r8, r9, pc}

08009086 <log_output_msg_process>:
{
 8009086:	e92d 43f0 	stmdb	sp!, {r4, r5, r6, r7, r8, r9, lr}
 800908a:	b089      	sub	sp, #36	@ 0x24
 800908c:	4606      	mov	r6, r0
 800908e:	460c      	mov	r4, r1
 8009090:	4690      	mov	r8, r2
 *
 * @return Timestamp.
 */
static inline log_timestamp_t log_msg_get_timestamp(struct log_msg *msg)
{
	return msg->hdr.timestamp;
 8009092:	f8d1 9008 	ldr.w	r9, [r1, #8]
	return msg->hdr.desc.level;
 8009096:	880f      	ldrh	r7, [r1, #0]
 8009098:	f3c7 1782 	ubfx	r7, r7, #6, #3
	return msg->hdr.desc.domain;
 800909c:	7808      	ldrb	r0, [r1, #0]
 800909e:	f3c0 05c2 	ubfx	r5, r0, #3, #3
	int16_t source_id = log_msg_get_source_id(msg);
 80090a2:	4608      	mov	r0, r1
 80090a4:	f7f9 fd30 	bl	8002b08 <log_msg_get_source_id>
	const char *sname = source_id >= 0 ? log_source_name_get(domain_id, source_id) : NULL;
 80090a8:	1e01      	subs	r1, r0, #0
 80090aa:	da1b      	bge.n	80090e4 <log_output_msg_process+0x5e>
 80090ac:	2300      	movs	r3, #0
 *
 * @return pointer to the package.
 */
static inline uint8_t *log_msg_get_package(struct log_msg *msg, size_t *len)
{
	*len = msg->hdr.desc.package_len;
 80090ae:	4621      	mov	r1, r4
 80090b0:	f851 5b10 	ldr.w	r5, [r1], #16
 80090b4:	f3c5 254a 	ubfx	r5, r5, #9, #11
	*len = msg->hdr.desc.data_len;
 80090b8:	8862      	ldrh	r2, [r4, #2]
 80090ba:	f3c2 120b 	ubfx	r2, r2, #4, #12
	return msg->data + msg->hdr.desc.package_len;
 80090be:	1948      	adds	r0, r1, r5
	log_output_process(output, timestamp, dname, sname, (k_tid_t)log_msg_get_tid(msg),
 80090c0:	b905      	cbnz	r5, 80090c4 <log_output_msg_process+0x3e>
 80090c2:	2100      	movs	r1, #0
 80090c4:	f8cd 8018 	str.w	r8, [sp, #24]
 80090c8:	9205      	str	r2, [sp, #20]
 80090ca:	9004      	str	r0, [sp, #16]
 80090cc:	9103      	str	r1, [sp, #12]
 80090ce:	9702      	str	r7, [sp, #8]
 80090d0:	2200      	movs	r2, #0
 80090d2:	9201      	str	r2, [sp, #4]
 80090d4:	9200      	str	r2, [sp, #0]
 80090d6:	4649      	mov	r1, r9
 80090d8:	4630      	mov	r0, r6
 80090da:	f7f9 fe85 	bl	8002de8 <log_output_process>
}
 80090de:	b009      	add	sp, #36	@ 0x24
 80090e0:	e8bd 83f0 	ldmia.w	sp!, {r4, r5, r6, r7, r8, r9, pc}
	const char *sname = source_id >= 0 ? log_source_name_get(domain_id, source_id) : NULL;
 80090e4:	4628      	mov	r0, r5
 80090e6:	f7f9 fbe7 	bl	80028b8 <log_source_name_get>
 80090ea:	4603      	mov	r3, r0
 80090ec:	e7df      	b.n	80090ae <log_output_msg_process+0x28>

080090ee <log_output_flush>:
{
 80090ee:	e92d 41f0 	stmdb	sp!, {r4, r5, r6, r7, r8, lr}
 80090f2:	4680      	mov	r8, r0
	log_output_write(output->func, output->buf, output->control_block->offset,
 80090f4:	6807      	ldr	r7, [r0, #0]
 80090f6:	6885      	ldr	r5, [r0, #8]
 80090f8:	6843      	ldr	r3, [r0, #4]
 80090fa:	681c      	ldr	r4, [r3, #0]
 80090fc:	685e      	ldr	r6, [r3, #4]
	while (len != 0) {
 80090fe:	e005      	b.n	800910c <log_output_flush+0x1e>
		processed = outf(buf, len, ctx);
 8009100:	4632      	mov	r2, r6
 8009102:	4621      	mov	r1, r4
 8009104:	4628      	mov	r0, r5
 8009106:	47b8      	blx	r7
		len -= processed;
 8009108:	1a24      	subs	r4, r4, r0
		buf += processed;
 800910a:	4405      	add	r5, r0
	while (len != 0) {
 800910c:	2c00      	cmp	r4, #0
 800910e:	d1f7      	bne.n	8009100 <log_output_flush+0x12>
	output->control_block->offset = 0;
 8009110:	f8d8 3004 	ldr.w	r3, [r8, #4]
 8009114:	2200      	movs	r2, #0
 8009116:	601a      	str	r2, [r3, #0]
}
 8009118:	e8bd 81f0 	ldmia.w	sp!, {r4, r5, r6, r7, r8, pc}

0800911c <format_set>:
	log_output_func(ctx->output, &msg->log, flags);
}

static int format_set(const struct log_backend *const backend, uint32_t log_type)
{
	const struct lbu_cb_ctx *ctx = backend->cb->ctx;
 800911c:	6843      	ldr	r3, [r0, #4]
 800911e:	681b      	ldr	r3, [r3, #0]
	struct lbu_data *data = ctx->data;
 8009120:	685b      	ldr	r3, [r3, #4]

	data->log_format_current = log_type;
 8009122:	6119      	str	r1, [r3, #16]

	return 0;
}
 8009124:	2000      	movs	r0, #0
 8009126:	4770      	bx	lr

08009128 <log_backend_uart_init>:

static void log_backend_uart_init(struct log_backend const *const backend)
{
	const struct lbu_cb_ctx *ctx = backend->cb->ctx;
 8009128:	6843      	ldr	r3, [r0, #4]
 800912a:	681b      	ldr	r3, [r3, #0]
	const struct device *uart_dev = LBU_UART_DEV(ctx);
	struct lbu_data *data = ctx->data;

	__ASSERT_NO_MSG(device_is_ready(uart_dev));

	log_output_ctx_set(ctx->output, (void *)ctx);
 800912c:	681a      	ldr	r2, [r3, #0]
 * @param ctx		User context.
 */
static inline void log_output_ctx_set(const struct log_output *output,
				      void *ctx)
{
	output->control_block->ctx = ctx;
 800912e:	6852      	ldr	r2, [r2, #4]
 8009130:	6053      	str	r3, [r2, #4]
			LOG_WRN("Failed to initialize asynchronous mode (err:%d). "
				"Fallback to polling.",
				err);
		}
	}
}
 8009132:	4770      	bx	lr

08009134 <panic>:

static void panic(struct log_backend const *const backend)
{
 8009134:	b508      	push	{r3, lr}
	const struct lbu_cb_ctx *ctx = backend->cb->ctx;
 8009136:	6843      	ldr	r3, [r0, #4]
 8009138:	681b      	ldr	r3, [r3, #0]
	struct lbu_data *data = ctx->data;
 800913a:	685a      	ldr	r2, [r3, #4]
	}
#else
	ARG_UNUSED(uart_dev);
#endif /* CONFIG_PM_DEVICE */

	data->in_panic = true;
 800913c:	2101      	movs	r1, #1
 800913e:	7511      	strb	r1, [r2, #20]
 * @param output	Log output instance.
 */
static inline void
log_backend_std_panic(const struct log_output *const output)
{
	log_output_flush(output);
 8009140:	6818      	ldr	r0, [r3, #0]
 8009142:	f7ff ffd4 	bl	80090ee <log_output_flush>
	log_backend_std_panic(ctx->output);
}
 8009146:	bd08      	pop	{r3, pc}

08009148 <dropped>:

static void dropped(const struct log_backend *const backend, uint32_t cnt)
{
 8009148:	b508      	push	{r3, lr}
	const struct lbu_cb_ctx *ctx = backend->cb->ctx;
 800914a:	6843      	ldr	r3, [r0, #4]
 800914c:	681b      	ldr	r3, [r3, #0]
 * @param cnt		Number of dropped messages.
 */
static inline void
log_backend_std_dropped(const struct log_output *const output, uint32_t cnt)
{
	log_output_dropped_process(output, cnt);
 800914e:	6818      	ldr	r0, [r3, #0]
 8009150:	f7f9 fe90 	bl	8002e74 <log_output_dropped_process>
	if (IS_ENABLED(CONFIG_LOG_BACKEND_UART_OUTPUT_DICTIONARY)) {
		log_dict_output_dropped_process(ctx->output, cnt);
	} else {
		log_backend_std_dropped(ctx->output, cnt);
	}
}
 8009154:	bd08      	pop	{r3, pc}

08009156 <process>:
{
 8009156:	b538      	push	{r3, r4, r5, lr}
 8009158:	460c      	mov	r4, r1
	const struct lbu_cb_ctx *ctx = backend->cb->ctx;
 800915a:	6843      	ldr	r3, [r0, #4]
 800915c:	681d      	ldr	r5, [r3, #0]
	struct lbu_data *data = ctx->data;
 800915e:	686b      	ldr	r3, [r5, #4]
	log_format_func_t log_output_func = log_format_func_t_get(data->log_format_current);
 8009160:	6918      	ldr	r0, [r3, #16]
 8009162:	f7f9 f999 	bl	8002498 <log_format_func_t_get>
 8009166:	4603      	mov	r3, r0
	log_output_func(ctx->output, &msg->log, flags);
 8009168:	220f      	movs	r2, #15
 800916a:	4621      	mov	r1, r4
 800916c:	6828      	ldr	r0, [r5, #0]
 800916e:	4798      	blx	r3
}
 8009170:	bd38      	pop	{r3, r4, r5, pc}

08009172 <arch_early_memset>:
{
 8009172:	b508      	push	{r3, lr}
	(void) memset(dst, c, n);
 8009174:	f7fe f9b6 	bl	80074e4 <memset>
}
 8009178:	bd08      	pop	{r3, pc}

0800917a <arch_early_memcpy>:
{
 800917a:	b508      	push	{r3, lr}
	(void) memcpy(dst, src, n);
 800917c:	f7f7 f86c 	bl	8000258 <__aeabi_memcpy>
}
 8009180:	bd08      	pop	{r3, pc}

08009182 <z_do_kernel_oops>:
 * @param esf exception frame
 * @param callee_regs Callee-saved registers (R4-R11)
 * @param exc_return EXC_RETURN value present in LR after exception entry.
 */
void z_do_kernel_oops(const struct arch_esf *esf, _callee_saved_t *callee_regs, uint32_t exc_return)
{
 8009182:	b508      	push	{r3, lr}
 8009184:	4601      	mov	r1, r0
	}

#endif /* CONFIG_USERSPACE */

#if !defined(CONFIG_EXTRA_EXCEPTION_INFO)
	z_arm_fatal_error(reason, esf);
 8009186:	6800      	ldr	r0, [r0, #0]
 8009188:	f7f9 ffba 	bl	8003100 <z_arm_fatal_error>
		.exc_return = exc_return,
	};

	z_arm_fatal_error(reason, &esf_copy);
#endif /* CONFIG_EXTRA_EXCEPTION_INFO */
}
 800918c:	bd08      	pop	{r3, pc}

0800918e <z_arm_nmi>:
 * Simply call what is installed in 'static void(*handler)(void)'.
 *
 */

void z_arm_nmi(void)
{
 800918e:	b508      	push	{r3, lr}
	handler();
 8009190:	f7f9 ffd2 	bl	8003138 <z_SysNmiOnReset>
	z_arm_int_exit();
 8009194:	f7fa fbfe 	bl	8003994 <z_arm_exc_exit>
}
 8009198:	bd08      	pop	{r3, pc}

0800919a <memory_fault_recoverable>:
}
 800919a:	2000      	movs	r0, #0
 800919c:	4770      	bx	lr

0800919e <fault_handle>:
{
 800919e:	b508      	push	{r3, lr}
	*recoverable = false;
 80091a0:	2300      	movs	r3, #0
 80091a2:	7013      	strb	r3, [r2, #0]
	switch (fault) {
 80091a4:	1ecb      	subs	r3, r1, #3
 80091a6:	2b09      	cmp	r3, #9
 80091a8:	d81a      	bhi.n	80091e0 <fault_handle+0x42>
 80091aa:	e8df f003 	tbb	[pc, r3]
 80091ae:	0905      	.short	0x0905
 80091b0:	1919110d 	.word	0x1919110d
 80091b4:	14191919 	.word	0x14191919
		reason = hard_fault(esf, recoverable);
 80091b8:	4611      	mov	r1, r2
 80091ba:	f7fa fa41 	bl	8003640 <hard_fault>
		break;
 80091be:	e012      	b.n	80091e6 <fault_handle+0x48>
		reason = mem_manage_fault(esf, 0, recoverable);
 80091c0:	2100      	movs	r1, #0
 80091c2:	f7fa f999 	bl	80034f8 <mem_manage_fault>
		break;
 80091c6:	e00e      	b.n	80091e6 <fault_handle+0x48>
		reason = bus_fault(esf, 0, recoverable);
 80091c8:	2100      	movs	r1, #0
 80091ca:	f7fa f90d 	bl	80033e8 <bus_fault>
		break;
 80091ce:	e00a      	b.n	80091e6 <fault_handle+0x48>
		reason = usage_fault(esf);
 80091d0:	f7fa f826 	bl	8003220 <usage_fault>
		break;
 80091d4:	e007      	b.n	80091e6 <fault_handle+0x48>
		debug_monitor(esf, recoverable);
 80091d6:	4611      	mov	r1, r2
 80091d8:	f7fa f88c 	bl	80032f4 <debug_monitor>
	uint32_t reason = K_ERR_CPU_EXCEPTION;
 80091dc:	2000      	movs	r0, #0
		break;
 80091de:	e002      	b.n	80091e6 <fault_handle+0x48>
		reserved_exception(esf, fault);
 80091e0:	f7fa f896 	bl	8003310 <reserved_exception>
	uint32_t reason = K_ERR_CPU_EXCEPTION;
 80091e4:	2000      	movs	r0, #0
}
 80091e6:	bd08      	pop	{r3, pc}

080091e8 <arm_irq_enable>:
 */

#if !defined(CONFIG_ARM_CUSTOM_INTERRUPT_CONTROLLER)

void arm_irq_enable(unsigned int irq)
{
 80091e8:	b508      	push	{r3, lr}
	NVIC_EnableIRQ((IRQn_Type)irq);
 80091ea:	b240      	sxtb	r0, r0
 80091ec:	f7fa fb1a 	bl	8003824 <__NVIC_EnableIRQ>
}
 80091f0:	bd08      	pop	{r3, pc}

080091f2 <arm_irq_priority_set>:
 * The priority is verified if ASSERT_ON is enabled. The maximum number
 * of priority levels is a little complex, as there are some hardware
 * priority levels which are reserved.
 */
void arm_irq_priority_set(unsigned int irq, unsigned int prio, uint32_t flags)
{
 80091f2:	b508      	push	{r3, lr}
	 * reduced set of priorities, like Cortex-M0/M0+).
	 */
	__ASSERT(prio <= (BIT(NUM_IRQ_PRIO_BITS) - 1),
		 "invalid priority %d for %d irq! values must be less than %lu\n",
		 prio - _IRQ_PRIO_OFFSET, irq, BIT(NUM_IRQ_PRIO_BITS) - (_IRQ_PRIO_OFFSET));
	NVIC_SetPriority((IRQn_Type)irq, prio);
 80091f4:	3101      	adds	r1, #1
 80091f6:	b240      	sxtb	r0, r0
 80091f8:	f7fa fb22 	bl	8003840 <__NVIC_SetPriority>
}
 80091fc:	bd08      	pop	{r3, pc}

080091fe <z_irq_spurious>:
 * Installed in all _sw_isr_table slots at boot time. Throws an error if
 * called.
 *
 */
void z_irq_spurious(const void *unused)
{
 80091fe:	b508      	push	{r3, lr}
	ARG_UNUSED(unused);

	z_arm_fatal_error(K_ERR_SPURIOUS_IRQ, NULL);
 8009200:	2100      	movs	r1, #0
 8009202:	2001      	movs	r0, #1
 8009204:	f7f9 ff7c 	bl	8003100 <z_arm_fatal_error>
}
 8009208:	bd08      	pop	{r3, pc}

0800920a <z_check_thread_stack_fail>:
{
 800920a:	b508      	push	{r3, lr}
	uint32_t sp = min_stack(fault_addr, psp);
 800920c:	f7fa fb56 	bl	80038bc <min_stack>
}
 8009210:	bd08      	pop	{r3, pc}

08009212 <arch_coprocessors_disable>:
}
 8009212:	f06f 0085 	mvn.w	r0, #133	@ 0x85
 8009216:	4770      	bx	lr

08009218 <arch_irq_unlock_outlined>:
  \details Enables FIQ interrupts by clearing special-purpose register FAULTMASK.
             Can only be executed in Privileged modes.
   */
  __STATIC_FORCEINLINE void __enable_fault_irq(void)
  {
    __ASM volatile ("cpsie f" : : : "memory");
 8009218:	b661      	cpsie	f
  __ASM volatile ("cpsie i" : : : "memory");
 800921a:	b662      	cpsie	i
 800921c:	f380 8811 	msr	BASEPRI, r0
  __ASM volatile ("isb 0xF":::"memory");
 8009220:	f3bf 8f6f 	isb	sy
#if defined(CONFIG_ARMV7_M_ARMV8_M_MAINLINE)
	__enable_fault_irq(); /* alters FAULTMASK */
	__enable_irq();       /* alters PRIMASK */
#endif
	arch_irq_unlock(key);
}
 8009224:	4770      	bx	lr

08009226 <arch_cpu_idle>:
  __ASM volatile ("cpsid i" : : : "memory");
 8009226:	b672      	cpsid	i
 8009228:	2300      	movs	r3, #0
 800922a:	f383 8811 	msr	BASEPRI, r3
  __ASM volatile ("isb 0xF":::"memory");
 800922e:	f3bf 8f6f 	isb	sy
  __ASM volatile ("dsb 0xF":::"memory");
 8009232:	f3bf 8f4f 	dsb	sy
	 * set by the caller as part of interrupt locking if necessary
	 * (i.e. if the caller sets _kernel.idle).
	 */
#endif

	SLEEP_IF_ALLOWED(__WFI);
 8009236:	bf30      	wfi
  __ASM volatile ("cpsie i" : : : "memory");
 8009238:	b662      	cpsie	i
  __ASM volatile ("isb 0xF":::"memory");
 800923a:	f3bf 8f6f 	isb	sy
#if defined(CONFIG_TRACING)
	sys_trace_idle_exit();
#endif
	__enable_irq();
	__ISB();
}
 800923e:	4770      	bx	lr

08009240 <mpu_partition_is_valid>:
		((part->size & (part->size - 1U)) == 0U)
 8009240:	6843      	ldr	r3, [r0, #4]
 8009242:	1e5a      	subs	r2, r3, #1
		&&
 8009244:	4213      	tst	r3, r2
 8009246:	d106      	bne.n	8009256 <mpu_partition_is_valid+0x16>
		&&
 8009248:	2b1f      	cmp	r3, #31
 800924a:	d906      	bls.n	800925a <mpu_partition_is_valid+0x1a>
		((part->start & (part->size - 1U)) == 0U);
 800924c:	6803      	ldr	r3, [r0, #0]
		&&
 800924e:	421a      	tst	r2, r3
 8009250:	d005      	beq.n	800925e <mpu_partition_is_valid+0x1e>
 8009252:	2000      	movs	r0, #0
 8009254:	4770      	bx	lr
 8009256:	2000      	movs	r0, #0
 8009258:	4770      	bx	lr
 800925a:	2000      	movs	r0, #0
 800925c:	4770      	bx	lr
 800925e:	2001      	movs	r0, #1
}
 8009260:	4770      	bx	lr

08009262 <mpu_configure_region>:
{
 8009262:	b500      	push	{lr}
 8009264:	b085      	sub	sp, #20
	region_conf.base = new_region->start;
 8009266:	680b      	ldr	r3, [r1, #0]
 8009268:	9301      	str	r3, [sp, #4]
		&new_region->attr, new_region->start, new_region->size);
 800926a:	684b      	ldr	r3, [r1, #4]
	p_attr->rasr = attr->rasr_attr | size_to_mpu_rasr_size(size);
 800926c:	688a      	ldr	r2, [r1, #8]
	if (size <= 32U) {
 800926e:	2b20      	cmp	r3, #32
 8009270:	d912      	bls.n	8009298 <mpu_configure_region+0x36>
	if (size > (1UL << 31)) {
 8009272:	f1b3 4f00 	cmp.w	r3, #2147483648	@ 0x80000000
 8009276:	d811      	bhi.n	800929c <mpu_configure_region+0x3a>
	return ((32 - __builtin_clz(size - 1U) - 2 + 1) << MPU_RASR_SIZE_Pos) &
 8009278:	3b01      	subs	r3, #1
 800927a:	fab3 f383 	clz	r3, r3
 800927e:	f1c3 031f 	rsb	r3, r3, #31
 8009282:	005b      	lsls	r3, r3, #1
 8009284:	f003 033e 	and.w	r3, r3, #62	@ 0x3e
	p_attr->rasr = attr->rasr_attr | size_to_mpu_rasr_size(size);
 8009288:	4313      	orrs	r3, r2
 800928a:	9303      	str	r3, [sp, #12]
	return region_allocate_and_init(index,
 800928c:	a901      	add	r1, sp, #4
 800928e:	f7fa fc41 	bl	8003b14 <region_allocate_and_init>
}
 8009292:	b005      	add	sp, #20
 8009294:	f85d fb04 	ldr.w	pc, [sp], #4
		return REGION_32B;
 8009298:	2308      	movs	r3, #8
 800929a:	e7f5      	b.n	8009288 <mpu_configure_region+0x26>
		return REGION_4G;
 800929c:	233e      	movs	r3, #62	@ 0x3e
 800929e:	e7f3      	b.n	8009288 <mpu_configure_region+0x26>

080092a0 <mpu_configure_regions_from_dt>:
{
 80092a0:	b5f0      	push	{r4, r5, r6, r7, lr}
 80092a2:	b085      	sub	sp, #20
 80092a4:	4605      	mov	r5, r0
	num_regions = mem_attr_get_regions(&region);
 80092a6:	a803      	add	r0, sp, #12
 80092a8:	f7f9 fe4e 	bl	8002f48 <mem_attr_get_regions>
 80092ac:	4606      	mov	r6, r0
	for (size_t idx = 0; idx < num_regions; idx++) {
 80092ae:	2400      	movs	r4, #0
 80092b0:	e035      	b.n	800931e <mpu_configure_regions_from_dt+0x7e>
		switch (DT_MEM_ARM_GET(region[idx].dt_attr)) {
 80092b2:	f1b3 7f00 	cmp.w	r3, #33554432	@ 0x2000000
 80092b6:	f000 80b2 	beq.w	800941e <mpu_configure_regions_from_dt+0x17e>
 80092ba:	f1b3 5f80 	cmp.w	r3, #268435456	@ 0x10000000
 80092be:	f000 80c8 	beq.w	8009452 <mpu_configure_regions_from_dt+0x1b2>
 80092c2:	f1b3 7f80 	cmp.w	r3, #16777216	@ 0x1000000
 80092c6:	d129      	bne.n	800931c <mpu_configure_regions_from_dt+0x7c>
			region_conf = _BUILD_REGION_CONF(region[idx], REGION_IO_ATTR);
 80092c8:	6857      	ldr	r7, [r2, #4]
 80092ca:	5809      	ldr	r1, [r1, r0]
 80092cc:	6893      	ldr	r3, [r2, #8]
	if (size <= 32U) {
 80092ce:	2b20      	cmp	r3, #32
 80092d0:	f240 80a1 	bls.w	8009416 <mpu_configure_regions_from_dt+0x176>
	if (size > (1UL << 31)) {
 80092d4:	f1b3 4f00 	cmp.w	r3, #2147483648	@ 0x80000000
 80092d8:	f200 809f 	bhi.w	800941a <mpu_configure_regions_from_dt+0x17a>
	return ((32 - __builtin_clz(size - 1U) - 2 + 1) << MPU_RASR_SIZE_Pos) &
 80092dc:	3b01      	subs	r3, #1
 80092de:	fab3 f383 	clz	r3, r3
 80092e2:	f1c3 031f 	rsb	r3, r3, #31
 80092e6:	005b      	lsls	r3, r3, #1
 80092e8:	f003 033e 	and.w	r3, r3, #62	@ 0x3e
 80092ec:	f043 7388 	orr.w	r3, r3, #17825792	@ 0x1100000
 80092f0:	9700      	str	r7, [sp, #0]
 80092f2:	9101      	str	r1, [sp, #4]
 80092f4:	9302      	str	r3, [sp, #8]
			break;
 80092f6:	e007      	b.n	8009308 <mpu_configure_regions_from_dt+0x68>
		return REGION_32B;
 80092f8:	2308      	movs	r3, #8
			region_conf = _BUILD_REGION_CONF(region[idx], REGION_RAM_ATTR);
 80092fa:	f043 5388 	orr.w	r3, r3, #285212672	@ 0x11000000
 80092fe:	f443 2330 	orr.w	r3, r3, #720896	@ 0xb0000
 8009302:	9700      	str	r7, [sp, #0]
 8009304:	9101      	str	r1, [sp, #4]
 8009306:	9302      	str	r3, [sp, #8]
		if (region_allocate_and_init((*reg_index),
 8009308:	4669      	mov	r1, sp
 800930a:	7828      	ldrb	r0, [r5, #0]
 800930c:	f7fa fc02 	bl	8003b14 <region_allocate_and_init>
 8009310:	2800      	cmp	r0, #0
 8009312:	f2c0 80ba 	blt.w	800948a <mpu_configure_regions_from_dt+0x1ea>
		(*reg_index)++;
 8009316:	782b      	ldrb	r3, [r5, #0]
 8009318:	3301      	adds	r3, #1
 800931a:	702b      	strb	r3, [r5, #0]
	for (size_t idx = 0; idx < num_regions; idx++) {
 800931c:	3401      	adds	r4, #1
 800931e:	42b4      	cmp	r4, r6
 8009320:	f080 80b6 	bcs.w	8009490 <mpu_configure_regions_from_dt+0x1f0>
		switch (DT_MEM_ARM_GET(region[idx].dt_attr)) {
 8009324:	0120      	lsls	r0, r4, #4
 8009326:	9903      	ldr	r1, [sp, #12]
 8009328:	eb01 1204 	add.w	r2, r1, r4, lsl #4
 800932c:	68d3      	ldr	r3, [r2, #12]
 800932e:	f36f 0313 	bfc	r3, #0, #20
 8009332:	f5b3 0f00 	cmp.w	r3, #8388608	@ 0x800000
 8009336:	d054      	beq.n	80093e2 <mpu_configure_regions_from_dt+0x142>
 8009338:	d8bb      	bhi.n	80092b2 <mpu_configure_regions_from_dt+0x12>
 800933a:	f5b3 1f00 	cmp.w	r3, #2097152	@ 0x200000
 800933e:	d018      	beq.n	8009372 <mpu_configure_regions_from_dt+0xd2>
 8009340:	f5b3 0f80 	cmp.w	r3, #4194304	@ 0x400000
 8009344:	d031      	beq.n	80093aa <mpu_configure_regions_from_dt+0x10a>
 8009346:	f5b3 1f80 	cmp.w	r3, #1048576	@ 0x100000
 800934a:	d1e7      	bne.n	800931c <mpu_configure_regions_from_dt+0x7c>
			region_conf = _BUILD_REGION_CONF(region[idx], REGION_RAM_ATTR);
 800934c:	6857      	ldr	r7, [r2, #4]
 800934e:	5809      	ldr	r1, [r1, r0]
 8009350:	6893      	ldr	r3, [r2, #8]
	if (size <= 32U) {
 8009352:	2b20      	cmp	r3, #32
 8009354:	d9d0      	bls.n	80092f8 <mpu_configure_regions_from_dt+0x58>
	if (size > (1UL << 31)) {
 8009356:	f1b3 4f00 	cmp.w	r3, #2147483648	@ 0x80000000
 800935a:	d808      	bhi.n	800936e <mpu_configure_regions_from_dt+0xce>
	return ((32 - __builtin_clz(size - 1U) - 2 + 1) << MPU_RASR_SIZE_Pos) &
 800935c:	3b01      	subs	r3, #1
 800935e:	fab3 f383 	clz	r3, r3
 8009362:	f1c3 031f 	rsb	r3, r3, #31
 8009366:	005b      	lsls	r3, r3, #1
 8009368:	f003 033e 	and.w	r3, r3, #62	@ 0x3e
 800936c:	e7c5      	b.n	80092fa <mpu_configure_regions_from_dt+0x5a>
		return REGION_4G;
 800936e:	233e      	movs	r3, #62	@ 0x3e
 8009370:	e7c3      	b.n	80092fa <mpu_configure_regions_from_dt+0x5a>
			region_conf = _BUILD_REGION_CONF(region[idx], REGION_RAM_NOCACHE_ATTR);
 8009372:	6857      	ldr	r7, [r2, #4]
 8009374:	5809      	ldr	r1, [r1, r0]
 8009376:	6893      	ldr	r3, [r2, #8]
	if (size <= 32U) {
 8009378:	2b20      	cmp	r3, #32
 800937a:	d912      	bls.n	80093a2 <mpu_configure_regions_from_dt+0x102>
	if (size > (1UL << 31)) {
 800937c:	f1b3 4f00 	cmp.w	r3, #2147483648	@ 0x80000000
 8009380:	d811      	bhi.n	80093a6 <mpu_configure_regions_from_dt+0x106>
	return ((32 - __builtin_clz(size - 1U) - 2 + 1) << MPU_RASR_SIZE_Pos) &
 8009382:	3b01      	subs	r3, #1
 8009384:	fab3 f383 	clz	r3, r3
 8009388:	f1c3 031f 	rsb	r3, r3, #31
 800938c:	005b      	lsls	r3, r3, #1
 800938e:	f003 033e 	and.w	r3, r3, #62	@ 0x3e
 8009392:	f043 5388 	orr.w	r3, r3, #285212672	@ 0x11000000
 8009396:	f443 2300 	orr.w	r3, r3, #524288	@ 0x80000
 800939a:	9700      	str	r7, [sp, #0]
 800939c:	9101      	str	r1, [sp, #4]
 800939e:	9302      	str	r3, [sp, #8]
			break;
 80093a0:	e7b2      	b.n	8009308 <mpu_configure_regions_from_dt+0x68>
		return REGION_32B;
 80093a2:	2308      	movs	r3, #8
 80093a4:	e7f5      	b.n	8009392 <mpu_configure_regions_from_dt+0xf2>
		return REGION_4G;
 80093a6:	233e      	movs	r3, #62	@ 0x3e
 80093a8:	e7f3      	b.n	8009392 <mpu_configure_regions_from_dt+0xf2>
			region_conf = _BUILD_REGION_CONF(region[idx], REGION_FLASH_ATTR);
 80093aa:	6857      	ldr	r7, [r2, #4]
 80093ac:	5809      	ldr	r1, [r1, r0]
 80093ae:	6893      	ldr	r3, [r2, #8]
	if (size <= 32U) {
 80093b0:	2b20      	cmp	r3, #32
 80093b2:	d912      	bls.n	80093da <mpu_configure_regions_from_dt+0x13a>
	if (size > (1UL << 31)) {
 80093b4:	f1b3 4f00 	cmp.w	r3, #2147483648	@ 0x80000000
 80093b8:	d811      	bhi.n	80093de <mpu_configure_regions_from_dt+0x13e>
	return ((32 - __builtin_clz(size - 1U) - 2 + 1) << MPU_RASR_SIZE_Pos) &
 80093ba:	3b01      	subs	r3, #1
 80093bc:	fab3 f383 	clz	r3, r3
 80093c0:	f1c3 031f 	rsb	r3, r3, #31
 80093c4:	005b      	lsls	r3, r3, #1
 80093c6:	f003 033e 	and.w	r3, r3, #62	@ 0x3e
 80093ca:	f043 63c0 	orr.w	r3, r3, #100663296	@ 0x6000000
 80093ce:	f443 3300 	orr.w	r3, r3, #131072	@ 0x20000
 80093d2:	9700      	str	r7, [sp, #0]
 80093d4:	9101      	str	r1, [sp, #4]
 80093d6:	9302      	str	r3, [sp, #8]
			break;
 80093d8:	e796      	b.n	8009308 <mpu_configure_regions_from_dt+0x68>
		return REGION_32B;
 80093da:	2308      	movs	r3, #8
 80093dc:	e7f5      	b.n	80093ca <mpu_configure_regions_from_dt+0x12a>
		return REGION_4G;
 80093de:	233e      	movs	r3, #62	@ 0x3e
 80093e0:	e7f3      	b.n	80093ca <mpu_configure_regions_from_dt+0x12a>
			region_conf = _BUILD_REGION_CONF(region[idx], REGION_PPB_ATTR);
 80093e2:	6857      	ldr	r7, [r2, #4]
 80093e4:	5809      	ldr	r1, [r1, r0]
 80093e6:	6893      	ldr	r3, [r2, #8]
	if (size <= 32U) {
 80093e8:	2b20      	cmp	r3, #32
 80093ea:	d910      	bls.n	800940e <mpu_configure_regions_from_dt+0x16e>
	if (size > (1UL << 31)) {
 80093ec:	f1b3 4f00 	cmp.w	r3, #2147483648	@ 0x80000000
 80093f0:	d80f      	bhi.n	8009412 <mpu_configure_regions_from_dt+0x172>
	return ((32 - __builtin_clz(size - 1U) - 2 + 1) << MPU_RASR_SIZE_Pos) &
 80093f2:	3b01      	subs	r3, #1
 80093f4:	fab3 f383 	clz	r3, r3
 80093f8:	f1c3 031f 	rsb	r3, r3, #31
 80093fc:	005b      	lsls	r3, r3, #1
 80093fe:	f003 033e 	and.w	r3, r3, #62	@ 0x3e
 8009402:	f043 7382 	orr.w	r3, r3, #17039360	@ 0x1040000
 8009406:	9700      	str	r7, [sp, #0]
 8009408:	9101      	str	r1, [sp, #4]
 800940a:	9302      	str	r3, [sp, #8]
			break;
 800940c:	e77c      	b.n	8009308 <mpu_configure_regions_from_dt+0x68>
		return REGION_32B;
 800940e:	2308      	movs	r3, #8
 8009410:	e7f7      	b.n	8009402 <mpu_configure_regions_from_dt+0x162>
		return REGION_4G;
 8009412:	233e      	movs	r3, #62	@ 0x3e
 8009414:	e7f5      	b.n	8009402 <mpu_configure_regions_from_dt+0x162>
		return REGION_32B;
 8009416:	2308      	movs	r3, #8
 8009418:	e768      	b.n	80092ec <mpu_configure_regions_from_dt+0x4c>
		return REGION_4G;
 800941a:	233e      	movs	r3, #62	@ 0x3e
 800941c:	e766      	b.n	80092ec <mpu_configure_regions_from_dt+0x4c>
			region_conf = _BUILD_REGION_CONF(region[idx], REGION_EXTMEM_ATTR);
 800941e:	6857      	ldr	r7, [r2, #4]
 8009420:	5809      	ldr	r1, [r1, r0]
 8009422:	6893      	ldr	r3, [r2, #8]
	if (size <= 32U) {
 8009424:	2b20      	cmp	r3, #32
 8009426:	d910      	bls.n	800944a <mpu_configure_regions_from_dt+0x1aa>
	if (size > (1UL << 31)) {
 8009428:	f1b3 4f00 	cmp.w	r3, #2147483648	@ 0x80000000
 800942c:	d80f      	bhi.n	800944e <mpu_configure_regions_from_dt+0x1ae>
	return ((32 - __builtin_clz(size - 1U) - 2 + 1) << MPU_RASR_SIZE_Pos) &
 800942e:	3b01      	subs	r3, #1
 8009430:	fab3 f383 	clz	r3, r3
 8009434:	f1c3 031f 	rsb	r3, r3, #31
 8009438:	005b      	lsls	r3, r3, #1
 800943a:	f003 033e 	and.w	r3, r3, #62	@ 0x3e
 800943e:	f443 2380 	orr.w	r3, r3, #262144	@ 0x40000
 8009442:	9700      	str	r7, [sp, #0]
 8009444:	9101      	str	r1, [sp, #4]
 8009446:	9302      	str	r3, [sp, #8]
			break;
 8009448:	e75e      	b.n	8009308 <mpu_configure_regions_from_dt+0x68>
		return REGION_32B;
 800944a:	2308      	movs	r3, #8
 800944c:	e7f7      	b.n	800943e <mpu_configure_regions_from_dt+0x19e>
		return REGION_4G;
 800944e:	233e      	movs	r3, #62	@ 0x3e
 8009450:	e7f5      	b.n	800943e <mpu_configure_regions_from_dt+0x19e>
			region_conf = _BUILD_REGION_CONF(region[idx], REGION_RAM_WT_ATTR);
 8009452:	6857      	ldr	r7, [r2, #4]
 8009454:	5809      	ldr	r1, [r1, r0]
 8009456:	6893      	ldr	r3, [r2, #8]
	if (size <= 32U) {
 8009458:	2b20      	cmp	r3, #32
 800945a:	d912      	bls.n	8009482 <mpu_configure_regions_from_dt+0x1e2>
	if (size > (1UL << 31)) {
 800945c:	f1b3 4f00 	cmp.w	r3, #2147483648	@ 0x80000000
 8009460:	d811      	bhi.n	8009486 <mpu_configure_regions_from_dt+0x1e6>
	return ((32 - __builtin_clz(size - 1U) - 2 + 1) << MPU_RASR_SIZE_Pos) &
 8009462:	3b01      	subs	r3, #1
 8009464:	fab3 f383 	clz	r3, r3
 8009468:	f1c3 031f 	rsb	r3, r3, #31
 800946c:	005b      	lsls	r3, r3, #1
 800946e:	f003 033e 	and.w	r3, r3, #62	@ 0x3e
 8009472:	f043 5388 	orr.w	r3, r3, #285212672	@ 0x11000000
 8009476:	f443 3300 	orr.w	r3, r3, #131072	@ 0x20000
 800947a:	9700      	str	r7, [sp, #0]
 800947c:	9101      	str	r1, [sp, #4]
 800947e:	9302      	str	r3, [sp, #8]
			break;
 8009480:	e742      	b.n	8009308 <mpu_configure_regions_from_dt+0x68>
		return REGION_32B;
 8009482:	2308      	movs	r3, #8
 8009484:	e7f5      	b.n	8009472 <mpu_configure_regions_from_dt+0x1d2>
		return REGION_4G;
 8009486:	233e      	movs	r3, #62	@ 0x3e
 8009488:	e7f3      	b.n	8009472 <mpu_configure_regions_from_dt+0x1d2>
			return -EINVAL;
 800948a:	f06f 0015 	mvn.w	r0, #21
 800948e:	e000      	b.n	8009492 <mpu_configure_regions_from_dt+0x1f2>
	return 0;
 8009490:	2000      	movs	r0, #0
}
 8009492:	b005      	add	sp, #20
 8009494:	bdf0      	pop	{r4, r5, r6, r7, pc}

08009496 <arm_core_mpu_configure_static_mpu_regions>:
{
 8009496:	b508      	push	{r3, lr}
	if (mpu_configure_static_mpu_regions(static_regions, regions_num,
 8009498:	f7fa fb8c 	bl	8003bb4 <mpu_configure_static_mpu_regions>
}
 800949c:	bd08      	pop	{r3, pc}

0800949e <arm_core_mpu_configure_dynamic_mpu_regions>:
{
 800949e:	b508      	push	{r3, lr}
	if (mpu_configure_dynamic_mpu_regions(dynamic_regions, regions_num)
 80094a0:	f7fa fb92 	bl	8003bc8 <mpu_configure_dynamic_mpu_regions>
}
 80094a4:	bd08      	pop	{r3, pc}

080094a6 <cbputc>:
{
 80094a6:	b508      	push	{r3, lr}
	(*s->out) (c, s->ctx);
 80094a8:	690b      	ldr	r3, [r1, #16]
 80094aa:	6949      	ldr	r1, [r1, #20]
 80094ac:	4798      	blx	r3
}
 80094ae:	2000      	movs	r0, #0
 80094b0:	bd08      	pop	{r3, pc}

080094b2 <picolibc_put>:
{
 80094b2:	b508      	push	{r3, lr}
		union { uintptr_t x; FILE * val; } parm1 = { .val = stream };
		return (int) arch_syscall_invoke2(parm0.x, parm1.x, K_SYSCALL_ZEPHYR_FPUTC);
	}
#endif
	compiler_barrier();
	return z_impl_zephyr_fputc(c, stream);
 80094b4:	f7fa fc18 	bl	8003ce8 <z_impl_zephyr_fputc>
}
 80094b8:	2000      	movs	r0, #0
 80094ba:	bd08      	pop	{r3, pc}

080094bc <stm32_exti_init>:

/**
 * @brief Initializes the EXTI interrupt controller driver
 */
static int stm32_exti_init(const struct device *dev)
{
 80094bc:	b508      	push	{r3, lr}
	ARG_UNUSED(dev);

	return stm32_exti_enable_clocks();
 80094be:	f7fa fc39 	bl	8003d34 <stm32_exti_enable_clocks>
}
 80094c2:	bd08      	pop	{r3, pc}

080094c4 <stm32_exti_gpio_intc_init>:
{
 80094c4:	b508      	push	{r3, lr}
	DT_FOREACH_PROP_ELEM(EXTI_NODE,
 80094c6:	2206      	movs	r2, #6
 80094c8:	2101      	movs	r1, #1
 80094ca:	2000      	movs	r0, #0
 80094cc:	f7fa fc82 	bl	8003dd4 <stm32_fill_irq_table>
 80094d0:	2200      	movs	r2, #0
 80094d2:	4611      	mov	r1, r2
 80094d4:	2006      	movs	r0, #6
 80094d6:	f7ff fe8c 	bl	80091f2 <arm_irq_priority_set>
 80094da:	2207      	movs	r2, #7
 80094dc:	2101      	movs	r1, #1
 80094de:	4608      	mov	r0, r1
 80094e0:	f7fa fc78 	bl	8003dd4 <stm32_fill_irq_table>
 80094e4:	2200      	movs	r2, #0
 80094e6:	4611      	mov	r1, r2
 80094e8:	2007      	movs	r0, #7
 80094ea:	f7ff fe82 	bl	80091f2 <arm_irq_priority_set>
 80094ee:	2208      	movs	r2, #8
 80094f0:	2101      	movs	r1, #1
 80094f2:	2002      	movs	r0, #2
 80094f4:	f7fa fc6e 	bl	8003dd4 <stm32_fill_irq_table>
 80094f8:	2200      	movs	r2, #0
 80094fa:	4611      	mov	r1, r2
 80094fc:	2008      	movs	r0, #8
 80094fe:	f7ff fe78 	bl	80091f2 <arm_irq_priority_set>
 8009502:	2209      	movs	r2, #9
 8009504:	2101      	movs	r1, #1
 8009506:	2003      	movs	r0, #3
 8009508:	f7fa fc64 	bl	8003dd4 <stm32_fill_irq_table>
 800950c:	2200      	movs	r2, #0
 800950e:	4611      	mov	r1, r2
 8009510:	2009      	movs	r0, #9
 8009512:	f7ff fe6e 	bl	80091f2 <arm_irq_priority_set>
 8009516:	220a      	movs	r2, #10
 8009518:	2101      	movs	r1, #1
 800951a:	2004      	movs	r0, #4
 800951c:	f7fa fc5a 	bl	8003dd4 <stm32_fill_irq_table>
 8009520:	2200      	movs	r2, #0
 8009522:	4611      	mov	r1, r2
 8009524:	200a      	movs	r0, #10
 8009526:	f7ff fe64 	bl	80091f2 <arm_irq_priority_set>
 800952a:	2217      	movs	r2, #23
 800952c:	2105      	movs	r1, #5
 800952e:	4608      	mov	r0, r1
 8009530:	f7fa fc50 	bl	8003dd4 <stm32_fill_irq_table>
 8009534:	2200      	movs	r2, #0
 8009536:	4611      	mov	r1, r2
 8009538:	2017      	movs	r0, #23
 800953a:	f7ff fe5a 	bl	80091f2 <arm_irq_priority_set>
 800953e:	2228      	movs	r2, #40	@ 0x28
 8009540:	2106      	movs	r1, #6
 8009542:	200a      	movs	r0, #10
 8009544:	f7fa fc46 	bl	8003dd4 <stm32_fill_irq_table>
 8009548:	2200      	movs	r2, #0
 800954a:	4611      	mov	r1, r2
 800954c:	2028      	movs	r0, #40	@ 0x28
 800954e:	f7ff fe50 	bl	80091f2 <arm_irq_priority_set>
}
 8009552:	2000      	movs	r0, #0
 8009554:	bd08      	pop	{r3, pc}

08009556 <stm32_gpio_intc_get_pin_irq_line>:
 8009556:	f001 011f 	and.w	r1, r1, #31
}
 800955a:	2001      	movs	r0, #1
 800955c:	4088      	lsls	r0, r1
 800955e:	4770      	bx	lr

08009560 <stm32_exti_set_line_src_port>:

void stm32_exti_set_line_src_port(gpio_pin_t line, uint32_t port)
{
 8009560:	b508      	push	{r3, lr}
 8009562:	4602      	mov	r2, r0
 8009564:	4608      	mov	r0, r1
	return (0xF << ((linenum % 4 * 4) + 16)) | (linenum / 4);
 8009566:	f002 0303 	and.w	r3, r2, #3
 800956a:	3304      	adds	r3, #4
 800956c:	009b      	lsls	r3, r3, #2
 800956e:	210f      	movs	r1, #15
 8009570:	4099      	lsls	r1, r3
#elif DT_HAS_COMPAT_STATUS_OKAY(st_stm32h7rs_exti)
	LL_SBS_SetEXTISource(port, ll_line);
#elif defined(CONFIG_SOC_SERIES_STM32MP2X)
	LL_EXTI_SetEXTISource(EXTI2, port, ll_line);
#else
	LL_SYSCFG_SetEXTISource(port, ll_line);
 8009572:	ea41 0192 	orr.w	r1, r1, r2, lsr #2
 8009576:	f7fa fc63 	bl	8003e40 <LL_SYSCFG_SetEXTISource>
#endif
	z_stm32_hsem_unlock(CFG_HW_EXTI_SEMID);
}
 800957a:	bd08      	pop	{r3, pc}

0800957c <stm32_exti_get_line_src_port>:

uint32_t stm32_exti_get_line_src_port(gpio_pin_t line)
{
 800957c:	b508      	push	{r3, lr}
	return (0xF << ((linenum % 4 * 4) + 16)) | (linenum / 4);
 800957e:	f000 0303 	and.w	r3, r0, #3
 8009582:	3304      	adds	r3, #4
 8009584:	009b      	lsls	r3, r3, #2
 8009586:	220f      	movs	r2, #15
 8009588:	fa02 f303 	lsl.w	r3, r2, r3
#elif DT_HAS_COMPAT_STATUS_OKAY(st_stm32h7rs_exti)
	port = LL_SBS_GetEXTISource(ll_line);
#elif defined(CONFIG_SOC_SERIES_STM32MP2X)
	port = LL_EXTI_GetEXTISource(EXTI2, ll_line);
#else
	port = LL_SYSCFG_GetEXTISource(ll_line);
 800958c:	ea43 0090 	orr.w	r0, r3, r0, lsr #2
 8009590:	f7fa fc72 	bl	8003e78 <LL_SYSCFG_GetEXTISource>
		port = port + STM32_PORT_GAP;
	}
#endif

	return port;
}
 8009594:	bd08      	pop	{r3, pc}

08009596 <adc_stm32_enable>:
  return (READ_BIT(ADCx->CR2, ADC_CR2_ADON) == (ADC_CR2_ADON));
 8009596:	6883      	ldr	r3, [r0, #8]
	if (LL_ADC_IsEnabled(adc) == 1UL) {
 8009598:	f013 0f01 	tst.w	r3, #1
 800959c:	d103      	bne.n	80095a6 <adc_stm32_enable+0x10>
  SET_BIT(ADCx->CR2, ADC_CR2_ADON);
 800959e:	6883      	ldr	r3, [r0, #8]
 80095a0:	f043 0301 	orr.w	r3, r3, #1
 80095a4:	6083      	str	r3, [r0, #8]
}
 80095a6:	2000      	movs	r0, #0
 80095a8:	4770      	bx	lr

080095aa <adc_stm32_start_conversion>:
	const struct adc_stm32_cfg *config = dev->config;
 80095aa:	6843      	ldr	r3, [r0, #4]
	ADC_TypeDef *adc = config->base;
 80095ac:	681a      	ldr	r2, [r3, #0]
  SET_BIT(ADCx->CR2, ADC_CR2_SWSTART);
 80095ae:	6893      	ldr	r3, [r2, #8]
 80095b0:	f043 4380 	orr.w	r3, r3, #1073741824	@ 0x40000000
 80095b4:	6093      	str	r3, [r2, #8]
}
 80095b6:	4770      	bx	lr

080095b8 <adc_stm32_disable>:
  return (READ_BIT(ADCx->CR2, ADC_CR2_ADON) == (ADC_CR2_ADON));
 80095b8:	6883      	ldr	r3, [r0, #8]
	if (LL_ADC_IsEnabled(adc) != 1UL) {
 80095ba:	f013 0f01 	tst.w	r3, #1
 80095be:	d00e      	beq.n	80095de <adc_stm32_disable+0x26>
	return *(volatile uint32_t *)addr;
 80095c0:	6803      	ldr	r3, [r0, #0]
	if ((stm32_reg_read(&adc->SR) & LL_ADC_FLAG_STRT) == LL_ADC_FLAG_STRT && !force) {
 80095c2:	f013 0f10 	tst.w	r3, #16
 80095c6:	d000      	beq.n	80095ca <adc_stm32_disable+0x12>
 80095c8:	b159      	cbz	r1, 80095e2 <adc_stm32_disable+0x2a>
  CLEAR_BIT(ADCx->CR2, ADC_CR2_ADON);
 80095ca:	6883      	ldr	r3, [r0, #8]
 80095cc:	f023 0301 	bic.w	r3, r3, #1
 80095d0:	6083      	str	r3, [r0, #8]
  return (READ_BIT(ADCx->CR2, ADC_CR2_ADON) == (ADC_CR2_ADON));
 80095d2:	6883      	ldr	r3, [r0, #8]
		while (LL_ADC_IsEnabled(adc) == 1UL) {
 80095d4:	f013 0f01 	tst.w	r3, #1
 80095d8:	d1fb      	bne.n	80095d2 <adc_stm32_disable+0x1a>
 80095da:	2000      	movs	r0, #0
 80095dc:	4770      	bx	lr
		return 0;
 80095de:	2000      	movs	r0, #0
 80095e0:	4770      	bx	lr
		err = -EBUSY;
 80095e2:	f06f 000f 	mvn.w	r0, #15
}
 80095e6:	4770      	bx	lr

080095e8 <adc_context_start_sampling>:
{
 80095e8:	b508      	push	{r3, lr}
	data->repeat_buffer = data->buffer;
 80095ea:	f8d0 3094 	ldr.w	r3, [r0, #148]	@ 0x94
 80095ee:	f8c0 3098 	str.w	r3, [r0, #152]	@ 0x98
	adc_stm32_start_conversion(dev);
 80095f2:	f8d0 0090 	ldr.w	r0, [r0, #144]	@ 0x90
 80095f6:	f7ff ffd8 	bl	80095aa <adc_stm32_start_conversion>
}
 80095fa:	bd08      	pop	{r3, pc}

080095fc <adc_context_update_buffer_pointer>:
	if (repeat_sampling) {
 80095fc:	b119      	cbz	r1, 8009606 <adc_context_update_buffer_pointer+0xa>
		data->buffer = data->repeat_buffer;
 80095fe:	f8d0 3098 	ldr.w	r3, [r0, #152]	@ 0x98
 8009602:	f8c0 3094 	str.w	r3, [r0, #148]	@ 0x94
}
 8009606:	4770      	bx	lr

08009608 <adc_context_on_complete>:
	data->acq_time_index[0] = -1;
 8009608:	23ff      	movs	r3, #255	@ 0xff
 800960a:	f880 30a6 	strb.w	r3, [r0, #166]	@ 0xa6
	data->acq_time_index[1] = -1;
 800960e:	f880 30a7 	strb.w	r3, [r0, #167]	@ 0xa7
}
 8009612:	4770      	bx	lr

08009614 <LL_ADC_REG_SetSequencerRanks>:
{
 8009614:	b500      	push	{lr}
  __IO uint32_t *preg = __ADC_PTR_REG_OFFSET(ADCx->SQR1, __ADC_MASK_SHIFT(Rank, ADC_REG_SQRX_REGOFFSET_MASK));
 8009616:	302c      	adds	r0, #44	@ 0x2c
 8009618:	f401 7c40 	and.w	ip, r1, #768	@ 0x300
   __ASM ("rbit %0, %1" : "=r" (result) : "r" (value) );
 800961c:	f44f 7340 	mov.w	r3, #768	@ 0x300
 8009620:	fa93 f3a3 	rbit	r3, r3
  if (value == 0U)
 8009624:	b1ab      	cbz	r3, 8009652 <LL_ADC_REG_SetSequencerRanks+0x3e>
  return __builtin_clz(value);
 8009626:	fab3 f383 	clz	r3, r3
 800962a:	fa2c fc03 	lsr.w	ip, ip, r3
  MODIFY_REG(*preg,
 800962e:	f850 302c 	ldr.w	r3, [r0, ip, lsl #2]
 8009632:	f001 011f 	and.w	r1, r1, #31
 8009636:	f04f 0e1f 	mov.w	lr, #31
 800963a:	fa0e fe01 	lsl.w	lr, lr, r1
 800963e:	ea23 030e 	bic.w	r3, r3, lr
 8009642:	f002 021f 	and.w	r2, r2, #31
 8009646:	408a      	lsls	r2, r1
 8009648:	4313      	orrs	r3, r2
 800964a:	f840 302c 	str.w	r3, [r0, ip, lsl #2]
}
 800964e:	f85d fb04 	ldr.w	pc, [sp], #4
    return 32U;
 8009652:	2320      	movs	r3, #32
 8009654:	e7e9      	b.n	800962a <LL_ADC_REG_SetSequencerRanks+0x16>

08009656 <LL_ADC_SetChannelSamplingTime>:
{
 8009656:	b510      	push	{r4, lr}
  __IO uint32_t *preg = __ADC_PTR_REG_OFFSET(ADCx->SMPR1, __ADC_MASK_SHIFT(Channel, ADC_CHANNEL_SMPRX_REGOFFSET_MASK));
 8009658:	300c      	adds	r0, #12
 800965a:	f001 7e00 	and.w	lr, r1, #33554432	@ 0x2000000
   __ASM ("rbit %0, %1" : "=r" (result) : "r" (value) );
 800965e:	f04f 7300 	mov.w	r3, #33554432	@ 0x2000000
 8009662:	fa93 f3a3 	rbit	r3, r3
  if (value == 0U)
 8009666:	b323      	cbz	r3, 80096b2 <LL_ADC_SetChannelSamplingTime+0x5c>
  return __builtin_clz(value);
 8009668:	fab3 f383 	clz	r3, r3
 800966c:	fa2e fe03 	lsr.w	lr, lr, r3
  MODIFY_REG(*preg,
 8009670:	f850 402e 	ldr.w	r4, [r0, lr, lsl #2]
 8009674:	f001 71f8 	and.w	r1, r1, #32505856	@ 0x1f00000
   __ASM ("rbit %0, %1" : "=r" (result) : "r" (value) );
 8009678:	f04f 73f8 	mov.w	r3, #32505856	@ 0x1f00000
 800967c:	fa93 f3a3 	rbit	r3, r3
  if (value == 0U)
 8009680:	b1cb      	cbz	r3, 80096b6 <LL_ADC_SetChannelSamplingTime+0x60>
  return __builtin_clz(value);
 8009682:	fab3 f383 	clz	r3, r3
 8009686:	fa21 f303 	lsr.w	r3, r1, r3
 800968a:	f04f 0c07 	mov.w	ip, #7
 800968e:	fa0c f303 	lsl.w	r3, ip, r3
 8009692:	ea24 0c03 	bic.w	ip, r4, r3
   __ASM ("rbit %0, %1" : "=r" (result) : "r" (value) );
 8009696:	f04f 73f8 	mov.w	r3, #32505856	@ 0x1f00000
 800969a:	fa93 f3a3 	rbit	r3, r3
  if (value == 0U)
 800969e:	b163      	cbz	r3, 80096ba <LL_ADC_SetChannelSamplingTime+0x64>
  return __builtin_clz(value);
 80096a0:	fab3 f383 	clz	r3, r3
 80096a4:	40d9      	lsrs	r1, r3
 80096a6:	408a      	lsls	r2, r1
 80096a8:	ea4c 0202 	orr.w	r2, ip, r2
 80096ac:	f840 202e 	str.w	r2, [r0, lr, lsl #2]
}
 80096b0:	bd10      	pop	{r4, pc}
    return 32U;
 80096b2:	2320      	movs	r3, #32
 80096b4:	e7da      	b.n	800966c <LL_ADC_SetChannelSamplingTime+0x16>
 80096b6:	2320      	movs	r3, #32
 80096b8:	e7e5      	b.n	8009686 <LL_ADC_SetChannelSamplingTime+0x30>
 80096ba:	2320      	movs	r3, #32
 80096bc:	e7f2      	b.n	80096a4 <LL_ADC_SetChannelSamplingTime+0x4e>

080096be <adc_context_start_read>:
	k_sem_give(&ctx->sync);
}

static inline void adc_context_start_read(struct adc_context *ctx,
					  const struct adc_sequence *sequence)
{
 80096be:	b538      	push	{r3, r4, r5, lr}
 80096c0:	4684      	mov	ip, r0
 80096c2:	460d      	mov	r5, r1
	ctx->sequence = *sequence;
 80096c4:	f100 0e64 	add.w	lr, r0, #100	@ 0x64
 80096c8:	460c      	mov	r4, r1
 80096ca:	cc0f      	ldmia	r4!, {r0, r1, r2, r3}
 80096cc:	e8ae 000f 	stmia.w	lr!, {r0, r1, r2, r3}
 80096d0:	6823      	ldr	r3, [r4, #0]
 80096d2:	f8ce 3000 	str.w	r3, [lr]
	ctx->status = 0;
 80096d6:	2300      	movs	r3, #0
 80096d8:	f8cc 3060 	str.w	r3, [ip, #96]	@ 0x60

	if (sequence->options) {
 80096dc:	682b      	ldr	r3, [r5, #0]
 80096de:	b153      	cbz	r3, 80096f6 <adc_context_start_read+0x38>
		ctx->options = *sequence->options;
 80096e0:	f10c 0478 	add.w	r4, ip, #120	@ 0x78
 80096e4:	cb0f      	ldmia	r3, {r0, r1, r2, r3}
 80096e6:	e884 000f 	stmia.w	r4, {r0, r1, r2, r3}
		ctx->sequence.options = &ctx->options;
 80096ea:	f8cc 4064 	str.w	r4, [ip, #100]	@ 0x64
		ctx->sampling_index = 0U;
 80096ee:	2300      	movs	r3, #0
 80096f0:	f8ac 3088 	strh.w	r3, [ip, #136]	@ 0x88

		if (ctx->options.interval_us != 0U) {
 80096f4:	b918      	cbnz	r0, 80096fe <adc_context_start_read+0x40>
			adc_context_enable_timer(ctx);
			return;
		}
	}

	adc_context_start_sampling(ctx);
 80096f6:	4660      	mov	r0, ip
 80096f8:	f7ff ff76 	bl	80095e8 <adc_context_start_sampling>
}
 80096fc:	bd38      	pop	{r3, r4, r5, pc}
	return __atomic_exchange_n(target, value, __ATOMIC_SEQ_CST);
 80096fe:	2300      	movs	r3, #0
 8009700:	f3bf 8f5b 	dmb	ish
 8009704:	e85c 2f00 	ldrex	r2, [ip]
 8009708:	e84c 3100 	strex	r1, r3, [ip]
 800970c:	2900      	cmp	r1, #0
 800970e:	d1f9      	bne.n	8009704 <adc_context_start_read+0x46>
 8009710:	f3bf 8f5b 	dmb	ish
			adc_context_enable_timer(ctx);
 8009714:	4660      	mov	r0, ip
 8009716:	f7fa fdcd 	bl	80042b4 <adc_context_enable_timer>
			return;
 800971a:	e7ef      	b.n	80096fc <adc_context_start_read+0x3e>

0800971c <adc_context_wait_for_completion>:
{
 800971c:	b510      	push	{r4, lr}
 800971e:	4604      	mov	r4, r0
	int status = k_sem_take(&ctx->sync, ADC_CONTEXT_WAIT_FOR_COMPLETION_TIMEOUT);
 8009720:	3050      	adds	r0, #80	@ 0x50
	return z_impl_k_sem_take(sem, timeout);
 8009722:	f04f 32ff 	mov.w	r2, #4294967295
 8009726:	f04f 33ff 	mov.w	r3, #4294967295
 800972a:	f7fc fec1 	bl	80064b0 <z_impl_k_sem_take>
	if (status != 0) {
 800972e:	b100      	cbz	r0, 8009732 <adc_context_wait_for_completion+0x16>
		ctx->status = status;
 8009730:	6620      	str	r0, [r4, #96]	@ 0x60
}
 8009732:	6e20      	ldr	r0, [r4, #96]	@ 0x60
 8009734:	bd10      	pop	{r4, pc}

08009736 <adc_context_lock>:
{
 8009736:	b508      	push	{r3, lr}
	k_sem_take(&ctx->lock, K_FOREVER);
 8009738:	3040      	adds	r0, #64	@ 0x40
 800973a:	f04f 32ff 	mov.w	r2, #4294967295
 800973e:	f04f 33ff 	mov.w	r3, #4294967295
 8009742:	f7fc feb5 	bl	80064b0 <z_impl_k_sem_take>
}
 8009746:	bd08      	pop	{r3, pc}

08009748 <adc_stm32_read>:
{
 8009748:	b570      	push	{r4, r5, r6, lr}
 800974a:	4605      	mov	r5, r0
 800974c:	460e      	mov	r6, r1
	struct adc_stm32_data *data = dev->data;
 800974e:	6904      	ldr	r4, [r0, #16]
	adc_context_lock(ctx, asynchronous, async_sig);
 8009750:	4619      	mov	r1, r3
 8009752:	4620      	mov	r0, r4
 8009754:	f7ff ffef 	bl	8009736 <adc_context_lock>
	error = read_fn(dev, sequence);
 8009758:	4631      	mov	r1, r6
 800975a:	4628      	mov	r0, r5
 800975c:	f7fa fde4 	bl	8004328 <start_read>
 8009760:	4605      	mov	r5, r0
	k_sem_give(&ctx->lock);
 8009762:	f104 0040 	add.w	r0, r4, #64	@ 0x40
	z_impl_k_sem_give(sem);
 8009766:	f7fc fe6d 	bl	8006444 <z_impl_k_sem_give>
}
 800976a:	4628      	mov	r0, r5
 800976c:	bd70      	pop	{r4, r5, r6, pc}

0800976e <adc_stm32_read_sync>:
{
 800976e:	b508      	push	{r3, lr}
	return adc_stm32_read(dev, sequence, NULL, false);
 8009770:	2300      	movs	r3, #0
 8009772:	461a      	mov	r2, r3
 8009774:	f7ff ffe8 	bl	8009748 <adc_stm32_read>
}
 8009778:	bd08      	pop	{r3, pc}

0800977a <adc_context_unlock_unconditionally>:
{
 800977a:	b508      	push	{r3, lr}
/**
 * @internal
 */
static inline unsigned int z_impl_k_sem_count_get(struct k_sem *sem)
{
	return sem->count;
 800977c:	6c83      	ldr	r3, [r0, #72]	@ 0x48
	if (!k_sem_count_get(&ctx->lock)) {
 800977e:	b103      	cbz	r3, 8009782 <adc_context_unlock_unconditionally+0x8>
}
 8009780:	bd08      	pop	{r3, pc}
		k_sem_give(&ctx->lock);
 8009782:	3040      	adds	r0, #64	@ 0x40
 8009784:	f7fc fe5e 	bl	8006444 <z_impl_k_sem_give>
}
 8009788:	e7fa      	b.n	8009780 <adc_context_unlock_unconditionally+0x6>

0800978a <adc_context_complete>:
{
 800978a:	b538      	push	{r3, r4, r5, lr}
 800978c:	4604      	mov	r4, r0
 800978e:	460d      	mov	r5, r1
	adc_context_on_complete(ctx, status);
 8009790:	f7ff ff3a 	bl	8009608 <adc_context_on_complete>
	if (status != 0) {
 8009794:	b105      	cbz	r5, 8009798 <adc_context_complete+0xe>
		ctx->status = status;
 8009796:	6625      	str	r5, [r4, #96]	@ 0x60
	k_sem_give(&ctx->sync);
 8009798:	f104 0050 	add.w	r0, r4, #80	@ 0x50
 800979c:	f7fc fe52 	bl	8006444 <z_impl_k_sem_give>
}
 80097a0:	bd38      	pop	{r3, r4, r5, pc}

080097a2 <pinctrl_apply_state>:
 * @retval -ENOENT If given state id does not exist.
 * @retval -errno Negative errno for other failures.
 */
static inline int pinctrl_apply_state(const struct pinctrl_dev_config *config,
				      uint8_t id)
{
 80097a2:	b500      	push	{lr}
 80097a4:	b083      	sub	sp, #12
	int ret;
	const struct pinctrl_state *state;

	ret = pinctrl_lookup_state(config, id, &state);
 80097a6:	aa01      	add	r2, sp, #4
 80097a8:	f000 fa2d 	bl	8009c06 <pinctrl_lookup_state>
	if (ret < 0) {
 80097ac:	2800      	cmp	r0, #0
 80097ae:	db05      	blt.n	80097bc <pinctrl_apply_state+0x1a>
		return ret;
	}

	return pinctrl_apply_state_direct(config, state);
 80097b0:	9b01      	ldr	r3, [sp, #4]
	return pinctrl_configure_pins(state->pins, state->pin_cnt, reg);
 80097b2:	2200      	movs	r2, #0
 80097b4:	7919      	ldrb	r1, [r3, #4]
 80097b6:	6818      	ldr	r0, [r3, #0]
 80097b8:	f000 fa3e 	bl	8009c38 <pinctrl_configure_pins>
}
 80097bc:	b003      	add	sp, #12
 80097be:	f85d fb04 	ldr.w	pc, [sp], #4

080097c2 <adc_context_request_next_sampling>:
{
 80097c2:	b508      	push	{r3, lr}
	return __atomic_fetch_add(target, value, __ATOMIC_SEQ_CST);
 80097c4:	f3bf 8f5b 	dmb	ish
 80097c8:	e850 3f00 	ldrex	r3, [r0]
 80097cc:	1c5a      	adds	r2, r3, #1
 80097ce:	e840 2100 	strex	r1, r2, [r0]
 80097d2:	2900      	cmp	r1, #0
 80097d4:	d1f8      	bne.n	80097c8 <adc_context_request_next_sampling+0x6>
 80097d6:	f3bf 8f5b 	dmb	ish
	if (atomic_inc(&ctx->sampling_requested) == 0) {
 80097da:	b11b      	cbz	r3, 80097e4 <adc_context_request_next_sampling+0x22>
		ctx->status = -EBUSY;
 80097dc:	f06f 030f 	mvn.w	r3, #15
 80097e0:	6603      	str	r3, [r0, #96]	@ 0x60
}
 80097e2:	bd08      	pop	{r3, pc}
		adc_context_start_sampling(ctx);
 80097e4:	f7ff ff00 	bl	80095e8 <adc_context_start_sampling>
 80097e8:	e7fb      	b.n	80097e2 <adc_context_request_next_sampling+0x20>

080097ea <adc_context_on_timer_expired>:
{
 80097ea:	b508      	push	{r3, lr}
	adc_context_request_next_sampling(ctx);
 80097ec:	3808      	subs	r0, #8
 80097ee:	f7ff ffe8 	bl	80097c2 <adc_context_request_next_sampling>
}
 80097f2:	bd08      	pop	{r3, pc}

080097f4 <adc_stm32_isr_18_init>:
DT_INST_FOREACH_STATUS_OKAY(GENERATE_ISR)
 80097f4:	b508      	push	{r3, lr}
 80097f6:	2200      	movs	r2, #0
 80097f8:	4611      	mov	r1, r2
 80097fa:	2012      	movs	r0, #18
 80097fc:	f7ff fcf9 	bl	80091f2 <arm_irq_priority_set>
 8009800:	2012      	movs	r0, #18
 8009802:	f7ff fcf1 	bl	80091e8 <arm_irq_enable>
 8009806:	bd08      	pop	{r3, pc}

08009808 <adc_context_on_sampling_done>:
 * depending on the realized sequence) is done. It calls the defined callback
 * function if required and takes further actions accordingly.
 */
static inline void adc_context_on_sampling_done(struct adc_context *ctx,
						const struct device *dev)
{
 8009808:	b510      	push	{r4, lr}
 800980a:	4604      	mov	r4, r0
	if (ctx->sequence.options) {
 800980c:	6e43      	ldr	r3, [r0, #100]	@ 0x64
 800980e:	b19b      	cbz	r3, 8009838 <adc_context_on_sampling_done+0x30>
 8009810:	4608      	mov	r0, r1
		adc_sequence_callback callback = ctx->options.callback;
 8009812:	6fe3      	ldr	r3, [r4, #124]	@ 0x7c
		enum adc_action action;
		bool finish = false;
		bool repeat = false;

		if (callback) {
 8009814:	b143      	cbz	r3, 8009828 <adc_context_on_sampling_done+0x20>
			action = callback(dev,
 8009816:	f8b4 2088 	ldrh.w	r2, [r4, #136]	@ 0x88
 800981a:	f104 0164 	add.w	r1, r4, #100	@ 0x64
 800981e:	4798      	blx	r3
					  ctx->sampling_index);
		} else {
			action = ADC_ACTION_CONTINUE;
		}

		switch (action) {
 8009820:	2801      	cmp	r0, #1
 8009822:	d013      	beq.n	800984c <adc_context_on_sampling_done+0x44>
 8009824:	2802      	cmp	r0, #2
 8009826:	d005      	beq.n	8009834 <adc_context_on_sampling_done+0x2c>
			break;
		case ADC_ACTION_FINISH:
			finish = true;
			break;
		default: /* ADC_ACTION_CONTINUE */
			if (ctx->sampling_index <
 8009828:	f8b4 3088 	ldrh.w	r3, [r4, #136]	@ 0x88
			    ctx->options.extra_samplings) {
 800982c:	f8b4 2084 	ldrh.w	r2, [r4, #132]	@ 0x84
			if (ctx->sampling_index <
 8009830:	4293      	cmp	r3, r2
 8009832:	d306      	bcc.n	8009842 <adc_context_on_sampling_done+0x3a>
			}

			return;
		}

		if (ctx->options.interval_us != 0U) {
 8009834:	6fa3      	ldr	r3, [r4, #120]	@ 0x78
 8009836:	bb23      	cbnz	r3, 8009882 <adc_context_on_sampling_done+0x7a>
			adc_context_disable_timer(ctx);
		}
	}

	adc_context_complete(ctx, 0);
 8009838:	2100      	movs	r1, #0
 800983a:	4620      	mov	r0, r4
 800983c:	f7ff ffa5 	bl	800978a <adc_context_complete>
}
 8009840:	bd10      	pop	{r4, pc}
				++ctx->sampling_index;
 8009842:	3301      	adds	r3, #1
 8009844:	f8a4 3088 	strh.w	r3, [r4, #136]	@ 0x88
		bool repeat = false;
 8009848:	2100      	movs	r1, #0
 800984a:	e000      	b.n	800984e <adc_context_on_sampling_done+0x46>
		switch (action) {
 800984c:	2101      	movs	r1, #1
			adc_context_update_buffer_pointer(ctx, repeat);
 800984e:	4620      	mov	r0, r4
 8009850:	f7ff fed4 	bl	80095fc <adc_context_update_buffer_pointer>
			if (ctx->options.interval_us == 0U) {
 8009854:	6fa3      	ldr	r3, [r4, #120]	@ 0x78
 8009856:	b91b      	cbnz	r3, 8009860 <adc_context_on_sampling_done+0x58>
				adc_context_start_sampling(ctx);
 8009858:	4620      	mov	r0, r4
 800985a:	f7ff fec5 	bl	80095e8 <adc_context_start_sampling>
 800985e:	e7ef      	b.n	8009840 <adc_context_on_sampling_done+0x38>
	return __atomic_fetch_sub(target, value, __ATOMIC_SEQ_CST);
 8009860:	f3bf 8f5b 	dmb	ish
 8009864:	e854 3f00 	ldrex	r3, [r4]
 8009868:	1e5a      	subs	r2, r3, #1
 800986a:	e844 2100 	strex	r1, r2, [r4]
 800986e:	2900      	cmp	r1, #0
 8009870:	d1f8      	bne.n	8009864 <adc_context_on_sampling_done+0x5c>
 8009872:	f3bf 8f5b 	dmb	ish
			} else if (atomic_dec(&ctx->sampling_requested) > 1) {
 8009876:	2b01      	cmp	r3, #1
 8009878:	dde2      	ble.n	8009840 <adc_context_on_sampling_done+0x38>
				adc_context_start_sampling(ctx);
 800987a:	4620      	mov	r0, r4
 800987c:	f7ff feb4 	bl	80095e8 <adc_context_start_sampling>
			return;
 8009880:	e7de      	b.n	8009840 <adc_context_on_sampling_done+0x38>
	k_timer_stop(&ctx->timer);
 8009882:	f104 0008 	add.w	r0, r4, #8
	z_impl_k_timer_stop(timer);
 8009886:	f7fd fddd 	bl	8007444 <z_impl_k_timer_stop>
}
 800988a:	e7d5      	b.n	8009838 <adc_context_on_sampling_done+0x30>

0800988c <get_pll_div_frequency>:
	return pllsrc_freq / pllm_div * plln_mul / pllout_div;
 800988c:	fbb0 f0f1 	udiv	r0, r0, r1
 8009890:	fb02 f000 	mul.w	r0, r2, r0
}
 8009894:	fbb0 f0f3 	udiv	r0, r0, r3
 8009898:	4770      	bx	lr

0800989a <get_bus_clock>:
}
 800989a:	fbb0 f0f1 	udiv	r0, r0, r1
 800989e:	4770      	bx	lr

080098a0 <stm32_clock_control_on>:
	if (!IN_RANGE(pclken->bus, STM32_PERIPH_BUS_MIN, STM32_PERIPH_BUS_MAX)) {
 80098a0:	880b      	ldrh	r3, [r1, #0]
 80098a2:	f3c3 030b 	ubfx	r3, r3, #0, #12
 80098a6:	f503 627d 	add.w	r2, r3, #4048	@ 0xfd0
 80098aa:	f3c2 020b 	ubfx	r2, r2, #0, #12
 80098ae:	2a78      	cmp	r2, #120	@ 0x78
 80098b0:	d815      	bhi.n	80098de <stm32_clock_control_on+0x3e>
{
 80098b2:	b082      	sub	sp, #8
	sys_set_bits(DT_REG_ADDR(DT_NODELABEL(rcc)) + pclken->bus,
 80098b4:	f103 4380 	add.w	r3, r3, #1073741824	@ 0x40000000
 80098b8:	f503 330e 	add.w	r3, r3, #145408	@ 0x23800
 80098bc:	684a      	ldr	r2, [r1, #4]
	return temp & (1U << bit);
}

static ALWAYS_INLINE void sys_set_bits(mem_addr_t addr, unsigned int mask)
{
	uint32_t temp = *(volatile uint32_t *)addr;
 80098be:	6818      	ldr	r0, [r3, #0]

	*(volatile uint32_t *)addr = temp | mask;
 80098c0:	4302      	orrs	r2, r0
 80098c2:	601a      	str	r2, [r3, #0]
	temp = sys_read32(DT_REG_ADDR(DT_NODELABEL(rcc)) + pclken->bus);
 80098c4:	880b      	ldrh	r3, [r1, #0]
 80098c6:	f3c3 030b 	ubfx	r3, r3, #0, #12
 80098ca:	f103 4380 	add.w	r3, r3, #1073741824	@ 0x40000000
 80098ce:	f503 330e 	add.w	r3, r3, #145408	@ 0x23800
 80098d2:	681b      	ldr	r3, [r3, #0]
 80098d4:	9301      	str	r3, [sp, #4]
	UNUSED(temp);
 80098d6:	9b01      	ldr	r3, [sp, #4]
	return 0;
 80098d8:	2000      	movs	r0, #0
}
 80098da:	b002      	add	sp, #8
 80098dc:	4770      	bx	lr
		return -ENOTSUP;
 80098de:	f06f 0085 	mvn.w	r0, #133	@ 0x85
}
 80098e2:	4770      	bx	lr

080098e4 <stm32_clock_control_off>:
	if (!IN_RANGE(pclken->bus, STM32_PERIPH_BUS_MIN, STM32_PERIPH_BUS_MAX)) {
 80098e4:	880b      	ldrh	r3, [r1, #0]
 80098e6:	f3c3 030b 	ubfx	r3, r3, #0, #12
 80098ea:	f503 627d 	add.w	r2, r3, #4048	@ 0xfd0
 80098ee:	f3c2 020b 	ubfx	r2, r2, #0, #12
 80098f2:	2a78      	cmp	r2, #120	@ 0x78
 80098f4:	d80a      	bhi.n	800990c <stm32_clock_control_off+0x28>
	sys_clear_bits(DT_REG_ADDR(DT_NODELABEL(rcc)) + pclken->bus,
 80098f6:	f103 4380 	add.w	r3, r3, #1073741824	@ 0x40000000
 80098fa:	f503 330e 	add.w	r3, r3, #145408	@ 0x23800
 80098fe:	6849      	ldr	r1, [r1, #4]
}

static ALWAYS_INLINE void sys_clear_bits(mem_addr_t addr, unsigned int mask)
{
	uint32_t temp = *(volatile uint32_t *)addr;
 8009900:	681a      	ldr	r2, [r3, #0]

	*(volatile uint32_t *)addr = temp & ~mask;
 8009902:	ea22 0201 	bic.w	r2, r2, r1
 8009906:	601a      	str	r2, [r3, #0]
	return 0;
 8009908:	2000      	movs	r0, #0
 800990a:	4770      	bx	lr
		return -ENOTSUP;
 800990c:	f06f 0085 	mvn.w	r0, #133	@ 0x85
}
 8009910:	4770      	bx	lr

08009912 <stm32_clock_control_configure>:
{
 8009912:	b570      	push	{r4, r5, r6, lr}
	uint32_t enr = pclken->enr;
 8009914:	684c      	ldr	r4, [r1, #4]
	uint32_t shift = STM32_DT_CLKSEL_SHIFT_GET(enr);
 8009916:	f3c4 4504 	ubfx	r5, r4, #16, #5
	err = enabled_clock(pclken->bus);
 800991a:	8808      	ldrh	r0, [r1, #0]
 800991c:	f3c0 000b 	ubfx	r0, r0, #0, #12
 8009920:	f7fa ff04 	bl	800472c <enabled_clock>
	if (err < 0) {
 8009924:	2800      	cmp	r0, #0
 8009926:	db15      	blt.n	8009954 <stm32_clock_control_configure+0x42>
 8009928:	b2a6      	uxth	r6, r4
	if (pclken->enr == NO_SEL) {
 800992a:	2cff      	cmp	r4, #255	@ 0xff
 800992c:	d013      	beq.n	8009956 <stm32_clock_control_configure+0x44>
	stm32_reg_modify_bits((uint32_t *)(DT_REG_ADDR(DT_NODELABEL(rcc)) + reg),
 800992e:	f106 4280 	add.w	r2, r6, #1073741824	@ 0x40000000
 8009932:	f502 320e 	add.w	r2, r2, #145408	@ 0x23800
			      STM32_DT_CLKSEL_MASK_GET(enr) << shift,
 8009936:	f3c4 5141 	ubfx	r1, r4, #21, #2
 800993a:	3101      	adds	r1, #1
 800993c:	2301      	movs	r3, #1
 800993e:	408b      	lsls	r3, r1
 8009940:	3b01      	subs	r3, #1
 8009942:	40ab      	lsls	r3, r5
			      STM32_DT_CLKSEL_VAL_GET(enr) << shift);
 8009944:	0e24      	lsrs	r4, r4, #24
	stm32_reg_modify_bits((uint32_t *)(DT_REG_ADDR(DT_NODELABEL(rcc)) + reg),
 8009946:	40ac      	lsls	r4, r5
 8009948:	6811      	ldr	r1, [r2, #0]
 800994a:	ea21 0303 	bic.w	r3, r1, r3
 800994e:	431c      	orrs	r4, r3
	*(volatile uint32_t *)addr = data;
 8009950:	6014      	str	r4, [r2, #0]
	return 0;
 8009952:	2000      	movs	r0, #0
}
 8009954:	bd70      	pop	{r4, r5, r6, pc}
		return 0;
 8009956:	2000      	movs	r0, #0
 8009958:	e7fc      	b.n	8009954 <stm32_clock_control_configure+0x42>

0800995a <stm32_clock_control_get_status>:
{
 800995a:	b508      	push	{r3, lr}
	if (IN_RANGE(pclken->bus, STM32_PERIPH_BUS_MIN, STM32_PERIPH_BUS_MAX)) {
 800995c:	8808      	ldrh	r0, [r1, #0]
 800995e:	f3c0 000b 	ubfx	r0, r0, #0, #12
 8009962:	f500 637d 	add.w	r3, r0, #4048	@ 0xfd0
 8009966:	f3c3 030b 	ubfx	r3, r3, #0, #12
 800996a:	2b78      	cmp	r3, #120	@ 0x78
 800996c:	d80b      	bhi.n	8009986 <stm32_clock_control_get_status+0x2c>
		if ((sys_read32(DT_REG_ADDR(DT_NODELABEL(rcc)) + pclken->bus) & pclken->enr)
 800996e:	f100 4080 	add.w	r0, r0, #1073741824	@ 0x40000000
 8009972:	f500 300e 	add.w	r0, r0, #145408	@ 0x23800
	return *(volatile uint32_t *)addr;
 8009976:	6802      	ldr	r2, [r0, #0]
 8009978:	684b      	ldr	r3, [r1, #4]
 800997a:	4393      	bics	r3, r2
 800997c:	d001      	beq.n	8009982 <stm32_clock_control_get_status+0x28>
			return CLOCK_CONTROL_STATUS_OFF;
 800997e:	2001      	movs	r0, #1
}
 8009980:	bd08      	pop	{r3, pc}
			return CLOCK_CONTROL_STATUS_ON;
 8009982:	2002      	movs	r0, #2
 8009984:	e7fc      	b.n	8009980 <stm32_clock_control_get_status+0x26>
		if (enabled_clock(pclken->bus) == 0) {
 8009986:	f7fa fed1 	bl	800472c <enabled_clock>
 800998a:	b108      	cbz	r0, 8009990 <stm32_clock_control_get_status+0x36>
			return CLOCK_CONTROL_STATUS_OFF;
 800998c:	2001      	movs	r0, #1
 800998e:	e7f7      	b.n	8009980 <stm32_clock_control_get_status+0x26>
			return CLOCK_CONTROL_STATUS_ON;
 8009990:	2002      	movs	r0, #2
 8009992:	e7f5      	b.n	8009980 <stm32_clock_control_get_status+0x26>

08009994 <config_regulator_voltage>:
{
	stm32_hse_css_callback();
}
#endif /* STM32_HSE_CSS */

void __weak config_regulator_voltage(uint32_t hclk_freq) {}
 8009994:	4770      	bx	lr

08009996 <get_pll_source>:
}
 8009996:	f44f 0080 	mov.w	r0, #4194304	@ 0x400000
 800999a:	4770      	bx	lr

0800999c <sys_slist_remove>:
 */
static inline void sys_slist_remove(sys_slist_t *list,
				    sys_snode_t *prev_node,
				    sys_snode_t *node);

Z_GENLIST_REMOVE(slist, snode)
 800999c:	460b      	mov	r3, r1
 800999e:	b139      	cbz	r1, 80099b0 <sys_slist_remove+0x14>
	return node->next;
 80099a0:	6811      	ldr	r1, [r2, #0]
	parent->next = child;
 80099a2:	6019      	str	r1, [r3, #0]
	return list->tail;
 80099a4:	6841      	ldr	r1, [r0, #4]
Z_GENLIST_REMOVE(slist, snode)
 80099a6:	428a      	cmp	r2, r1
 80099a8:	d009      	beq.n	80099be <sys_slist_remove+0x22>
	parent->next = child;
 80099aa:	2300      	movs	r3, #0
 80099ac:	6013      	str	r3, [r2, #0]
Z_GENLIST_REMOVE(slist, snode)
 80099ae:	4770      	bx	lr
	return node->next;
 80099b0:	6813      	ldr	r3, [r2, #0]
	list->head = node;
 80099b2:	6003      	str	r3, [r0, #0]
	return list->tail;
 80099b4:	6841      	ldr	r1, [r0, #4]
Z_GENLIST_REMOVE(slist, snode)
 80099b6:	428a      	cmp	r2, r1
 80099b8:	d1f7      	bne.n	80099aa <sys_slist_remove+0xe>
	list->tail = node;
 80099ba:	6043      	str	r3, [r0, #4]
}
 80099bc:	e7f5      	b.n	80099aa <sys_slist_remove+0xe>
	list->tail = node;
 80099be:	6043      	str	r3, [r0, #4]
}
 80099c0:	e7f3      	b.n	80099aa <sys_slist_remove+0xe>

080099c2 <sys_slist_find_and_remove>:
static inline size_t sys_slist_len(const sys_slist_t *list);

Z_GENLIST_LEN(slist, snode)

/** @} */
Z_GENLIST_FIND_AND_REMOVE(slist, snode)
 80099c2:	b508      	push	{r3, lr}
 80099c4:	460a      	mov	r2, r1
	return list->head;
 80099c6:	6803      	ldr	r3, [r0, #0]
Z_GENLIST_FIND_AND_REMOVE(slist, snode)
 80099c8:	2100      	movs	r1, #0
 80099ca:	e001      	b.n	80099d0 <sys_slist_find_and_remove+0xe>
 80099cc:	4619      	mov	r1, r3
 80099ce:	681b      	ldr	r3, [r3, #0]
 80099d0:	b12b      	cbz	r3, 80099de <sys_slist_find_and_remove+0x1c>
 80099d2:	4293      	cmp	r3, r2
 80099d4:	d1fa      	bne.n	80099cc <sys_slist_find_and_remove+0xa>
 80099d6:	f7ff ffe1 	bl	800999c <sys_slist_remove>
 80099da:	2001      	movs	r0, #1
 80099dc:	e000      	b.n	80099e0 <sys_slist_find_and_remove+0x1e>
 80099de:	2000      	movs	r0, #0
 80099e0:	bd08      	pop	{r3, pc}

080099e2 <gpio_manage_callback>:
 * @return 0 on success, negative errno otherwise.
 */
static inline int gpio_manage_callback(sys_slist_t *callbacks,
					struct gpio_callback *callback,
					bool set)
{
 80099e2:	b570      	push	{r4, r5, r6, lr}
 80099e4:	4604      	mov	r4, r0
 80099e6:	460d      	mov	r5, r1
 80099e8:	4616      	mov	r6, r2
	return list->head;
 80099ea:	6803      	ldr	r3, [r0, #0]
	__ASSERT(callback, "No callback!");
	__ASSERT(callback->handler, "No callback handler!");

	if (!sys_slist_is_empty(callbacks)) {
 80099ec:	b133      	cbz	r3, 80099fc <gpio_manage_callback+0x1a>
		if (!sys_slist_find_and_remove(callbacks, &callback->node)) {
 80099ee:	f7ff ffe8 	bl	80099c2 <sys_slist_find_and_remove>
 80099f2:	b970      	cbnz	r0, 8009a12 <gpio_manage_callback+0x30>
			if (!set) {
 80099f4:	b91e      	cbnz	r6, 80099fe <gpio_manage_callback+0x1c>
				return -EINVAL;
 80099f6:	f06f 0015 	mvn.w	r0, #21
 80099fa:	e006      	b.n	8009a0a <gpio_manage_callback+0x28>
			}
		}
	} else if (!set) {
 80099fc:	b132      	cbz	r2, 8009a0c <gpio_manage_callback+0x2a>
 80099fe:	6823      	ldr	r3, [r4, #0]
	parent->next = child;
 8009a00:	602b      	str	r3, [r5, #0]
	list->head = node;
 8009a02:	6025      	str	r5, [r4, #0]
	return list->tail;
 8009a04:	6863      	ldr	r3, [r4, #4]
Z_GENLIST_PREPEND(slist, snode)
 8009a06:	b143      	cbz	r3, 8009a1a <gpio_manage_callback+0x38>

	if (set) {
		sys_slist_prepend(callbacks, &callback->node);
	}

	return 0;
 8009a08:	2000      	movs	r0, #0
}
 8009a0a:	bd70      	pop	{r4, r5, r6, pc}
		return -EINVAL;
 8009a0c:	f06f 0015 	mvn.w	r0, #21
 8009a10:	e7fb      	b.n	8009a0a <gpio_manage_callback+0x28>
	if (set) {
 8009a12:	2e00      	cmp	r6, #0
 8009a14:	d1f3      	bne.n	80099fe <gpio_manage_callback+0x1c>
	return 0;
 8009a16:	2000      	movs	r0, #0
 8009a18:	e7f7      	b.n	8009a0a <gpio_manage_callback+0x28>
	list->tail = node;
 8009a1a:	6065      	str	r5, [r4, #4]
 8009a1c:	2000      	movs	r0, #0
}
 8009a1e:	e7f4      	b.n	8009a0a <gpio_manage_callback+0x28>

08009a20 <gpio_fire_callbacks>:
 * @param pins The actual pin mask that triggered the interrupt
 */
static inline void gpio_fire_callbacks(sys_slist_t *list,
					const struct device *port,
					uint32_t pins)
{
 8009a20:	b570      	push	{r4, r5, r6, lr}
 8009a22:	460e      	mov	r6, r1
 8009a24:	4615      	mov	r5, r2
	return list->head;
 8009a26:	6801      	ldr	r1, [r0, #0]
	struct gpio_callback *cb, *tmp;

	sys_port_trace_gpio_fire_callbacks_enter(list, port, pins);

	SYS_SLIST_FOR_EACH_CONTAINER_SAFE(list, cb, tmp, node) {
 8009a28:	b121      	cbz	r1, 8009a34 <gpio_fire_callbacks+0x14>
	return node->next;
 8009a2a:	680c      	ldr	r4, [r1, #0]
 8009a2c:	b13c      	cbz	r4, 8009a3e <gpio_fire_callbacks+0x1e>
Z_GENLIST_PEEK_NEXT(slist, snode)
 8009a2e:	b931      	cbnz	r1, 8009a3e <gpio_fire_callbacks+0x1e>
 8009a30:	460c      	mov	r4, r1
 8009a32:	e004      	b.n	8009a3e <gpio_fire_callbacks+0x1e>
 8009a34:	460c      	mov	r4, r1
 8009a36:	e002      	b.n	8009a3e <gpio_fire_callbacks+0x1e>
 8009a38:	4623      	mov	r3, r4
 8009a3a:	4621      	mov	r1, r4
 8009a3c:	461c      	mov	r4, r3
 8009a3e:	b171      	cbz	r1, 8009a5e <gpio_fire_callbacks+0x3e>
		if (cb->pin_mask & pins) {
 8009a40:	688a      	ldr	r2, [r1, #8]
 8009a42:	402a      	ands	r2, r5
 8009a44:	d002      	beq.n	8009a4c <gpio_fire_callbacks+0x2c>
			__ASSERT(cb->handler, "No callback handler!");

			cb->handler(port, cb, cb->pin_mask & pins);
 8009a46:	684b      	ldr	r3, [r1, #4]
 8009a48:	4630      	mov	r0, r6
 8009a4a:	4798      	blx	r3
	SYS_SLIST_FOR_EACH_CONTAINER_SAFE(list, cb, tmp, node) {
 8009a4c:	2c00      	cmp	r4, #0
 8009a4e:	d0f3      	beq.n	8009a38 <gpio_fire_callbacks+0x18>
	return node->next;
 8009a50:	6823      	ldr	r3, [r4, #0]
 8009a52:	2b00      	cmp	r3, #0
 8009a54:	d0f1      	beq.n	8009a3a <gpio_fire_callbacks+0x1a>
Z_GENLIST_PEEK_NEXT(slist, snode)
 8009a56:	2c00      	cmp	r4, #0
 8009a58:	d1ef      	bne.n	8009a3a <gpio_fire_callbacks+0x1a>
 8009a5a:	4623      	mov	r3, r4
 8009a5c:	e7ed      	b.n	8009a3a <gpio_fire_callbacks+0x1a>
			sys_port_trace_gpio_fire_callback(port, cb);
		}
	}
}
 8009a5e:	bd70      	pop	{r4, r5, r6, pc}

08009a60 <gpio_stm32_isr>:
{
 8009a60:	b508      	push	{r3, lr}
 8009a62:	4602      	mov	r2, r0
	struct gpio_stm32_data *data = dev->data;
 8009a64:	6908      	ldr	r0, [r1, #16]
	gpio_fire_callbacks(&data->cb, dev, pin);
 8009a66:	3008      	adds	r0, #8
 8009a68:	f7ff ffda 	bl	8009a20 <gpio_fire_callbacks>
}
 8009a6c:	bd08      	pop	{r3, pc}

08009a6e <gpio_stm32_flags_to_conf>:
	if ((flags & GPIO_OUTPUT) != 0) {
 8009a6e:	f410 3f00 	tst.w	r0, #131072	@ 0x20000
 8009a72:	d014      	beq.n	8009a9e <gpio_stm32_flags_to_conf+0x30>
		if ((flags & GPIO_SINGLE_ENDED) != 0) {
 8009a74:	f010 0f02 	tst.w	r0, #2
 8009a78:	d004      	beq.n	8009a84 <gpio_stm32_flags_to_conf+0x16>
			if (flags & GPIO_LINE_OPEN_DRAIN) {
 8009a7a:	f010 0f04 	tst.w	r0, #4
 8009a7e:	d034      	beq.n	8009aea <gpio_stm32_flags_to_conf+0x7c>
				cfg |= STM32_PINCFG_OPEN_DRAIN;
 8009a80:	2350      	movs	r3, #80	@ 0x50
 8009a82:	e000      	b.n	8009a86 <gpio_stm32_flags_to_conf+0x18>
			cfg |= STM32_PINCFG_PUSH_PULL;
 8009a84:	2310      	movs	r3, #16
		if ((flags & GPIO_PULL_UP) != 0) {
 8009a86:	f010 0f10 	tst.w	r0, #16
 8009a8a:	d002      	beq.n	8009a92 <gpio_stm32_flags_to_conf+0x24>
			cfg |= STM32_PINCFG_PULL_UP;
 8009a8c:	f443 7300 	orr.w	r3, r3, #512	@ 0x200
 8009a90:	e012      	b.n	8009ab8 <gpio_stm32_flags_to_conf+0x4a>
		} else if ((flags & GPIO_PULL_DOWN) != 0) {
 8009a92:	f010 0f20 	tst.w	r0, #32
 8009a96:	d00f      	beq.n	8009ab8 <gpio_stm32_flags_to_conf+0x4a>
			cfg |= STM32_PINCFG_PULL_DOWN;
 8009a98:	f443 6380 	orr.w	r3, r3, #1024	@ 0x400
 8009a9c:	e00c      	b.n	8009ab8 <gpio_stm32_flags_to_conf+0x4a>
	} else if  ((flags & GPIO_INPUT) != 0) {
 8009a9e:	f410 3f80 	tst.w	r0, #65536	@ 0x10000
 8009aa2:	d008      	beq.n	8009ab6 <gpio_stm32_flags_to_conf+0x48>
		if ((flags & GPIO_PULL_UP) != 0) {
 8009aa4:	f010 0f10 	tst.w	r0, #16
 8009aa8:	d114      	bne.n	8009ad4 <gpio_stm32_flags_to_conf+0x66>
		} else if ((flags & GPIO_PULL_DOWN) != 0) {
 8009aaa:	f010 0320 	ands.w	r3, r0, #32
 8009aae:	d003      	beq.n	8009ab8 <gpio_stm32_flags_to_conf+0x4a>
			cfg |= STM32_PINCFG_PULL_DOWN;
 8009ab0:	f44f 6380 	mov.w	r3, #1024	@ 0x400
 8009ab4:	e000      	b.n	8009ab8 <gpio_stm32_flags_to_conf+0x4a>
		cfg = STM32_PINCFG_MODE_ANALOG;
 8009ab6:	2330      	movs	r3, #48	@ 0x30
	switch (flags & (STM32_GPIO_SPEED_MASK << STM32_GPIO_SPEED_SHIFT)) {
 8009ab8:	f400 60c0 	and.w	r0, r0, #1536	@ 0x600
 8009abc:	f5b0 6f80 	cmp.w	r0, #1024	@ 0x400
 8009ac0:	d010      	beq.n	8009ae4 <gpio_stm32_flags_to_conf+0x76>
 8009ac2:	f5b0 6fc0 	cmp.w	r0, #1536	@ 0x600
 8009ac6:	d008      	beq.n	8009ada <gpio_stm32_flags_to_conf+0x6c>
 8009ac8:	f5b0 7f00 	cmp.w	r0, #512	@ 0x200
 8009acc:	d107      	bne.n	8009ade <gpio_stm32_flags_to_conf+0x70>
		cfg |= STM32_OSPEEDR_MEDIUM_SPEED;
 8009ace:	f043 0380 	orr.w	r3, r3, #128	@ 0x80
		break;
 8009ad2:	e004      	b.n	8009ade <gpio_stm32_flags_to_conf+0x70>
			cfg |= STM32_PINCFG_PULL_UP;
 8009ad4:	f44f 7300 	mov.w	r3, #512	@ 0x200
 8009ad8:	e7ee      	b.n	8009ab8 <gpio_stm32_flags_to_conf+0x4a>
		cfg |= STM32_OSPEEDR_VERY_HIGH_SPEED;
 8009ada:	f443 73c0 	orr.w	r3, r3, #384	@ 0x180
	*pincfg = cfg;
 8009ade:	600b      	str	r3, [r1, #0]
	return 0;
 8009ae0:	2000      	movs	r0, #0
 8009ae2:	4770      	bx	lr
		cfg |= STM32_OSPEEDR_HIGH_SPEED;
 8009ae4:	f443 7380 	orr.w	r3, r3, #256	@ 0x100
		break;
 8009ae8:	e7f9      	b.n	8009ade <gpio_stm32_flags_to_conf+0x70>
				return -ENOTSUP;
 8009aea:	f06f 0085 	mvn.w	r0, #133	@ 0x85
}
 8009aee:	4770      	bx	lr

08009af0 <gpio_stm32_port_get_raw>:
	const struct gpio_stm32_config *cfg = dev->config;
 8009af0:	6843      	ldr	r3, [r0, #4]
	GPIO_TypeDef *gpio = (GPIO_TypeDef *)cfg->base;
 8009af2:	685b      	ldr	r3, [r3, #4]
  * @param  GPIOx GPIO Port
  * @retval Input data register value of port
  */
__STATIC_INLINE uint32_t LL_GPIO_ReadInputPort(GPIO_TypeDef *GPIOx)
{
  return (uint32_t)(READ_REG(GPIOx->IDR));
 8009af4:	691b      	ldr	r3, [r3, #16]
	*value = LL_GPIO_ReadInputPort(gpio);
 8009af6:	600b      	str	r3, [r1, #0]
}
 8009af8:	2000      	movs	r0, #0
 8009afa:	4770      	bx	lr

08009afc <gpio_stm32_port_set_masked_raw>:
	const struct gpio_stm32_config *cfg = dev->config;
 8009afc:	6843      	ldr	r3, [r0, #4]
	GPIO_TypeDef *gpio = (GPIO_TypeDef *)cfg->base;
 8009afe:	685b      	ldr	r3, [r3, #4]
  * @param  GPIOx GPIO Port
  * @retval Output data register value of port
  */
__STATIC_INLINE uint32_t LL_GPIO_ReadOutputPort(GPIO_TypeDef *GPIOx)
{
  return (uint32_t)(READ_REG(GPIOx->ODR));
 8009b00:	6958      	ldr	r0, [r3, #20]
	LL_GPIO_WriteOutputPort(gpio, (port_value & ~mask) | (mask & value));
 8009b02:	4042      	eors	r2, r0
 8009b04:	400a      	ands	r2, r1
 8009b06:	4042      	eors	r2, r0
  WRITE_REG(GPIOx->ODR, PortValue);
 8009b08:	615a      	str	r2, [r3, #20]
}
 8009b0a:	2000      	movs	r0, #0
 8009b0c:	4770      	bx	lr

08009b0e <gpio_stm32_port_set_bits_raw>:
	const struct gpio_stm32_config *cfg = dev->config;
 8009b0e:	6843      	ldr	r3, [r0, #4]
	GPIO_TypeDef *gpio = (GPIO_TypeDef *)cfg->base;
 8009b10:	685b      	ldr	r3, [r3, #4]
	*(volatile uint32_t *)addr = data;
 8009b12:	6199      	str	r1, [r3, #24]
}
 8009b14:	2000      	movs	r0, #0
 8009b16:	4770      	bx	lr

08009b18 <gpio_stm32_port_clear_bits_raw>:
	const struct gpio_stm32_config *cfg = dev->config;
 8009b18:	6843      	ldr	r3, [r0, #4]
	GPIO_TypeDef *gpio = (GPIO_TypeDef *)cfg->base;
 8009b1a:	685b      	ldr	r3, [r3, #4]
  *         @arg @ref LL_GPIO_PIN_ALL
  * @retval None
  */
__STATIC_INLINE void LL_GPIO_ResetOutputPin(GPIO_TypeDef *GPIOx, uint32_t PinMask)
{
  WRITE_REG(GPIOx->BSRR, (PinMask << 16));
 8009b1c:	0409      	lsls	r1, r1, #16
 8009b1e:	6199      	str	r1, [r3, #24]
}
 8009b20:	2000      	movs	r0, #0
 8009b22:	4770      	bx	lr

08009b24 <gpio_stm32_port_toggle_bits>:
	const struct gpio_stm32_config *cfg = dev->config;
 8009b24:	6843      	ldr	r3, [r0, #4]
	GPIO_TypeDef *gpio = (GPIO_TypeDef *)cfg->base;
 8009b26:	685b      	ldr	r3, [r3, #4]
	return *(volatile uint32_t *)addr;
 8009b28:	695a      	ldr	r2, [r3, #20]
	stm32_reg_write(&gpio->ODR, stm32_reg_read(&gpio->ODR) ^ pins);
 8009b2a:	4051      	eors	r1, r2
	*(volatile uint32_t *)addr = data;
 8009b2c:	6159      	str	r1, [r3, #20]
}
 8009b2e:	2000      	movs	r0, #0
 8009b30:	4770      	bx	lr

08009b32 <gpio_stm32_manage_callback>:

static int gpio_stm32_manage_callback(const struct device *dev,
				      struct gpio_callback *callback,
				      bool set)
{
 8009b32:	b508      	push	{r3, lr}
	struct gpio_stm32_data *data = dev->data;
 8009b34:	6900      	ldr	r0, [r0, #16]

	return gpio_manage_callback(&data->cb, callback, set);
 8009b36:	3008      	adds	r0, #8
 8009b38:	f7ff ff53 	bl	80099e2 <gpio_manage_callback>
}
 8009b3c:	bd08      	pop	{r3, pc}

08009b3e <gpio_stm32_disable_pin_irqs>:
{
 8009b3e:	b538      	push	{r3, r4, r5, lr}
 8009b40:	4604      	mov	r4, r0
 8009b42:	460d      	mov	r5, r1
	if (port != stm32_exti_get_line_src_port(pin)) {
 8009b44:	4608      	mov	r0, r1
 8009b46:	f7ff fd19 	bl	800957c <stm32_exti_get_line_src_port>
 8009b4a:	42a0      	cmp	r0, r4
 8009b4c:	d000      	beq.n	8009b50 <gpio_stm32_disable_pin_irqs+0x12>
}
 8009b4e:	bd38      	pop	{r3, r4, r5, pc}
	stm32_gpio_irq_line_t irq_line = stm32_gpio_intc_get_pin_irq_line(port, pin);
 8009b50:	4629      	mov	r1, r5
 8009b52:	4620      	mov	r0, r4
 8009b54:	f7ff fcff 	bl	8009556 <stm32_gpio_intc_get_pin_irq_line>
 8009b58:	4604      	mov	r4, r0
	stm32_gpio_intc_disable_line(irq_line);
 8009b5a:	f7fa f9b9 	bl	8003ed0 <stm32_gpio_intc_disable_line>
	stm32_gpio_intc_remove_irq_callback(irq_line);
 8009b5e:	4620      	mov	r0, r4
 8009b60:	f7fa fa10 	bl	8003f84 <stm32_gpio_intc_remove_irq_callback>
	stm32_gpio_intc_select_line_trigger(irq_line, STM32_GPIO_IRQ_TRIG_NONE);
 8009b64:	2100      	movs	r1, #0
 8009b66:	4620      	mov	r0, r4
 8009b68:	f7fa f9ba 	bl	8003ee0 <stm32_gpio_intc_select_line_trigger>
 8009b6c:	e7ef      	b.n	8009b4e <gpio_stm32_disable_pin_irqs+0x10>

08009b6e <gpio_stm32_config>:
{
 8009b6e:	e92d 43f0 	stmdb	sp!, {r4, r5, r6, r7, r8, r9, lr}
 8009b72:	b083      	sub	sp, #12
 8009b74:	4605      	mov	r5, r0
 8009b76:	460e      	mov	r6, r1
 8009b78:	4614      	mov	r4, r2
	struct gpio_stm32_data *data = dev->data;
 8009b7a:	f8d0 8010 	ldr.w	r8, [r0, #16]
	err = gpio_stm32_flags_to_conf(flags, &pincfg);
 8009b7e:	a901      	add	r1, sp, #4
 8009b80:	4610      	mov	r0, r2
 8009b82:	f7ff ff74 	bl	8009a6e <gpio_stm32_flags_to_conf>
	if (err != 0) {
 8009b86:	4607      	mov	r7, r0
 8009b88:	bb68      	cbnz	r0, 8009be6 <gpio_stm32_config+0x78>
	if ((((flags & GPIO_OUTPUT) != 0) || ((flags & GPIO_INPUT) != 0)) &&
 8009b8a:	f414 3940 	ands.w	r9, r4, #196608	@ 0x30000
 8009b8e:	d014      	beq.n	8009bba <gpio_stm32_config+0x4c>
	    !(data->pin_has_clock_enabled & BIT(pin))) {
 8009b90:	f8d8 3004 	ldr.w	r3, [r8, #4]
 8009b94:	fa23 f206 	lsr.w	r2, r3, r6
	if ((((flags & GPIO_OUTPUT) != 0) || ((flags & GPIO_INPUT) != 0)) &&
 8009b98:	f012 0f01 	tst.w	r2, #1
 8009b9c:	d104      	bne.n	8009ba8 <gpio_stm32_config+0x3a>
		data->pin_has_clock_enabled |= BIT(pin);
 8009b9e:	2201      	movs	r2, #1
 8009ba0:	40b2      	lsls	r2, r6
 8009ba2:	4313      	orrs	r3, r2
 8009ba4:	f8c8 3004 	str.w	r3, [r8, #4]
	if ((flags & GPIO_OUTPUT) != 0) {
 8009ba8:	f414 3f00 	tst.w	r4, #131072	@ 0x20000
 8009bac:	d005      	beq.n	8009bba <gpio_stm32_config+0x4c>
		if ((flags & GPIO_OUTPUT_INIT_HIGH) != 0) {
 8009bae:	f414 2f00 	tst.w	r4, #524288	@ 0x80000
 8009bb2:	d11c      	bne.n	8009bee <gpio_stm32_config+0x80>
		} else if ((flags & GPIO_OUTPUT_INIT_LOW) != 0) {
 8009bb4:	f414 2f80 	tst.w	r4, #262144	@ 0x40000
 8009bb8:	d11f      	bne.n	8009bfa <gpio_stm32_config+0x8c>
	stm32_gpioport_configure_pin(dev, pin, pincfg, 0);
 8009bba:	2300      	movs	r3, #0
 8009bbc:	9a01      	ldr	r2, [sp, #4]
 8009bbe:	4631      	mov	r1, r6
 8009bc0:	4628      	mov	r0, r5
 8009bc2:	f7ff f8c4 	bl	8008d4e <stm32_gpioport_configure_pin>
	if (((flags & GPIO_OUTPUT) == 0) && ((flags & GPIO_INPUT) == 0) &&
 8009bc6:	f1b9 0f00 	cmp.w	r9, #0
 8009bca:	d10c      	bne.n	8009be6 <gpio_stm32_config+0x78>
	    (data->pin_has_clock_enabled & BIT(pin))) {
 8009bcc:	f8d8 3004 	ldr.w	r3, [r8, #4]
	if (((flags & GPIO_OUTPUT) == 0) && ((flags & GPIO_INPUT) == 0) &&
 8009bd0:	fa23 f206 	lsr.w	r2, r3, r6
 8009bd4:	f012 0f01 	tst.w	r2, #1
 8009bd8:	d005      	beq.n	8009be6 <gpio_stm32_config+0x78>
		data->pin_has_clock_enabled &= ~BIT(pin);
 8009bda:	2201      	movs	r2, #1
 8009bdc:	40b2      	lsls	r2, r6
 8009bde:	ea23 0302 	bic.w	r3, r3, r2
 8009be2:	f8c8 3004 	str.w	r3, [r8, #4]
}
 8009be6:	4638      	mov	r0, r7
 8009be8:	b003      	add	sp, #12
 8009bea:	e8bd 83f0 	ldmia.w	sp!, {r4, r5, r6, r7, r8, r9, pc}
			gpio_stm32_port_set_bits_raw(dev, BIT(pin));
 8009bee:	2101      	movs	r1, #1
 8009bf0:	40b1      	lsls	r1, r6
 8009bf2:	4628      	mov	r0, r5
 8009bf4:	f7ff ff8b 	bl	8009b0e <gpio_stm32_port_set_bits_raw>
 8009bf8:	e7df      	b.n	8009bba <gpio_stm32_config+0x4c>
			gpio_stm32_port_clear_bits_raw(dev, BIT(pin));
 8009bfa:	2101      	movs	r1, #1
 8009bfc:	40b1      	lsls	r1, r6
 8009bfe:	4628      	mov	r0, r5
 8009c00:	f7ff ff8a 	bl	8009b18 <gpio_stm32_port_clear_bits_raw>
 8009c04:	e7d9      	b.n	8009bba <gpio_stm32_config+0x4c>

08009c06 <pinctrl_lookup_state>:

#include <zephyr/drivers/pinctrl.h>

int pinctrl_lookup_state(const struct pinctrl_dev_config *config, uint8_t id,
			 const struct pinctrl_state **state)
{
 8009c06:	b500      	push	{lr}
	*state = &config->states[0];
 8009c08:	6803      	ldr	r3, [r0, #0]
 8009c0a:	6013      	str	r3, [r2, #0]
	while (*state < &config->states[config->state_cnt]) {
 8009c0c:	e001      	b.n	8009c12 <pinctrl_lookup_state+0xc>
		if (id == (*state)->id) {
			return 0;
		}

		(*state)++;
 8009c0e:	3308      	adds	r3, #8
 8009c10:	6013      	str	r3, [r2, #0]
	while (*state < &config->states[config->state_cnt]) {
 8009c12:	6813      	ldr	r3, [r2, #0]
 8009c14:	f890 c004 	ldrb.w	ip, [r0, #4]
 8009c18:	f8d0 e000 	ldr.w	lr, [r0]
 8009c1c:	eb0e 0ccc 	add.w	ip, lr, ip, lsl #3
 8009c20:	4563      	cmp	r3, ip
 8009c22:	d205      	bcs.n	8009c30 <pinctrl_lookup_state+0x2a>
		if (id == (*state)->id) {
 8009c24:	f893 c005 	ldrb.w	ip, [r3, #5]
 8009c28:	458c      	cmp	ip, r1
 8009c2a:	d1f0      	bne.n	8009c0e <pinctrl_lookup_state+0x8>
			return 0;
 8009c2c:	2000      	movs	r0, #0
 8009c2e:	e001      	b.n	8009c34 <pinctrl_lookup_state+0x2e>
	}

	return -ENOENT;
 8009c30:	f06f 0001 	mvn.w	r0, #1
}
 8009c34:	f85d fb04 	ldr.w	pc, [sp], #4

08009c38 <pinctrl_configure_pins>:
#define IS_GPIO_OUT STM32_GPIO
#endif

int pinctrl_configure_pins(const pinctrl_soc_pin_t *pins, uint8_t pin_cnt,
			   uintptr_t reg)
{
 8009c38:	e92d 4ff8 	stmdb	sp!, {r3, r4, r5, r6, r7, r8, r9, sl, fp, lr}
 8009c3c:	4680      	mov	r8, r0
 8009c3e:	468a      	mov	sl, r1
	if (ret < 0) {
		return ret;
	}
#endif /* DT_HAS_COMPAT_STATUS_OKAY(st_stm32f1_pinctrl) */

	for (uint8_t i = 0U; i < pin_cnt; i++) {
 8009c40:	2400      	movs	r4, #0
	uint32_t pin_cfg = 0;
 8009c42:	4626      	mov	r6, r4
	for (uint8_t i = 0U; i < pin_cnt; i++) {
 8009c44:	e01a      	b.n	8009c7c <pinctrl_configure_pins+0x44>
			__ASSERT_NO_MSG(STM32_DT_PINMUX_FUNC(mux));
		}
#else
		if (STM32_DT_PINMUX_FUNC(mux) < STM32_ANALOG) {
			pin_cfg = pins[i].pincfg | STM32_MODER_ALT_MODE;
		} else if (STM32_DT_PINMUX_FUNC(mux) == STM32_ANALOG) {
 8009c46:	f005 021f 	and.w	r2, r5, #31
 8009c4a:	2a10      	cmp	r2, #16
 8009c4c:	d025      	beq.n	8009c9a <pinctrl_configure_pins+0x62>
			pin_cfg = STM32_MODER_ANALOG_MODE;
		} else if (STM32_DT_PINMUX_FUNC(mux) == STM32_GPIO) {
 8009c4e:	2a11      	cmp	r2, #17
 8009c50:	d021      	beq.n	8009c96 <pinctrl_configure_pins+0x5e>
		} else {
			/* Not supported */
			__ASSERT_NO_MSG(STM32_DT_PINMUX_FUNC(mux));
		}
#endif /* DT_HAS_COMPAT_STATUS_OKAY(st_stm32f1_pinctrl) */
		port = stm32_gpioport_get(STM32_DT_PINMUX_PORT(mux));
 8009c52:	f3c5 2044 	ubfx	r0, r5, #9, #5
 8009c56:	f7f8 fa77 	bl	8002148 <stm32_gpioport_get>
		if (port == NULL) {
 8009c5a:	4681      	mov	r9, r0
 8009c5c:	b398      	cbz	r0, 8009cc6 <pinctrl_configure_pins+0x8e>
		ret = pm_device_runtime_get(port);
		if (ret < 0) {
			return ret;
		}

		line = STM32_DT_PINMUX_LINE(mux);
 8009c5e:	f3c5 1b43 	ubfx	fp, r5, #5, #4
		func = STM32_DT_PINMUX_FUNC(mux);
 8009c62:	f005 071f 	and.w	r7, r5, #31

		cfg_ret = stm32_gpioport_configure_pin(port, line, pin_cfg, func);
 8009c66:	463b      	mov	r3, r7
 8009c68:	4632      	mov	r2, r6
 8009c6a:	4659      	mov	r1, fp
 8009c6c:	f7ff f86f 	bl	8008d4e <stm32_gpioport_configure_pin>

		if (cfg_ret >= 0 && func == IS_GPIO_OUT) {
 8009c70:	2800      	cmp	r0, #0
 8009c72:	db26      	blt.n	8009cc2 <pinctrl_configure_pins+0x8a>
 8009c74:	2f11      	cmp	r7, #17
 8009c76:	d012      	beq.n	8009c9e <pinctrl_configure_pins+0x66>
	for (uint8_t i = 0U; i < pin_cnt; i++) {
 8009c78:	3401      	adds	r4, #1
 8009c7a:	b2e4      	uxtb	r4, r4
 8009c7c:	4554      	cmp	r4, sl
 8009c7e:	d21f      	bcs.n	8009cc0 <pinctrl_configure_pins+0x88>
		mux = pins[i].pinmux;
 8009c80:	eb08 03c4 	add.w	r3, r8, r4, lsl #3
 8009c84:	f858 5034 	ldr.w	r5, [r8, r4, lsl #3]
		if (STM32_DT_PINMUX_FUNC(mux) < STM32_ANALOG) {
 8009c88:	f015 0f10 	tst.w	r5, #16
 8009c8c:	d1db      	bne.n	8009c46 <pinctrl_configure_pins+0xe>
			pin_cfg = pins[i].pincfg | STM32_MODER_ALT_MODE;
 8009c8e:	685e      	ldr	r6, [r3, #4]
 8009c90:	f046 0620 	orr.w	r6, r6, #32
 8009c94:	e7dd      	b.n	8009c52 <pinctrl_configure_pins+0x1a>
			pin_cfg = pins[i].pincfg;
 8009c96:	685e      	ldr	r6, [r3, #4]
 8009c98:	e7db      	b.n	8009c52 <pinctrl_configure_pins+0x1a>
			pin_cfg = STM32_MODER_ANALOG_MODE;
 8009c9a:	2630      	movs	r6, #48	@ 0x30
 8009c9c:	e7d9      	b.n	8009c52 <pinctrl_configure_pins+0x1a>
			/* Apply output level configuration */
			const struct gpio_stm32_config *cfg = port->config;
 8009c9e:	f8d9 3004 	ldr.w	r3, [r9, #4]
			GPIO_TypeDef *gpio = cfg->base;
 8009ca2:	685a      	ldr	r2, [r3, #4]
			uint32_t gpio_out = pin_cfg & (STM32_ODR_MASK << STM32_ODR_SHIFT);

			if (gpio_out == STM32_ODR_1) {
 8009ca4:	f416 6f00 	tst.w	r6, #2048	@ 0x800
 8009ca8:	d004      	beq.n	8009cb4 <pinctrl_configure_pins+0x7c>
				stm32_reg_write(&gpio->BSRR, BIT(line));
 8009caa:	2301      	movs	r3, #1
 8009cac:	fa03 f30b 	lsl.w	r3, r3, fp
 8009cb0:	6193      	str	r3, [r2, #24]
}
 8009cb2:	e7e1      	b.n	8009c78 <pinctrl_configure_pins+0x40>
			} else {
				/* c.f. gpio_stm32_port_clear_bits_raw() for rationale */
#ifdef CONFIG_SOC_SERIES_STM32F1X
				stm32_reg_write(&gpio->BRR, BIT(line));
#else /* CONFIG_SOC_SERIES_STM32F1X */
				LL_GPIO_ResetOutputPin(gpio, BIT(line));
 8009cb4:	2301      	movs	r3, #1
 8009cb6:	fa03 f30b 	lsl.w	r3, r3, fp
 8009cba:	041b      	lsls	r3, r3, #16
 8009cbc:	6193      	str	r3, [r2, #24]
}
 8009cbe:	e7db      	b.n	8009c78 <pinctrl_configure_pins+0x40>
		if (cfg_ret < 0) {
			return cfg_ret;
		}
	}

	return 0;
 8009cc0:	2000      	movs	r0, #0
}
 8009cc2:	e8bd 8ff8 	ldmia.w	sp!, {r3, r4, r5, r6, r7, r8, r9, sl, fp, pc}
			return -ENODEV;
 8009cc6:	f06f 0012 	mvn.w	r0, #18
 8009cca:	e7fa      	b.n	8009cc2 <pinctrl_configure_pins+0x8a>

08009ccc <LL_TIM_OC_SetCompareCH1>:
  WRITE_REG(TIMx->CCR1, CompareValue);
 8009ccc:	6341      	str	r1, [r0, #52]	@ 0x34
}
 8009cce:	4770      	bx	lr

08009cd0 <LL_TIM_OC_SetCompareCH2>:
  WRITE_REG(TIMx->CCR2, CompareValue);
 8009cd0:	6381      	str	r1, [r0, #56]	@ 0x38
}
 8009cd2:	4770      	bx	lr

08009cd4 <LL_TIM_OC_SetCompareCH3>:
  WRITE_REG(TIMx->CCR3, CompareValue);
 8009cd4:	63c1      	str	r1, [r0, #60]	@ 0x3c
}
 8009cd6:	4770      	bx	lr

08009cd8 <LL_TIM_OC_SetCompareCH4>:
  WRITE_REG(TIMx->CCR4, CompareValue);
 8009cd8:	6401      	str	r1, [r0, #64]	@ 0x40
}
 8009cda:	4770      	bx	lr

08009cdc <reset_line_toggle>:

extern int z_impl_reset_line_toggle(const struct device * dev, uint32_t id);

__pinned_func
static inline int reset_line_toggle(const struct device * dev, uint32_t id)
{
 8009cdc:	b508      	push	{r3, lr}
	const struct reset_driver_api *api = (const struct reset_driver_api *)dev->api;
 8009cde:	6883      	ldr	r3, [r0, #8]
	if (api->line_toggle == NULL) {
 8009ce0:	68db      	ldr	r3, [r3, #12]
 8009ce2:	b10b      	cbz	r3, 8009ce8 <reset_line_toggle+0xc>
	return api->line_toggle(dev, id);
 8009ce4:	4798      	blx	r3
		return (int) arch_syscall_invoke2(parm0.x, parm1.x, K_SYSCALL_RESET_LINE_TOGGLE);
	}
#endif
	compiler_barrier();
	return z_impl_reset_line_toggle(dev, id);
}
 8009ce6:	bd08      	pop	{r3, pc}
		return -ENOSYS;
 8009ce8:	f06f 0057 	mvn.w	r0, #87	@ 0x57
	return z_impl_reset_line_toggle(dev, id);
 8009cec:	e7fb      	b.n	8009ce6 <reset_line_toggle+0xa>

08009cee <get_polarity>:
	if ((flags & PWM_POLARITY_MASK) == PWM_POLARITY_NORMAL) {
 8009cee:	f010 0f01 	tst.w	r0, #1
 8009cf2:	d001      	beq.n	8009cf8 <get_polarity+0xa>
	return LL_TIM_OCPOLARITY_LOW;
 8009cf4:	2002      	movs	r0, #2
 8009cf6:	4770      	bx	lr
		return LL_TIM_OCPOLARITY_HIGH;
 8009cf8:	2000      	movs	r0, #0
}
 8009cfa:	4770      	bx	lr

08009cfc <ll_tim_set_trigger_output>:
  MODIFY_REG(TIMx->CR2, TIM_CR2_MMS, TimerSynchronization);
 8009cfc:	6843      	ldr	r3, [r0, #4]
 8009cfe:	f023 0370 	bic.w	r3, r3, #112	@ 0x70
 8009d02:	4319      	orrs	r1, r3
 8009d04:	6041      	str	r1, [r0, #4]
}
 8009d06:	4770      	bx	lr

08009d08 <pwm_stm32_get_cycles_per_sec>:
	struct pwm_stm32_data *data = dev->data;
 8009d08:	6903      	ldr	r3, [r0, #16]
	const struct pwm_stm32_config *cfg = dev->config;
 8009d0a:	6841      	ldr	r1, [r0, #4]
	*cycles = (uint64_t)(data->tim_clk / (cfg->prescaler + 1));
 8009d0c:	681b      	ldr	r3, [r3, #0]
 8009d0e:	6849      	ldr	r1, [r1, #4]
 8009d10:	3101      	adds	r1, #1
 8009d12:	fbb3 f3f1 	udiv	r3, r3, r1
 8009d16:	2000      	movs	r0, #0
 8009d18:	6013      	str	r3, [r2, #0]
 8009d1a:	6050      	str	r0, [r2, #4]
}
 8009d1c:	4770      	bx	lr

08009d1e <pinctrl_apply_state>:
{
 8009d1e:	b500      	push	{lr}
 8009d20:	b083      	sub	sp, #12
	ret = pinctrl_lookup_state(config, id, &state);
 8009d22:	aa01      	add	r2, sp, #4
 8009d24:	f7ff ff6f 	bl	8009c06 <pinctrl_lookup_state>
	if (ret < 0) {
 8009d28:	2800      	cmp	r0, #0
 8009d2a:	db05      	blt.n	8009d38 <pinctrl_apply_state+0x1a>
	return pinctrl_apply_state_direct(config, state);
 8009d2c:	9b01      	ldr	r3, [sp, #4]
	return pinctrl_configure_pins(state->pins, state->pin_cnt, reg);
 8009d2e:	2200      	movs	r2, #0
 8009d30:	7919      	ldrb	r1, [r3, #4]
 8009d32:	6818      	ldr	r0, [r3, #0]
 8009d34:	f7ff ff80 	bl	8009c38 <pinctrl_configure_pins>
}
 8009d38:	b003      	add	sp, #12
 8009d3a:	f85d fb04 	ldr.w	pc, [sp], #4

08009d3e <reset_stm32_status>:
};

static int reset_stm32_status(const struct device *dev, uint32_t id,
			      uint8_t *status)
{
	const struct reset_stm32_config *config = dev->config;
 8009d3e:	6843      	ldr	r3, [r0, #4]

	*status = !!sys_test_bit(config->base + STM32_RESET_SET_OFFSET(id),
 8009d40:	6818      	ldr	r0, [r3, #0]
 8009d42:	f3c1 134b 	ubfx	r3, r1, #5, #12
 8009d46:	f001 011f 	and.w	r1, r1, #31
	uint32_t temp = *(volatile uint32_t *)addr;
 8009d4a:	58c3      	ldr	r3, [r0, r3]
	return temp & (1U << bit);
 8009d4c:	2001      	movs	r0, #1
 8009d4e:	fa00 f101 	lsl.w	r1, r0, r1
 8009d52:	400b      	ands	r3, r1
 8009d54:	3b00      	subs	r3, #0
 8009d56:	bf18      	it	ne
 8009d58:	2301      	movne	r3, #1
 8009d5a:	7013      	strb	r3, [r2, #0]
				 STM32_RESET_REG_BIT(id));

	return 0;
}
 8009d5c:	2000      	movs	r0, #0
 8009d5e:	4770      	bx	lr

08009d60 <reset_stm32_line_assert>:

static int reset_stm32_line_assert(const struct device *dev, uint32_t id)
{
 8009d60:	b410      	push	{r4}
	const struct reset_stm32_config *config = dev->config;
 8009d62:	6843      	ldr	r3, [r0, #4]

	sys_set_bit(config->base + STM32_RESET_SET_OFFSET(id),
 8009d64:	681c      	ldr	r4, [r3, #0]
 8009d66:	f3c1 104b 	ubfx	r0, r1, #5, #12
 8009d6a:	f001 011f 	and.w	r1, r1, #31
	uint32_t temp = *(volatile uint32_t *)addr;
 8009d6e:	5823      	ldr	r3, [r4, r0]
	*(volatile uint32_t *)addr = temp | (1U << bit);
 8009d70:	2201      	movs	r2, #1
 8009d72:	408a      	lsls	r2, r1
 8009d74:	4313      	orrs	r3, r2
 8009d76:	5023      	str	r3, [r4, r0]
		    STM32_RESET_REG_BIT(id));

	return 0;
}
 8009d78:	2000      	movs	r0, #0
 8009d7a:	bc10      	pop	{r4}
 8009d7c:	4770      	bx	lr

08009d7e <reset_stm32_line_deassert>:

static int reset_stm32_line_deassert(const struct device *dev, uint32_t id)
{
 8009d7e:	b410      	push	{r4}
	const struct reset_stm32_config *config = dev->config;
 8009d80:	6843      	ldr	r3, [r0, #4]

#if DT_INST_PROP(0, set_bit_to_deassert)
	sys_set_bit(config->base + STM32_RESET_CLR_OFFSET(id),
		    STM32_RESET_REG_BIT(id));
#else
	sys_clear_bit(config->base + STM32_RESET_SET_OFFSET(id),
 8009d82:	681c      	ldr	r4, [r3, #0]
 8009d84:	f3c1 104b 	ubfx	r0, r1, #5, #12
 8009d88:	f001 011f 	and.w	r1, r1, #31
	uint32_t temp = *(volatile uint32_t *)addr;
 8009d8c:	5823      	ldr	r3, [r4, r0]
	*(volatile uint32_t *)addr = temp & ~(1U << bit);
 8009d8e:	2201      	movs	r2, #1
 8009d90:	408a      	lsls	r2, r1
 8009d92:	ea23 0302 	bic.w	r3, r3, r2
 8009d96:	5023      	str	r3, [r4, r0]
		      STM32_RESET_REG_BIT(id));
#endif

	return 0;
}
 8009d98:	2000      	movs	r0, #0
 8009d9a:	bc10      	pop	{r4}
 8009d9c:	4770      	bx	lr

08009d9e <reset_stm32_line_toggle>:

static int reset_stm32_line_toggle(const struct device *dev, uint32_t id)
{
 8009d9e:	b538      	push	{r3, r4, r5, lr}
 8009da0:	4604      	mov	r4, r0
 8009da2:	460d      	mov	r5, r1
	reset_stm32_line_assert(dev, id);
 8009da4:	f7ff ffdc 	bl	8009d60 <reset_stm32_line_assert>
	reset_stm32_line_deassert(dev, id);
 8009da8:	4629      	mov	r1, r5
 8009daa:	4620      	mov	r0, r4
 8009dac:	f7ff ffe7 	bl	8009d7e <reset_stm32_line_deassert>

	return 0;
}
 8009db0:	2000      	movs	r0, #0
 8009db2:	bd38      	pop	{r3, r4, r5, pc}

08009db4 <LL_RTC_DATE_Get>:
  temp = READ_BIT(RTCx->DR, (RTC_DR_WDU | RTC_DR_MT | RTC_DR_MU | RTC_DR_DT | RTC_DR_DU | RTC_DR_YT | RTC_DR_YU));
 8009db4:	6842      	ldr	r2, [r0, #4]
 8009db6:	f022 407f 	bic.w	r0, r2, #4278190080	@ 0xff000000
 8009dba:	f020 00c0 	bic.w	r0, r0, #192	@ 0xc0
  return (uint32_t)((((temp &              RTC_DR_WDU) >> RTC_DR_WDU_Pos) << RTC_OFFSET_WEEKDAY) | \
 8009dbe:	f3c2 334a 	ubfx	r3, r2, #13, #11
 8009dc2:	061b      	lsls	r3, r3, #24
 8009dc4:	f003 63e0 	and.w	r3, r3, #117440512	@ 0x7000000
                    (((temp & (RTC_DR_DT | RTC_DR_DU)) >> RTC_DR_DU_Pos)  << RTC_OFFSET_DAY)     | \
 8009dc8:	0401      	lsls	r1, r0, #16
 8009dca:	f401 117c 	and.w	r1, r1, #4128768	@ 0x3f0000
  return (uint32_t)((((temp &              RTC_DR_WDU) >> RTC_DR_WDU_Pos) << RTC_OFFSET_WEEKDAY) | \
 8009dce:	430b      	orrs	r3, r1
                    (((temp & (RTC_DR_MT | RTC_DR_MU)) >> RTC_DR_MU_Pos)  << RTC_OFFSET_MONTH)   | \
 8009dd0:	f402 52f8 	and.w	r2, r2, #7936	@ 0x1f00
                    (((temp & (RTC_DR_DT | RTC_DR_DU)) >> RTC_DR_DU_Pos)  << RTC_OFFSET_DAY)     | \
 8009dd4:	4313      	orrs	r3, r2
}
 8009dd6:	ea43 4010 	orr.w	r0, r3, r0, lsr #16
 8009dda:	4770      	bx	lr

08009ddc <reset_line_toggle>:
{
 8009ddc:	b508      	push	{r3, lr}
	const struct reset_driver_api *api = (const struct reset_driver_api *)dev->api;
 8009dde:	6883      	ldr	r3, [r0, #8]
	if (api->line_toggle == NULL) {
 8009de0:	68db      	ldr	r3, [r3, #12]
 8009de2:	b10b      	cbz	r3, 8009de8 <reset_line_toggle+0xc>
	return api->line_toggle(dev, id);
 8009de4:	4798      	blx	r3
}
 8009de6:	bd08      	pop	{r3, pc}
		return -ENOSYS;
 8009de8:	f06f 0057 	mvn.w	r0, #87	@ 0x57
	return z_impl_reset_line_toggle(dev, id);
 8009dec:	e7fb      	b.n	8009de6 <reset_line_toggle+0xa>

08009dee <uart_stm32_config_get>:
	struct uart_stm32_data *data = dev->data;
 8009dee:	6903      	ldr	r3, [r0, #16]
	struct uart_config *uart_cfg = data->uart_cfg;
 8009df0:	681b      	ldr	r3, [r3, #0]
	cfg->baudrate = uart_cfg->baudrate;
 8009df2:	681b      	ldr	r3, [r3, #0]
 8009df4:	600b      	str	r3, [r1, #0]
	const struct uart_stm32_config *config = dev->config;
 8009df6:	6843      	ldr	r3, [r0, #4]
	return LL_USART_GetParity(config->usart);
 8009df8:	681b      	ldr	r3, [r3, #0]
  return (uint32_t)(READ_BIT(USARTx->CR1, USART_CR1_PS | USART_CR1_PCE));
 8009dfa:	68db      	ldr	r3, [r3, #12]
 8009dfc:	f403 63c0 	and.w	r3, r3, #1536	@ 0x600
	switch (parity) {
 8009e00:	f5b3 6f80 	cmp.w	r3, #1024	@ 0x400
 8009e04:	d004      	beq.n	8009e10 <uart_stm32_config_get+0x22>
 8009e06:	f5b3 6fc0 	cmp.w	r3, #1536	@ 0x600
 8009e0a:	d111      	bne.n	8009e30 <uart_stm32_config_get+0x42>
 8009e0c:	2301      	movs	r3, #1
 8009e0e:	e000      	b.n	8009e12 <uart_stm32_config_get+0x24>
		return UART_CFG_PARITY_EVEN;
 8009e10:	2302      	movs	r3, #2
	cfg->parity = uart_stm32_ll2cfg_parity(uart_stm32_get_parity(dev));
 8009e12:	710b      	strb	r3, [r1, #4]
	const struct uart_stm32_config *config = dev->config;
 8009e14:	6843      	ldr	r3, [r0, #4]
	return LL_USART_GetStopBitsLength(config->usart);
 8009e16:	681b      	ldr	r3, [r3, #0]
  return (uint32_t)(READ_BIT(USARTx->CR2, USART_CR2_STOP));
 8009e18:	691b      	ldr	r3, [r3, #16]
 8009e1a:	f403 5340 	and.w	r3, r3, #12288	@ 0x3000
	switch (sb) {
 8009e1e:	f5b3 5f80 	cmp.w	r3, #4096	@ 0x1000
 8009e22:	d007      	beq.n	8009e34 <uart_stm32_config_get+0x46>
 8009e24:	f5b3 5f40 	cmp.w	r3, #12288	@ 0x3000
 8009e28:	d006      	beq.n	8009e38 <uart_stm32_config_get+0x4a>
 8009e2a:	b9fb      	cbnz	r3, 8009e6c <uart_stm32_config_get+0x7e>
		return UART_CFG_STOP_BITS_1;
 8009e2c:	2301      	movs	r3, #1
 8009e2e:	e004      	b.n	8009e3a <uart_stm32_config_get+0x4c>
		return UART_CFG_PARITY_NONE;
 8009e30:	2300      	movs	r3, #0
 8009e32:	e7ee      	b.n	8009e12 <uart_stm32_config_get+0x24>
	switch (sb) {
 8009e34:	2300      	movs	r3, #0
 8009e36:	e000      	b.n	8009e3a <uart_stm32_config_get+0x4c>
		return UART_CFG_STOP_BITS_1_5;
 8009e38:	2302      	movs	r3, #2
	cfg->stop_bits = uart_stm32_ll2cfg_stopbits(
 8009e3a:	714b      	strb	r3, [r1, #5]
	const struct uart_stm32_config *config = dev->config;
 8009e3c:	6843      	ldr	r3, [r0, #4]
	return LL_USART_GetDataWidth(config->usart);
 8009e3e:	681b      	ldr	r3, [r3, #0]
  return (uint32_t)(READ_BIT(USARTx->CR1, USART_CR1_M));
 8009e40:	68da      	ldr	r2, [r3, #12]
  return (uint32_t)(READ_BIT(USARTx->CR1, USART_CR1_PS | USART_CR1_PCE));
 8009e42:	68db      	ldr	r3, [r3, #12]
 8009e44:	f403 63c0 	and.w	r3, r3, #1536	@ 0x600
	switch (db) {
 8009e48:	f412 5f80 	tst.w	r2, #4096	@ 0x1000
 8009e4c:	d110      	bne.n	8009e70 <uart_stm32_config_get+0x82>
		if (p == LL_USART_PARITY_NONE) {
 8009e4e:	b9a3      	cbnz	r3, 8009e7a <uart_stm32_config_get+0x8c>
			return UART_CFG_DATA_BITS_8;
 8009e50:	2303      	movs	r3, #3
	cfg->data_bits = uart_stm32_ll2cfg_databits(
 8009e52:	718b      	strb	r3, [r1, #6]
	const struct uart_stm32_config *config = dev->config;
 8009e54:	6843      	ldr	r3, [r0, #4]
	return LL_USART_GetHWFlowCtrl(config->usart);
 8009e56:	681b      	ldr	r3, [r3, #0]
  return (uint32_t)(READ_BIT(USARTx->CR3, USART_CR3_RTSE | USART_CR3_CTSE));
 8009e58:	695b      	ldr	r3, [r3, #20]
 8009e5a:	f403 7340 	and.w	r3, r3, #768	@ 0x300
	if (fc == LL_USART_HWCONTROL_RTS_CTS) {
 8009e5e:	f5b3 7f40 	cmp.w	r3, #768	@ 0x300
 8009e62:	d00c      	beq.n	8009e7e <uart_stm32_config_get+0x90>
	return UART_CFG_FLOW_CTRL_NONE;
 8009e64:	2300      	movs	r3, #0
	cfg->flow_ctrl = uart_stm32_ll2cfg_hwctrl(
 8009e66:	71cb      	strb	r3, [r1, #7]
}
 8009e68:	2000      	movs	r0, #0
 8009e6a:	4770      	bx	lr
		return UART_CFG_STOP_BITS_2;
 8009e6c:	2303      	movs	r3, #3
 8009e6e:	e7e4      	b.n	8009e3a <uart_stm32_config_get+0x4c>
		if (p == LL_USART_PARITY_NONE) {
 8009e70:	b90b      	cbnz	r3, 8009e76 <uart_stm32_config_get+0x88>
			return UART_CFG_DATA_BITS_9;
 8009e72:	2304      	movs	r3, #4
 8009e74:	e7ed      	b.n	8009e52 <uart_stm32_config_get+0x64>
			return UART_CFG_DATA_BITS_8;
 8009e76:	2303      	movs	r3, #3
 8009e78:	e7eb      	b.n	8009e52 <uart_stm32_config_get+0x64>
			return UART_CFG_DATA_BITS_7;
 8009e7a:	2302      	movs	r3, #2
 8009e7c:	e7e9      	b.n	8009e52 <uart_stm32_config_get+0x64>
		return UART_CFG_FLOW_CTRL_RTS_CTS;
 8009e7e:	2301      	movs	r3, #1
 8009e80:	e7f1      	b.n	8009e66 <uart_stm32_config_get+0x78>

08009e82 <uart_stm32_poll_in_visitor>:
{
 8009e82:	b500      	push	{lr}
 8009e84:	b083      	sub	sp, #12
	const struct uart_stm32_config *config = dev->config;
 8009e86:	6843      	ldr	r3, [r0, #4]
	USART_TypeDef *usart = config->usart;
 8009e88:	6818      	ldr	r0, [r3, #0]
  * @param  USARTx USART Instance
  * @retval State of bit (1 or 0).
  */
__STATIC_INLINE uint32_t LL_USART_IsActiveFlag_ORE(const USART_TypeDef *USARTx)
{
  return (READ_BIT(USARTx->SR, USART_SR_ORE) == (USART_SR_ORE));
 8009e8a:	6803      	ldr	r3, [r0, #0]
	if (LL_USART_IsActiveFlag_ORE(usart)) {
 8009e8c:	f013 0f08 	tst.w	r3, #8
 8009e90:	d005      	beq.n	8009e9e <uart_stm32_poll_in_visitor+0x1c>
  * @retval None
  */
__STATIC_INLINE void LL_USART_ClearFlag_ORE(USART_TypeDef *USARTx)
{
  __IO uint32_t tmpreg;
  tmpreg = USARTx->SR;
 8009e92:	6803      	ldr	r3, [r0, #0]
 8009e94:	9301      	str	r3, [sp, #4]
  (void) tmpreg;
 8009e96:	9b01      	ldr	r3, [sp, #4]
  tmpreg = USARTx->DR;
 8009e98:	6843      	ldr	r3, [r0, #4]
 8009e9a:	9301      	str	r3, [sp, #4]
  (void) tmpreg;
 8009e9c:	9b01      	ldr	r3, [sp, #4]
  return (READ_BIT(USARTx->SR, USART_SR_RXNE) == (USART_SR_RXNE));
 8009e9e:	6803      	ldr	r3, [r0, #0]
	if (!ll_usart_is_active_rxne(usart)) {
 8009ea0:	f013 0f20 	tst.w	r3, #32
 8009ea4:	d004      	beq.n	8009eb0 <uart_stm32_poll_in_visitor+0x2e>
	get_fn(usart, in);
 8009ea6:	4790      	blx	r2
	return 0;
 8009ea8:	2000      	movs	r0, #0
}
 8009eaa:	b003      	add	sp, #12
 8009eac:	f85d fb04 	ldr.w	pc, [sp], #4
		return -1;
 8009eb0:	f04f 30ff 	mov.w	r0, #4294967295
 8009eb4:	e7f9      	b.n	8009eaa <uart_stm32_poll_in_visitor+0x28>

08009eb6 <uart_stm32_poll_out_visitor>:
{
 8009eb6:	b510      	push	{r4, lr}
	const struct uart_stm32_config *config = dev->config;
 8009eb8:	6843      	ldr	r3, [r0, #4]
	USART_TypeDef *usart = config->usart;
 8009eba:	6818      	ldr	r0, [r3, #0]
  return (READ_BIT(USARTx->SR, USART_SR_TXE) == (USART_SR_TXE));
 8009ebc:	6803      	ldr	r3, [r0, #0]
		if (ll_usart_is_active_txe(usart)) {
 8009ebe:	f013 0f80 	tst.w	r3, #128	@ 0x80
 8009ec2:	d0fb      	beq.n	8009ebc <uart_stm32_poll_out_visitor+0x6>
  __ASM volatile ("MRS %0, basepri" : "=r" (result) );
 8009ec4:	f3ef 8411 	mrs	r4, BASEPRI
  __ASM volatile ("MSR basepri_max, %0" : : "r" (basePri) : "memory");
 8009ec8:	2310      	movs	r3, #16
 8009eca:	f383 8812 	msr	BASEPRI_MAX, r3
  __ASM volatile ("isb 0xF":::"memory");
 8009ece:	f3bf 8f6f 	isb	sy
 8009ed2:	6803      	ldr	r3, [r0, #0]
			if (ll_usart_is_active_txe(usart)) {
 8009ed4:	f013 0f80 	tst.w	r3, #128	@ 0x80
 8009ed8:	d104      	bne.n	8009ee4 <uart_stm32_poll_out_visitor+0x2e>
  __ASM volatile ("MSR basepri, %0" : : "r" (basePri) : "memory");
 8009eda:	f384 8811 	msr	BASEPRI, r4
 8009ede:	f3bf 8f6f 	isb	sy
	}
	__enable_irq();
#else
#error Unknown ARM architecture
#endif /* CONFIG_ARMV6_M_ARMV8_M_BASELINE */
}
 8009ee2:	e7eb      	b.n	8009ebc <uart_stm32_poll_out_visitor+0x6>
	set_fn(usart, out);
 8009ee4:	4790      	blx	r2
 8009ee6:	f384 8811 	msr	BASEPRI, r4
 8009eea:	f3bf 8f6f 	isb	sy
}
 8009eee:	bd10      	pop	{r4, pc}

08009ef0 <poll_in_u8>:
  * @param  USARTx USART Instance
  * @retval Value between Min_Data=0x00 and Max_Data=0xFF
  */
__STATIC_INLINE uint8_t LL_USART_ReceiveData8(const USART_TypeDef *USARTx)
{
  return (uint8_t)(READ_BIT(USARTx->DR, USART_DR_DR));
 8009ef0:	6843      	ldr	r3, [r0, #4]
	*((unsigned char *)in) = (unsigned char)LL_USART_ReceiveData8(usart);
 8009ef2:	700b      	strb	r3, [r1, #0]
}
 8009ef4:	4770      	bx	lr

08009ef6 <poll_out_u8>:
	LL_USART_TransmitData8(usart, (uint8_t)out);
 8009ef6:	b2c9      	uxtb	r1, r1
  * @param  Value between Min_Data=0x00 and Max_Data=0xFF
  * @retval None
  */
__STATIC_INLINE void LL_USART_TransmitData8(USART_TypeDef *USARTx, uint8_t Value)
{
  USARTx->DR = Value;
 8009ef8:	6041      	str	r1, [r0, #4]
}
 8009efa:	4770      	bx	lr

08009efc <uart_stm32_err_check>:
{
 8009efc:	b084      	sub	sp, #16
	const struct uart_stm32_config *config = dev->config;
 8009efe:	6843      	ldr	r3, [r0, #4]
	USART_TypeDef *usart = config->usart;
 8009f00:	681b      	ldr	r3, [r3, #0]
  return (READ_BIT(USARTx->SR, USART_SR_ORE) == (USART_SR_ORE));
 8009f02:	6818      	ldr	r0, [r3, #0]
	if (LL_USART_IsActiveFlag_ORE(usart)) {
 8009f04:	f010 0008 	ands.w	r0, r0, #8
 8009f08:	d000      	beq.n	8009f0c <uart_stm32_err_check+0x10>
		err |= UART_ERROR_OVERRUN;
 8009f0a:	2001      	movs	r0, #1
  return (READ_BIT(USARTx->SR, USART_SR_PE) == (USART_SR_PE));
 8009f0c:	681a      	ldr	r2, [r3, #0]
	if (LL_USART_IsActiveFlag_PE(usart)) {
 8009f0e:	f012 0f01 	tst.w	r2, #1
 8009f12:	d001      	beq.n	8009f18 <uart_stm32_err_check+0x1c>
		err |= UART_ERROR_PARITY;
 8009f14:	f040 0002 	orr.w	r0, r0, #2
  return (READ_BIT(USARTx->SR, USART_SR_FE) == (USART_SR_FE));
 8009f18:	681a      	ldr	r2, [r3, #0]
	if (LL_USART_IsActiveFlag_FE(usart)) {
 8009f1a:	f012 0f02 	tst.w	r2, #2
 8009f1e:	d001      	beq.n	8009f24 <uart_stm32_err_check+0x28>
		err |= UART_ERROR_FRAMING;
 8009f20:	f040 0004 	orr.w	r0, r0, #4
  return (READ_BIT(USARTx->SR, USART_SR_NE) == (USART_SR_NE));
 8009f24:	681a      	ldr	r2, [r3, #0]
	if (LL_USART_IsActiveFlag_NE(usart)) {
 8009f26:	f012 0f04 	tst.w	r2, #4
 8009f2a:	d001      	beq.n	8009f30 <uart_stm32_err_check+0x34>
		err |= UART_ERROR_NOISE;
 8009f2c:	f040 0020 	orr.w	r0, r0, #32
  return (READ_BIT(USARTx->SR, USART_SR_LBD) == (USART_SR_LBD));
 8009f30:	681a      	ldr	r2, [r3, #0]
	if (LL_USART_IsActiveFlag_LBD(usart)) {
 8009f32:	f412 7f80 	tst.w	r2, #256	@ 0x100
 8009f36:	d02a      	beq.n	8009f8e <uart_stm32_err_check+0x92>
		err |= UART_BREAK;
 8009f38:	f040 0008 	orr.w	r0, r0, #8
  WRITE_REG(USARTx->SR, ~(USART_SR_LBD));
 8009f3c:	f46f 7280 	mvn.w	r2, #256	@ 0x100
 8009f40:	601a      	str	r2, [r3, #0]
	if (err & UART_ERROR_OVERRUN) {
 8009f42:	f010 0f01 	tst.w	r0, #1
 8009f46:	d005      	beq.n	8009f54 <uart_stm32_err_check+0x58>
  tmpreg = USARTx->SR;
 8009f48:	681a      	ldr	r2, [r3, #0]
 8009f4a:	9200      	str	r2, [sp, #0]
  (void) tmpreg;
 8009f4c:	9a00      	ldr	r2, [sp, #0]
  tmpreg = USARTx->DR;
 8009f4e:	685a      	ldr	r2, [r3, #4]
 8009f50:	9200      	str	r2, [sp, #0]
  (void) tmpreg;
 8009f52:	9a00      	ldr	r2, [sp, #0]
	if (err & UART_ERROR_PARITY) {
 8009f54:	f010 0f02 	tst.w	r0, #2
 8009f58:	d005      	beq.n	8009f66 <uart_stm32_err_check+0x6a>
  tmpreg = USARTx->SR;
 8009f5a:	681a      	ldr	r2, [r3, #0]
 8009f5c:	9201      	str	r2, [sp, #4]
  (void) tmpreg;
 8009f5e:	9a01      	ldr	r2, [sp, #4]
  tmpreg = USARTx->DR;
 8009f60:	685a      	ldr	r2, [r3, #4]
 8009f62:	9201      	str	r2, [sp, #4]
  (void) tmpreg;
 8009f64:	9a01      	ldr	r2, [sp, #4]
	if (err & UART_ERROR_FRAMING) {
 8009f66:	f010 0f04 	tst.w	r0, #4
 8009f6a:	d005      	beq.n	8009f78 <uart_stm32_err_check+0x7c>
  tmpreg = USARTx->SR;
 8009f6c:	681a      	ldr	r2, [r3, #0]
 8009f6e:	9202      	str	r2, [sp, #8]
  (void) tmpreg;
 8009f70:	9a02      	ldr	r2, [sp, #8]
  tmpreg = USARTx->DR;
 8009f72:	685a      	ldr	r2, [r3, #4]
 8009f74:	9202      	str	r2, [sp, #8]
  (void) tmpreg;
 8009f76:	9a02      	ldr	r2, [sp, #8]
	if (err & UART_ERROR_NOISE) {
 8009f78:	f010 0f20 	tst.w	r0, #32
 8009f7c:	d005      	beq.n	8009f8a <uart_stm32_err_check+0x8e>
  tmpreg = USARTx->SR;
 8009f7e:	681a      	ldr	r2, [r3, #0]
 8009f80:	9203      	str	r2, [sp, #12]
  (void) tmpreg;
 8009f82:	9a03      	ldr	r2, [sp, #12]
  tmpreg = USARTx->DR;
 8009f84:	685b      	ldr	r3, [r3, #4]
 8009f86:	9303      	str	r3, [sp, #12]
  (void) tmpreg;
 8009f88:	9b03      	ldr	r3, [sp, #12]
}
 8009f8a:	b004      	add	sp, #16
 8009f8c:	4770      	bx	lr
	if (err & UART_BREAK) {
 8009f8e:	f010 0f08 	tst.w	r0, #8
 8009f92:	d0d6      	beq.n	8009f42 <uart_stm32_err_check+0x46>
 8009f94:	e7d2      	b.n	8009f3c <uart_stm32_err_check+0x40>

08009f96 <uart_stm32_parameters_set>:
{
 8009f96:	b5f8      	push	{r3, r4, r5, r6, r7, lr}
 8009f98:	460c      	mov	r4, r1
	const struct uart_stm32_config *config = dev->config;
 8009f9a:	6847      	ldr	r7, [r0, #4]
	struct uart_stm32_data *data = dev->data;
 8009f9c:	6903      	ldr	r3, [r0, #16]
	struct uart_config *uart_cfg = data->uart_cfg;
 8009f9e:	681d      	ldr	r5, [r3, #0]
	const uint32_t parity = uart_stm32_cfg2ll_parity(cfg->parity);
 8009fa0:	7909      	ldrb	r1, [r1, #4]
	switch (parity) {
 8009fa2:	2901      	cmp	r1, #1
 8009fa4:	d004      	beq.n	8009fb0 <uart_stm32_parameters_set+0x1a>
 8009fa6:	2902      	cmp	r1, #2
 8009fa8:	d10e      	bne.n	8009fc8 <uart_stm32_parameters_set+0x32>
		return LL_USART_PARITY_EVEN;
 8009faa:	f44f 6380 	mov.w	r3, #1024	@ 0x400
 8009fae:	e001      	b.n	8009fb4 <uart_stm32_parameters_set+0x1e>
	switch (parity) {
 8009fb0:	f44f 63c0 	mov.w	r3, #1536	@ 0x600
	const uint32_t stopbits = uart_stm32_cfg2ll_stopbits(config, cfg->stop_bits);
 8009fb4:	7962      	ldrb	r2, [r4, #5]
	switch (sb) {
 8009fb6:	2a01      	cmp	r2, #1
 8009fb8:	d008      	beq.n	8009fcc <uart_stm32_parameters_set+0x36>
 8009fba:	2a02      	cmp	r2, #2
 8009fbc:	d008      	beq.n	8009fd0 <uart_stm32_parameters_set+0x3a>
 8009fbe:	2a00      	cmp	r2, #0
 8009fc0:	d14b      	bne.n	800a05a <uart_stm32_parameters_set+0xc4>
 8009fc2:	f44f 5280 	mov.w	r2, #4096	@ 0x1000
 8009fc6:	e005      	b.n	8009fd4 <uart_stm32_parameters_set+0x3e>
		return LL_USART_PARITY_NONE;
 8009fc8:	2300      	movs	r3, #0
 8009fca:	e7f3      	b.n	8009fb4 <uart_stm32_parameters_set+0x1e>
		return STM32_USART_STOP_BIT_1;
 8009fcc:	2200      	movs	r2, #0
 8009fce:	e001      	b.n	8009fd4 <uart_stm32_parameters_set+0x3e>
		return STM32_USART_STOP_BIT_1_5;
 8009fd0:	f44f 5240 	mov.w	r2, #12288	@ 0x3000
	const uint32_t databits = uart_stm32_cfg2ll_databits(cfg->data_bits,
 8009fd4:	79a6      	ldrb	r6, [r4, #6]
	switch (db) {
 8009fd6:	2e04      	cmp	r6, #4
 8009fd8:	d042      	beq.n	800a060 <uart_stm32_parameters_set+0xca>
		if (p != UART_CFG_PARITY_NONE) {
 8009fda:	2900      	cmp	r1, #0
 8009fdc:	d143      	bne.n	800a066 <uart_stm32_parameters_set+0xd0>
		return STM32_USART_DATAWIDTH_8_BIT;
 8009fde:	f04f 0c00 	mov.w	ip, #0
	const uint32_t flowctrl = uart_stm32_cfg2ll_hwctrl(cfg->flow_ctrl);
 8009fe2:	79e1      	ldrb	r1, [r4, #7]
	if (fc == UART_CFG_FLOW_CTRL_RTS_CTS) {
 8009fe4:	2901      	cmp	r1, #1
 8009fe6:	d041      	beq.n	800a06c <uart_stm32_parameters_set+0xd6>
	return LL_USART_HWCONTROL_NONE;
 8009fe8:	2100      	movs	r1, #0
	if (cfg == uart_cfg) {
 8009fea:	42a5      	cmp	r5, r4
 8009fec:	d041      	beq.n	800a072 <uart_stm32_parameters_set+0xdc>
	return LL_USART_GetParity(config->usart);
 8009fee:	683f      	ldr	r7, [r7, #0]
  return (uint32_t)(READ_BIT(USARTx->CR1, USART_CR1_PS | USART_CR1_PCE));
 8009ff0:	68fe      	ldr	r6, [r7, #12]
 8009ff2:	f406 6ec0 	and.w	lr, r6, #1536	@ 0x600
		if (parity != uart_stm32_get_parity(dev)) {
 8009ff6:	4573      	cmp	r3, lr
 8009ff8:	d004      	beq.n	800a004 <uart_stm32_parameters_set+0x6e>
  MODIFY_REG(USARTx->CR1, USART_CR1_PS | USART_CR1_PCE, Parity);
 8009ffa:	68fe      	ldr	r6, [r7, #12]
 8009ffc:	f426 66c0 	bic.w	r6, r6, #1536	@ 0x600
 800a000:	4333      	orrs	r3, r6
 800a002:	60fb      	str	r3, [r7, #12]
	const struct uart_stm32_config *config = dev->config;
 800a004:	6843      	ldr	r3, [r0, #4]
	return LL_USART_GetStopBitsLength(config->usart);
 800a006:	681e      	ldr	r6, [r3, #0]
  return (uint32_t)(READ_BIT(USARTx->CR2, USART_CR2_STOP));
 800a008:	6933      	ldr	r3, [r6, #16]
 800a00a:	f403 5340 	and.w	r3, r3, #12288	@ 0x3000
		if (stopbits != uart_stm32_get_stopbits(dev)) {
 800a00e:	429a      	cmp	r2, r3
 800a010:	d004      	beq.n	800a01c <uart_stm32_parameters_set+0x86>
  MODIFY_REG(USARTx->CR2, USART_CR2_STOP, StopBits);
 800a012:	6933      	ldr	r3, [r6, #16]
 800a014:	f423 5340 	bic.w	r3, r3, #12288	@ 0x3000
 800a018:	431a      	orrs	r2, r3
 800a01a:	6132      	str	r2, [r6, #16]
	const struct uart_stm32_config *config = dev->config;
 800a01c:	6843      	ldr	r3, [r0, #4]
	return LL_USART_GetDataWidth(config->usart);
 800a01e:	681e      	ldr	r6, [r3, #0]
  return (uint32_t)(READ_BIT(USARTx->CR1, USART_CR1_M));
 800a020:	68f3      	ldr	r3, [r6, #12]
 800a022:	f403 5380 	and.w	r3, r3, #4096	@ 0x1000
		if (databits != uart_stm32_get_databits(dev)) {
 800a026:	459c      	cmp	ip, r3
 800a028:	d005      	beq.n	800a036 <uart_stm32_parameters_set+0xa0>
  MODIFY_REG(USARTx->CR1, USART_CR1_M, DataWidth);
 800a02a:	68f3      	ldr	r3, [r6, #12]
 800a02c:	f423 5380 	bic.w	r3, r3, #4096	@ 0x1000
 800a030:	ea4c 0303 	orr.w	r3, ip, r3
 800a034:	60f3      	str	r3, [r6, #12]
	const struct uart_stm32_config *config = dev->config;
 800a036:	6843      	ldr	r3, [r0, #4]
	return LL_USART_GetHWFlowCtrl(config->usart);
 800a038:	681a      	ldr	r2, [r3, #0]
  return (uint32_t)(READ_BIT(USARTx->CR3, USART_CR3_RTSE | USART_CR3_CTSE));
 800a03a:	6953      	ldr	r3, [r2, #20]
 800a03c:	f403 7340 	and.w	r3, r3, #768	@ 0x300
		if (flowctrl != uart_stm32_get_hwctrl(dev)) {
 800a040:	4299      	cmp	r1, r3
 800a042:	d004      	beq.n	800a04e <uart_stm32_parameters_set+0xb8>
  MODIFY_REG(USARTx->CR3, USART_CR3_RTSE | USART_CR3_CTSE, HardwareFlowControl);
 800a044:	6953      	ldr	r3, [r2, #20]
 800a046:	f423 7340 	bic.w	r3, r3, #768	@ 0x300
 800a04a:	430b      	orrs	r3, r1
 800a04c:	6153      	str	r3, [r2, #20]
		if (cfg->baudrate != uart_cfg->baudrate) {
 800a04e:	6821      	ldr	r1, [r4, #0]
 800a050:	682b      	ldr	r3, [r5, #0]
 800a052:	4299      	cmp	r1, r3
 800a054:	d128      	bne.n	800a0a8 <uart_stm32_parameters_set+0x112>
	return 0;
 800a056:	2000      	movs	r0, #0
}
 800a058:	bdf8      	pop	{r3, r4, r5, r6, r7, pc}
		return STM32_USART_STOP_BIT_2;
 800a05a:	f44f 5200 	mov.w	r2, #8192	@ 0x2000
 800a05e:	e7b9      	b.n	8009fd4 <uart_stm32_parameters_set+0x3e>
		return STM32_USART_DATAWIDTH_9_BIT;
 800a060:	f44f 5c80 	mov.w	ip, #4096	@ 0x1000
 800a064:	e7bd      	b.n	8009fe2 <uart_stm32_parameters_set+0x4c>
			return STM32_USART_DATAWIDTH_9_BIT;
 800a066:	f44f 5c80 	mov.w	ip, #4096	@ 0x1000
 800a06a:	e7ba      	b.n	8009fe2 <uart_stm32_parameters_set+0x4c>
		return LL_USART_HWCONTROL_RTS_CTS;
 800a06c:	f44f 7140 	mov.w	r1, #768	@ 0x300
 800a070:	e7bb      	b.n	8009fea <uart_stm32_parameters_set+0x54>
		LL_USART_ConfigCharacter(config->usart,
 800a072:	683e      	ldr	r6, [r7, #0]
  MODIFY_REG(USARTx->CR1, USART_CR1_PS | USART_CR1_PCE | USART_CR1_M, Parity | DataWidth);
 800a074:	68f5      	ldr	r5, [r6, #12]
 800a076:	f425 55b0 	bic.w	r5, r5, #5632	@ 0x1600
 800a07a:	ea43 030c 	orr.w	r3, r3, ip
 800a07e:	432b      	orrs	r3, r5
 800a080:	60f3      	str	r3, [r6, #12]
  MODIFY_REG(USARTx->CR2, USART_CR2_STOP, StopBits);
 800a082:	6933      	ldr	r3, [r6, #16]
 800a084:	f423 5340 	bic.w	r3, r3, #12288	@ 0x3000
 800a088:	4313      	orrs	r3, r2
 800a08a:	6133      	str	r3, [r6, #16]
	const struct uart_stm32_config *config = dev->config;
 800a08c:	6843      	ldr	r3, [r0, #4]
	LL_USART_SetHWFlowCtrl(config->usart, hwctrl);
 800a08e:	681a      	ldr	r2, [r3, #0]
  MODIFY_REG(USARTx->CR3, USART_CR3_RTSE | USART_CR3_CTSE, HardwareFlowControl);
 800a090:	6953      	ldr	r3, [r2, #20]
 800a092:	f423 7340 	bic.w	r3, r3, #768	@ 0x300
 800a096:	430b      	orrs	r3, r1
 800a098:	6153      	str	r3, [r2, #20]
		ret = uart_stm32_set_baudrate(dev, cfg->baudrate);
 800a09a:	6821      	ldr	r1, [r4, #0]
 800a09c:	f7fb fa0e 	bl	80054bc <uart_stm32_set_baudrate>
		if (ret < 0) {
 800a0a0:	2800      	cmp	r0, #0
 800a0a2:	dbd9      	blt.n	800a058 <uart_stm32_parameters_set+0xc2>
	return 0;
 800a0a4:	2000      	movs	r0, #0
 800a0a6:	e7d7      	b.n	800a058 <uart_stm32_parameters_set+0xc2>
			ret = uart_stm32_set_baudrate(dev, cfg->baudrate);
 800a0a8:	f7fb fa08 	bl	80054bc <uart_stm32_set_baudrate>
			if (ret < 0) {
 800a0ac:	2800      	cmp	r0, #0
 800a0ae:	dbd3      	blt.n	800a058 <uart_stm32_parameters_set+0xc2>
			uart_cfg->baudrate = cfg->baudrate;
 800a0b0:	6823      	ldr	r3, [r4, #0]
 800a0b2:	602b      	str	r3, [r5, #0]
	return 0;
 800a0b4:	2000      	movs	r0, #0
 800a0b6:	e7cf      	b.n	800a058 <uart_stm32_parameters_set+0xc2>

0800a0b8 <pinctrl_apply_state>:
{
 800a0b8:	b500      	push	{lr}
 800a0ba:	b083      	sub	sp, #12
	ret = pinctrl_lookup_state(config, id, &state);
 800a0bc:	aa01      	add	r2, sp, #4
 800a0be:	f7ff fda2 	bl	8009c06 <pinctrl_lookup_state>
	if (ret < 0) {
 800a0c2:	2800      	cmp	r0, #0
 800a0c4:	db05      	blt.n	800a0d2 <pinctrl_apply_state+0x1a>
	return pinctrl_apply_state_direct(config, state);
 800a0c6:	9b01      	ldr	r3, [sp, #4]
	return pinctrl_configure_pins(state->pins, state->pin_cnt, reg);
 800a0c8:	2200      	movs	r2, #0
 800a0ca:	7919      	ldrb	r1, [r3, #4]
 800a0cc:	6818      	ldr	r0, [r3, #0]
 800a0ce:	f7ff fdb3 	bl	8009c38 <pinctrl_configure_pins>
}
 800a0d2:	b003      	add	sp, #12
 800a0d4:	f85d fb04 	ldr.w	pc, [sp], #4

0800a0d8 <uart_stm32_init>:
 * @param dev UART device struct
 *
 * @return 0
 */
static int uart_stm32_init(const struct device *dev)
{
 800a0d8:	b538      	push	{r3, r4, r5, lr}
 800a0da:	4604      	mov	r4, r0
	const struct uart_stm32_config *config = dev->config;
 800a0dc:	6845      	ldr	r5, [r0, #4]
	int err;

	err = uart_stm32_clocks_enable(dev);
 800a0de:	f7fb f9d5 	bl	800548c <uart_stm32_clocks_enable>
	if (err < 0) {
 800a0e2:	2800      	cmp	r0, #0
 800a0e4:	db0b      	blt.n	800a0fe <uart_stm32_init+0x26>
		return err;
	}

	/* Configure dt provided device signals when available */
	err = pinctrl_apply_state(config->pcfg, PINCTRL_STATE_DEFAULT);
 800a0e6:	2100      	movs	r1, #0
 800a0e8:	6a68      	ldr	r0, [r5, #36]	@ 0x24
 800a0ea:	f7ff ffe5 	bl	800a0b8 <pinctrl_apply_state>
	if (err < 0) {
 800a0ee:	2800      	cmp	r0, #0
 800a0f0:	db05      	blt.n	800a0fe <uart_stm32_init+0x26>
		return err;
	}

	err = uart_stm32_registers_configure(dev);
 800a0f2:	4620      	mov	r0, r4
 800a0f4:	f7fb fb38 	bl	8005768 <uart_stm32_registers_configure>
	if (err < 0) {
 800a0f8:	2800      	cmp	r0, #0
 800a0fa:	db00      	blt.n	800a0fe <uart_stm32_init+0x26>
#endif /* CONFIG_PM || CONFIG_UART_INTERRUPT_DRIVEN || CONFIG_UART_ASYNC_API */

#ifdef CONFIG_UART_ASYNC_API
	return uart_stm32_async_init(dev);
#else
	return 0;
 800a0fc:	2000      	movs	r0, #0
#endif
}
 800a0fe:	bd38      	pop	{r3, r4, r5, pc}

0800a100 <sys_clock_announce>:
 * driver state and tick accounting under a single lock.
 *
 * @param ticks Elapsed time, in ticks
 */
static inline void sys_clock_announce(int32_t ticks)
{
 800a100:	b508      	push	{r3, lr}
  __ASM volatile ("MRS %0, basepri" : "=r" (result) );
 800a102:	f3ef 8111 	mrs	r1, BASEPRI
  __ASM volatile ("MSR basepri_max, %0" : : "r" (basePri) : "memory");
 800a106:	2310      	movs	r3, #16
 800a108:	f383 8812 	msr	BASEPRI_MAX, r3
 800a10c:	f3bf 8f6f 	isb	sy
	sys_clock_announce_locked(ticks, sys_clock_lock());
 800a110:	f7fd f84a 	bl	80071a8 <sys_clock_announce_locked>
}
 800a114:	bd08      	pop	{r3, pc}

0800a116 <z_impl_k_busy_wait>:
#endif /* CONFIG_SYSTEM_CLOCK_HW_CYCLES_PER_SEC_RUNTIME_UPDATE */

void z_impl_k_busy_wait(uint32_t usec_to_wait)
{
	SYS_PORT_TRACING_FUNC_ENTER(k_thread, busy_wait, usec_to_wait);
	if (usec_to_wait == 0U) {
 800a116:	b900      	cbnz	r0, 800a11a <z_impl_k_busy_wait+0x4>
 800a118:	4770      	bx	lr
{
 800a11a:	b538      	push	{r3, r4, r5, lr}
 800a11c:	4604      	mov	r4, r0
 800a11e:	f7fb fc87 	bl	8005a30 <sys_clock_cycle_get_32>
 800a122:	4605      	mov	r5, r0
			break;
		}
	}
#else
	uint32_t start_cycles = k_cycle_get_32();
	uint32_t cycles_to_wait = k_us_to_cyc_ceil32(usec_to_wait);
 800a124:	2354      	movs	r3, #84	@ 0x54
 800a126:	fb03 f404 	mul.w	r4, r3, r4
 800a12a:	f7fb fc81 	bl	8005a30 <sys_clock_cycle_get_32>

	for (;;) {
		uint32_t current_cycles = k_cycle_get_32();

		/* This handles the rollover on an unsigned 32-bit value */
		if ((current_cycles - start_cycles) >= cycles_to_wait) {
 800a12e:	1b40      	subs	r0, r0, r5
 800a130:	42a0      	cmp	r0, r4
 800a132:	d3fa      	bcc.n	800a12a <z_impl_k_busy_wait+0x14>
		arch_nop();
	}
#endif

	SYS_PORT_TRACING_FUNC_EXIT(k_thread, busy_wait, usec_to_wait);
}
 800a134:	bd38      	pop	{r3, r4, r5, pc}

0800a136 <do_device_init>:
#include <zephyr/internal/syscall_handler.h>
#include <zephyr/toolchain.h>
#include <zephyr/pm/device_runtime.h>

int do_device_init(const struct device *dev)
{
 800a136:	b510      	push	{r4, lr}
 800a138:	4604      	mov	r4, r0
	int rc = 0;

	if (dev->ops.init != NULL) {
 800a13a:	6943      	ldr	r3, [r0, #20]
 800a13c:	b193      	cbz	r3, 800a164 <do_device_init+0x2e>
		rc = dev->ops.init(dev);
 800a13e:	4798      	blx	r3
		/* If initialization failed, record in dev->state->init_res
		 * the POSITIVE value of the resulting errno
		 */
		if (rc != 0) {
 800a140:	4602      	mov	r2, r0
 800a142:	b130      	cbz	r0, 800a152 <do_device_init+0x1c>
			 * errno value maps to an uint8_t range as of now.
			 */
			__ASSERT(rc >= -UINT8_MAX && rc < 0, "device %s init: invalid error (%d)",
				 dev->name, rc);

			if (rc < 0) {
 800a144:	2800      	cmp	r0, #0
 800a146:	db0b      	blt.n	800a160 <do_device_init+0x2a>
				rc = -rc;
			}
			/* handle error value overflow in production
			 * this is likely a bug in the device's init function. Signals it
			 */
			if (rc > UINT8_MAX) {
 800a148:	2aff      	cmp	r2, #255	@ 0xff
 800a14a:	dd00      	ble.n	800a14e <do_device_init+0x18>
				rc = UINT8_MAX;
 800a14c:	22ff      	movs	r2, #255	@ 0xff
			}
			dev->state->init_res = rc;
 800a14e:	68e3      	ldr	r3, [r4, #12]
 800a150:	701a      	strb	r2, [r3, #0]
		}
	}

	/* device initialization has been invoked */
	dev->state->initialized = true;
 800a152:	68e1      	ldr	r1, [r4, #12]
 800a154:	784b      	ldrb	r3, [r1, #1]
 800a156:	f043 0301 	orr.w	r3, r3, #1
 800a15a:	704b      	strb	r3, [r1, #1]

	/* here, the value of rc is either 0 or +errno
	 * flip the sign to return a negative value on failure as expected
	 */
	return -rc;
}
 800a15c:	4250      	negs	r0, r2
 800a15e:	bd10      	pop	{r4, pc}
				rc = -rc;
 800a160:	4242      	negs	r2, r0
 800a162:	e7f1      	b.n	800a148 <do_device_init+0x12>
	int rc = 0;
 800a164:	2200      	movs	r2, #0
 800a166:	e7f4      	b.n	800a152 <do_device_init+0x1c>

0800a168 <z_impl_device_is_ready>:
{
	/*
	 * if an invalid device pointer is passed as argument, this call
	 * reports the `device` as not ready for usage.
	 */
	if (dev == NULL) {
 800a168:	b160      	cbz	r0, 800a184 <z_impl_device_is_ready+0x1c>
		return false;
	}

	return dev->state->initialized && (dev->state->init_res == 0U);
 800a16a:	68c3      	ldr	r3, [r0, #12]
 800a16c:	785a      	ldrb	r2, [r3, #1]
 800a16e:	f012 0f01 	tst.w	r2, #1
 800a172:	d003      	beq.n	800a17c <z_impl_device_is_ready+0x14>
 800a174:	781b      	ldrb	r3, [r3, #0]
 800a176:	b11b      	cbz	r3, 800a180 <z_impl_device_is_ready+0x18>
 800a178:	2000      	movs	r0, #0
 800a17a:	4770      	bx	lr
 800a17c:	2000      	movs	r0, #0
 800a17e:	4770      	bx	lr
 800a180:	2001      	movs	r0, #1
 800a182:	4770      	bx	lr
		return false;
 800a184:	2000      	movs	r0, #0
}
 800a186:	4770      	bx	lr

0800a188 <arch_system_halt>:
  __ASM volatile ("MRS %0, basepri" : "=r" (result) );
 800a188:	f3ef 8311 	mrs	r3, BASEPRI
  __ASM volatile ("MSR basepri_max, %0" : : "r" (basePri) : "memory");
 800a18c:	2310      	movs	r3, #16
 800a18e:	f383 8812 	msr	BASEPRI_MAX, r3
 800a192:	f3bf 8f6f 	isb	sy
	for (;;) {
 800a196:	e7fe      	b.n	800a196 <arch_system_halt+0xe>

0800a198 <idle>:
#include <wait_q.h>

LOG_MODULE_DECLARE(os, CONFIG_KERNEL_LOG_LEVEL);

void idle(void *unused1, void *unused2, void *unused3)
{
 800a198:	b508      	push	{r3, lr}
  __ASM volatile ("MRS %0, basepri" : "=r" (result) );
 800a19a:	f3ef 8311 	mrs	r3, BASEPRI
  __ASM volatile ("MSR basepri_max, %0" : : "r" (basePri) : "memory");
 800a19e:	2310      	movs	r3, #16
 800a1a0:	f383 8812 	msr	BASEPRI_MAX, r3
 800a1a4:	f3bf 8f6f 	isb	sy
 * @note In some architectures, before returning, the function unmasks interrupts
 * unconditionally.
 */
static inline void k_cpu_idle(void)
{
	arch_cpu_idle();
 800a1a8:	f7ff f83d 	bl	8009226 <arch_cpu_idle>
	ARG_UNUSED(unused2);
	ARG_UNUSED(unused3);

	__ASSERT_NO_MSG(_current->base.prio >= 0);

	while (true) {
 800a1ac:	e7f5      	b.n	800a19a <idle+0x2>

0800a1ae <arch_spin_relax>:
	return sys_clock_cycle_get_64();
}

static ALWAYS_INLINE void arch_nop(void)
{
	__asm__ volatile("nop");
 800a1ae:	bf00      	nop
{
	__ASSERT(!arch_irq_unlocked(arch_irq_lock()),
		 "this is meant to be called with IRQs disabled");

	arch_nop();
}
 800a1b0:	4770      	bx	lr

0800a1b2 <z_impl_k_msgq_put>:
{
 800a1b2:	b510      	push	{r4, lr}
 800a1b4:	b082      	sub	sp, #8
	return put_msg_in_queue(msgq, data, timeout, true);
 800a1b6:	2401      	movs	r4, #1
 800a1b8:	9400      	str	r4, [sp, #0]
 800a1ba:	f7fb ff87 	bl	80060cc <put_msg_in_queue>
}
 800a1be:	b002      	add	sp, #8
 800a1c0:	bd10      	pop	{r4, pc}

0800a1c2 <z_impl_k_msgq_peek>:
}
#include <zephyr/syscalls/k_msgq_get_mrsh.c>
#endif /* CONFIG_USERSPACE */

int z_impl_k_msgq_peek(struct k_msgq *msgq, void *data)
{
 800a1c2:	b510      	push	{r4, lr}
 800a1c4:	4603      	mov	r3, r0
  __ASM volatile ("MRS %0, basepri" : "=r" (result) );
 800a1c6:	f3ef 8411 	mrs	r4, BASEPRI
  __ASM volatile ("MSR basepri_max, %0" : : "r" (basePri) : "memory");
 800a1ca:	2210      	movs	r2, #16
 800a1cc:	f382 8812 	msr	BASEPRI_MAX, r2
 800a1d0:	f3bf 8f6f 	isb	sy
	k_spinlock_key_t key;
	int result;

	key = k_spin_lock(&msgq->lock);

	if (msgq->used_msgs > 0U) {
 800a1d4:	6a02      	ldr	r2, [r0, #32]
 800a1d6:	b152      	cbz	r2, 800a1ee <z_impl_k_msgq_peek+0x2c>
 800a1d8:	4608      	mov	r0, r1
		/* take first available message from queue */
		(void)memcpy((char *)data, msgq->read_ptr, msgq->msg_size);
 800a1da:	689a      	ldr	r2, [r3, #8]
 800a1dc:	6999      	ldr	r1, [r3, #24]
 800a1de:	f7f6 f83b 	bl	8000258 <__aeabi_memcpy>
		result = 0;
 800a1e2:	2000      	movs	r0, #0
  __ASM volatile ("MSR basepri, %0" : : "r" (basePri) : "memory");
 800a1e4:	f384 8811 	msr	BASEPRI, r4
 800a1e8:	f3bf 8f6f 	isb	sy
	SYS_PORT_TRACING_OBJ_FUNC(k_msgq, peek, msgq, result);

	k_spin_unlock(&msgq->lock, key);

	return result;
}
 800a1ec:	bd10      	pop	{r4, pc}
		result = -ENOMSG;
 800a1ee:	f06f 0022 	mvn.w	r0, #34	@ 0x22
 800a1f2:	e7f7      	b.n	800a1e4 <z_impl_k_msgq_peek+0x22>

0800a1f4 <z_impl_k_msgq_purge>:
}
#include <zephyr/syscalls/k_msgq_peek_at_mrsh.c>
#endif /* CONFIG_USERSPACE */

void z_impl_k_msgq_purge(struct k_msgq *msgq)
{
 800a1f4:	b5f8      	push	{r3, r4, r5, r6, r7, lr}
 800a1f6:	4605      	mov	r5, r0
  __ASM volatile ("MRS %0, basepri" : "=r" (result) );
 800a1f8:	f3ef 8611 	mrs	r6, BASEPRI
  __ASM volatile ("MSR basepri_max, %0" : : "r" (basePri) : "memory");
 800a1fc:	2310      	movs	r3, #16
 800a1fe:	f383 8812 	msr	BASEPRI_MAX, r3
 800a202:	f3bf 8f6f 	isb	sy
 800a206:	4637      	mov	r7, r6
	return list->head == list;
 800a208:	6804      	ldr	r4, [r0, #0]
	return sys_dlist_is_empty(list) ? NULL : list->head;
 800a20a:	42a0      	cmp	r0, r4
 800a20c:	d012      	beq.n	800a234 <z_impl_k_msgq_purge+0x40>
 800a20e:	b17c      	cbz	r4, 800a230 <z_impl_k_msgq_purge+0x3c>
	sys_dnode_t *const prev = node->prev;
 800a210:	6862      	ldr	r2, [r4, #4]
	sys_dnode_t *const next = node->next;
 800a212:	6823      	ldr	r3, [r4, #0]
	prev->next = next;
 800a214:	6013      	str	r3, [r2, #0]
	next->prev = prev;
 800a216:	605a      	str	r2, [r3, #4]
	node->next = NULL;
 800a218:	2300      	movs	r3, #0
 800a21a:	6023      	str	r3, [r4, #0]
	node->prev = NULL;
 800a21c:	6063      	str	r3, [r4, #4]
	thread->base.thread_state &= ~_THREAD_PENDING;
 800a21e:	7c22      	ldrb	r2, [r4, #16]
 800a220:	f022 0202 	bic.w	r2, r2, #2
 800a224:	7422      	strb	r2, [r4, #16]
 800a226:	60a3      	str	r3, [r4, #8]
	z_abort_timeout(&thread->base.timeout);
 800a228:	f104 0018 	add.w	r0, r4, #24
 800a22c:	f000 f9e0 	bl	800a5f0 <z_abort_timeout>
	struct k_thread *thread = NULL;
 800a230:	2300      	movs	r3, #0
 800a232:	e003      	b.n	800a23c <z_impl_k_msgq_purge+0x48>
 800a234:	2400      	movs	r4, #0
 800a236:	e7fb      	b.n	800a230 <z_impl_k_msgq_purge+0x3c>
 800a238:	2400      	movs	r4, #0
 800a23a:	2301      	movs	r3, #1

	SYS_PORT_TRACING_OBJ_FUNC(k_msgq, purge, msgq);

	/* wake up any threads that are waiting to write */
	for (pending_thread = z_unpend_first_thread(&msgq->wait_q);
	     pending_thread != NULL;
 800a23c:	b1e4      	cbz	r4, 800a278 <z_impl_k_msgq_purge+0x84>
 800a23e:	f06f 0322 	mvn.w	r3, #34	@ 0x22
 800a242:	f8c4 30ac 	str.w	r3, [r4, #172]	@ 0xac
	     pending_thread = z_unpend_first_thread(&msgq->wait_q)) {
		arch_thread_return_value_set(pending_thread, -ENOMSG);
		z_ready_thread(pending_thread);
 800a246:	4620      	mov	r0, r4
 800a248:	f000 f907 	bl	800a45a <z_ready_thread>
	return list->head == list;
 800a24c:	682c      	ldr	r4, [r5, #0]
	return sys_dlist_is_empty(list) ? NULL : list->head;
 800a24e:	42a5      	cmp	r5, r4
 800a250:	d0f2      	beq.n	800a238 <z_impl_k_msgq_purge+0x44>
	if (n != NULL) {
 800a252:	2c00      	cmp	r4, #0
 800a254:	d0f1      	beq.n	800a23a <z_impl_k_msgq_purge+0x46>
	sys_dnode_t *const prev = node->prev;
 800a256:	6862      	ldr	r2, [r4, #4]
	sys_dnode_t *const next = node->next;
 800a258:	6823      	ldr	r3, [r4, #0]
	prev->next = next;
 800a25a:	6013      	str	r3, [r2, #0]
	next->prev = prev;
 800a25c:	605a      	str	r2, [r3, #4]
	node->next = NULL;
 800a25e:	2300      	movs	r3, #0
 800a260:	6023      	str	r3, [r4, #0]
	node->prev = NULL;
 800a262:	6063      	str	r3, [r4, #4]
 800a264:	7c22      	ldrb	r2, [r4, #16]
 800a266:	f022 0202 	bic.w	r2, r2, #2
 800a26a:	7422      	strb	r2, [r4, #16]
 800a26c:	60a3      	str	r3, [r4, #8]
 800a26e:	f104 0018 	add.w	r0, r4, #24
 800a272:	f000 f9bd 	bl	800a5f0 <z_abort_timeout>
}
 800a276:	e7e0      	b.n	800a23a <z_impl_k_msgq_purge+0x46>
		resched = true;
	}

	msgq->used_msgs = 0;
 800a278:	2200      	movs	r2, #0
 800a27a:	622a      	str	r2, [r5, #32]
	msgq->read_ptr = msgq->write_ptr;
 800a27c:	69ea      	ldr	r2, [r5, #28]
 800a27e:	61aa      	str	r2, [r5, #24]

	if (resched) {
 800a280:	b923      	cbnz	r3, 800a28c <z_impl_k_msgq_purge+0x98>
  __ASM volatile ("MSR basepri, %0" : : "r" (basePri) : "memory");
 800a282:	f387 8811 	msr	BASEPRI, r7
 800a286:	f3bf 8f6f 	isb	sy
		z_reschedule(&msgq->lock, key);
	} else {
		k_spin_unlock(&msgq->lock, key);
	}
}
 800a28a:	bdf8      	pop	{r3, r4, r5, r6, r7, pc}
		z_reschedule(&msgq->lock, key);
 800a28c:	4631      	mov	r1, r6
 800a28e:	f105 0008 	add.w	r0, r5, #8
 800a292:	f000 f973 	bl	800a57c <z_reschedule>
 800a296:	e7f8      	b.n	800a28a <z_impl_k_msgq_purge+0x96>

0800a298 <new_prio_for_inheritance>:
	int new_prio = z_is_prio_higher(target, limit) ? target : limit;
 800a298:	4288      	cmp	r0, r1
 800a29a:	da00      	bge.n	800a29e <new_prio_for_inheritance+0x6>
 800a29c:	4601      	mov	r1, r0
	return z_is_under_prio_ceiling(prio) ? prio : CONFIG_PRIORITY_CEILING;
 800a29e:	f111 0f80 	cmn.w	r1, #128	@ 0x80
 800a2a2:	db01      	blt.n	800a2a8 <new_prio_for_inheritance+0x10>
 800a2a4:	4608      	mov	r0, r1
 800a2a6:	4770      	bx	lr
 800a2a8:	f06f 007f 	mvn.w	r0, #127	@ 0x7f
}
 800a2ac:	4770      	bx	lr

0800a2ae <adjust_owner_prio>:
{
 800a2ae:	b508      	push	{r3, lr}
	if (mutex->owner->base.prio != new_prio) {
 800a2b0:	6880      	ldr	r0, [r0, #8]
 800a2b2:	f990 300e 	ldrsb.w	r3, [r0, #14]
 800a2b6:	428b      	cmp	r3, r1
 800a2b8:	d101      	bne.n	800a2be <adjust_owner_prio+0x10>
	return false;
 800a2ba:	2000      	movs	r0, #0
}
 800a2bc:	bd08      	pop	{r3, pc}
		return z_thread_prio_set(mutex->owner, new_prio);
 800a2be:	f7fc fb6f 	bl	80069a0 <z_thread_prio_set>
 800a2c2:	e7fb      	b.n	800a2bc <adjust_owner_prio+0xe>

0800a2c4 <z_impl_k_sem_init>:
	CHECKIF(limit == 0U || initial_count > limit) {
 800a2c4:	b13a      	cbz	r2, 800a2d6 <z_impl_k_sem_init+0x12>
 800a2c6:	428a      	cmp	r2, r1
 800a2c8:	d308      	bcc.n	800a2dc <z_impl_k_sem_init+0x18>
	sem->count = initial_count;
 800a2ca:	6081      	str	r1, [r0, #8]
	sem->limit = limit;
 800a2cc:	60c2      	str	r2, [r0, #12]
	list->head = (sys_dnode_t *)list;
 800a2ce:	6000      	str	r0, [r0, #0]
	list->tail = (sys_dnode_t *)list;
 800a2d0:	6040      	str	r0, [r0, #4]
	return 0;
 800a2d2:	2000      	movs	r0, #0
 800a2d4:	4770      	bx	lr
		return -EINVAL;
 800a2d6:	f06f 0015 	mvn.w	r0, #21
 800a2da:	4770      	bx	lr
 800a2dc:	f06f 0015 	mvn.w	r0, #21
}
 800a2e0:	4770      	bx	lr

0800a2e2 <setup_thread_stack>:
{
 800a2e2:	b5f8      	push	{r3, r4, r5, r6, r7, lr}
 800a2e4:	4605      	mov	r5, r0
		stack_obj_size = K_KERNEL_STACK_LEN(stack_size);
 800a2e6:	1dd3      	adds	r3, r2, #7
 800a2e8:	f023 0307 	bic.w	r3, r3, #7
 800a2ec:	337f      	adds	r3, #127	@ 0x7f
 800a2ee:	f023 033f 	bic.w	r3, r3, #63	@ 0x3f

/** @} */

static inline char *K_KERNEL_STACK_BUFFER(k_thread_stack_t *sym)
{
	return (char *)sym + K_KERNEL_STACK_RESERVED;
 800a2f2:	f101 0740 	add.w	r7, r1, #64	@ 0x40
		stack_buf_size = stack_obj_size - K_KERNEL_STACK_RESERVED;
 800a2f6:	f1a3 0640 	sub.w	r6, r3, #64	@ 0x40
		if (K_KERNEL_STACK_RESERVED > stack_obj_size) {
 800a2fa:	2b3f      	cmp	r3, #63	@ 0x3f
 800a2fc:	d807      	bhi.n	800a30e <setup_thread_stack+0x2c>
 800a2fe:	2200      	movs	r2, #0
 800a300:	f382 8811 	msr	BASEPRI, r2
 800a304:	f3bf 8f6f 	isb	sy
			k_panic();
 800a308:	2204      	movs	r2, #4
 800a30a:	4610      	mov	r0, r2
 800a30c:	df02      	svc	2
	stack_ptr = (char *)stack + stack_obj_size;
 800a30e:	18cc      	adds	r4, r1, r3
	delta += arch_tls_stack_setup(new_thread, stack_ptr);
 800a310:	4621      	mov	r1, r4
 800a312:	4628      	mov	r0, r5
 800a314:	f7f8 ff28 	bl	8003168 <arch_tls_stack_setup>
	delta = ROUND_UP(delta, ARCH_STACK_PTR_ALIGN);
 800a318:	3007      	adds	r0, #7
 800a31a:	f020 0007 	bic.w	r0, r0, #7
	new_thread->stack_info.start = (uintptr_t)stack_buf_start;
 800a31e:	f8c5 7094 	str.w	r7, [r5, #148]	@ 0x94
	new_thread->stack_info.size = stack_buf_size;
 800a322:	f8c5 6098 	str.w	r6, [r5, #152]	@ 0x98
	new_thread->stack_info.delta = delta;
 800a326:	f8c5 009c 	str.w	r0, [r5, #156]	@ 0x9c
}
 800a32a:	1a20      	subs	r0, r4, r0
 800a32c:	bdf8      	pop	{r3, r4, r5, r6, r7, pc}

0800a32e <k_is_in_isr>:
  __ASM volatile ("MRS %0, ipsr" : "=r" (result) );
 800a32e:	f3ef 8005 	mrs	r0, IPSR
}
 800a332:	3800      	subs	r0, #0
 800a334:	bf18      	it	ne
 800a336:	2001      	movne	r0, #1
 800a338:	4770      	bx	lr

0800a33a <k_thread_name_get>:
}
 800a33a:	3074      	adds	r0, #116	@ 0x74
 800a33c:	4770      	bx	lr

0800a33e <z_init_thread_base>:
{
 800a33e:	b410      	push	{r4}
	thread_base->pended_on = NULL;
 800a340:	2400      	movs	r4, #0
 800a342:	6084      	str	r4, [r0, #8]
	thread_base->user_options = (uint16_t)options;
 800a344:	8183      	strh	r3, [r0, #12]
	thread_base->thread_state = (uint8_t)initial_state;
 800a346:	7402      	strb	r2, [r0, #16]
	thread_base->prio = priority;
 800a348:	7381      	strb	r1, [r0, #14]
	thread_base->sched_locked = 0U;
 800a34a:	73c4      	strb	r4, [r0, #15]
	node->next = NULL;
 800a34c:	6184      	str	r4, [r0, #24]
	node->prev = NULL;
 800a34e:	61c4      	str	r4, [r0, #28]
}
 800a350:	bc10      	pop	{r4}
 800a352:	4770      	bx	lr

0800a354 <z_impl_k_thread_create>:
{
 800a354:	b5f0      	push	{r4, r5, r6, r7, lr}
 800a356:	b087      	sub	sp, #28
 800a358:	4604      	mov	r4, r0
 800a35a:	9e12      	ldr	r6, [sp, #72]	@ 0x48
 800a35c:	9d13      	ldr	r5, [sp, #76]	@ 0x4c
	z_setup_new_thread(new_thread, stack, stack_size, entry, p1, p2, p3,
 800a35e:	2700      	movs	r7, #0
 800a360:	9705      	str	r7, [sp, #20]
 800a362:	9f10      	ldr	r7, [sp, #64]	@ 0x40
 800a364:	9704      	str	r7, [sp, #16]
 800a366:	9f0f      	ldr	r7, [sp, #60]	@ 0x3c
 800a368:	9703      	str	r7, [sp, #12]
 800a36a:	9f0e      	ldr	r7, [sp, #56]	@ 0x38
 800a36c:	9702      	str	r7, [sp, #8]
 800a36e:	9f0d      	ldr	r7, [sp, #52]	@ 0x34
 800a370:	9701      	str	r7, [sp, #4]
 800a372:	9f0c      	ldr	r7, [sp, #48]	@ 0x30
 800a374:	9700      	str	r7, [sp, #0]
 800a376:	f7fc f8e3 	bl	8006540 <z_setup_new_thread>
	if (!K_TIMEOUT_EQ(delay, K_FOREVER)) {
 800a37a:	f1b5 3fff 	cmp.w	r5, #4294967295
 800a37e:	bf08      	it	eq
 800a380:	f1b6 3fff 	cmpeq.w	r6, #4294967295
 800a384:	d102      	bne.n	800a38c <z_impl_k_thread_create+0x38>
}
 800a386:	4620      	mov	r0, r4
 800a388:	b007      	add	sp, #28
 800a38a:	bdf0      	pop	{r4, r5, r6, r7, pc}
		thread_schedule_new(new_thread, delay);
 800a38c:	4632      	mov	r2, r6
 800a38e:	462b      	mov	r3, r5
 800a390:	4620      	mov	r0, r4
 800a392:	f7fc f8b5 	bl	8006500 <thread_schedule_new>
 800a396:	e7f6      	b.n	800a386 <z_impl_k_thread_create+0x32>

0800a398 <thread_active_elsewhere>:
}
 800a398:	2000      	movs	r0, #0
 800a39a:	4770      	bx	lr

0800a39c <add_to_waitq_locked>:
{
 800a39c:	b538      	push	{r3, r4, r5, lr}
 800a39e:	4604      	mov	r4, r0
 800a3a0:	460d      	mov	r5, r1
	unready_thread(thread);
 800a3a2:	f7fc f9cb 	bl	800673c <unready_thread>
	thread->base.thread_state |= _THREAD_PENDING;
 800a3a6:	7c23      	ldrb	r3, [r4, #16]
 800a3a8:	f043 0302 	orr.w	r3, r3, #2
 800a3ac:	7423      	strb	r3, [r4, #16]
	if (wait_q != NULL) {
 800a3ae:	b325      	cbz	r5, 800a3fa <add_to_waitq_locked+0x5e>
		thread->base.pended_on = wait_q;
 800a3b0:	60a5      	str	r5, [r4, #8]
	return list->head == list;
 800a3b2:	682b      	ldr	r3, [r5, #0]
	return sys_dlist_is_empty(list) ? NULL : list->head;
 800a3b4:	429d      	cmp	r5, r3
 800a3b6:	d107      	bne.n	800a3c8 <add_to_waitq_locked+0x2c>
	SYS_DLIST_FOR_EACH_CONTAINER(pq, t, base.qnode_dlist) {
 800a3b8:	2300      	movs	r3, #0
 800a3ba:	e005      	b.n	800a3c8 <add_to_waitq_locked+0x2c>
 800a3bc:	4619      	mov	r1, r3
	return (node == list->tail) ? NULL : node->next;
 800a3be:	686a      	ldr	r2, [r5, #4]
 800a3c0:	4293      	cmp	r3, r2
 800a3c2:	d015      	beq.n	800a3f0 <add_to_waitq_locked+0x54>
 800a3c4:	681b      	ldr	r3, [r3, #0]
 800a3c6:	b97b      	cbnz	r3, 800a3e8 <add_to_waitq_locked+0x4c>
 800a3c8:	b193      	cbz	r3, 800a3f0 <add_to_waitq_locked+0x54>
	int32_t b1 = thread_1->base.prio;
 800a3ca:	f994 100e 	ldrsb.w	r1, [r4, #14]
	int32_t b2 = thread_2->base.prio;
 800a3ce:	f993 200e 	ldrsb.w	r2, [r3, #14]
	if (b1 != b2) {
 800a3d2:	4291      	cmp	r1, r2
 800a3d4:	d0f2      	beq.n	800a3bc <add_to_waitq_locked+0x20>
		return b2 - b1;
 800a3d6:	1a52      	subs	r2, r2, r1
		if (z_sched_prio_cmp(thread, t) > 0) {
 800a3d8:	2a00      	cmp	r2, #0
 800a3da:	ddef      	ble.n	800a3bc <add_to_waitq_locked+0x20>
	sys_dnode_t *const prev = successor->prev;
 800a3dc:	685a      	ldr	r2, [r3, #4]
	node->prev = prev;
 800a3de:	6062      	str	r2, [r4, #4]
	node->next = successor;
 800a3e0:	6023      	str	r3, [r4, #0]
	prev->next = node;
 800a3e2:	6014      	str	r4, [r2, #0]
	successor->prev = node;
 800a3e4:	605c      	str	r4, [r3, #4]
			return;
 800a3e6:	e008      	b.n	800a3fa <add_to_waitq_locked+0x5e>
	return (node != NULL) ? sys_dlist_peek_next_no_check(list, node) : NULL;
 800a3e8:	2900      	cmp	r1, #0
 800a3ea:	d1ed      	bne.n	800a3c8 <add_to_waitq_locked+0x2c>
 800a3ec:	460b      	mov	r3, r1
 800a3ee:	e7eb      	b.n	800a3c8 <add_to_waitq_locked+0x2c>
	sys_dnode_t *const tail = list->tail;
 800a3f0:	686b      	ldr	r3, [r5, #4]
	node->next = list;
 800a3f2:	6025      	str	r5, [r4, #0]
	node->prev = tail;
 800a3f4:	6063      	str	r3, [r4, #4]
	tail->next = node;
 800a3f6:	601c      	str	r4, [r3, #0]
	list->tail = node;
 800a3f8:	606c      	str	r4, [r5, #4]
}
 800a3fa:	bd38      	pop	{r3, r4, r5, pc}

0800a3fc <unpend_all>:
{
 800a3fc:	b570      	push	{r4, r5, r6, lr}
 800a3fe:	4606      	mov	r6, r0
	return list->head == list;
 800a400:	6804      	ldr	r4, [r0, #0]
	return sys_dlist_is_empty(list) ? NULL : list->head;
 800a402:	4284      	cmp	r4, r0
 800a404:	d01a      	beq.n	800a43c <unpend_all+0x40>
	for (thread = z_waitq_head(wait_q); thread != NULL; thread = z_waitq_head(wait_q)) {
 800a406:	b1dc      	cbz	r4, 800a440 <unpend_all+0x44>
	sys_dnode_t *const prev = node->prev;
 800a408:	6862      	ldr	r2, [r4, #4]
	sys_dnode_t *const next = node->next;
 800a40a:	6823      	ldr	r3, [r4, #0]
	prev->next = next;
 800a40c:	6013      	str	r3, [r2, #0]
	next->prev = prev;
 800a40e:	605a      	str	r2, [r3, #4]
	node->next = NULL;
 800a410:	2500      	movs	r5, #0
 800a412:	6025      	str	r5, [r4, #0]
	node->prev = NULL;
 800a414:	6065      	str	r5, [r4, #4]
	thread->base.thread_state &= ~_THREAD_PENDING;
 800a416:	7c23      	ldrb	r3, [r4, #16]
 800a418:	f023 0302 	bic.w	r3, r3, #2
 800a41c:	7423      	strb	r3, [r4, #16]
	thread->base.pended_on = NULL;
 800a41e:	60a5      	str	r5, [r4, #8]
	z_abort_timeout(&thread->base.timeout);
 800a420:	f104 0018 	add.w	r0, r4, #24
 800a424:	f000 f8e4 	bl	800a5f0 <z_abort_timeout>
 800a428:	f8c4 50ac 	str.w	r5, [r4, #172]	@ 0xac
		ready_thread(thread);
 800a42c:	4620      	mov	r0, r4
 800a42e:	f7fc f92d 	bl	800668c <ready_thread>
	return list->head == list;
 800a432:	6834      	ldr	r4, [r6, #0]
	return sys_dlist_is_empty(list) ? NULL : list->head;
 800a434:	42a6      	cmp	r6, r4
 800a436:	d1e6      	bne.n	800a406 <unpend_all+0xa>
 800a438:	2400      	movs	r4, #0
 800a43a:	e7e4      	b.n	800a406 <unpend_all+0xa>
 800a43c:	2400      	movs	r4, #0
 800a43e:	e7e2      	b.n	800a406 <unpend_all+0xa>
}
 800a440:	bd70      	pop	{r4, r5, r6, pc}

0800a442 <pend_locked>:
{
 800a442:	b570      	push	{r4, r5, r6, lr}
 800a444:	4604      	mov	r4, r0
 800a446:	4616      	mov	r6, r2
 800a448:	461d      	mov	r5, r3
	add_to_waitq_locked(thread, wait_q);
 800a44a:	f7ff ffa7 	bl	800a39c <add_to_waitq_locked>
	add_thread_timeout(thread, timeout);
 800a44e:	4632      	mov	r2, r6
 800a450:	462b      	mov	r3, r5
 800a452:	4620      	mov	r0, r4
 800a454:	f7fc fa34 	bl	80068c0 <add_thread_timeout>
}
 800a458:	bd70      	pop	{r4, r5, r6, pc}

0800a45a <z_ready_thread>:
{
 800a45a:	b538      	push	{r3, r4, r5, lr}
 800a45c:	4604      	mov	r4, r0
	K_SPINLOCK(&_sched_spinlock) {
 800a45e:	2300      	movs	r3, #0
  __ASM volatile ("MRS %0, basepri" : "=r" (result) );
 800a460:	f3ef 8511 	mrs	r5, BASEPRI
  __ASM volatile ("MSR basepri_max, %0" : : "r" (basePri) : "memory");
 800a464:	2210      	movs	r2, #16
 800a466:	f382 8812 	msr	BASEPRI_MAX, r2
 800a46a:	f3bf 8f6f 	isb	sy
 800a46e:	e004      	b.n	800a47a <z_ready_thread+0x20>
  __ASM volatile ("MSR basepri, %0" : : "r" (basePri) : "memory");
 800a470:	f385 8811 	msr	BASEPRI, r5
 800a474:	f3bf 8f6f 	isb	sy
 800a478:	2301      	movs	r3, #1
 800a47a:	b943      	cbnz	r3, 800a48e <z_ready_thread+0x34>
		if (thread_active_elsewhere(thread) == NULL) {
 800a47c:	4620      	mov	r0, r4
 800a47e:	f7ff ff8b 	bl	800a398 <thread_active_elsewhere>
 800a482:	2800      	cmp	r0, #0
 800a484:	d1f4      	bne.n	800a470 <z_ready_thread+0x16>
			ready_thread(thread);
 800a486:	4620      	mov	r0, r4
 800a488:	f7fc f900 	bl	800668c <ready_thread>
 800a48c:	e7f0      	b.n	800a470 <z_ready_thread+0x16>
}
 800a48e:	bd38      	pop	{r3, r4, r5, pc}

0800a490 <z_unpend_thread_no_timeout>:
	K_SPINLOCK(&_sched_spinlock) {
 800a490:	2300      	movs	r3, #0
  __ASM volatile ("MRS %0, basepri" : "=r" (result) );
 800a492:	f3ef 8111 	mrs	r1, BASEPRI
  __ASM volatile ("MSR basepri_max, %0" : : "r" (basePri) : "memory");
 800a496:	2210      	movs	r2, #16
 800a498:	f382 8812 	msr	BASEPRI_MAX, r2
 800a49c:	f3bf 8f6f 	isb	sy
 800a4a0:	e004      	b.n	800a4ac <z_unpend_thread_no_timeout+0x1c>
  __ASM volatile ("MSR basepri, %0" : : "r" (basePri) : "memory");
 800a4a2:	f381 8811 	msr	BASEPRI, r1
 800a4a6:	f3bf 8f6f 	isb	sy
 800a4aa:	2301      	movs	r3, #1
 800a4ac:	b97b      	cbnz	r3, 800a4ce <z_unpend_thread_no_timeout+0x3e>
		if (thread->base.pended_on != NULL) {
 800a4ae:	6883      	ldr	r3, [r0, #8]
 800a4b0:	2b00      	cmp	r3, #0
 800a4b2:	d0f6      	beq.n	800a4a2 <z_unpend_thread_no_timeout+0x12>
	sys_dnode_t *const prev = node->prev;
 800a4b4:	6842      	ldr	r2, [r0, #4]
	sys_dnode_t *const next = node->next;
 800a4b6:	6803      	ldr	r3, [r0, #0]
	prev->next = next;
 800a4b8:	6013      	str	r3, [r2, #0]
	next->prev = prev;
 800a4ba:	605a      	str	r2, [r3, #4]
	node->next = NULL;
 800a4bc:	2300      	movs	r3, #0
 800a4be:	6003      	str	r3, [r0, #0]
	node->prev = NULL;
 800a4c0:	6043      	str	r3, [r0, #4]
 800a4c2:	7c02      	ldrb	r2, [r0, #16]
 800a4c4:	f022 0202 	bic.w	r2, r2, #2
 800a4c8:	7402      	strb	r2, [r0, #16]
 800a4ca:	6083      	str	r3, [r0, #8]
}
 800a4cc:	e7e9      	b.n	800a4a2 <z_unpend_thread_no_timeout+0x12>
}
 800a4ce:	4770      	bx	lr

0800a4d0 <z_sched_wake_thread_locked>:
{
 800a4d0:	b508      	push	{r3, lr}
	bool killed = (thread->base.thread_state &
 800a4d2:	7c03      	ldrb	r3, [r0, #16]
	if (!killed) {
 800a4d4:	f013 0f28 	tst.w	r3, #40	@ 0x28
 800a4d8:	d113      	bne.n	800a502 <z_sched_wake_thread_locked+0x32>
		if (thread->base.pended_on != NULL) {
 800a4da:	6883      	ldr	r3, [r0, #8]
 800a4dc:	b15b      	cbz	r3, 800a4f6 <z_sched_wake_thread_locked+0x26>
	sys_dnode_t *const prev = node->prev;
 800a4de:	6842      	ldr	r2, [r0, #4]
	sys_dnode_t *const next = node->next;
 800a4e0:	6803      	ldr	r3, [r0, #0]
	prev->next = next;
 800a4e2:	6013      	str	r3, [r2, #0]
	next->prev = prev;
 800a4e4:	605a      	str	r2, [r3, #4]
	node->next = NULL;
 800a4e6:	2300      	movs	r3, #0
 800a4e8:	6003      	str	r3, [r0, #0]
	node->prev = NULL;
 800a4ea:	6043      	str	r3, [r0, #4]
 800a4ec:	7c02      	ldrb	r2, [r0, #16]
 800a4ee:	f022 0202 	bic.w	r2, r2, #2
 800a4f2:	7402      	strb	r2, [r0, #16]
	thread->base.pended_on = NULL;
 800a4f4:	6083      	str	r3, [r0, #8]
	thread->base.thread_state &= ~_THREAD_SLEEPING;
 800a4f6:	7c03      	ldrb	r3, [r0, #16]
 800a4f8:	f023 0304 	bic.w	r3, r3, #4
 800a4fc:	7403      	strb	r3, [r0, #16]
		ready_thread(thread);
 800a4fe:	f7fc f8c5 	bl	800668c <ready_thread>
}
 800a502:	bd08      	pop	{r3, pc}

0800a504 <z_thread_timeout>:
{
 800a504:	b538      	push	{r3, r4, r5, lr}
	struct k_thread *thread = CONTAINER_OF(timeout,
 800a506:	f1a0 0518 	sub.w	r5, r0, #24
	K_SPINLOCK(&_sched_spinlock) {
 800a50a:	2300      	movs	r3, #0
  __ASM volatile ("MRS %0, basepri" : "=r" (result) );
 800a50c:	f3ef 8411 	mrs	r4, BASEPRI
  __ASM volatile ("MSR basepri_max, %0" : : "r" (basePri) : "memory");
 800a510:	2210      	movs	r2, #16
 800a512:	f382 8812 	msr	BASEPRI_MAX, r2
 800a516:	f3bf 8f6f 	isb	sy
 800a51a:	e007      	b.n	800a52c <z_thread_timeout+0x28>
		z_sched_wake_thread_locked(thread);
 800a51c:	4628      	mov	r0, r5
 800a51e:	f7ff ffd7 	bl	800a4d0 <z_sched_wake_thread_locked>
  __ASM volatile ("MSR basepri, %0" : : "r" (basePri) : "memory");
 800a522:	f384 8811 	msr	BASEPRI, r4
 800a526:	f3bf 8f6f 	isb	sy
	K_SPINLOCK(&_sched_spinlock) {
 800a52a:	2301      	movs	r3, #1
 800a52c:	2b00      	cmp	r3, #0
 800a52e:	d0f5      	beq.n	800a51c <z_thread_timeout+0x18>
}
 800a530:	bd38      	pop	{r3, r4, r5, pc}

0800a532 <z_unpend1_no_timeout>:
{
 800a532:	4601      	mov	r1, r0
	K_SPINLOCK(&_sched_spinlock) {
 800a534:	2300      	movs	r3, #0
  __ASM volatile ("MRS %0, basepri" : "=r" (result) );
 800a536:	f3ef 8c11 	mrs	ip, BASEPRI
  __ASM volatile ("MSR basepri_max, %0" : : "r" (basePri) : "memory");
 800a53a:	2210      	movs	r2, #16
 800a53c:	f382 8812 	msr	BASEPRI_MAX, r2
 800a540:	f3bf 8f6f 	isb	sy
	struct k_thread *thread = NULL;
 800a544:	4618      	mov	r0, r3
 800a546:	e005      	b.n	800a554 <z_unpend1_no_timeout+0x22>
	struct k_thread *thread = NULL;
 800a548:	2000      	movs	r0, #0
  __ASM volatile ("MSR basepri, %0" : : "r" (basePri) : "memory");
 800a54a:	f38c 8811 	msr	BASEPRI, ip
 800a54e:	f3bf 8f6f 	isb	sy
	K_SPINLOCK(&_sched_spinlock) {
 800a552:	2301      	movs	r3, #1
 800a554:	b98b      	cbnz	r3, 800a57a <z_unpend1_no_timeout+0x48>
	return list->head == list;
 800a556:	6808      	ldr	r0, [r1, #0]
	return sys_dlist_is_empty(list) ? NULL : list->head;
 800a558:	4281      	cmp	r1, r0
 800a55a:	d0f5      	beq.n	800a548 <z_unpend1_no_timeout+0x16>
	if (n != NULL) {
 800a55c:	2800      	cmp	r0, #0
 800a55e:	d0f4      	beq.n	800a54a <z_unpend1_no_timeout+0x18>
	sys_dnode_t *const prev = node->prev;
 800a560:	6842      	ldr	r2, [r0, #4]
	sys_dnode_t *const next = node->next;
 800a562:	6803      	ldr	r3, [r0, #0]
	prev->next = next;
 800a564:	6013      	str	r3, [r2, #0]
	next->prev = prev;
 800a566:	605a      	str	r2, [r3, #4]
	node->next = NULL;
 800a568:	2300      	movs	r3, #0
 800a56a:	6003      	str	r3, [r0, #0]
	node->prev = NULL;
 800a56c:	6043      	str	r3, [r0, #4]
	thread->base.thread_state &= ~_THREAD_PENDING;
 800a56e:	7c02      	ldrb	r2, [r0, #16]
 800a570:	f022 0202 	bic.w	r2, r2, #2
 800a574:	7402      	strb	r2, [r0, #16]
 800a576:	6083      	str	r3, [r0, #8]
}
 800a578:	e7e7      	b.n	800a54a <z_unpend1_no_timeout+0x18>
}
 800a57a:	4770      	bx	lr

0800a57c <z_reschedule>:
{
 800a57c:	b508      	push	{r3, lr}
	reschedule(lock, key);
 800a57e:	f7fc f86b 	bl	8006658 <reschedule>
}
 800a582:	bd08      	pop	{r3, pc}

0800a584 <init_ready_q>:
	_priq_run_init(&ready_q->runq);
 800a584:	1d03      	adds	r3, r0, #4
	list->head = (sys_dnode_t *)list;
 800a586:	6043      	str	r3, [r0, #4]
	list->tail = (sys_dnode_t *)list;
 800a588:	6083      	str	r3, [r0, #8]
}
 800a58a:	4770      	bx	lr

0800a58c <remove_timeout>:
{
 800a58c:	b510      	push	{r4, lr}
 800a58e:	4604      	mov	r4, r0
	if (next(t) != NULL) {
 800a590:	f7fc fd58 	bl	8007044 <next>
 800a594:	b148      	cbz	r0, 800a5aa <remove_timeout+0x1e>
 800a596:	4602      	mov	r2, r0
		next(t)->dticks += t->dticks;
 800a598:	6903      	ldr	r3, [r0, #16]
 800a59a:	6941      	ldr	r1, [r0, #20]
 800a59c:	6920      	ldr	r0, [r4, #16]
 800a59e:	181b      	adds	r3, r3, r0
 800a5a0:	6960      	ldr	r0, [r4, #20]
 800a5a2:	eb41 0100 	adc.w	r1, r1, r0
 800a5a6:	6113      	str	r3, [r2, #16]
 800a5a8:	6151      	str	r1, [r2, #20]
	sys_dnode_t *const prev = node->prev;
 800a5aa:	6862      	ldr	r2, [r4, #4]
	sys_dnode_t *const next = node->next;
 800a5ac:	6823      	ldr	r3, [r4, #0]
	prev->next = next;
 800a5ae:	6013      	str	r3, [r2, #0]
	next->prev = prev;
 800a5b0:	605a      	str	r2, [r3, #4]
	node->next = NULL;
 800a5b2:	2300      	movs	r3, #0
 800a5b4:	6023      	str	r3, [r4, #0]
	node->prev = NULL;
 800a5b6:	6063      	str	r3, [r4, #4]
}
 800a5b8:	bd10      	pop	{r4, pc}

0800a5ba <next_timeout>:
{
 800a5ba:	b510      	push	{r4, lr}
 800a5bc:	4604      	mov	r4, r0
	struct _timeout *to = first();
 800a5be:	f7fc fd37 	bl	8007030 <first>
	if ((to == NULL) ||
 800a5c2:	b178      	cbz	r0, 800a5e4 <next_timeout+0x2a>
	    ((int64_t)(to->dticks - ticks_elapsed) > (int64_t)INT_MAX)) {
 800a5c4:	6903      	ldr	r3, [r0, #16]
 800a5c6:	6942      	ldr	r2, [r0, #20]
 800a5c8:	1b1b      	subs	r3, r3, r4
 800a5ca:	eb62 72e4 	sbc.w	r2, r2, r4, asr #31
	if ((to == NULL) ||
 800a5ce:	f1b3 4f00 	cmp.w	r3, #2147483648	@ 0x80000000
 800a5d2:	f172 0100 	sbcs.w	r1, r2, #0
 800a5d6:	da08      	bge.n	800a5ea <next_timeout+0x30>
		ret = max(0, to->dticks - ticks_elapsed);
 800a5d8:	2a00      	cmp	r2, #0
 800a5da:	db01      	blt.n	800a5e0 <next_timeout+0x26>
 800a5dc:	4618      	mov	r0, r3
}
 800a5de:	bd10      	pop	{r4, pc}
		ret = max(0, to->dticks - ticks_elapsed);
 800a5e0:	2300      	movs	r3, #0
 800a5e2:	e7fb      	b.n	800a5dc <next_timeout+0x22>
		ret = SYS_CLOCK_MAX_WAIT;
 800a5e4:	f06f 4000 	mvn.w	r0, #2147483648	@ 0x80000000
 800a5e8:	e7f9      	b.n	800a5de <next_timeout+0x24>
 800a5ea:	f06f 4000 	mvn.w	r0, #2147483648	@ 0x80000000
	return ret;
 800a5ee:	e7f6      	b.n	800a5de <next_timeout+0x24>

0800a5f0 <z_abort_timeout>:
{
 800a5f0:	e92d 41f0 	stmdb	sp!, {r4, r5, r6, r7, r8, lr}
 800a5f4:	4604      	mov	r4, r0
	K_SPINLOCK(&timeout_lock) {
 800a5f6:	2500      	movs	r5, #0
  __ASM volatile ("MRS %0, basepri" : "=r" (result) );
 800a5f8:	f3ef 8711 	mrs	r7, BASEPRI
  __ASM volatile ("MSR basepri_max, %0" : : "r" (basePri) : "memory");
 800a5fc:	2310      	movs	r3, #16
 800a5fe:	f383 8812 	msr	BASEPRI_MAX, r3
 800a602:	f3bf 8f6f 	isb	sy
	int ret = -EINVAL;
 800a606:	f06f 0015 	mvn.w	r0, #21
 800a60a:	e014      	b.n	800a636 <z_abort_timeout+0x46>
				sys_clock_set_timeout(next_timeout(elapsed()), false);
 800a60c:	f7fc fd26 	bl	800705c <elapsed>
 800a610:	f7ff ffd3 	bl	800a5ba <next_timeout>
 800a614:	2100      	movs	r1, #0
 800a616:	f7fb f959 	bl	80058cc <sys_clock_set_timeout>
			ret = 0;
 800a61a:	4640      	mov	r0, r8
 800a61c:	e006      	b.n	800a62c <z_abort_timeout+0x3c>
		} else if (to->dticks == TIMEOUT_DTICKS_ANNOUNCING) {
 800a61e:	6922      	ldr	r2, [r4, #16]
 800a620:	6963      	ldr	r3, [r4, #20]
 800a622:	f1b3 4f00 	cmp.w	r3, #2147483648	@ 0x80000000
 800a626:	bf08      	it	eq
 800a628:	2a01      	cmpeq	r2, #1
 800a62a:	d018      	beq.n	800a65e <z_abort_timeout+0x6e>
  __ASM volatile ("MSR basepri, %0" : : "r" (basePri) : "memory");
 800a62c:	f387 8811 	msr	BASEPRI, r7
 800a630:	f3bf 8f6f 	isb	sy
	K_SPINLOCK(&timeout_lock) {
 800a634:	2501      	movs	r5, #1
 800a636:	46a8      	mov	r8, r5
 800a638:	b9bd      	cbnz	r5, 800a66a <z_abort_timeout+0x7a>
	return node->next != NULL;
 800a63a:	6823      	ldr	r3, [r4, #0]
		if (sys_dnode_is_linked(&to->node)) {
 800a63c:	2b00      	cmp	r3, #0
 800a63e:	d0ee      	beq.n	800a61e <z_abort_timeout+0x2e>
			bool is_first = (to == first());
 800a640:	f7fc fcf6 	bl	8007030 <first>
 800a644:	4606      	mov	r6, r0
			remove_timeout(to);
 800a646:	4620      	mov	r0, r4
 800a648:	f7ff ffa0 	bl	800a58c <remove_timeout>
			to->dticks = TIMEOUT_DTICKS_ABORTED;
 800a64c:	2200      	movs	r2, #0
 800a64e:	f04f 4300 	mov.w	r3, #2147483648	@ 0x80000000
 800a652:	e9c4 2304 	strd	r2, r3, [r4, #16]
			if (is_first) {
 800a656:	42a6      	cmp	r6, r4
 800a658:	d0d8      	beq.n	800a60c <z_abort_timeout+0x1c>
			ret = 0;
 800a65a:	4628      	mov	r0, r5
 800a65c:	e7e6      	b.n	800a62c <z_abort_timeout+0x3c>
			to->dticks = TIMEOUT_DTICKS_ABORTED;
 800a65e:	2200      	movs	r2, #0
 800a660:	f04f 4300 	mov.w	r3, #2147483648	@ 0x80000000
 800a664:	e9c4 2304 	strd	r2, r3, [r4, #16]
 800a668:	e7e0      	b.n	800a62c <z_abort_timeout+0x3c>
}
 800a66a:	e8bd 81f0 	ldmia.w	sp!, {r4, r5, r6, r7, r8, pc}

0800a66e <sys_clock_tick_get_32>:

uint32_t sys_clock_tick_get_32(void)
{
 800a66e:	b508      	push	{r3, lr}
#ifdef CONFIG_TICKLESS_KERNEL
	return (uint32_t)sys_clock_tick_get();
 800a670:	f7fc fdfc 	bl	800726c <sys_clock_tick_get>
#else
	return (uint32_t)curr_tick;
#endif /* CONFIG_TICKLESS_KERNEL */
}
 800a674:	bd08      	pop	{r3, pc}

0800a676 <z_impl_k_uptime_ticks>:

int64_t z_impl_k_uptime_ticks(void)
{
 800a676:	b508      	push	{r3, lr}
	return sys_clock_tick_get();
 800a678:	f7fc fdf8 	bl	800726c <sys_clock_tick_get>
}
 800a67c:	bd08      	pop	{r3, pc}

0800a67e <k_timer_init>:
	timer->expiry_fn = expiry_fn;
 800a67e:	6201      	str	r1, [r0, #32]
	timer->stop_fn = stop_fn;
 800a680:	6242      	str	r2, [r0, #36]	@ 0x24
	timer->status = 0U;
 800a682:	2300      	movs	r3, #0
 800a684:	6303      	str	r3, [r0, #48]	@ 0x30
	sys_dlist_init(&w->waitq);
 800a686:	f100 0218 	add.w	r2, r0, #24
	list->head = (sys_dnode_t *)list;
 800a68a:	6182      	str	r2, [r0, #24]
	list->tail = (sys_dnode_t *)list;
 800a68c:	61c2      	str	r2, [r0, #28]
	node->next = NULL;
 800a68e:	6003      	str	r3, [r0, #0]
	node->prev = NULL;
 800a690:	6043      	str	r3, [r0, #4]
	timer->user_data = NULL;
 800a692:	6343      	str	r3, [r0, #52]	@ 0x34
}
 800a694:	4770      	bx	lr

0800a696 <main>:
 800a696:	bf00      	nop
{
	/* NOP default main() if the application does not provide one. */
	arch_nop();

	return 0;
}
 800a698:	2000      	movs	r0, #0
 800a69a:	4770      	bx	lr

0800a69c <k_heap_init>:
{
 800a69c:	b510      	push	{r4, lr}
 800a69e:	f100 040c 	add.w	r4, r0, #12
	list->head = (sys_dnode_t *)list;
 800a6a2:	60c4      	str	r4, [r0, #12]
	list->tail = (sys_dnode_t *)list;
 800a6a4:	6104      	str	r4, [r0, #16]
	sys_heap_init(&heap->heap, mem, bytes);
 800a6a6:	f7fd feba 	bl	800841e <sys_heap_init>
}
 800a6aa:	bd10      	pop	{r4, pc}
