:020000040800F2
:1000000000470020C13700088F910008AD37000875
:10001000AD370008AD370008AD370008000000001C
:10002000000000000000000000000000013800088F
:10003000AD37000800000000E939000865580008E5
:10004000813A0008813A0008813A0008813A0008A4
:10005000813A0008813A0008813A0008813A000894
:10006000813A0008813A0008813A0008813A000884
:10007000813A0008813A0008813A0008813A000874
:10008000813A0008813A0008813A0008813A000864
:10009000813A0008813A0008813A0008813A000854
:1000A000813A0008813A0008813A0008813A000844
:1000B000813A0008813A0008813A0008813A000834
:1000C000813A0008813A0008813A0008813A000824
:1000D000813A0008813A0008813A0008813A000814
:1000E000813A0008813A0008813A0008813A000804
:1000F000813A0008813A0008813A0008813A0008F4
:10010000813A0008813A0008813A0008813A0008E3
:10011000813A0008813A0008813A0008813A0008D3
:10012000813A0008813A0008813A0008813A0008C3
:10013000813A0008813A0008813A0008813A0008B3
:10014000813A0008813A0008813A0008813A0008A3
:10015000813A0008813A0008813A0008813A000893
:08016000813A0008813A000811
:1001800030B490F800F020F007016FF0000C10F090
:10019000070491F820F040F048804FF000046FF021
:1001A0000700D1E9002391F840F000F1080082FA3D
:1001B0004CF2A4FA8CF283FA4CF3A2FA8CF34BBB08
:1001C000D1E9022382FA4CF200F10800A4FA8CF281
:1001D00083FA4CF3A2FA8CF3E3B9D1E9042382FA4F
:1001E0004CF200F10800A4FA8CF283FA4CF3A2FA64
:1001F0008CF37BB9D1E9062301F1200182FA4CF29C
:1002000000F10800A4FA8CF283FA4CF3A2FA8CF302
:10021000002BC6D0002A04BF04301A4612BAB2FA24
:1002200082F200EBD20030BC7047D1E9002304F029
:100230000305C4F100004FEAC50514F0040F91F85E
:1002400040F00CFA05F562EA05021CBF63EA0503FB
:1002500062464FF00004AAE7844641EA000313F027
:1002600003036DD1403A41D351F8043B40F8043BBD
:1002700051F8043B40F8043B51F8043B40F8043B80
:1002800051F8043B40F8043B51F8043B40F8043B70
:1002900051F8043B40F8043B51F8043B40F8043B60
:1002A00051F8043B40F8043B51F8043B40F8043B50
:1002B00051F8043B40F8043B51F8043B40F8043B40
:1002C00051F8043B40F8043B51F8043B40F8043B30
:1002D00051F8043B40F8043B51F8043B40F8043B20
:1002E00051F8043B40F8043B403ABDD2303211D3C0
:1002F00051F8043B40F8043B51F8043B40F8043B00
:1003000051F8043B40F8043B51F8043B40F8043BEF
:10031000103AEDD20C3205D351F8043B40F8043BBF
:10032000043AF9D2043208D0D2071CBF11F8013BBD
:1003300000F8013B01D30B8803806046704700BF83
:10034000082A13D38B078DD010F003038AD0C3F192
:100350000403D21ADB071CBF11F8013B00F8013B74
:1003600080D331F8023B20F8023B7BE7043AD9D333
:10037000013A11F8013B00F8013BF9D20B78037008
:100380004B7843708B788370604670474FF0FF0C5A
:100390001CEAD0521EBF1CEAD15392EA0C0F93EA1A
:1003A0000C0F6FD01A4480EA010C400218BF5FEABC
:1003B00041211ED04FF0006343EA501043EA51112F
:1003C000A0FB01310CF00040B1F5000F3EBF490029
:1003D00041EAD3715B0040EA010062F17F02FD2A2D
:1003E0001DD8B3F1004F40EBC25008BF20F0010010
:1003F000704790F0000F0CF0004C08BF49024CEA27
:10040000502040EA51207F3AC2BFD2F1FF0340EAB8
:10041000C250704740F400004FF00003013A5DDC29
:1004200012F1190FDCBF00F000407047C2F100026A
:10043000410021FA02F1C2F1200200FA02FC5FEA57
:10044000310040F1000053EA4C0308BF20EADC70A1
:10045000704792F0000F00F0004C02BF400010F413
:10046000000F013AF9D040EA0C0093F0000F01F0C0
:10047000004C02BF490011F4000F013BF9D041EAE2
:100480000C018FE70CEAD15392EA0C0F18BF93EAE4
:100490000C0F0AD030F0004C18BF31F0004CD8D10E
:1004A00080EA010000F00040704790F0000F17BF95
:1004B00090F0004F084691F0000F91F0004F14D0DB
:1004C00092EA0C0F01D142020FD193EA0C0F03D133
:1004D0004B0218BF084608D180EA010000F0004036
:1004E00040F0FE4040F40000704740F0FE4040F411
:1004F0004000704780F0004002E000BF81F0004102
:1005000042001FBF5FEA410392EA030F7FEA226CB9
:100510007FEA236C6AD04FEA1262D2EB1363C1BF49
:10052000D218414048404140B8BF5B42192B88BFB8
:10053000704710F0004F40F4000020F07F4018BFDB
:10054000404211F0004F41F4000121F07F4118BFFB
:10055000494292EA030F3FD0A2F1010241FA03FCA3
:1005600010EB0C00C3F1200301FA03F100F000438B
:1005700002D5494260EB4000B0F5000F13D3B0F153
:10058000807F06D340084FEA310102F10102FE2AC2
:1005900051D2B1F1004F40EBC25008BF20F0010032
:1005A00040EA03007047490040EB0000013A28BFD1
:1005B000B0F5000FEDD2B0FA80FCACF1080CB2EB54
:1005C0000C0200FA0CF0AABF00EBC25052421843D2
:1005D000BCBFD0401843704792F0000F81F4000177
:1005E00006BF80F400000132013BB5E74FEA41034A
:1005F0007FEA226C18BF7FEA236C21D092EA030FB6
:1006000004D092F0000F08BF0846704790EA010F2F
:100610001CBF0020704712F07F4F04D1400028BF5C
:1006200040F00040704712F100723CBF00F500003E
:10063000704700F0004343F0FE4040F40000704774
:100640007FEA226216BF08467FEA23630146420220
:1006500006BF5FEA412390EA010F40F48000704733
:100660004FF0000304E000BF10F0004348BF4042D9
:100670005FEA000C08BF704743F0964301464FF015
:1006800000001CE050EA010208BF70474FF0000371
:100690000AE000BF50EA010208BF704711F00043B2
:1006A00002D5404261EB41015FEA010C02BF844682
:1006B0000146002043F0B64308BFA3F18053A3F5E1
:1006C0000003BCFA8CF2083AA3EBC25310DB01FA28
:1006D00002FC634400FA02FCC2F12002BCF1004FAC
:1006E00020FA02F243EB020008BF20F0010070473D
:1006F00002F1200201FA02FCC2F1200250EA4C0091
:1007000021FA02F243EB020008BF20EADC707047D6
:100710004FEA4002B2F1FE4F0FD34FF09E03B3EB0E
:1007200012620DD94FEA002343F0004310F0004F4E
:1007300023FA02F018BF404270474FF000007047A4
:1007400012F1610F01D1420205D110F0004008BF43
:100750006FF0004070474FF00000704753B94AB93E
:10076000002908BF00281CBF4FF0FF314FF0FF30B9
:1007700000F00CB8ADF1080C6DE904CE00F01BF8E8
:10078000DDF804E0DDE9022304B07047704700BFE4
:10079000430803F05533C01A00F03333800800F0EB
:1007A0003330184400EB10104FF0013300F00F30DD
:1007B0005843000E70472DE9F0478C468E46089E40
:1007C000154604461946002B40F0D080724547D9A3
:1007D000B2FA82F74FB1C7F120030EFA07FC20FAF4
:1007E00003F3BD4043EA0C0CBC404FEA154EA8B2DF
:1007F000BCFBFEF8230C0EFB18CC08FB00F943EA07
:100800000C43994528D9EB1808F1FF3204D29945D9
:1008100002D9A8F102022B44A3EB0903A4B2B3FB53
:10082000FEFC0EFB1C330CFB00F044EA0344A04228
:1008300014D92C190CF1FF3304D2A04202D9ACF127
:1008400002032C44241A43EA02401EB1FC40002358
:1008500034607360BDE8F0874246DDE76346F1E748
:10086000002A79D0B2FA82F3002B3FD01946C1F1A9
:10087000200302FA01F52EFA03F20EFA01FE20FA25
:1008800003F343EA0E034FEA154E00FA01F4B2FBFC
:10089000FEFCAFB20EFB1C201A0C0CFB07F842EA60
:1008A000004290455AD9AA180CF1FF3004D2904565
:1008B00002D9ACF102002A44A2EB08029BB2B2FBBF
:1008C000FEFC0EFB1C220CFB07F743EA02439F428F
:1008D00046D9EB180CF1FF3204D29F4202D9ACF199
:1008E00002022B44DB1B42EA004202E0AEEB0203B1
:1008F00001224FEA154EAFB2B3FBFEFC200C0EFBFB
:100900001C330CFB07F840EA034398452AD9EB183F
:100910000CF1FF3004D2984502D9ACF102002B440F
:10092000A3EB0803A4B2B3FBFEFC0EFB1C330CFBD1
:1009300007F744EA0344A74216D92C190CF1FF33F8
:1009400004D2A74202D9ACF102032C44E41B43EACF
:1009500000400F46114678E71F2188E76046ABE765
:100960006246BFE76046DBE76346EFE7734506D9BB
:1009700016B9002108466DE7C6E9000EF9E7B3FA9B
:1009800083F787B9734501D3824207D8841A6EEB87
:10099000030301209C461EB900215BE73846FAE7B5
:1009A000C6E9004CF8E7C7F1200CBB4022FA0CF571
:1009B0001D4320FA0CF12EFA0CF30EFA07FE41EA61
:1009C0000E014FEA154900FA07F4B3FBF9F81FFAD4
:1009D00085FE09FB18300B0C08FB0EFA43EA0043B6
:1009E0009A4502FA07F240D9EB1808F1FF3004D219
:1009F0009A4502D9A8F102002B44A3EB0A0389B25D
:100A0000B3FBF9F809FB183308FB0EFE41EA03417A
:100A10008E452CD9691808F1FF3304D28E4502D9CE
:100A2000A8F10203294443EA0040A0FB0298A1EB8D
:100A30000E014145CE46434602D306D14C4504D271
:100A4000B9EB020E68EB05030138002EA4D0B4EB1D
:100A50000E0261EB030101FA0CFC22FA07F34CEAE7
:100A60000303F940C6E9003196E74046C5E743462F
:100A7000D9E70000000000002DE9F04F85B00646E0
:100A80000F461546984683685B6802AA9847002877
:100A90002FDB029CDDF80C90A5FB04AB05FB09BB2A
:100AA00019A3D3E9002350465946FFF757FE0546E0
:100AB0004FF0FF335345164B73EB0B031CD3A8FBCE
:100AC00004A408FB094410A3D3E90023504621469F
:100AD000FFF744FE03464FF0FF3252450C4AA24155
:100AE0000DD3BDF8382000922A463946304607F02B
:100AF00074FB05B0BDE8F08F6FF08500F9E76FF08B
:100B00008500F6E7AFF3008000CA9A3B00000000C2
:100B1000FFC99A3BF0B589B000AF3F4809F024FB0C
:100B200088B13D4883681B683C49984788B90023D1
:100B3000BB60FB603B617B61BB6107F11E033B61F6
:100B400002237B613BE0364A0221364808F000FA76
:100B5000E7E7354A0221334808F0FAF9E7E76FF092
:100B6000004142E00F2953DD10213AB104203871D1
:100B700000207871B871F8717868186124F0010468
:100B800024F0020424F0040424F03804042363F362
:100B90008814C1F30A0161F35324C4F3130400233E
:100BA0002146204801F0AEFEAD460022002307F1A9
:100BB0001E011E4809F0FDFA322007F037FB012321
:100BC000FB600C233B7600237B76134883685B68CD
:100BD00007F10801984706460028E6D06D4688B020
:100BE0006B4613F11002BAD01021002ABAD0084681
:100BF000042903DDDFF838C0C3F814C0082803DD7A
:100C0000DFF830C0C3F818C00C28ABDDDE61A9E7FF
:100C10006FF01B01A9E700BFFCA800082AC000086C
:100C20001CB0000808AF000830B000087C020020AB
:100C30004CB00008F8BF000830B583B000244FF076
:100C4000FF324FF0FF330DF106010F4805F0B4FA03
:100C5000BDF90600001BFFF707FD0C49FFF796FBE7
:100C600005462046FFF700FD2946FFF749FCFFF740
:100C70004FFD04B2ADF804400022002301A904484E
:100C800009F097FADBE700BF7C020020CDCCCC3D19
:100C90005402002010B582B0002300930A240134CE
:100CA0004FF0FF324FF0FF330DF10601094805F018
:100CB00083FABDF90620009B134400930A2CEED161
:100CC000002200236946044809F073FA00240094C6
:100CD000E5E700BF540200204403002010B582B0B5
:100CE0000024019400E0019C4FF0FF324FF0FF33ED
:100CF00001A9074805F060FA019B002BF3DDA34230
:100D0000F1D00022002301A9024809F052FAEAE7D3
:100D1000B40100208C01002000B583B0124809F016
:100D200023FA20B11149124807F073FA09E0114A79
:100D30000121114808F00CF9F4E70C490C4807F0C0
:100D400068FA4FF0FF324FF0FF330DF107010B4807
:100D500005F032FA9DF80730002BEED1084904481F
:100D600007F057FAEDE700BF18A9000840420F004E
:100D700004C0000864B0000808AF00081C0300208D
:100D800080841E0030B5A3B00024032C15DC364B44
:100D900053F8340009F0E8F940B14FF4B01132488B
:100DA00000EBC40007F0F1F90134EEE72F4A01210E
:100DB0002F4808F0CDF823B030BD80222D4901A87E
:100DC000FFF74AFA4FF0FF324FF0FF330DF1870182
:100DD000294805F0F1F99DF887300BB1002505E0B1
:100DE00013253DE0142007F021FA0135132DE9DC2D
:100DF0000024032CF6DC6A4205F0070302F0070228
:100E000058BF534204EB830322AA02EB8303164824
:100E100000EBC40153F8842C097950F8340007F032
:100E2000CFF90134E5E76A4205F0070302F0070253
:100E300058BF534204EB830322AA02EB83030A4800
:100E400000EBC40153F8842C097950F8340007F002
:100E5000B7F90134032CE6DD142007F0E7F9013D72
:100E6000002DAFDB0024F5E74CC0000884B000087B
:100E700008AF000894AF0008F402002010B582B05B
:100E80004FF0FF324FF0FF3301A90C4805F094F901
:100E9000019B0B4A82FB0312DB17C3EBA203ADF8E5
:100EA0000230084C204609F0A5F9002200230DF17C
:100EB0000201204609F07DF9E2E700BF440300206B
:100EC000676666662C02002000B583B000238DF8AB
:100ED000033003E0052B14D0062B16D04FF0FF3261
:100EE0004FF0FF3301A90D4805F066F9019B5A1E2A
:100EF000032AEFD80022002301A9094809F059F973
:100F0000ECE7084805F09EFAE8E7002200230DF11F
:100F10000301054809F04DF9E0E700BF8C0100200E
:100F2000A40200208C030020CC02002010B584B065
:100F30001B4B1C4C1C4A92E803008DE803000CCBB1
:100F400094E8030000F0C0FA18BB002000F04CFB4E
:100F5000002200230021154809F02BF9144805F060
:100F600071FA144C4FF0FF324FF0FF33204605F07A
:100F700093F900F075FB0390204605F00DFA00226E
:100F8000002303A90C4809F014F9322007F04EF9A8
:100F9000E7E70346094A0221094807F0E3FFD4E7DF
:100FA0003CC0000844C0000834C00008CC02002047
:100FB0007C03002078010020B4010020A4B00008C8
:100FC00008AF000870B586B0002301930293039325
:100FD000049300934FF0FF344FF0FF3522462B4629
:100FE00005A9224805F0E8F8059A013A06AB03EB9B
:100FF000820252F8141C01311D4880FB0130CB17CE
:10100000C3EBA00303EB830358000B1A42F8143C14
:10101000184E22462B46304605F03EF90598013819
:1010200006AB03EB800353F8141C00F073FB30464F
:1010300005F0B2F9029B642202FB03F3019A4FF41C
:101040007A7101FB0233039A02EB820251000B44D6
:10105000049A13440093084C204609F0CBF8002270
:1010600000236946204609F0A4F8B3E7A402002053
:10107000676666667801002004020020D0B582B061
:101080000023019301228DF803208DF8023006E041
:10109000002200230DF10201134809F08AF84FF0F5
:1010A000FF324FF0FF33114805F002FA01A9104852
:1010B00009F087F8019A40F693239A42E8D1002676
:1010C00000270DF1030432463B462146064809F04D
:1010D00070F84FF47A7007F0A9F832463B46214683
:1010E000044809F066F8DAE7DC0100208C030020F0
:1010F00004020020CC020020D0B582B04FF0FF36B1
:101100004FF0FF3732463B460DF10701084805F026
:1011100053F8084C32463B46204605F0BDF89DF892
:10112000070007F093F8204605F036F9E6E700BF20
:10113000DC01002078010020D0B582B001238DF8B9
:10114000063000238DF8053012E0002600270DF14F
:10115000060432463B4621461C4809F02AF832462E
:101160003B4621461A4809F024F81A4805F06AF966
:101170004FF0FF364FF0FF3732463B460DF1070187
:10118000154805F019F8154C32463B46204605F047
:1011900083F89DF8070007F07DF8204605F0FCF87D
:1011A0009DF80730002BD0D1002600270DF1050453
:1011B00032463B462146054808F0FBFF32463B4697
:1011C0002146034808F0F5FFD2E700BF1C030020CA
:1011D000F40200206C030020CC02002078010020E3
:1011E00070B582B00446154669B907F012F8284672
:1011F00007F01CF80021204607F00BF8142007F038
:1012000015F802B070BD0E460DF106010A4808F04F
:10121000D8FF0A49B1FBF6F14A08BDF9063002FBD6
:1012200003F3074AA2FB03029B1A02EB5302D20A02
:10123000204606F0E1FFDAE72C02002000CA9A3BC4
:101240000101100010B50F4808F08EFF88B90E4A52
:1012500001210E4807F07CFE0BE00D4B03EBC402AE
:10126000526853F834100B48FFF7BAFF01342F2CA3
:10127000F3DD4FF0FF324FF0FF33074805F018F968
:101280000024F4E734A90008CCB0000808AF000837
:101290006CC0000814C000086C03002070B506463E
:1012A0004FF40031104807F041F8002519E00F4CC9
:1012B0000022217BA06807F072F846FA05F202F0DE
:1012C0000102217D206907F06AF8012008F023FF60
:1012D0000122217BA06807F062F8012008F01BFFC3
:1012E0000135072DE3DD70BD600D0020500D00209D
:1012F00070B505460E46144C00222179206807F08F
:101300004EF84420FFF7CAFF01222179206807F038
:1013100046F8012008F0FFFE00222179206807F03E
:101320003EF805F00F0040F0C000FFF7B7FF304671
:10133000FFF7B4FF01222179206807F030F832204E
:1013400008F0E9FE70BD00BF500D002070B54FF4ED
:101350008031144806F0EAFF00252E4609E0124BC2
:101360000122197B986807F01AF8012008F0D3FED3
:101370000135072D13DC0C4C0022217BA06807F0FF
:101380000EF8012008F0C7FE217D206906F0E5FF78
:101390000028E4D00123AB401E43F6B2DFE730461D
:1013A00070BD00BF600D0020500D002010B582B050
:1013B0001E4B00221979186806F0F1FF4220FFF752
:1013C0006DFF002407E0FFF7C1FF04F108036B4441
:1013D00003F8040C0134032CF5DD144C01222179AF
:1013E000206806F0DCFF4FF4003104F1100006F035
:1013F0009DFF0023184600E00133032B14DC03F1AA
:1014000008026A4412F8042C12F0010F03D00121E3
:1014100099400843C0B212F0100FEDD0191D0122FF
:101420008A401043C0B2E7E702B010BD500D002063
:1014300038B50E4B1B7E9BB10446072813D80B4DC5
:1014400000222979286806F0AAFF44F08800FFF7F7
:1014500025FF01222979286806F0A1FF002038BD68
:101460006FF00400FBE76FF01500F8E7500D002067
:1014700008B5094B1B7E43B1072809D8400000F08E
:10148000FE00FFF735FF002008BD6FF00400FBE70A
:101490006FF01500F8E700BF500D0020094B1B7ED0
:1014A00013B110B5002408E06FF00400704700216C
:1014B0002046FFF71DFF0134E4B20F2CF7D90020BE
:1014C00010BD00BF500D002030B585B00DF1080CE7
:1014D0008CE80300CDE90023354A9CE8030082E84C
:1014E000030002F10805DDE9000185E8090002F1C9
:1014F000100308A903C983E8030000241476547676
:10150000947609F0B8F8431849D22344294AA2FB3B
:10151000034525F0030404EB95041B1BC01A61F17D
:1015200000014FF0CC3300FB03F302FB0133A0FBBF
:1015300002021344400840EAC3705B081C4A106270
:101540005362106808F010FE58B3194B986808F001
:101550000BFE30B3164B186908F006FE08B3144DA5
:101560004FF4D011284606F0E1FE04464FF4D011A6
:1015700005F1080006F0DAFE04434FF4D01105F13E
:10158000100006F0D3FE04430ED101222A76FFF7A5
:1015900085FF0420FFF74CFF204605B030BD012435
:1015A000B3E76FF01204F7E76FF00404F4E700BF4D
:1015B000500D0020CDCCCCCC0A4B1B7E13B110B506
:1015C00000240AE06FF0040070476000002100F082
:1015D000FE00FFF78DFE0134E4B2072CF5D90020A0
:1015E00010BD00BF500D0020194B1B7E53B370B5CA
:1015F0000446184B984223D8FFF7DEFF0725164B09
:10160000A3FB0423DB081E4603EB8303A4EB430385
:10161000124AD15C2846FFF72BFF23463446013D92
:10162000092B12D9002DEADA002070BD4021204696
:10163000FFF71EFF0134072CF8DD6FF01500F4E70B
:101640000024F8E76FF0040070470020EDE700BFCA
:10165000500D0020FFE0F505CDCCCCCCECC100084E
:101660002A4B1B7E002B4CD010B5FFF79FFE044683
:1016700009F001F8034600205A182FD202442448EA
:10168000A0FB02CE2EF0030C0CEB9E0CA2EB0C0286
:101690009B1A61F100014FF0CC3203FB02F200FB18
:1016A0000122A3FB003002445B0843EAC2735208E4
:1016B00019461648407EA04212D014494C760B625F
:1016C0004A62124B9A7EFAB10020072817DC22FAF0
:1016D00000F313F0010F10D10130F6E70120CDE740
:1016E0000A48036A406AC91A62EB00021E2972F1B5
:1016F0000002E6DB054B9C76E3E7013000E00020CA
:1017000010BD6FF0040070470020F9E7500D002075
:10171000CDCCCCCC08B50A4B1B7E43B1072809D8E9
:1017200009290AD8074B595CFFF7A2FE08BD6FF0E4
:101730000400FBE76FF01500F8E76FF01500F5E720
:10174000500D0020ECC100082DE9F04F91B005923A
:101750000393134602F004020092C3F3C20210F096
:101760000303019340F01B82074689460132041DA2
:10177000002848D0072940F21582039B5D1EDDF842
:1017800004B0CDF810B0CDF818B000264FF0FF3AF5
:101790004FF00408CDF808B0C3460FB1039B236097
:1017A000531E0793002A40F35D81059B13F002024C
:1017B00026D00120E11B8B081AB1B1F5007F80F023
:1017C000F78102990F2900F2F681002F00F05B816A
:1017D000DBB201F140026A4402F8103C02F820AC8E
:1017E000002800F04C8163F07F0301F140026A445D
:1017F00002F8103C049B01330493029B01330293D3
:10180000043400223EE001F007031C44C3F1080940
:10181000B3E7002635E0002633E0002631E04FF044
:101820000808C3462DE025292BD10AF1010A01261B
:101830004FF00408C34624E04729ECD82A2912D3E4
:101840002A39C9B2012000FA01F14FF6DA700142DB
:1018500017D111F0625F40F0C38011F0010F40F02A
:101860008D8000260DE0252903D10AF1FF3A0026DC
:1018700007E0D2D8202904D0232902D0002600E096
:1018800000261D466B1C6978002900F01581002E8A
:10189000C9D07A29BDD84C29CED34C392E29EFD8BE
:1018A00001A050F821F000BF83180008811800083B
:1018B00081180008811800088118000881180008A4
:1018C0008118000881180008811800088118000894
:1018D000811800088118000875190008811800088F
:1018E0008118000881180008811800088118000874
:1018F000811800088118000881180008E119000803
:10190000811800087519000875190008E119000808
:10191000E1190008E119000883180008751900088A
:101920001F18000881180008831800088118000893
:101930003F1A0008751900083F1A000881180008AE
:1019400081180008491A00086D1900087519000867
:10195000811800088118000875190008811800080E
:10196000651900084FF00408C3468AE74FF00408E1
:10197000C34686E729786C2924D000264444013CDC
:10198000B4FBF8F408FB04F427B1E11B59444945C2
:1019900000F20B81002A5DD1BBF1040F00F08480BE
:1019A000BBF1080F40F00A811A99073121F00701B5
:1019B00001F108001A90D1E900010FB1C4E900015A
:1019C00008345EE713F8021C6C2904D000264FF09F
:1019D0000408C346D2E700264FF00808C346CDE707
:1019E00029784C291BD01A99073121F0070101F100
:1019F00008001A90D1E90001073424F0070447B128
:101A0000E61B08364E4514D82D784C2D14D0C4E969
:101A10000001083400264FF00808C34631E71A9940
:101A2000073121F0070101F108001A90D1E9000106
:101A3000E2E76FF01B00AFE0C4E90001E9E7002630
:101A40004FF00408C34699E7324600264FF00408D9
:101A5000C34693E71A9A111D1A9112680392079AC6
:101A60001D469AE65B4B039A9A4203D35A4B9A421D
:101A7000FFF49BAE059B03F0020200209AE6069B52
:101A800001330693B9E610B109F10109B5E6009BEF
:101A900013B109F10209B0E60398FEF771FB09EBF7
:101AA000000303F10209A8E61A99081D1A900968B3
:101AB00007B121600434E4E6DDF808B0E31BB3F5B8
:101AC000806F7ED287B100223A609B083B70009BFA
:101AD00073B1069BFB70049BBB700BBB019DDDF8D3
:101AE00010A0DDF80C803AE04B44A3F1080053E06D
:101AF000069B7B70EFE701339B45EFD903F1400272
:101B00006A4412F8101C12F9102C002AF3DA01F0C2
:101B10007F01E21B01324A4556D804F8011BEAE76F
:101B2000019BE9E7009B3BB305F140036B4413F8CD
:101B3000203C04F8013B019EE31B334401334B4539
:101B400045D805F140036B4413F8103C04F8013B01
:101B5000324641462046FEF77FFB34440135AB4513
:101B600019D9BAF1000FDDD005F140036B4413F928
:101B7000103C002BD6DAF1E705F140036B4413F873
:101B8000103C57F82380002247F823204046FEF7F8
:101B9000F7FA461CD0E7E01B11B0BDE8F08F6FF0FC
:101BA0000D00F9E76FF01B00F6E76FF01B00F3E79D
:101BB0006FF01500F0E76FF01500EDE76FF015001E
:101BC000EAE76FF01500E7E76FF01B00E4E76FF05E
:101BD0001B00E1E7B4A6000828C800082DE9F04F73
:101BE00097B000AF8346BA617B61D7F88030C3F30A
:101BF000C0033B62F96011B906F064FCF8609BF821
:101C00000260B14636B1D7F8803013F0010F29D108
:101C1000002300E000239BF803207A6222B1D7F86A
:101C2000802012F0020F00D1F3B19BF80050AA00FF
:101C3000BA60DBF804203A610BEB8505BA69FAB1AA
:101C4000002B40F00581B9F1000F00F00F81D7F8AB
:101C5000803013F0040F00F00C81FE61002607F1C4
:101C60003400F9E00123D6E7BB691BB17A69F96852
:101C700058469847FC6820465C37BD46BDE8F08F63
:101C8000FC68E3B94D4400237B6123E00444013543
:101C900001364E451AD22A7800235BF822201946D5
:101CA000B86906F024FCBAF1000FEFD0D7F88830FD
:101CB0009845EBD22AF8180008F10108E6E700265B
:101CC000C7F81C80B046D7F884A0E2E7C7F81480B4
:101CD000D7F81C80D7F8803003F00503FB604FF085
:101CE000000AA146C7F81CB09CE000253B6A7BB9FE
:101CF000002D79D0D7F8803013F0010F79D1FB682F
:101D0000002B6FD10223A9EB030988E00125EDE741
:101D10005946386906F031FC0028E9D06C460023AA
:101D200087F82C30022387F82D308AB0694611F1EC
:101D3000100237D012251AB1042D01DDB14B4B61D1
:101D4000002387F82830022387F829306ABB112D39
:101D500045DD122362B1042087F82C00002087F8AB
:101D60002D0087F82E00012087F82F00F86A0861FF
:101D700028F0010828F0020828F0040828F03808A4
:101D8000022161F38818C3F30A0363F35328C8F3ED
:101D90001308002341469C4800F0B4FDA546A9F174
:101DA00002093CE06FF00045C5E72B46082D01DD38
:101DB000386988610C2B01DDC1F81CB001F12003EA
:101DC000002009E000F1300C07F1280EF4441CF863
:101DD00030CC03F801CB01300128F3D9B7E76FF01D
:101DE0001B03B7E701238EE7D7F8803013F0020F0B
:101DF00015D0002322461946B86906F078FBD7F8BB
:101E0000843053B17B69D7F88820934205D2D7F844
:101E1000842022F8130001337B61013881440AF1E8
:101E2000010A35467B6A9A4510D22E4616F802BB47
:101E30006B78FA6952F82340744B9C42FFF455AF1B
:101E4000734B9C42FFF462AF00254FE74C4612E70C
:101E500007F144000023FB614A462946FEF7FCF9DE
:101E60004D444FF00008C7F804901BE00026FE61C7
:101E7000F6E70026FE61F3E700253B6A33BB002D41
:101E80003BD0D7F8803013F0010F26D0731C06F139
:101E9000300207F12801561806F8149CDEB208F14A
:101EA000010825467B6A98454AD22C4614F802ABB5
:101EB00095F801905BF82930544A9342DCD3544A98
:101EC000934201D30025D8E70125D6E7514638696A
:101ED00006F053FB0028D2D0E1E7D7F8803013F0AA
:101EE000040FDCD0FA69531C303207F128010A4490
:101EF00002F8249CDBB2FB61D1E7D7F8803013F005
:101F0000020F09D0731C06F1300207F128015618A0
:101F100006F8149CDEB2C2E7F869431C00F13001F8
:101F200007F128028A1802F824AC02460232D2B223
:101F3000FA6107F1580252FA83F303F8249CAEE7E2
:101F4000D7F804909BF8003087F854309BF80130A4
:101F5000334487F85530D7F8803013F0020F0ED194
:101F6000FB69C3F3470387F85730D7F8803013F085
:101F7000010F06D113F0040F3ED1002302E000232D
:101F8000F1E7002387F85630DBF800003863786DFE
:101F9000CBF80000D7F814804246B9685846D7F805
:101FA00018A0D047041EFFF666AE386BCBF80000D1
:101FB000C7F814804246F96907F13400D047002879
:101FC0005FDB04EB0008B96849447B6A01EB43011D
:101FD000D7F814904A46FB68591A2846D047041E81
:101FE000FFF649AE08EB04054FF00008C7F824B02F
:101FF000B3465446CA4622E0FB69C3E74FF00009E6
:102000000AE000BFBCB10008C8AE0008B4A60008D2
:1020100028C800084FF000095246012107F12C00A2
:10202000A04700282FDB05444B4632465146204648
:1020300006F05DFA002828DB054408F10108D845C0
:1020400018D208F1300307F12802134413F8143CA6
:1020500087F82C307A6A52F82360D7F88430002B46
:10206000CCD0D7F888309845D4D2D7F8843033F81C
:102070001890D1E77A6900210846BB6998472C4639
:10208000F9E50446F7E50446F5E50446F3E500BF47
:10209000014B1860704700BFA800002080B50546BE
:1020A0000E461746984604F05DFE034601F0F8FC24
:1020B0000446DFF8189049F8003042463946304669
:1020C000A84754F8090001F075FC00BF08000000A3
:1020D000034A536823F0020353600020704700BF97
:1020E000002004E008B50B4641680C31012B14D0E8
:1020F0000AD833B90F4B9B685B68C3B10D4898474A
:1021000007E06FF0850004E0023BDBB2012B01D851
:10211000002008BD6FF08500FBE7064B9B681B683D
:1021200013B104489847F4E76FF05700F1E76FF0F8
:102130005700EEE774A7000808B5024906F05FFDF6
:1021400008BD00BFE520000810B5192808D8064BC7
:1021500053F82040204608F007F818B1204610BD7B
:102160000024FBE70024F9E798C20008EFF311828E
:10217000102383F31288BFF36F8F0B4B1B684BB98F
:102180000A490B6843F480730B60084B1B6813F417
:10219000807FFAD004490B6801330B6082F3118809
:1021A000BFF36F8F704700BF2C15002000700040F8
:1021B00010B5EFF31184102383F31288BFF36F8FF0
:1021C000144B1B68A3B9144B0122BFF35B8F53E878
:1021D000001F002903D143E800200028F7D1BFF3F6
:1021E0005B8F0BD10D4A02210D4806F0B1FE05E0D0
:1021F000012B08D0074A1368013B136084F3118850
:10220000BFF36F8F10BD074A136823F48073136008
:10221000F0E700BF2C1500202815002000B30008AF
:1022200028AF000800700040084B1A6842F4807222
:102230001A601A6842F400721A601A6842F48062E6
:102240001A60034B034A1A60704700BF003C02400B
:10225000080100200024F40038B505460B4C00E0CE
:1022600010340B4B9C420FD263685B79002BF7D084
:102270002946204606F0C0FD0028F1D023681B68DF
:10228000294620469847EBE738BD00BF40AF00081D
:1022900050AF000870B506460D46084C00E01034FB
:1022A000074B9C4208D223689B69002BF7D02A4633
:1022B000314620469847F2E770BD00BF40AF0008A6
:1022C00050AF000808B508F0D6F90022431819D21B
:1022D00013440D4AA2FB03CE2EF0030C0CEB9E0C14
:1022E000A3EB0C03C01A61F100014FF0CC3300FBEB
:1022F00003F302FB0133A0FB02021344400840EA4F
:10230000C37008BD0122E3E7CDCCCCCC2DE9F04170
:10231000074605460AE007EA0807144B03EB0613D5
:102320005B6804221968204606F0A6FDD5B195FA2F
:10233000A5F6B6FA86F60D4C04EB06140123B3405D
:102340006FEA030825EA0305237B002BEED0330157
:10235000064AD3581B69002BDDD020469847002839
:10236000E4D1D8E73846BDE8F08100BF40AF0008AF
:102370002DE9F04180460F461F4BBFF35B8F53E8BA
:10238000005F6A1C43E800210029F8D1BFF35B8F8E
:102390006DBB1A4C002607E06368042219682046CA
:1023A00006F06AFD01361034154B9C4211D2237B96
:1023B000002BF7D0204606F013FD23681B69002B85
:1023C000EAD0204698470028E6D00123B3401D43B9
:1023D000E8E7B8F1000F0BD055B12846FFF796FF9C
:1023E0000546002FF8D00A2006F008FDF4E7002586
:1023F0002846BDE8F08100BF4415002040AF00082A
:1024000050AF000808B5064B186018B1054B1B68A3
:10241000092B00DC08BD044804F014F8FAE700BFFB
:1024200038150020401500209C03002008B5024804
:1024300004F008F808BD00BF9C03002030B589B047
:1024400000220F490F4808F01AF90F4D002200230F
:10245000CDE90623002404940E23039302940194EF
:1024600000940A4B4FF440720949284607F072FF66
:102470000849284604F052F8204609B030BD00BF94
:102480002D24000830120020780D00202D2800088F
:102490000036002040B30008014B53F8200070477D
:1024A00014C3000848B108B5054A1060054B19600F
:1024B000084600F021FD002008BD6FF015007047B0
:1024C000AC0000203415002008B5054B1B781BB16B
:1024D000034B01221A7008BD024803F0B3FFF7E76F
:1024E000541600209C03002008B5104BBFF35B8FEF
:1024F00053E8001F013143E80012002AF8D1BFF36E
:102500005B8F30B90A4804F09DFF0A4803F09AFF38
:1025100008BD094BBFF35B8F53E8001F013943E847
:102520000012002AF8D1BFF35B8FEBE73C150020C7
:10253000301200209C03002040150020064B002292
:10254000BFF35B8F53E8000F43E800210029F9D166
:10255000BFF35B8F704700BF3C15002038B5FFF715
:10256000EDFF0546094C00E01034094B9C420BD2AC
:1025700063685B79002BF7D023685B68002BF3D08E
:10258000294620469847EFE738BD00BF40AF000816
:1025900050AF0008034B18680028D4BF002001206A
:1025A000704700BF3C15002010B5044C044920467C
:1025B00006F073F9034B1C6010BD00BF3C01002006
:1025C00000C300083015002008B500230C4A137022
:1025D0000C4A13600C4A13604FF47A710B48FFF7F2
:1025E00061FFFFF7E1FF0A4A06E0094BD31A1B110E
:1025F000013351680B711032064B9A42F5D308BD76
:10260000551600203C15002040150020C52200086A
:1026100040AF000850AF000808B50146014806F079
:10262000FDFB08BD3C01002008B5024806F018FA81
:1026300008BD00BF3C01002008B50146024B1868E8
:1026400006F0F2FB08BD00BF3015002008B50248B7
:1026500006F0EEFB08BD00BF3C01002010B582B0C3
:1026600000220023CDE90023304B187808B902B0CE
:1026700010BD684606F0F4FB044680B1FFF7ECFDA0
:102680002046FFF7D9FF2A4BBFF35B8F53E8001FAB
:10269000013943E80012002AF8D1BFF35B8FFFF73E
:1026A00079FF70B9234A1368516813F57A7341F1C1
:1026B000000113605160A4B3FFF7C8FF98B3012075
:1026C000D5E707F0D8FF0022431828D213441A4A4E
:1026D000A2FB03CE2EF0030C0CEB9E0CA3EB0C0321
:1026E000C01A61F100014FF0CC3300FB03F302FB91
:1026F0000133A0FB02021344400840EAC3705B08A8
:102700000C490A684968801A63EB010340F2E93218
:10271000904273F10003C5D3FFF720FFC2E7012207
:10272000D4E70020A3E70020A1E700BF5416002053
:102730004015002028120020CDCCCCCC0F4B1B78AC
:1027400003B1704710B500210120FFF711FE0C4CBA
:1027500000E010340B4B9C4208D263685B79002B7D
:10276000F7D023689B6820469847F2E7FFF776FF8B
:102770000028FBD1014B01221A7010BD5516002014
:1027800040AF000850AF000810B582B01A4BBFF33D
:102790005B8F53E8002F511C43E800100028F8D14C
:1027A000BFF35B8F154B1B7863B9154B1B68B3B137
:1027B000BAB1092A13D1134804F044FE124803F0B9
:1027C00041FE0CE0EFF31184102383F31288BFF372
:1027D0006F8FFFF743FF84F31188BFF36F8F02B051
:1027E00010BD00220023CDE9002342F21072002325
:1027F000044804F0EDFDF2E74015002055160020D6
:1028000038150020301200209C03002010B504462B
:10281000044B1B689847A0602146034806F024FB40
:1028200010BD00BFAC0000203C0100202DE9F041AC
:1028300000210846FFF79CFD804650B14FF4FA7620
:10284000002701F02DF9154B1858FFF7DBFD002587
:1028500015E04FF0FF364FF0FF37F2E74046FFF745
:1028600055FD804670B94FF0FF364FF0FF3709E055
:102870002C4632463B460A4803F01AFE2546B8F17C
:10288000000FEBD1FFF7EAFE04460028F6D1002D39
:10289000EED000210846FFF7FDFCEAE70800000043
:1028A0009C0300200248034BC01AC008704700BFB9
:1028B00040AF0008C0AE000810B50C46FFF7F2FFAD
:1028C000A04203D9024B53F8340010BD0020FCE7AE
:1028D000C0AE000800B589B00592069300230793A7
:1028E00062B1074A0C9B02930B9B01930A9B0093D6
:1028F00005ABFFF773F909B05DF804FB0022F1E7BF
:102900008F8E00082DE9F04F8BB004AF05461E46B0
:102910008846C1F34A24002C00F0898091460022A9
:10292000FA603A617A6104230293FB1801930A2347
:10293000009307F10C0321464846FFF74FF9B0F525
:10294000006F58D3D9F804106D4600233B7302235F
:102950007B738AB004AC14F1100217D012201AB1A4
:10296000042801DD3B4B636100233B7002237B7035
:10297000CAB10346082800DDA1610C2B02DD40F23C
:10298000FF73E36104F1200300210AE06FF00040CF
:10299000E5E701F118063E4416F8186C03F8016BE0
:1029A00001310129F5D9112822DD122342B1042178
:1029B000397300217973B9730121F973F8682061C3
:1029C000002121F0010121F0020121F0040121F098
:1029D0003801022060F38811C3F30A0363F3532123
:1029E0000023C1F313011C4806F0D4FAAD462DE0D4
:1029F0006FF01B03DAE760F35328C0F30A0A0AEB0F
:102A00001850173020F007008008FFF705FE8346B6
:102A1000B0B104230293FB1801930A230093534699
:102A200000F1100221464846FFF754FF08E004EB8E
:102A30001154173424F00704A008FFF7EDFD834676
:102A4000334642462946584606F03AFA1C37BD46F8
:102A5000BDE8F08F58B30008D8AE00082DE9F04F5C
:102A600085B081460E4690461F46DDF838B0DDF849
:102A700040A0BAF1000F41D0119B0393009353463D
:102A80000F9A10210020FEF75FFE0546B0F5006F9B
:102A90002CD20BEB0500173020F007008008002433
:102AA00024F0010424F0020424F0040469F3C504B2
:102AB00068F3881465F353246BF31F54FFF7ACFDE0
:102AC000804650B11030BAF1000F06D0119B009330
:102AD00053460F9A2946FEF737FE3B4622463146BB
:102AE000404606F0EDF905B0BDE8F08F40F2FF7307
:102AF000034A0221034806F035FAF4E70025C8E747
:102B000098B30008D8AE0008406820B1034BC01A43
:102B100040F3CF0070474FF0FF307047C0AE000861
:102B20000EB400B582B0014603AB53F8042B0193F9
:102B3000034801F0BDF802B05DF804EB03B0704744
:102B4000CB8F000810B584B011F0440F05D01A4B9C
:102B50001B6833B9002004B010BD1849FFF7E0FF2F
:102B6000F9E717490968B2FBF1F2B2FBF3FC03FB8A
:102B70001C224FF47A7E0EFB02F2B2FBF3F403FB4D
:102B800014210EFB01F1B1FBF3F10E4AA2FB0C3252
:102B9000D20A4FF4616303FB12CC0B4BA3FB0CE393
:102BA0005B0902910194C3EB0311ACEB810100912D
:102BB0000649FFF7B5FFCEE74C150020D0B300085B
:102BC00048150020C5B3A29189888888DCB3000825
:102BD00061B108B52AB1064A52F8232012B9054A54
:102BE00000E0044A0449FFF79BFF08BD704700BF9F
:102BF0004CC30008F8B3000800B400082DE9F04108
:102C000005461746079EDDF8208081B900242EB1C5
:102C1000324611492846FFF783FF0444B8F1000FFC
:102C200014D06FB10B9B042B13D00C4909E00C4B53
:102C30000B9A53F822200B49FFF772FF0446E6E790
:102C4000064942462846FFF76BFF04442046BDE88C
:102C5000F0810549F5E700BF18B4000808B4000882
:102C600060C3000810B4000804B400082DE9F04F58
:102C700089B005460C46069207939DF8587001F0FE
:102C8000020B01F0010AC1F3C00801F4807906F0DB
:102C9000F1F838B3024618492846FFF741FF0646C7
:102CA000BBF1000F20D13A465146284606F0B8F94C
:102CB000B9F1000F01D00023139305979DF854300C
:102CC0000493149B0393139B0293129B0193002381
:102CD0000093069A41462846FFF790FF304409B01A
:102CE000BDE8F08F0026DBE7079A21462846FFF76C
:102CF00029FF0644D7E700BF1CB4000811F0100FED
:102D00000BD108B511F0200F03D00449FFF708FFDD
:102D100008BD0349FFF704FFFAE7704720B4000835
:102D200024B400082DE9F04105460F4616469846A2
:102D30000699FFF7E3FF002404E025492846FFF742
:102D4000EFFE01344445F8DB002409E02049284621
:102D5000FFF7E6FE0BE01F492846FFF7E1FE0134CE
:102D60000F2C0CDC002C02DD14F0070FEED0B44267
:102D7000F1D23A5D18492846FFF7D2FEEFE717492E
:102D80002846FFF7CDFE002409E011492846FFF749
:102D9000C7FE0BE012492846FFF7C2FE01340F2C94
:102DA00013DC002C02DD14F0070FEED0B44207D282
:102DB0003A5D0C4B9B5C13F0970FEBD12E22E9E7A9
:102DC00003492846FFF7ACFEE8E7BDE8F08100BF05
:102DD00028B4000834B400082CB4000838B4000843
:102DE0003CB4000828C700082DE9F04186B004462D
:102DF0009DF838500F9F119E95B9012B21D01A488C
:102E00004FF0000827B13B462246184905F085FBE4
:102E1000DEB91DBB204606F0C1F806B0BDE8F08162
:102E200004959DF8340003900C9802900193009251
:102E30000B46002212992046FFF718FF80460C48E7
:102E4000E0E70B484FF00008DCE7129B0093434695
:102E500032461099204606F0FBF8DAE72A46129926
:102E6000204606F0E9F8D5E703900008B13C0008D9
:102E7000CB8F00082DE9F04383B00646056842F287
:102E80000F738B4228BF0B46184A0521684604F091
:102E9000BFFB04467368D3F804900B27DFF850801B
:102EA00005E04A4639464046A8473F1A8044002F6D
:102EB000F7D17368D3F804806F4605E04246214697
:102EC0003846A847241A0744002CF7D173685F6876
:102ED0001B24084E05E03A4621463046A847241AEE
:102EE0000644002CF7D103B0BDE8F08360B00008C1
:102EF00040C3000824C30008074B01221A6004E005
:102F00004008054A13685B001360044B9842F7D8E9
:102F1000034B1860704700BF4815002040420F0067
:102F20004C15002070B506460D46002405E0315DC5
:102F3000044883685B6898470134AC42F7D328465D
:102F400070BD00BFC4A80008014B0360002070479B
:102F5000A8C3000808B50348034A121A002106F066
:102F600008F908BDB00300205816002008B506482F
:102F7000064A121A064906F000F90648064A121ACD
:102F8000064906F0FAF808BD00000020AC03002056
:102F900028C80008000000200000002028C8000801
:102FA0002DE9F04182B000AF0446D0F800E0D0F83F
:102FB00004C085686E468AB06B4613F1100200F0BB
:102FC000888014218AB10846042903DDDFF81C81BA
:102FD000C3F81480082801DDC3F818E00C2801DDCF
:102FE000C3F81CC0102800DD1D62132974DD1425F0
:102FF0003AB10521397100217971B971F971786897
:103000001861002121F0010121F0020121F00401E9
:1030100021F03801012363F38811C5F30A0565F334
:103020005321C1F3130100233148FFF76BFCB54670
:10303000D4F80CC026696569E8468AB06B4613F17E
:1030400010024CD0142182B10846042903DDDFF8B8
:10305000A4E0C3F814E0082801DDC3F818C00C2868
:1030600000DDDE61102800DD1D6213293ADD142524
:103070003AB10521397100217971B971F971786816
:103080001861002121F0010121F0020121F0040169
:1030900021F03801012666F38811C5F30A0565F3AE
:1030A0005321C1F31301124D00232846FFF72AFCD8
:1030B000C546E369104A3146284605F053FFA36927
:1030C0000E4A3146284605F04DFF0837BD46BDE89B
:1030D000F0816FF0004175E76FF01B0588E76FF036
:1030E0000041B0E76FF01B05C2E700BF80B40008E5
:1030F000F8AE0008B0B40008E0B40008F0B400086E
:1031000038B504460D4611B10846FFF749FF012CBA
:1031100004D02946204602F099FD38BDEFF305831F
:10312000103B034A0121034805F01CFFF1E700BFF3
:1031300020B50008F8AE000830BFFFF7FDBF00BFA4
:1031400038B50446054D2A460549FDF785F8054A78
:103150000021601904F0C6F938BD00BF000000006E
:1031600094AF00080400000070B50646064D074BFA
:103170001D444C1B2046FFF7E3FF083CC6F8A44063
:1031800005F1080070BD00BF000000000400000051
:103190008169104B5A6942F480725A61BFF34F8FB4
:1031A000BFF36F8F31F8021C5A6922F480725A61A2
:1031B000BFF34F8FBFF36F8F01F47F43B3F55F4FC2
:1031C00001D000207047C9B2022901D00020704709
:1031D0000120704700ED00E04FF0000C83F800C0C4
:1031E00002F07F4CBCF17F4F14D102F00C0CBCF10B
:1031F000080F04D012F0080F09D00846704708B530
:10320000054A0121054805F0A3FE002008BD012262
:103210001A7070470020704734B50008F8AE0008F7
:1032200008B52B4A01212B4805F092FE2A4B9B6AD8
:1032300013F0007F21D11D20274B9B6A13F0807F64
:1032400022D1254B9B6A13F4002F24D1224B9B6A79
:1032500013F4802F26D1204B9B6A13F4003F28D112
:103260001D4B9B6A13F4803F2AD11B4A936A6FEA75
:1032700003436FEA1343936208BD184A01211548BE
:1032800005F066FE1E20D7E7154A0121114805F01A
:103290005FFE1F20D5E7134A01210E4805F058FEB6
:1032A0002120D3E7104A01210A4805F051FE2220CF
:1032B000D1E70E4A0121074805F04AFE2320CFE757
:1032C0000B4A0121034805F043FE2420CDE700BF4F
:1032D00060B50008F8AE000800ED00E078B5000821
:1032E0008CB50008A8B50008C8B50008F0B50008FE
:1032F0000CB6000808B500230B70034A01210348EF
:1033000005F026FE08BD00BF38B60008F8AE00087C
:1033100090B583B000AF0F2923DC2F4C1039002368
:103320003B7102237B718AB0EC461CF110021AD06B
:10333000122022B1042802DD284BCCF814300023DF
:103340003B7002237B70E2B10346082801DDCCF814
:1033500018400C2B01DDCCF81C100CF120030021CF
:103360000DE01F4CDAE76FF00040E2E701F10804DE
:1033700004EB070E1EF808EC03F801EB01310129FC
:10338000F4D9112824DD12234AB104213971002116
:103390007971B9710121F9717868CCF810000021B8
:1033A00021F0010121F0020121F0040121F0380196
:1033B000012060F38811C3F30A0363F35321C1F3BF
:1033C000130100230748FFF79DFA0C37BD4690BD57
:1033D0006FF01B03D8E700BF5CB6000890B600088A
:1033E00074B60008F8AE0008F8B505460F46144656
:1033F000374A0121374805F0ABFD374B9B6A13F480
:10340000805F25D11626344B9B6A13F4006F26D1BA
:10341000314B9B6A13F4007F28D12F4B9B6A13F426
:10342000806F3FD12C4B9B6A13F4807F41D12A4B94
:103430009B6A13F4005F43D1274A936A43F47F43A6
:1034400093620121284605F0A8FE20703046F8BDA1
:10345000224A01211F4805F07BFD1726D3E7204AA9
:1034600001211C4805F074FD1826D1E71D4A0121F1
:10347000184805F06DFD184A936B926A12F4004FDC
:1034800001D11926C9E7184A0121124805F06AFD41
:1034900037B1114A936A23F4004393621926BCE7BB
:1034A0001926BAE7114A01210A4805F051FD1A26EA
:1034B000B8E70F4A0121074805F04AFD1B26BBE784
:1034C0000C4A0121034805F043FD1C26B4E700BF68
:1034D000A4B60008F8AE000800ED00E0BCB6000895
:1034E000D0B60008E4B6000800B7000818B7000816
:1034F00034B700084CB700082DE9F04104460F46E8
:103500001546464A0121464805F022FD454B9B6A77
:1035100013F0100F3CD11026424B9B6A13F0080F9A
:103520003DD1404B9B6A13F0020F3FD16FF015085D
:103530003C4B9B6A13F0010F58D13A4B9B6A13F036
:10354000200F5AD1374B9B6A13F0100F04D1354B23
:103550009B6A13F0020F04D0324B5B6813F4006FC8
:1035600052D1304B9B6A13F0200F04D02D4A536A7E
:1035700023F4005353622B4A936A43F0FF03936290
:103580000121204605F009FE28703046BDE8F08193
:10359000254A0121224805F0DBFC1126BCE7234A1D
:1035A00001211F4805F0D4FC1226BAE7204A012168
:1035B0001B4805F0CDFC1B4BD3F834809B6A13F0FD
:1035C000800F03D16FF015081326B1E74346194A5F
:1035D0000121134805F0C6FC37B1124A936A23F063
:1035E000800393621326A3E71326A1E7124A012161
:1035F0000B4805F0ADFC14269FE7104A012108484E
:1036000005F0A6FC15269DE72146404605F0FDFD88
:103610000028A6D080F309880226A2E77CB700081C
:10362000F8AE000800ED00E094B70008D0B600083E
:10363000C8B70008E0B70008F8B700084CB70008A2
:1036400070B506460D462B4A01212B4805F080FC3B
:1036500000232B70294BDC6A14F002040AD1274B9B
:10366000DB6A002B0DDB254BDC6A14F080440ED1A5
:10367000204670BD224A01211F4805F069FC002444
:10368000F6E7204A01211C4805F062FCF0E71E4ADB
:103690000121194805F05CFC3046FFF779FD98B927
:1036A000164B9B6A13F0FF0F16D1144B9C6A14F44F
:1036B0007F4418D1114B9B6AB3F5803FD8D3304675
:1036C000FFF7AEFD0446D3E73368104A01210A48EC
:1036D00005F048FC3468CBE72A4601213046FFF765
:1036E0000BFF0446C4E72A4601213046FFF77CFE63
:1036F0000446BDE718B80008F8AE000800ED00E089
:1037000030B8000854B8000864B8000884B800084D
:1037100030B58BB01E4B5D68C5F30805002383F3FD
:103720001188BFF36F8F0DF12603FFF755FD044697
:103730000DF12702294605F032FD9DF827300BB127
:103740000BB030BD05460DF1040C20686168A2681D
:10375000E368ACE80F0020696169A269E369ACE83D
:103760000F009DF826304BB1089BC3F308024AB9FD
:103770006FEA53236FEA4323089303E0089B6FF338
:103780000803089301A92846FFF7BAFCD8E700BF51
:1037900000ED00E0044B5A6942F010025A615A6988
:1037A00022F008025A61704700ED00E0EFF3088054
:1037B000EFF3098101B57246FFF7AAFF01BD00BF13
:1037C0000C4880F3088800200B490870102080F313
:1037D00011880A484FF40461401880F30988EFF318
:1037E00014800221084380F31488BFF36F8F00F028
:1037F00049F80000004700205716002040390020FB
:103800001EF0040F0CBFEFF30880EFF3098081690D
:1038100011F8021C0229FFD001B5724605F0B1FC77
:1038200001BD00BF002807DB00F01F024009012393
:103830009340024A42F82030704700BF00E100E0A8
:10384000002808DB0901C9B200F1604000F56140C1
:1038500080F80013704700F00F000901C9B2014B56
:103860001954704714ED00E0044B23F07F03044A21
:103870009360BFF34F8FBFF36F8F70470000000856
:1038800000ED00E008B5FFF7EFFF0B4AD2F88830F3
:1038900023F47003C2F88830EFF3148323F0040399
:1038A00083F31488BFF36F8FFFF754FBFFF75EFBC2
:1038B00000F0CCF802F0CCFB00ED00E0104B9B6870
:1038C000BBB110F1160F0BD0D3F89420A2F1400C2D
:1038D000844510D8824210D98A4207D80020704708
:1038E000D3F894208A4201D800207047D3F894007E
:1038F000704700207047002070470020704700BFCD
:103900002016002010B4A2F120040E4942F8081C31
:1039100021F0010142F8081C42F8203C019B42F8CA
:103920001C3C029B42F8183C039B42F8143C4FF0AD
:10393000807342F8043C04650023C0F8A83010BC32
:10394000704700BF9D20000808B50E4615460C4A7A
:103950009060D0F8A4200B4B1A6000F0B5F82C460C
:1039600086F309880020044B984720460021002256
:103970000023024C20470000199200089D200008F7
:103980002016002078150020014B10221A61704784
:1039900000ED00E0054B5A699B689A4204D0044A46
:1039A000536843F080535360704700BF20160020D7
:1039B00000ED00E008B50A4B9B68834202D003F09B
:1039C000D7F908BDEFF30583002BF8D0054B5A68F3
:1039D00042F080525A605A6A22F400425A62EEE77C
:1039E0002016002000ED00E015498A684FF03000F5
:1039F0001044EFF3098C80E8F01F102080F3128848
:103A0000BFF36F8F0F4F4FF000664A698A603E60C8
:103A1000D2F8A4000C4C2060D2F8A8000023C2F811
:103A2000A83080F3118804B5104600F04DF8BDE8C9
:103A3000044002F1300090E8F01F8CF309887047D1
:103A40002016002004ED00E078150020002206E09A
:103A500003F00F030949194410230B760132492A58
:103A60000ADC53B2002BF3DB03F1604303F561433F
:103A7000102183F80013F1E7704700BFFCEC00E071
:103A800008B5EFF30583103B044A02EBC301496814
:103A900052F833008847FFF77DFF08BD50A90008A2
:103AA00001480068704700007815002008B5034BF6
:103AB000034A0121034805F0EEFC08BD0080012007
:103AC00000000020A8C3000808B5D0F89430403B9F
:103AD0000448036040234360034B8360012105F0E9
:103AE000DEFC08BD7C15002000000B15084AC2F85A
:103AF00098000B6823F01F03034343F01003C2F840
:103B00009C308B6843F00103C2F8A030704700BFBF
:103B100000ED00E010B504460A4BD3F89030C3F333
:103B20000723013B984203D8FFF7E0FF204610BD72
:103B30000346054A0121054805F014FA6FF0150007
:103B4000F5E700BF00ED00E0A4B80008F0AE000803
:103B50002DE9F84380460F4699461646002509E0B0
:103B60002146F0B205F07DFB064610F1160F1AD083
:103B700001360135BD4216DA05EB450408EB840435
:103B80006268002AF5D0B9F1000FE9D0204605F0AF
:103B900057FB0028E4D12B46044A0121044805F0D4
:103BA000E1F96FF015063046BDE8F883CCB800089F
:103BB000F0AE000810B5034C01232278FFF7C8FFD0
:103BC000207010BD5616002008B500230B4A12784D
:103BD000FFF7BEFF10F1160F0FD0024606E0084BAC
:103BE000C3F898200021C3F8A0100132044BD3F889
:103BF0009030C3F307239342F1DC08BD5616002032
:103C000000ED00E0044B0522C3F89420BFF34F8F72
:103C1000BFF36F8F704700BF00ED00E0BFF35F8F11
:103C2000024B0022C3F89420704700BF00ED00E073
:103C300038B51C4B1D681C4BD3F89030C3F30723D9
:103C40009D422BD8FFF7EAFF002409E0154B5B6883
:103C500004EB440103EB81012046FFF747FF0134E9
:103C6000A542F3D81148057005F01AFB10F1160FA4
:103C700013D00E4B1A780C4BD3F89030C3F30723B4
:103C80009A4207DA084BC3F898200021C3F8A01025
:103C90000132F0E7FFF7B6FF002038BD4FF0FF30EC
:103CA000FBE700BFB4C3000800ED00E0561600209B
:103CB00070B586B006460D4611466846002400944D
:103CC0000194029403940494059402228DF8022036
:103CD000044A0192049605951A4603F04BFD06B07E
:103CE00070BD00BFA794000808B5024B1B68984739
:103CF000002008BD88150020034B1860034A937804
:103D000043F002039370704788150020B80000202C
:103D100008B5064921F00701C1F1005202F5C03291
:103D2000034804F07CFB002008BD00BF6947002069
:103D30008C15002000B583B0094B93E8030002AB5B
:103D400003E90300074B9B681B682BB169460548D4
:103D5000984703B05DF804FB6FF05700F9E700BF28
:103D600014B0000874A7000808B500F01F02012372
:103D700093401F2806D8074A526993430CBF01207D
:103D8000002008BD0346044A0121044805F0EAF872
:103D90000020F6E7003C014004B90008D0AE00085E
:103DA00008B500F01F02012393401F2803D8064ADC
:103DB0005361002008BD0346044A0121044805F070
:103DC000D1F86FF01500F5E7003C014004B9000898
:103DD000D0AE0008002399420ADD10B400EB030CBA
:103DE000044C04F80C2001339942F7DC10BC7047F6
:103DF000704700BFC8000020F8B50746002401E066
:103E00000134E4B27B78A34217D93D786619304675
:103E1000FFF7AAFF0028F3D03046FFF7C1FF074B9A
:103E200053F83620002AEBD006F01F0503EBC6033B
:103E300059680120A8409047E2E7F8BD9815002096
:103E40005FFA81FC0CF102020A4B53F822200B0CA2
:103E500022EA114193FAA3F34BB1B3FA83F39840EA
:103E600001430CF1020C034A42F82C107047202346
:103E7000F5E700BF00380140C3B20233074A52F8E9
:103E80002320030C02EA104093FAA3F31BB1B3FA08
:103E900083F3D84070472023FBE700BF0038014080
:103EA00008B5034668B1B0FA80F2C2F11F02D2B27F
:103EB00005498856054A11680B43136005F094F9CB
:103EC00008BDFF22F4E700BFC8000020003C01400D
:103ED000024A136823EA000313607047003C014064
:103EE000032926D8DFE801F0020C151E114B9A6851
:103EF00022EA00029A60DA6822EA0002DA60704779
:103F00000C4B9A6802439A60DA6822EA0002DA608F
:103F10007047084BDA680243DA609A6822EA0002C6
:103F20009A607047034B9A6802439A60DA681043BC
:103F3000D8607047003C014010B498B1B0FA80F3EB
:103F4000C3F11F03DBB29C460D4850F83300884292
:103F50000AD088B90A4B43F83C1003EBCC035A60F3
:103F600010BC7047FF23EEE7054C04EBC3035B680E
:103F70009342EED10020F3E76FF00F00F0E700BFAF
:103F80009815002060B1B0FA80F3C3F11F03DBB2D3
:103F9000044A002142F8331002EBC302516070471B
:103FA000FF23F5E79815002070B544681A4B9D680B
:103FB0002B6843B304F1080117489847064610BB25
:103FC00094F8453013F0010F07D004F11001AB69EC
:103FD000E3B1002210489847C0B994F8453013F077
:103FE000020F07D004F11801AB6993B100220A480F
:103FF000984770B9236A09494A6822F4403213434A
:104000004B60304670BD6FF00406FAE76FF00406AF
:10401000F7E76FF00406F4E774A7000800230140F7
:104020002DE9F04147680369D7F80080D3F8A05024
:1040300000260EE004EB44021E3A44EA025297F9CD
:104040004230012B1AD00123A34025EA0305013693
:10405000F6B225B395FAA5F4B4FA84F40DB94FF08D
:10406000FF340134E4B2013CE4B2092CE2D804EBA1
:10407000440244EA025242F00072E0E70C4B53F86B
:104080002610404605F0C6FA0A4B53F82630D8F8F9
:104090002C2022F470021343C8F82C30D3E7D8F850
:1040A000043043F48073C8F804300020BDE8F08188
:1040B000A4C4000864C400084900036813B19B89C4
:1040C00003FB0111C3688B4201D30020704700B588
:1040D00083B00091044A0121044804F04EFF6FF0C0
:1040E0000B0003B05DF804FB48B90008C0AE00083F
:1040F00070B544682568002300E0013394F940203E
:104100009A4205DD91F810C0A06AC05C8445F4D1E4
:104110009A420AD06A6802F04072E16A9E0051F841
:104120002330934209D1002070BD0B4A01210B4876
:1041300004F00EFF6FF01500F6E70021284605F0A9
:104140003BFA0028F0D1E36A9B596A6822F040727A
:1041500013436B60E8E700BF70B90008C0AE000809
:1041600010B5446821B30A4643F6FF73994221D043
:104170008B0B032B0CD10020072811DC00F1180356
:1041800034F8133043F44043934210D00130F3E746
:10419000094A0121094804F0DBFE6FF0150006E032
:1041A000074A0121054804F0D3FE6FF0150010BD49
:1041B0000020FCE70720FAE784B90008C0AE000839
:1041C000ACB9000870B50D46446826681146FFF783
:1041D000C7FF002817DB94F941303BB1002B19DBF6
:1041E000013BDBB2012B15D800200CE0092D0BD8C8
:1041F00005EB450345EA035343F0007102463046A0
:1042000005F029FA002070BD05EB45031E3B45EA89
:104210000351F3E7034A0121034804F099FE6FF0CC
:104220001500F0E7D0B90008C0AE000808B5436833
:1042300093F8453013F0100F03D10B7913F0200FD2
:104240000DD10B78092B12D14B78042B17D10B7998
:104250004A8803F01F01FFF7B5FFC0B908BD104A37
:104260000121104804F074FE6FF01500F6E70E4AC5
:1042700001210C4804F06CFE6FF01500EEE70B4ACC
:104280000121084804F064FE6FF01500E6E7084AD3
:104290000121044804F05CFE6FF01500DEE700BF6A
:1042A00008BA0008C0AE000838BA000850BA0008C2
:1042B0006CBA000800B583B0034608309B6F6333C7
:1042C0002CBF4FF0010C4FF0000CC3F31302190D7B
:1042D00041EA0C311144114AA2FB01E2D20802EB7F
:1042E000820202EB82028A1A9B1A6CF1000C0C49C2
:1042F0000C4A03FB02F201FB0C22A3FB01310A442E
:104300009B0843EA827392080093019200220023E3
:1043100003F05EF803B05DF804FB00BF1F85EB51AE
:10432000295C8FC2F5285C8F2DE9F04107460D46C8
:1043300043680669D3F800808B68C6F894304868F3
:10434000C6F8A000FCF724FAC0B286F8A400002347
:1043500086F8A5302B7C86F89C30002838D01028B1
:104360003ED829463846FFF7C3FE041E41DB3846D7
:10437000FFF756FE041E42DB96F8A4102846FFF70E
:104380009BFE0446002840D16B7C002B43D1AB7CC4
:10439000002B48D1404605F0FEF86FF02003C8F826
:1043A0000030D8F8083043F48063C8F80830D8F8F3
:1043B000043043F02003C8F804302946304605F0A5
:1043C0007EF9304605F0AAF904462046BDE8F081A2
:1043D000194A0121194804F0BBFD6FF01504F4E7F8
:1043E0001023174A0121154804F0BCFD6FF0150495
:1043F000EBE7144A0121114804F0AAFDE5E7124A4F
:1044000001210E4804F0A4FDDFE7104A01210B480A
:1044100004F09EFDD9E70E4A0121084804F098FDFA
:104420006FF08504D1E70B4A0121044804F090FDA8
:104430006FF08504C9E700BF84BA0008C0AE000869
:104440009CBA0008C8BA0008ECBA00080CBB000807
:1044500020BB00083CBB0008F8B505694668376812
:10446000C5F89000FF2385F8A63085F8A730FFF740
:104470009BFD0021706A05F094F9041E0CDB736843
:1044800003B198470121384605F096F8284605F013
:1044900074F900242046F8BD14F1020FEFD0234632
:1044A000024A0121024804F05DFDF3E758BB000811
:1044B000C0AE000870B50446066943681D682B68E5
:1044C00013F0200F15D12B6813F0020F10D0EA6CF7
:1044D000D6F89430991CC6F894101A8096F8A53036
:1044E0000133DBB286F8A53096F8A420934209D0B8
:1044F00070BD6FF020032B60064A0121064804F0CE
:1045000027FDE0E7002386F8A5302146304605F078
:104510007BF9EDE778BB0008C0AE000808B502489B
:10452000FFF7C8FF08BD00BFFCA800080C4B1B68C4
:1045300013F0020F09D10A4A136843F00103136014
:10454000074B1B6813F0020FFAD0054A936823F05B
:1045500003039360024B9B6813F00C0FFAD1704772
:10456000003802400C4B1A6842F480221A601A6824
:1045700042F480321A60084B1B6813F4003FFAD0F3
:10458000054A536F43F001035367034B5B6F13F00E
:10459000020FFAD0704700BF00380240F8B50C4651
:1045A0001546424B1E680221304605F076F9074653
:1045B0000121304605F071F92388C3F30B010B4646
:1045C000442929D809B2002968D0013B432B68D877
:1045D000DFE803F03D53565A5D3F496767676767F9
:1045E0006767676767676767606267676767676767
:1045F000676767676767676767676767676767674B
:1046000067676735676767356767673767676767CE
:10461000676767396767673BA8290DD12E602368F4
:10462000B3F5805F40D32A68C3F313330133B2FB81
:10463000F3F22A60002036E06FF0850033E02E6050
:10464000EDE72E60EBE72F60E9E72860E7E72E60F3
:10465000E5E700F0CFF804234FF4A872082105F035
:1046600015F92860DBE700F0C5F807234FF4A872BE
:10467000082105F00BF92860D1E700232B60CEE775
:104680004FF4FA432B60CAE700232B60C7E7084BBF
:104690002B60C4E72E60C2E72E60C0E76FF0850094
:1046A00001E06FF08500F8BD0020FCE70801002064
:1046B00000127A0008B51B4B9B6803F00C03082B13
:1046C00027D0184A136823F080731360154B1B68BA
:1046D00013F0007FFAD1144AD2F8043823F440339F
:1046E00043F48033C2F80438D2F8043823F07063FE
:1046F00043F0E063C2F8043800F080F8094A136818
:1047000043F080731360074B1B6813F0007FFAD0EF
:1047100008BDFFF70BFF034A936823F0F003936093
:10472000CFE700BF0038024000300240162806D80C
:10473000064BC34013F0010F04D0002070476FF008
:10474000850070476FF08500704700BFEA00600089
:1047500038B500F077F8234C204605F01BF901F03E
:104760007BF9214B9B68C3F30313204AD35C20FAE7
:1047700003F513781C41A5422CD3FFF7F3FEFFF796
:1047800099FF194A936823F0F0039360936823F02C
:10479000030343F002039360134B9B6803F00C0385
:1047A000082BF9D1A54219D2114B0E4A1A600E4BB3
:1047B0009A6822F4E05242F480529A609A6822F495
:1047C00060429A60D3F88C2022F08072C3F88C206B
:1047D000002038BD204601F0ADF9CEE7204601F0BB
:1047E000A9F9E1E700BD01050038024080C60008D4
:1047F000080100200048704700127A0008B505F053
:10480000CAF80C4B59680C4A0A4040F4A84141F0E0
:1048100008010A435A605A6822F4403242F4803256
:104820005A605968054A0A40054901430A435A60DB
:1048300008BD00BF003802400080BFFF0080BFF00D
:104840000854000782B0064B1A6C42F080521A647A
:104850001B6C03F080530193019B02B0704700BFB3
:104860000038024010B504460A2806D0E1B20648D6
:1048700083685B689847204610BD034883685B687F
:104880000D219847F2E700BFC4A8000810B5044CFA
:104890002046FFF731FA2046FDF7FAFB10BD00BFB6
:1048A0006548000808B5054805F05EFC18B1FFF73B
:1048B000EDFF002008BD6FF01200FBE7C4A8000860
:1048C0002DE9F84380460F4616461C46D0F8049062
:1048D000D9F8080004F03FFEB6F5001F0ED00546DB
:1048E000B6F5800F2AD0B4F1806F0ED0B4F1C06F4E
:1048F0000DD0B4F1007F24D1022609E03946D9F861
:10490000080005F01CF9002415E0012600E003264C
:1049100042460F492846FFF70FFB0446A0B9D9F8D5
:104920000810384604F01CFE31462846FFF7D8FA36
:104930002846FFF7B5FA2046BDE8F8836FF08504F6
:10494000F9E76FF01504F6E76FF00F04F3E700BF27
:10495000619A000810B5402910D007D804290FD05B
:1049600010290FD001290FD1002110E0B1F5807F6F
:104970000CD0B1F5806F1ED1052108E0032106E0BF
:10498000012104E0022102E0062100E004211830A8
:104990000A4B13F801C050F80C30094C14F801E030
:1049A000732101FA0EF123EA010302FA0EF2134316
:1049B00040F80C3010BD0621E9E700BFB8C500087B
:1049C000B0C50008402912D008D8042912D01029F7
:1049D00013D0012914D14FF0000C16E0B1F5807FFF
:1049E00011D0B1F5806F1ED14FF0050C0DE04FF0E6
:1049F000030C0AE04FF0010C07E04FF0020C04E05A
:104A00004FF0060C01E04FF0040C036A074911F85F
:104A10000CC0022101FA0CF123EA010302FA0CF2A4
:104A20001343036270474FF0060CEEE7A8C5000879
:104A3000402912D008D8042912D0102913D00129F6
:104A400014D14FF0000C16E0B1F5807F11D0B1F514
:104A5000806F1FD14FF0050C0DE04FF0030C0AE002
:104A60004FF0010C07E04FF0020C04E04FF0060C91
:104A700001E04FF0040C4368084911F80CC04FF4F2
:104A8000807101FA0CF123EA010302FA0CF21343DC
:104A9000436070474FF0060CEDE700BFA0C500086B
:104AA00010B4402910D007D804290FD010290FD0F6
:104AB00001290FD1002210E0B1F5807F0CD0B1F5B3
:104AC000806F18D1052208E0032206E0012204E0ED
:104AD000022202E0062200E004221830074B995C13
:104AE0004358074C14F802C0082202FA0CF2134390
:104AF000435010BC70470622EFE700BFB8C500085E
:104B0000B0C500082DE9F8431E46BDF820C0436833
:104B10001C684F1E032F1DD8B4F1804F05D04148AB
:104B2000844202D0B2F5803F1DD83F4850F827801C
:104B3000032921D83D4850F827501CF4807F1DD010
:104B4000EDB90B463A4A01213A4804F00BFA6FF0EE
:104B5000150049E00B46384A0121364804F002FAB4
:104B60006FF0150040E01346344A0121314804F04B
:104B7000F9F96FF0850037E00025DEE74546002AA9
:104B800034D09B68002B37D102F1FF39604605F025
:104B9000AEF8024629462046FFF714FF284B53F88B
:104BA0002730314620469847C4F82C90236A35EACE
:104BB000030334D0602241462046FFF7CBFE00229B
:104BC00029462046FFF734FF236A1D4325622368E8
:104BD00043F08003236041462046FFF761FF63698D
:104BE00043F0010363610020BDE8F883236A23EAF0
:104BF000050323620020F7E7102B08D0202B0AD0F2
:104C0000402B08D0602B06D06FF08500ECE7013E0A
:104C100002F1FF39BAE776084FEA5209B6E70020F9
:104C2000E2E700BF000C004090C5000884C5000802
:104C30007CBC000810AF000820BC000838BC00088D
:104C400074C500082DE9F04784B000AFD0F810A07B
:104C500045682E686969AD4BD3F80890D9F80030E3
:104C6000002B00F0A9808046A8489847041EC0F297
:104C7000A580AB69012B40F2BF8069690831D9F882
:104C80001830002B00F0A5800022A0489847044669
:104C9000002840F0A08069690831D9F80C30002B59
:104CA00000F0A08007F10C0298489847B0F1000985
:104CB000C0F29A80FB68CAF80030DAF80810DAF817
:104CC000040005F00BF80021E86905F028F8B0F1C0
:104CD0000009C0F299806B68B3620023F3628C4BC9
:104CE0009E420ED0B6F1804F0BD0A3F57C439E427E
:104CF00007D003F580639E4203D003F580639E4294
:104D000005D1AB68326822F0700213433360804BE8
:104D10009E421AD0B6F1804F17D0A3F57C439E4235
:104D200013D003F580639E420FD003F580639E424B
:104D30000BD003F59A339E4207D003F580639E4261
:104D400003D003F580639E4203D1336823F440739C
:104D500033606F4B9E425FD0B6F1804F5ED06D4B9B
:104D60009E425BD003F580639E4257D003F580637B
:104D70009E4253D02B69002B54D0D8F800106D46BA
:104D800000233B7202237B7288B06B4613F1100242
:104D900053D00E201AB1042801DD5F4C5C61002461
:104DA0003C7102247C71002A54D0082800DD9961EE
:104DB00003F11C0100244BE06FF057042346574ACF
:104DC0000121574804F0CEF820461037BD46BDE813
:104DD000F0876FF057042346524A0121504804F0EF
:104DE000C1F8F1E76FF057094B464F4A01214C4893
:104DF00004F0B8F84C46E7E74C4A0121484804F073
:104E0000A7F86FF01504DFE74B46494A01214448F3
:104E100004F0A8F84C46D7E70023336329693046ED
:104E200004F06CFF3A4B9E423ED0EB68002B46D11B
:104E3000336843F001033360C6E76FF00040A9E731
:104E400004F110063E4416F80C6C01F8016B0134B5
:104E5000012CF5D90D2824DD0E2442B1032139722D
:104E600000217972B9720121F972B86818610021C4
:104E700021F0010121F0020121F0040121F03801AB
:104E8000012363F38811C4F30A0464F35321C1F3CB
:104E9000130100232248FDF735FDAD466FF0850470
:104EA00092E76FF01B04D8E7EB68726C22F0FF0208
:104EB00013437364736C43F400437364B8E7D8F826
:104EC00000106D4601223A7203227A728AB06C4653
:104ED00014F1100217D012204AB10646042803DD4F
:104EE000DFF850C0C4F814C0082E00DDA361012310
:104EF0003B7103237B714AB30C2800DDE16104F1AF
:104F00002003002120E06FF00040E5E774A70008CF
:104F1000000001400004004048BD0008A4BC000897
:104F200010AF0008C4BC0008E4BC000804BD0008C1
:104F300028BD000870BD000801F110063E4416F8B7
:104F40000C6C03F8016B01310129F5D9112824DD1E
:104F5000122342B10421397200217972B972012100
:104F6000F972B8682061002121F0010121F00201ED
:104F700021F0040121F03801012060F38811C3F30E
:104F80000A0363F35321C1F3130100230448FDF71F
:104F9000B9FCAD466FF0850416E76FF01B03D8E748
:104FA00010AF00082DE9F843D0F80480A9B10F46EE
:104FB000EFF31183102282F31288BFF36F8F9946AB
:104FC000494AD26812F0100F0FD183F31188BFF352
:104FD0006F8F6FF03C00BDE8F883444A01214448DC
:104FE00003F0B6FF6FF01500F5E73F4804F0E2FE6E
:104FF00006463D4B1D6825F07F4525F4400525F408
:10500000004525F08005384B9C6AA4B29B6A9BB290
:105010009C42F8D1344B1B6823F07F4323F44003B8
:1050200023F4004323F08003AB42E2D12E4804F086
:10503000C1FEB042D9D189F31188BFF36F8F06F05A
:105040000F03C6F3031202EB820203EB4203DBB24F
:1050500064337B61C6F30323C6F3033202EB82029F
:1050600003EB4203DBB2013B3B61C6F30343C6F3F0
:10507000035202EB820203EB4203DBB2FB60360E0B
:10508000072E2ED0BE61C5F303422B0D03EB830325
:1050900002EB4303BB60C5F30323C5F3023202EB0B
:1050A000820203EB4203DBB27B6005F00F03C5F322
:1050B000021505EB850503EB4503DBB23B60D8F831
:1050C0000420141B00250B4801322B46A4FB0001D1
:1050D000FBF744FB78624FF0FF33FB613B622846ED
:1050E00079E70023BB61CEE700280040C0BD00087F
:1050F00018AF000800CA9A3B38B5104BDB6813F0B4
:10510000400F16D10D4B4FF0FF32DA6000F090FCEB
:1051100005460A4BDC6814F0400406D100F088FC18
:10512000401B074B9842F4D900E001241CB1002039
:1051300000E0002038BD6FF07300FBE7002800405E
:105140001F4801002DE9F04F83B04B6903F26C73E7
:10515000B3F5FA6FC0F096808869B0F1FF3F00F0B8
:10516000948091F808904A4AA2FB0954E5082C461D
:1051700005EB8505A9EB450949EA04195FFA89F9A8
:105180000E79A2FB0654E5082C4605EB8505A6EB37
:10519000450646EA0416F6B291F80080A2FB0854D0
:1051A000E5082C4605EB8505A8EB450848EA0418F8
:1051B0005FFA88F83033DBB2A2FB0354E7083D46C0
:1051C00007EB8707A3EB470444EA0514E4B20D6933
:1051D0000135EDB2A2FB0573DF083B4607EB8707FD
:1051E000A5EB470545EA0315EDB20F7BA2FB07329D
:1051F000D3081A4603EB8303A7EB430747EA0217DA
:10520000FFB200283BD00190EFF3118A102383F303
:105210001288BFF36F8FFCF7A9FF1E4BCA225A6298
:1052200053225A62FFF768FF8346C0B9360246EA46
:10523000094646EA0806174A136823F07F1323F449
:10524000FE431E4316602404019B44EA433444EAAF
:1052500005243C435168104B0B40234353600D4BD6
:105260006FF08002DA60FF225A62FCF7A1FF8AF336
:105270001188BFF36F8F584603B0BDE8F08F072346
:105280000193C1E76FF0150BF5E76FF0150BF2E72F
:10529000CDCCCCCC00280040C00000FF38B544681D
:1052A0001D4B98681A69C2F30E021969C1F30641D1
:1052B000CA255D6253255D6210F0400F02D163681C
:1052C000934224D0FFF718FF88B9134B9A6822F055
:1052D00040029A60626819696FF30E010A431A610D
:1052E00021681A6922F4FE0242EA01421A610A4B5D
:1052F0006FF08002DA60084B9A6822F408029A6024
:105300009A6842F020029A60FF225A6238BD2368F0
:105310008B42D7D10020EEE70028004070B54568E9
:10532000A9681A4B9E683368F3B10446174898473A
:10533000D0B9FCF71BFFA968CB68FF2B07D0083159
:10534000B369CBB1002211489847002814DB104AFA
:10535000136F43F4004313672046FFF79FFF044693
:10536000FCF726FF204670BD0A4A01210A4803F0D7
:10537000EFFD6FF00404F5E7FCF71AFF074A01217F
:10538000054803F0E5FD6FF00404EBE774A700089F
:1053900000380240D8BD000818AF0008ECBD000876
:1053A00010B50446B2F5004F2FD04FF0000C48184E
:1053B0004CEB0C0C40184CF1000C4FEACC0C4CEAB6
:1053C000507CC00040184FEA83024FEA93734CF1BF
:1053D0000001FBF7C3F92449A1FB00235B091A0173
:1053E00092B24FF0640C0CFB13031B013233A1FB90
:1053F0000313C3F34F1303F0F0010A4492B203F016
:105400000F0313449BB2A36010BD4FF0000C48186B
:105410004CEB0C02401842F10002D20042EA5072FA
:10542000C000401842F10001DA184CEB0C03FBF706
:1054300095F90D49A1FB00235B091A0192B24FF0C7
:10544000640C0CFB1303DB003233A1FB0313C3F327
:105450004F13590001F4F8710A4492B203F00703A4
:1054600013449BB2A360CFE71F85EB5108B5024AF6
:1054700004F007FD08BD00BFF19E000808B5024A10
:1054800004F019FD08BD00BFF79E000810B5436881
:105490005868196983681B6823B19847044618B98E
:1054A000204610BD6FF05704024A0121024803F064
:1054B0004FFDF5E720BE000838AF00082DE9F041A8
:1054C00084B000AF4368D3F80080002900F0A880C2
:1054D00005460E46586819698368DB68002B3FD083
:1054E00007F10C029847041E3CDBD8F80C3023F47B
:1054F0000043C8F80C30FC6800212019494100190C
:1055000041F10001C90041EA5071C00000194FEAA1
:1055100086024FEA967341F10001FBF71FF9424AF8
:10552000A2FB00314909642303FB11031B01323341
:10553000A2FB03235B0903F0F00202EB011203F06C
:105540000F0313440F2B13D9334600222146404644
:10555000FFF726FF002420461037BD46BDE8F08146
:105560006FF05704314A0121314803F0F1FCF2E7B2
:1055700029686D4600233B7202237B728AB06C4619
:1055800014F1100215D012201AB1042801DD294BA4
:10559000636100233B7102237B71BAB10346082883
:1055A00000DDA1610C2B00DDE66104F12003002188
:1055B0000AE06FF00040E7E701F110063E4416F8FC
:1055C0000C6C03F8016B01310129F5D9112824DD98
:1055D000122342B10421397200217972B97201217A
:1055E000F972B8682061002121F0010121F0020167
:1055F00021F0040121F03801012060F38811C3F388
:105600000A0363F35321C1F3130100230848FDF794
:1056100079F9AD466FF015049DE76FF01B03D8E7ED
:105620006FF0150497E700BF1F85EB5140BE0008DF
:1056300038AF000870BE00082DE9F0410C46436801
:105640001D6803691E680B79012B04D0022B0DD154
:105650004FF4806801E04FF4C0686279012A08D0F5
:10566000022A08D01ABB4FF4805706E04FF000081A
:10567000F3E7002701E04FF4405794F806C0BCF16F
:10568000040F17D0CBB94FF0000ED91EC9B20129B3
:1056900052D913B1BCF1040F51D0B7F5805F0FD0D0
:1056A000B7F5405F0ED0002F3BD101230BE04FF444
:1056B0000057E2E74FF4805EE7E74FF4805EE4E7EF
:1056C000002300E002239A423CD1BEF1000F2AD110
:1056D000B8F1000F2ED103239C4536D1E37963B195
:1056E000012B35D11F4B9D4207D0A3F54C439D4262
:1056F00003D003F550439D422DD1EB6823F40053B2
:10570000EB60214604F047FC002827DBEB6843F4FC
:105710000053EB6094E8030086E803000020BDE836
:10572000F0810323CFE7B8F1000F01D10423D3E7C1
:105730000323D1E70223CFE76FF08500EFE76FF097
:105740008500ECE76FF08500E9E76FF08500E6E79C
:105750006FF08500E3E76FF08500E0E76FF085000C
:10576000DDE700BF00100140F8B505464668346823
:1057700003691F68E36823F40053E360B06804F032
:10578000F3FC08B3F168B06804F028FB04F10C03E3
:1057900053E8003F43F00C0304F10C0141E80032F0
:1057A000002AF3D13946284604F0F5FB002813DB24
:1057B000337E1BB1636943F008036361E36843F41C
:1057C0000053E3600020F8BD054A0121054803F0BD
:1057D000BFFB6FF01200F6E76FF01500F3E700BFB4
:1057E00088BE000838AF00084FF0E02399691869B7
:1057F0009A6909B90C4B19680AB90B4B1A6810F46D
:10580000803F01D1914208D208490B6806480068E0
:1058100003440B604FF0E0231B69034B1B689B1A8A
:10582000024A1068184470471C1600201816002001
:10583000094B102283F82320084B42F2D0021A6051
:105840000020074B18604FF0E02342F2CF025A616C
:10585000986107221A61704700ED00E01C160020D5
:1058600018160020684620F007018D4619B5FFF78D
:10587000BBFF12480368124A516814681B1941F1B2
:10588000000113605160002202600E490A68981AF4
:105890000D4BA3FB0030400B42F2D00300FB03F39F
:1058A000D2184B6843F100030A604B6004F028FCF7
:1058B000FEF770F8BDE819408546704718160020BD
:1058C00070120020681200202D34A9F9F8B50029C3
:1058D0004DD0B0F1FF3F3FD03F4B1C6801284EDD5B
:1058E00040F2CD739842A8BF1846461EEFF31185CB
:1058F000102383F31288BFF36F8FFFF775FF4FF00C
:10590000E0239F69354A13685168C31841F10001CB
:10591000136051600021324A1160324A11685A1AEC
:105920002FD442F2D00000FB062202F503520F32C0
:105930002D4EA6FB0262520BC91A00FB02110A4649
:10594000B1F5806F38BF4FF48062284B994236D949
:10595000214B264A1A6018E04FF0E022136923F029
:10596000010313611C4B4FF07F421A6026E01A4B73
:105970001C68B0F1FF3FB1D140F2CC70B0E7002617
:10598000B4E7154B4FF480621A604FF0E023996939
:10599000114A1268013A5A6100229A618F4211D26B
:1059A000641A3C440D4A136851681B1941F1000107
:1059B0001360516085F31188BFF36F8FF8BD064BFC
:1059C0001A60E2E77F1A054A13685168DB1941F152
:1059D000000113605160EDE71C16002070120020DA
:1059E00018160020681200202D34A9F9C0D5FF0038
:1059F00038B5EFF31185102383F31288BFF36F8F4F
:105A0000084B1C68084B1B68E41AFFF7EDFE2044A6
:105A100085F31188BFF36F8F044BA3FB0030400B5D
:105A200038BD00BF70120020681200202D34A9F983
:105A300038B5EFF31185102383F31288BFF36F8F0E
:105A4000044B1C68FFF7D0FE204485F31188BFF398
:105A50006F8F38BD7012002008B5334B9B6803F080
:105A60000C03042B5BD0082B5BD12F4B5A6802F040
:105A70003F025B6813F4800F2CD02B4B5868C0F3A7
:105A800088104FEA401CBCEB000C6EEB0E0E4FEA88
:105A90008E1343EA9C634FEA8C11B1EB0C0163EB6C
:105AA0000E03DB0043EA5173C90011EB000C43F114
:105AB0000003590200234FEA4C2041EADC51FAF777
:105AC0004DFE194B5B68C3F3014301335B00B0FB30
:105AD000F3F008BD144B5868C0F388104FEA401C1F
:105AE000BCEB000C6EEB0E0E4FEA8E1343EA9C6388
:105AF0004FEA8C11B1EB0C0163EB0E03DB0043EAC0
:105B00005173C90011EB000C43F10003990200230B
:105B10004FEA8C2041EA9C51FAF720FED1E7034876
:105B2000D7E70348D5E700BF0038024000127A00EB
:105B30000024F400024600283CD0204B19681B6862
:105B400003F44043B3F5004F1BD000211B4B1B68EF
:105B500003F44043B3F5804F1FD0194A136823F074
:105B600007030B4313600222154B1B6803F0070366
:105B7000013A994201D0002AF6D199421CD0012065
:105B80007047104B984204D80F4B984203D800211D
:105B9000DCE70221DAE70121D8E70A4B9A4200D973
:105BA00031B1094B9A42D8D90029D6D10121D4E785
:105BB0000221D2E7012070470020704700700040AA
:105BC000003C02400087930380C3C90104280CD81D
:105BD000DFE800F0030D0507090006487047064896
:105BE00070470648704706487047064870470648A1
:105BF000704700BFD0BE0008F4BE000804BF000814
:105C000010BF000820BF0008E0BE000830B108B592
:105C100004F093FB20B1037823B108BD024870471C
:105C20000148FAE70048F8E730BF000810B504461D
:105C3000FCF784FD034A0121034803F089F920465B
:105C400004F0A2FA38BF0008F8AE00082DE9F047CA
:105C500082B000AF05460C46EFF31188102383F3A2
:105C60001288BFF36F8FDFF8C491D9F80860FFF78F
:105C7000ADFF99F81010E94601233B7103237B71B6
:105C80008AB0EC461CF1100221D04FF0160E5AB12A
:105C90007346BEF1040F03DDDFF894A1CCF814A025
:105CA000082B01DDCCF8185001233B7003237B70D7
:105CB000D2B17346BEF10C0F01DDCCF81C00102BE5
:105CC00001DDCCF820100CF1240300210AE06FF074
:105CD000004EDCE701F10800384410F8080C03F826
:105CE000010B01310129F5D9BEF1150F50DD162345
:105CF0004AB10521397100217971B9710121F97118
:105D00007868CCF81000002121F0010121F0020197
:105D100021F0040121F03801012060F38811C3F360
:105D20000A0363F35321C1F3130100234148FCF735
:105D3000E9FDCD461CB1E369C3F308035BBB304604
:105D4000FFF764FFE94601233B7103237B718AB0AF
:105D5000EC461CF1100224D04FF0120E52B17346E3
:105D6000BEF1040F02DD3449CCF81410082B01DD1C
:105D7000CCF8186001233B7003237B70F2B1BEF1B5
:105D80000C0F01DDCCF81C000CF12003002113E006
:105D90006FF01B03ACE7294A0121264803F0D8F82D
:105DA000CDE76FF0004ED9E701F10800384410F854
:105DB000080C03F8010B01310129F5D9BEF1110FCF
:105DC00031DD12234AB10421397100217971B97191
:105DD0000121F9717868CCF81000002121F001014F
:105DE00021F0020121F0040121F03801012060F3CB
:105DF0008811C3F30A0363F35321C1F31301002392
:105E00000C48FCF77FFDCD4621462846FFF70EFFE4
:105E100088F31188BFF36F8F3046FDF7CBFD08374D
:105E2000BD46BDE8F0876FF01B03CBE720160020CE
:105E300048BF0008F8AE000894BF000870BF000813
:105E400010B586B0B023114C03FB004400EB400CAE
:105E500000EB80000E4B03EB80030E4A05920122FB
:105E600004920F22039200220292019200930A4BA5
:105E70004FF4A072094901EBCC11204600F060FB01
:105E8000237C23F00403237406B010BD7812002095
:105E900020160020ACBF000899A100088041002016
:105EA00038B505460B4B53F8204002E0236898476D
:105EB00008346B1C074A52F82330A34209D96068A2
:105EC0000028F3D0037E13F0010FF1D104F033F971
:105ED000EEE738BD90C6000808B553EA020102D1CA
:105EE00000F01CFF08BD0249183001F0C3F8F9E7C3
:105EF00005A5000810B586B0184C14E0636A059338
:105F0000236A0493E3690393A3690293636901938A
:105F100023690093E368A2686168206800F010FBC1
:105F200023685C6530340E4B9C42E7D300F0DCFD07
:105F30000A4C03E02068FFF7CFFF3034084B9C4247
:105F400008D2A26AE36AB3F1FF3F08BFB2F1FF3F94
:105F5000F3D0EFE700F0E0FD06B010BDA0AB000805
:105F600040AE000808B50A4B01221A700320FFF763
:105F700097FF01F09DFA0420FFF792FFFFF7BAFFA9
:105F800004F089FB034A938923F00103938108BD40
:105F9000571600202813002008B50146014A024880
:105FA000FDF7D2FC655F00082813002010B50446F9
:105FB000FFF746FFB0230B4903FB04110A4A04EB29
:105FC000840302EB8303D9601C7404EB4411074B78
:105FD00003EB811303F5046304EB840402EB8402F6
:105FE000536010BD78120020201600204039002098
:105FF00070B586B000F0C2FD104D114B5D61114BC4
:1060000005930123049300240394029401940094C3
:106010000D4B4FF480620D49284600F091FA064678
:106020002B7C23F004032B74284604F016FA204638
:10603000FFF7BCFF304606B070BD00BF281300203C
:1060400020160020B4BF0008655F00080043002050
:1060500008B50020FFF724FF194B83F30888194C7B
:10606000636943F400736361F02384F822300023F2
:10607000E37723766376A37684F82030636A43F46B
:10608000E0236362FDF786FBFDF77EFC4FF0FF33F4
:10609000A362E362FDF7CCFDFDF708FDFCF794FA7F
:1060A000094800F0AFFAFCF7BFF80120FFF7F8FE4F
:1060B0000220FFF7F5FEFFF79BFFFFF76DFF00BF24
:1060C0008041002000ED00E0D81300202DE9F041D0
:1060D00082B004460F469DF82000EFF3118810218E
:1060E00081F31288BFF36F8F4646256AE1688D42BF
:1060F00047D22568AC4221D005B36A682B6813608B
:106100005A6000262E606E602B7C23F002032B74F5
:10611000AE6005F1180004F06BFA54F8082F394608
:106120006869FAF799F8C5F8AC60284604F095F963
:106130004146204604F022FA30462BE078B9A269A5
:1061400023699A421AD0A069A268801AA0613946D0
:10615000FAF782F8236A01332362002016E0A2686E
:106160003946E069FAF778F8E369A2681344E36115
:1061700062699342EED12369E361EBE76369A3614E
:10618000E1E753EA020108D16FF0220086F311889B
:10619000BFF36F8F02B0BDE8F081064989684F6197
:1061A000009201932246414604F1080000F0DCFB16
:1061B000F0E700BF20160020F0B583B00446084683
:1061C000EFF31187102585F31288BFF36F8F3E46DA
:1061D000256A55B953EA02014CD16FF0220086F3CB
:1061E0001188BFF36F8F03B0F0BDA268A169FAF701
:1061F00033F8A369A2681344A3616269934233D060
:10620000236A013B23622568AC423FD0002D3FD07A
:106210006A682B6813605A6000232B606B602A7CCD
:1062200022F002022A74AB6005F1180004F0E0F9D4
:10623000A2686969E069FAF70FF8E369A268134494
:10624000E3616269934212D0236A0133236200261C
:10625000C5F8AC60284604F000F9394604F108009E
:1062600004F08CF93046BEE72369A361C8E72369CF
:10627000E361E9E707498968486100920193224692
:10628000394604F1080000F06FFBACE70020A6E7F8
:106290000020A4E7201600202DE9F04182B004463A
:1062A000EFF31187102181F31288BFF36F8FC1685C
:1062B00099B9002950D1364B9B6893F90E30236170
:1062C0000131E160324B9B68A36087F31188BFF313
:1062D0006F8F002002B0BDE8F08116461D4682682F
:1062E0002B4B9B689A42E4D055EA060136D092F9CE
:1062F0000E80414693F90E0003F0CEFF804534DC5A
:106300004FF000080096019522463946214800F0DA
:106310002BFB0028DED0EFF31185102383F31288C6
:10632000BFF36F8FA36843B323689C4223D013B39A
:10633000216993F90E0003F0AFFF0146204603F0F8
:10634000B6FFE8B9B8F1000F1AD185F31188BFF391
:106350006F8F6FF00A00BDE72369B0E787F31188FC
:10636000BFF36F8F6FF00F00B4E70146204603F0D4
:106370009EFF8046C6E72169E0E7B8F1000FE4D050
:106380002946044804F0FAF86FF00A00A2E700BFBB
:1063900020160020441600208368002B47D070B5DB
:1063A0000446264A9268934244D1C368012B03D91C
:1063B000013BC360002070BDEFF31186102383F30F
:1063C0001288BFF36F8F016903F071FF2568AC423B
:1063D0001CD07DB16A682B6813605A6000232B6063
:1063E0006B602A7C22F002022A74AB6005F118006F
:1063F00004F0FEF8A560281E18BF012045B900234F
:10640000E36086F31188BFF36F8FD4E70025F1E7CF
:1064100095F90E3023610024C5F8AC40284604F0FD
:106420001CF83146064804F0A9F82046C3E76FF08F
:10643000150070474FF0FF30BDE700BF2016002069
:106440004416002070B5EFF31186102383F31288F1
:10645000BFF36F8F0468A0421AD0CCB16268236882
:1064600013605A60002525606560237C23F00203D9
:106470002374A56004F1180004F0BAF8C4F8AC5015
:10648000204603F0EAFF3146084804F077F870BD73
:106490008368C268934207D001221344836086F365
:1064A0001188BFF36F8FF2E70022F6E74416002051
:1064B00010B582B0EFF31181102484F31288BFF37A
:1064C0006F8F846844B1013C846081F31188BFF30D
:1064D0006F8F002002B010BD53EA020406D0009274
:1064E00001930246054800F03FFAF3E781F3118873
:1064F000BFF36F8F6FF00F00ECE700BF4416002072
:1065000008B553EA020102D100F008FC08BD0249B7
:10651000183000F0AFFDF9E705A5000810B50446F6
:1065200040B11F2204F1740001F034F8002084F817
:10653000930010BD014B9C68F3E700BF20160020BC
:106540002DE9F04F85B004460F4615461E46DDF88E
:1065500038A0DDF83C90DDF84080DDF84CB000F16B
:1065600058038365C365129B0422119903F0E7FE6B
:106570002A463946204603F0B4FE0546CDF8088089
:10658000CDF80490CDF800A03346024639462046A7
:10659000FDF7B8F9002363652666C4F864A0C4F863
:1065A0006890C4F86C80EFF31182102383F3128893
:1065B000BFF36F8F124B196A21671C6282F3118837
:1065C000BFF36F8FBBF1000F13D01F22594604F1A8
:1065D000740000F0DFFF002384F89330084B9B68C1
:1065E0005BB1D3F8A030C4F8A030284605B0BDE8B0
:1065F000F08F002384F87430F0E7C4F8A030F4E79B
:10660000201600200123037483810023C0F89430F6
:10661000C0F89830C0F8A030014B9860704700BFB8
:10662000201600200A4A9368C3F8A8006FF00A01F8
:10663000C3F8AC1007494B6843F080534B6000230C
:1066400083F31188BFF36F8F9368D3F8AC00704762
:106650002016002000ED00E0084681B908B5EFF3F0
:1066600005833BB9084B5A699B689A4202D0FFF7F1
:10667000D9FF03E080F31188BFF36F8F08BD81F36A
:106680001188BFF36F8F704720160020037C90F9AC
:106690001020002A4EDB13F01F0F4BD110B563F012
:1066A0007F030374244A52F8183F93423AD07BB1D7
:1066B00090F90E1093F90E20914202D0521A002A3E
:1066C00027DC19461C4AD269934201D01B6833BBB0
:1066D000194BDA6903F11801016042601060D8615A
:1066E000154B53F8184F9C421ED0ECB1124B9B68CF
:1066F0001A7C12F01F0F04D1DA897F2A01D9A2690E
:10670000AAB1A34202D0204600F01AFC0A4B5C61F9
:1067100010BD5A684260036010605860E0E70029CD
:10672000C5D1D5E70023C2E7034BDC68DEE7024AA8
:106730005361EDE7704700BF2016002010B5037CC1
:1067400090F91020002A19DB154B9A6853F8184F5E
:106750009C421ED0ECB1824208D0137C13F01F0F74
:1067600004D1D3897F2B01D9A369ABB1A24202D056
:10677000204600F0E5FB0A4B5C6110BD03F07F038F
:1067800003744268036813605A6000230360436027
:10679000DAE7034BDC68DEE7014B5A61EDE700BF47
:1067A000201600202DE9F84305460C46424B9E6812
:1067B000337C13F0600F2BD013F0200F2DD008275F
:1067C0001F4225D13B43337413F0800F27D1082F8C
:1067D00030D04FF00009384B53F8188F98454FD000
:1067E000B8F1000F4CD0344B9B68434502D0404673
:1067F00000F0A6FB304BC3F81480102F08D03046B1
:1068000002F007FD304600F0F5FBB9F1000F3BD177
:1068100084F31188BFF36F8F47E01027D0E703F0B0
:106820007F0333747268336813605A6000233360E7
:106830007360CCE7B3685BB17268336813605A6009
:10684000002333607360327C22F002023274B36042
:1068500006F1180003F0CCFE06F1580003F0CEFD5F
:10686000154B9B689E4202D04FF00009B3E7EFF34F
:10687000058313B94FF00009ADE74FF00109AAE70E
:106880000D4BD3F80C80AEE70C48FFF7BBFEBFE71B
:10689000EFF31184102383F31288BFF36F8F03F09B
:1068A00086FC84F31188BFF36F8F2B7C13F0600F8D
:1068B000EED1BDE8F88300BF20160020D8130020D9
:1068C000B3F1FF3F08BFB2F1FF3F00D1704708B5F9
:1068D0000249183000F0CEFB08BD00BF05A5000836
:1068E00010B5204B9A68DB699A4205D0136851684D
:1068F00012680A60516006E00023F8E7194AD2697D
:10690000934212D01B6883B1164A906890F90E101A
:1069100093F90E209142F1D0521A002AEEDD5A6806
:10692000426003601060586008E00E4B9A68D969B5
:1069300003F11800106051600A60DA61094B53F8E6
:10694000184F9C420AD04CB1064B9B689C4202D027
:10695000204600F0F5FA034B5C6110BD014BDC688A
:10696000F2E700BF2016002010B50C4611460A4879
:1069700082680A4B1A60EFF31183102383F31288A5
:10698000BFF36F8FDDE90223806803F05AFD2046D4
:10699000FFF748FE10BD00BF20160020441600205F
:1069A0002DE9F04104460E460023EFF31185102235
:1069B00082F31288BFF36F8F1F4643E003F07F031B
:1069C00023746268236813605A6000232360636045
:1069D00071B2A173237C63F07F032374414A52F8A0
:1069E000183F934246D073B193F90E20914202D0E2
:1069F000521A002A35DC18463A4AD269934202D02C
:106A00001B68002B33D1374BDA6903F11801216081
:106A100062601460DC61334B53F8188F98452BD0BB
:106A2000B8F1000F28D02F4B9B68984502D0404604
:106A300000F086FA2B4BC3F8148085F31188BFF35E
:106A40006F8F0123002B49D1237C03F01F02002A02
:106A50000CBF01270027B1D013F0020F10D1A6738D
:106A6000EBE75A686260236014605C60D3E700283B
:106A7000B9D1C8E70023B6E71A4BD3F80C80D2E7A8
:106A8000A1686268236813605A6000232360636012
:106A900070B2A0730B68994208D1002306E01A4631
:106AA000D1F804C0634513D01B686BB983B193F967
:106AB0000E209042F3D0121A002AF0DD5A6862606C
:106AC000236014605C60B8E7002AEFD11346EDE75D
:106AD0004B68216063601C604C60AEE73846BDE8DF
:106AE000F08100BF201600200023EFF31181102257
:106AF00082F31288BFF36F8F09E0064B9A68D37B4D
:106B0000013BD37381F31188BFF36F8F0123002BF7
:106B1000F3D070472016002038B5EFF3118510230D
:106B200083F31288BFF36F8F124B9A68D17B0131C8
:106B3000D17353F8184F9C4215D0A4B1137C13F0B5
:106B40001F0F04D1D3897F2B01D9A36973B194425C
:106B500002D0204600F0F4F9064B5C612946064855
:106B6000FFF77AFD38BD034BDC68E7E7014B5A615C
:106B7000F4E700BF201600204416002008B50248A4
:106B800003F000FD08BD00BF3416002038B5EFF358
:106B90001184102383F31288BFF36F8F214B9A68FF
:106BA000DB699A4205D01368516812680A60516027
:106BB00006E00023F8E71B4AD269934212D01B6813
:106BC00083B1184A906890F90E1093F90E20914203
:106BD000F1D0521A002AEEDD5A684260036010605C
:106BE000586008E00F4B9A68D96903F118001060EB
:106BF00051600A60DA610B4B53F8185F9D420DD06B
:106C000065B1084B9B689D4202D0284600F098F978
:106C1000044B5D612046FFF705FD38BD014BDD6883
:106C2000EFE700BF20160020F8B551EA000328D096
:106C300005460C46EFF31187102383F31288BFF348
:106C40006F8F154EB068154B1860FFF777FDB06871
:106C50002A4623461249183000F00CFA0446B2685E
:106C6000137C43F0040313743846FFF7DBFCB3686E
:106C70009A6ADB6AB3F1004F08BF002A05D00020F2
:106C8000F8BDFFF783FF0020FAE703F0F0FC201ABD
:106C90000028F5DC0020F3E7201600204416002031
:106CA00005A5000838B504460D46FFF7BDFF0346AD
:106CB0002046B5F1FF3F08BFB4F1FF3F28D0DA17F7
:106CC00013F1090042F100030021C21821D20A4445
:106CD0001149A1FB024525F0030404EB9504121BA6
:106CE000801A63F100034FF0CC3200FB02F201FB8B
:106CF0000322A0FB01010A44430843EAC27352087D
:106D00001846B3F1004F72F1000201D36FF000405A
:106D100038BD0121DBE700BFCDCCCCCC38B5EFF3DB
:106D20001185102383F31288BFF36F8F037C13F058
:106D3000040F04D185F31188BFF36F8F38BD04466B
:106D4000183003F055FC237C23F004032374204601
:106D5000FFF79CFC29460248FFF77EFCEEE700BFE8
:106D600044160020014B9868704700BF2016002091
:106D70002DE9F843838903F00107EFF3118610230F
:106D800083F31288BFF36F8F057C15F0080F1AD1BB
:106D90000446B14600F1580803F0FEFA10B345F07E
:106DA00020052574EFF305839BB131462046FFF79C
:106DB000F9FC67B1002383F31188BFF36F8F0423BD
:106DC000184602DF03E086F31188BFF36F8FBDE83A
:106DD000F88341463F4B986803F0E0FA3046FFF7EE
:106DE00021FCE6E745F00803237413F0800F36D149
:106DF000A3685BB16268236813605A600023236054
:106E00006360227C22F002022274A36004F1180065
:106E100003F0EEFB404603F0F1FA2E4B9A689442E1
:106E20002AD000262B4B53F8185F9D422BD055B328
:106E3000AA4202D0284600F083F8264B5D61204626
:106E400002F0E7F9204600F0D5F8FEB9214B9B6827
:106E50009C421FD089F31188BFF36F8FA9E705F01B
:106E60007F0545F0080525746268236813605A6041
:106E7000002323606360BBE7EFF305830BB90026B3
:106E8000D0E70126CEE7134BDD68D1E71248FFF7C4
:106E9000B9FBDBE7EFF30583002BDBD1A38913F00C
:106EA000010F12D089F31188BFF36F8F002383F392
:106EB0001188BFF36F8F0423184602DFEFF31189A7
:106EC000102383F31288BFF36F8F4846FFF7AAFBA6
:106ED0006FE700BF20160020D81300200346027C75
:106EE00012F01F0F10D10B4A90420FD00A4A1068BF
:106EF00078B1DA897F2A0BD893F90E20074B1B68EB
:106F00009A4206DA00207047002070470020704740
:106F100000207047781200200C0100204C16002041
:106F2000044BC01AC010044B03FB00F0034B0122BA
:106F30001A54704788140020ABAAAAAA4816002049
:106F400070B50C4B1E7CFFF7C9FF044606EB4603E9
:106F5000094D05EBC305284603F04AFB074B002209
:106F60009A5504B970BD621ED3170549284600F032
:106F700081F8F7E72016002088140020481600202A
:106F8000216F000838B5EFF31185102383F31288C1
:106F9000BFF36F8F144B9C68144B1B68A34217D030
:106FA000124B00221A60104B1B7C114AD35C53B168
:106FB0002046FFF793FF30B1237C13F01F0F0FD053
:106FC0002046FFF7BDFF85F31188BFF36F8F38BDF3
:106FD0002046FFF7B5FF85F31188BFF36F8FF6E703
:106FE000FFF77EFCECE700BF2016002044160020CF
:106FF00048160020EFF31181102383F31288BFF3AA
:107000006F8F0A4B1B6A834204D11A6F074B1A62B7
:1070100007E0134613B11A6F8242FAD10BB1026F27
:107020001A6781F31188BFF36F8F70472016002015
:10703000034B1868984200D070470020FCE700BF5F
:107040001001002030B1044A5268904201D000681B
:1070500070470020704700BF1001002008B5044BA6
:107060001B680BB1002008BDFEF7C2FCFBE700BFA8
:10707000501600202DE9F04F83B0B3F1FF3F08BF59
:10708000B2F1FF3F0ED0044691461F4681600023B7
:10709000EFF3118A102282F31288BFF36F8F1D461F
:1070A000019335E0002501952846019903B0BDE81C
:1070B000F08FFFF7D3FF8046013547F100064519F1
:1070C00046EBE07625616661344A13685268ED1834
:1070D00046EB020301934FF0010B38E0C91A66EB4F
:1070E0000202016142614368636020601C60446089
:1070F00005E02B4B5A682360626014605C60FFF708
:1071000097FF844237D08AF31188BFF36F8F012332
:10711000002BC9D14D460197002FCADA1F4B1968C1
:107120005B68691843EB07036FF00102521A4FF0D6
:10713000FF3161EB030310461946012A73F1000386
:1071400001DA01200021206161614FF0000BFFF79F
:107150006FFF0028CDD001694669236962698B42BF
:1071600072EB060EBADB5B1A62EB06022361626108
:10717000FFF768FFEDE70B4B1B68002BC3D1BBF19A
:10718000000F06D0404603F018FA0021FEF79EFBE0
:10719000B9E7FFF763FF8046F4E700BFA0140020C3
:1071A000100100205016002070B50E462D4B1860BF
:1071B000FFF73EFF044628E02B4A136851685B192D
:1071C00041EBE5711360516000220023C4E9042300
:1071D000204603F0DBF901224FF00043C4E9042309
:1071E00086F31188BFF36F8FA36820469847EFF3AB
:1071F0001186102383F31288BFF36F8F194A136827
:107200005B1B1360FFF714FF04463CB125696169FD
:10721000144B1A68D317AA428B41CDDA44B12369C3
:107220006269104909685B1A62EBE172236162616D
:107230000D4A0C4D2868136851681B1841EBE0712A
:107240001360516000242C60204603F0B6F92146FB
:10725000FEF73CFB86F31188BFF36F8FFFF792FEBA
:1072600070BD00BF50160020A014002010B50022F1
:10727000EFF31184102383F31288BFF36F8F13464B
:1072800011460CE0FFF7EAFE074A13685168C3187D
:1072900041EBE07184F31188BFF36F8F0122002A64
:1072A000F0D0184610BD00BFA0140020EFF31183EA
:1072B000102282F31288BFF36F8F01694269B2F125
:1072C000004F08BF012904D083F31188BFF36F8FEB
:1072D00070472DE9F04104461D46866AC26A56EAA7
:1072E000020105D0B2F1FF3F08BFB6F1FF3F27D141
:1072F000236B01332363236A63B185F31188BFF3E2
:107300006F8F20469847EFF31185102383F312887F
:10731000BFF36F8F04F11803A469A34251D0002C6E
:107320004FD0204603F0B4F80023C4F8AC3085F306
:107330001188BFF36F8F204603F08FF8BDE8F0810E
:10734000013E42F1FF321746002A14DB03F093F9A5
:10735000013041F10001801941EB0701012871F171
:1073600000010BDA6FF001024FF0FF33174920469E
:10737000FFF780FEBCE700263746E7E703F07BF91E
:10738000013041F10001801941EB07016FF0020368
:1073900083426FF000438B4103DA00224FF0004339
:1073A000E4E703F068F9013041F10003801943EB91
:1073B00007036FF00102121A4FF0FF3161EB030374
:1073C000D4E785F31188BFF36F8FB7E7AD7200087C
:1073D000F8B51C46EFF31187102383F31288BFF32F
:1073E0006F8FB4F1FF3F08BFB2F1FF3F23D00646D5
:1073F0001546002C0BDB13462146012A74F10004CC
:1074000001DA012300215A1E154641F1FF343046AE
:1074100003F0EEF8DDE90623C6E90A23002333630F
:107420002A46234606493046FFF724FE87F3118893
:10743000BFF36F8FF8BD87F31188BFF36F8FF9E744
:10744000AD72000870B50446EFF31186102383F384
:107450001288BFF36F8F03F0CBF8E0B93546636A4B
:107460006BB186F31188BFF36F8F636A204698472C
:10747000EFF31185102383F31288BFF36F8F04F1AC
:10748000180003F056F858B102F0E7FF2946074804
:1074900003F074F870BD86F31188BFF36F8FF9E7BE
:1074A00085F31188BFF36F8FF4E700BF54160020F7
:1074B00008B5024801F08EF808BD00BFC0BF000843
:1074C00010B5064C05E0A2686168204603F0E6F8B6
:1074D0001434034B9C42F6D3002010BD78010020E9
:1074E0007801002070B586074FD08418844604E0E8
:1074F00003F8011B9D0704D09C4664456346F7D101
:1075000070BD013A0244A2EB0C02032A2FD9CCB27F
:1075100004EB04240F2A04EB044438D9A2F110062A
:10752000350901359C464FF0000E0EF1010EAE45B7
:10753000CCE90044CCE902440CF1100CF5D326F060
:107540000F06103312F00C0F334402F00F051AD05F
:107550002A1F032A1C6005D9A5F10802032A5C60D2
:1075600088BF9C6005F0030225F003052B44541EE0
:10757000002AC5D0C9B21970002CC1D0012C597095
:1075800018BF997070BD2A46F1E70346BDE715465E
:10759000DEE700BF38B540EA01039B07044622D16D
:1075A000032A20D98C46DCF80050A5F1013323EAE8
:1075B000050313F0803F61460CF1040C14D1043A2A
:1075C000032A40F8045BEED861464B1E4AB113F81B
:1075D000011F00F8011B013A0029F7D10AB1FFF79A
:1075E00081FF204638BD20464B1EEFE771B10346B0
:1075F00001EB000C01E0634506D01A460133117817
:107600000029F8D1101A7047181A704708467047B9
:107610000CB430B58BB00D4620220446002102A8E0
:10762000FFF760FF134B03930222002D8DF80A2011
:1076300006941DDB10D0013D2C440FAA0E99019237
:1076400002A8079400F096F8069B00221A700BB06F
:10765000BDE8304002B070470FAA0E99079402A807
:10766000019200F087F80BB0BDE8304002B07047DF
:107670000024E2E72981000870B503F01F05082DFA
:1076800084468E4665D0C3F13703102DDCB2104618
:1076900044D04FEA9C034FEA5C0243EA8E7342EA0D
:1076A000CE729A184FEA5E0141EB9E01130943EA3C
:1076B00001739A1841EB1111130A43EA01639A18F6
:1076C00041EB1121130C43EA01439B1841EB11419B
:1076D000CB185FFA8CF241F100014FEAD30C4CEA6F
:1076E000417C0CEB8C03A2EB4303DBB2A3F10A0257
:1076F000D2B2A518092B03F130064FEAD10E05F1DD
:10770000300520D91CF1010C4EF1000E092A9ABF58
:10771000263300F8013B00F8015BBAE70CF00F03D9
:10772000092B88BF1B194FEA1C1242EA0E724FEA5E
:107730001E1188BFDBB2944630330A4300F8013B88
:107740008E46EBD170BD5CEA0E0300F8016BA0D150
:1077500070BD10460CF007034FEADC0C4CEA4E7C7F
:1077600030334FEADE0E00F8013B5CEA0E03F1D144
:1077700070BD00BF2DE9F04F8378D0F804909F07CB
:107780008BB040F132810B46804613F8010B0C465A
:10779000002800F0D883002500920DE01C464146E9
:1077A000C847002805F10105C0F21981234613F8E6
:1077B000010B002800F01B812528EFD16678252ECB
:1077C00004F10204EBD04FF0000BDA465F461F2FA6
:1077D0005DD97F2F00F28A80A6F13003092B11D8E2
:1077E0007E0600F1328114F8016B0AEB8A0A03EB82
:1077F0004A0A47F02007A6F13003002E00F0E1808E
:10780000092BF0D92A2E00F00E812E2E00F0C38114
:10781000A6F14C032E2B00F22581DFE813F0610066
:107820002301230123012301230123012301230138
:107830002301230123012301230123012301230128
:107840002301230123012301230123012301230118
:1078500023012301230151012301610023015D0163
:107860002301230123012301230123012301CD004F
:1078700023012301230123012301CD0047F0020747
:1078800014F8016B47F00407002E00F09A80A6F16F
:107890002003102BA0D801A252F823F08178000811
:1078A000D9770008D9770008F7790008D977000858
:1078B000D9770008D9770008B9790008D977000886
:1078C000D9770008D97700087D780008D9770008B3
:1078D000177A0008D9770008D9770008077A0008D6
:1078E00014F8016B47F42077002E6AD0A6F14C0300
:1078F0002E2B00F2B78001A252F823F0E1780008A5
:10790000657A0008657A0008657A0008657A0008DB
:10791000657A0008657A0008657A0008657A0008CB
:10792000657A0008657A0008657A0008657A0008BB
:10793000657A0008657A0008657A0008657A0008AB
:10794000657A0008657A0008657A0008657A00089B
:10795000657A0008657A0008657A0008657A00088B
:10796000657A0008657A0008657A0008B97A000827
:10797000657A0008E1780008657A0008D17A000885
:10798000657A0008657A0008657A0008657A00085B
:10799000657A0008657A0008657A0008AD7B000802
:1079A000657A0008657A0008657A0008657A00083B
:1079B000657A0008AD7B000814F8016B002E7FF497
:1079C00006AF002641462520C847002807DB304681
:1079D0004146C847002805F10205BFF6E7AE98F812
:1079E000023043F0040388F802304FF0FF35284698
:1079F0000BB0BDE8F08F14F8016B47F01007002EB4
:107A00007FF445AFDDE714F8016B47F00107002E66
:107A10007FF43DAFD5E714F8016B47F00807002E5F
:107A20007FF435AFCDE70099780651F8042B40F18B
:107A3000C38014F8016B002E00F05D82A6F13003C4
:107A4000092B009193463FF6DDAE14F8016B0BEB6A
:107A50008B0B03EB4B0B002EB3D0A6F13003092B9D
:107A6000F3D9CFE646F02003BBF1000FA3F1650286
:107A700004DA27F04007BFB24FF0000B022A33D9D7
:107A8000612B31D0A6F16302122A00F2FC81DFE8FB
:107A900012F02E01A500FA01FA01FA01FA01A5007F
:107AA000FA01FA01FA01FA01FA01F0014E01FA01B4
:107AB000FA013801FA01EF00FE0548BF47F40077EC
:107AC00014F8016B47F48077002E7FF40FAF78E74E
:107AD0003B0648BF47F4007714F8016B47F0800776
:107AE000002E7FF403AF6CE7009B03F1070B2BF034
:107AF000070B0BF108030093BA4B4FF0070B380745
:107B0000514618D4D34516D24E461F46D14602E000
:107B1000834508D2824641462020B04700280AF11A
:107B2000FF30F5DA5BE7494601350D443B46B14687
:107B3000A5EB0A0501461E4603EB0B0701944C46D4
:107B400099462B468A4635461E4605E015F8010B38
:107B5000A0470028FFF643AFBD424146F6D14B4651
:107B60003246A1462E46D31A019C1E44AAEB0B0AAC
:107B70003546B2444E4605E0B047002805F1010500
:107B8000FFF62DAFAAEB0503002B41464FF0200076
:107B9000F2DCB1460AE67A063FF529AF14F8016B2C
:107BA00047F04007002E7FF458AF0AE714F8016B46
:107BB000002E7FF40EAE04E7002AC0F2228114F8F2
:107BC000016B47F02007002E00F09581A6F13003ED
:107BD000092B009192467FF606AE13E63A06009B0B
:107BE00000F13B811A46F90552F8043B019200F17D
:107BF000FD811846DB1727F010018AB2002B009296
:107C0000C0F2868150EA030140F05E827B0640F1BB
:107C1000D581BBF1000F40F0168227F01107BBB2EF
:107C2000009359465B46DDF800C040F206470CF071
:107C300008001CEA070F024600F06D82013100289F
:107C400000F0C781AAEB010A0293009B13F0020F18
:107C500014BF2B20202013F4806F18BF2D20414625
:107C6000C8470028029B05F1010680F2B180B6E604
:107C700027F01007BFB20A2317F080025CD017F478
:107C80000071009A00F0CC80073222F007025168A0
:107C900052F8080B019207F0400C50EA0102CDF8AF
:107CA00000C06CD16246002A54D0BBF1000F40F0F6
:107CB000BB803B0740F1D1815B4604AAD61823461E
:107CC00037464C469346994605E017F8010DA04704
:107CD0000028FFF684AEBB454146F6D14B465A46D6
:107CE000A1462E441C46019B0093B61A40E7009A19
:107CF00052F8043B8DF810304FF0010B009204ABAA
:107D0000FDE6009E384A56F8043B002B08BF134698
:107D100017F0400F18BF5946184608BF4FF0FF3103
:107D20000193FFF763FC019B00968346E7E647F06B
:107D30001007102378269FE7009951F8040B019152
:107D400017F48071A7D017F400711ABFC0B21146A2
:107D500080B2A0E727F01607BAB20092002004AA6A
:107D600000210292FFF788FC029A831A009911F011
:107D7000080100F09080AAEB030A2E4628E004AA2E
:107D80000292FFF779FC029A0099831A002973D0B6
:107D900027F0070189B25B450091C0F2D680F90651
:107DA00040F13F81009A02F00802002E40F0A980C5
:107DB000591C002A00F02381AAEB010A3020414619
:107DC0000093C8470028009B05F10106FFF607AEA7
:107DD0009B4540F37E810BEB06054F46ED1A994615
:107DE00007E000BFF0BF0008E8BF0008AE4200F0A7
:107DF000848041463020B847002806F10106F5DAB4
:107E0000EDE514F8016BC2F1000A47F02807002ED7
:107E100071D0A6F13003092B00917FF6E4ACF1E4B8
:107E200052F8040B019236E704AA002100200092C8
:107E3000FFF722FC009A27F01701831A89B29B45AD
:107E4000009140F3EE80002E40F02781390740F189
:107E50008680AAEB0B0A2E46BDE7B80540F1DA8012
:107E6000073323F007031A465B6852F8080B0192A8
:107E7000C1E608230026FFE627F0060189B200913B
:107E8000F9068FD472E7782B7FF49CADC6F17803A6
:107E900043F01003F0E60098C00740F121819A45B5
:107EA000AAEB030025DD03EB000B002900F0208185
:107EB0004FF0000A414630200093C8470028FFF6E3
:107EC0008EAD009B002E00F0AA8030464146009304
:107ED000C8470028009B05F10206BFF679AF7EE592
:107EE0000098C70740F10E81D345AAEB0B00DADBFF
:107EF00004AA8246E2E6009163E54B4604AAB9462D
:107F0000DCE6991C002A00F09180AAEB010AD1E777
:107F1000404263EB430142F48063009304AA0A23C6
:107F20000292FFF7A9FB029A831A009A500640F1C9
:107F3000C480009A22F0010292B29B4559460092F9
:107F4000B8BF19466FE6054651E5002E40F0908017
:107F500038073FF57EAF27F01707BAB200925946AF
:107F600000268A4540F3D380CDE902342B464C46A7
:107F70000D4689461F4602E0524508DA154641463D
:107F80002020A047002805F10102F5DA27E5384650
:107F90002F4605464946AAEB020A0135009A6D1A9A
:107FA0003D44D706A146DDE9023483D4114640F2B0
:107FB000064211427FF448AE2E4609E704AA0A237E
:107FC000002100200292FFF757FB029A811A0B460C
:107FD00029E65FEACC77604632D58A45AAEB0100F4
:107FE0006DDD03EB000B104682462DE6BA054BBF54
:107FF00058B218B243F3C01343F3C033FBE5009A01
:10800000D00756D55145AAEB01025FDA03EB020B0C
:10801000B2464FE753F8040B0193C317EBE56E1C10
:10802000D6E639076CD5AAEB030A47E6009AD207D1
:1080300052D55145AAEB010044DB82469B4639E705
:108040008A4591DCFEE504AA0A2300200021029261
:10805000FFF712FB029A831A6BE7BAF1000F7FF762
:108060002BAE27F01707BBB2009359465B467BE760
:10807000FA0640D538070BF102013FF546AF8A45B5
:108080003FF772AFAAEB010A302041460093C84780
:108090000028009BBFF619AFA1E45A4601F0080082
:1080A00081B200283FF41CAFAAEB0B0A2E46934680
:1080B0008EE65145FFF658AF7EE61946B3E59B467E
:1080C0008246C1E51021EEE6194627E792469B4617
:1080D000F0E6354604AAF1E55145FFF645AF14E751
:1080E0009A45D8BFAAEB030A7FF766AF19463BE76C
:1080F0002E468A466CE600995A4601F00800CFE702
:1081000019462EE7D34509DA594693462CE7AAEBE0
:10811000010A2E465CE65A468B46C1E7AAEB0B0ADB
:108120002E46934654E600BFD1E90432934202D072
:108130005A1C0A6118707047704738B51346856835
:10814000046912F4801F07D012F4402F04D012F0FB
:10815000010F01D082F4402323F4801213F0010FA9
:108160000AD023684FF0010C0CFA01FC43EA0C031F
:1081700023602B68984738BD23684FF0010C0CFA38
:1081800001FC23EA0C032360F3E708B503468C46A1
:1081900000681979DA8842EA0C02FFF7CEFF08BDC1
:1081A00008B532B1012303FA01F18368DB6898470F
:1081B00008BD012303FA01F183681B699847F7E7BB
:1081C00010B503691C6801238B401C4202D0B2FA2F
:1081D00082F25209FFF7E4FF10BD30B583B0846826
:1081E0009A4206D32468BDF818500095A04703B002
:1081F00030BD6FF01500FAE700B583B013468289F1
:1082000000920A4641680068F8F736FC03B05DF852
:1082100004FB00B583B00B468289009282684168F6
:108220000068F8F729FC03B05DF804FB08B520EA04
:10823000E073D9178A0042EA93729800C01841EBA4
:10824000020100184941FEF72DFD08BD08B580B1B7
:1082500073210420F9F70CF977210520F9F708F9C3
:108260006D210620F9F704F9ED210720F9F700F94F
:1082700008BD71210420F9F7FBF877210520F9F7F3
:10828000F7F830210620F9F7F3F8B8210720F9F7BD
:10829000EFF8EDE708B580B13F210420F9F7E8F8E1
:1082A00073210520F9F7E4F879210620F9F7E0F8C1
:1082B000D4210720F9F7DCF808BD39210420F9F7AB
:1082C000D7F838210520F9F7D3F83F210620F9F730
:1082D000CFF8ED210720F9F7CBF8EDE738B51346D5
:1082E0008568046912F4801F07D012F4402F04D06F
:1082F00012F0010F01D082F4402323F4801213F016
:10830000010F0AD023684FF0010C0CFA01FC43EA7C
:108310000C0323602B68984738BD23684FF0010C8D
:108320000CFA01FC23EA0C032360F3E708B50346CB
:108330008C4600681979DA8842EA0C02FFF7CEFF12
:1083400008BD38B50C46056983685B68984718B95D
:1083500023682A685340236038BD10B582B00C46AC
:1083600001A9FFF7EEFF034630B90123A340019AAC
:108370001340003B18BF0123184602B010BD08B5DA
:1083800032B1012303FA01F18368DB68984708BD25
:10839000012303FA01F183681B699847F7E710B5D9
:1083A00003691C6801238B401C4202D0B2FA82F29E
:1083B0005209FFF7E4FF10BD10B5131D50F823401C
:1083C00074B9C368012494402343C360043240F865
:1083D0002210CB001A1D89B281520633C15210BD42
:1083E000E2000432835A4FEAC10C0CF1040E20F86B
:1083F0000E300CF1060C20F80C40DB00063389B27D
:10840000C1528152EBE708B500EBC1035A8852080C
:10841000B2FA82F2C2F11F02FFF7CEFF08BD70B5BB
:108420000346043AC81D20F007000A4422F0070260
:10843000121AD508186085600023C360B5FA85F16B
:10844000C1F1200EC1F124018900CE1DF10805E023
:1084500003F1040C002440F82C4001337345F7DB92
:108460001FFA81FE4FEA4E04A4B244804FF0000C84
:10847000A0F800C044F0010444806B1A26F0070401
:10848000A51C9BB25E00465320F804E022F00704CE
:10849000951C20F805C002440353538843F00103A0
:1084A0005380FFF7B0FF70BD10B50C4611461A4659
:1084B000029BA04710BD4038C0B23A288CBF0020B4
:1084C00001207047F8B5064603784578847804EBB8
:1084D00083040444002706E001342046F7F750FEE9
:1084E000013004440137AF42F6D3A01BF8BD70B58C
:1084F000144668B10D46194606462BB91046F7F7E3
:108500003FFE83B2013399B22A462046B04770BD80
:108510001046F7F735FE0130F9E75BB32DE9F04778
:1085200082B00746884691461D461A785E789C7848
:10853000DB7804EB820404EB43042C444FF0000A84
:108540000AE014F8013B45F823402046F7F718FEEF
:10855000013004440AF1010AB245F2D305F10803DF
:1085600000936B684A4641463846FFF79DFF02B0CC
:10857000BDE8F0876FF0150070472DE9F041044623
:10858000884600273E4607E0702D18D02846FFF7A2
:1085900092FFB8B9252D0ED014F8015B75B1002EED
:1085A000F8D04745F0D02846FFF785FF0028F1D0E6
:1085B00001370026EEE786F00106EDE7002630469B
:1085C000BDE8F0810026FAE70020704708B500F00A
:1085D00033FC08BD0FB400B583B004A951F8040BF7
:1085E0000191FFF7F3FF03B05DF804EB04B07047AF
:1085F000036913F0080F08D1C3680268934207D8D3
:10860000036A9B1A0B6001207047002008607047C6
:108610009B1A0B6000207047036913F0080F07D105
:10862000826843689A4203D89B1A0B600020704707
:10863000036A82689B1A0B600120704710B582B0F4
:10864000044601A9FFF7D4FF20B1E368019A13445F
:10865000013B0193206A019BC01A013802B010BD92
:1086600038B5036913F0040F00D138BD0446456ADC
:10867000FFF7E4FFA84238BF28466062F5E7C36809
:108680001944036913F0010F04D1026A914204D323
:10869000891A02E0026A013A1140C16023F008031E
:1086A0000361704710B4002323F0010343F0020379
:1086B00061F39F03C269046842F8243003680B44E5
:1086C000026912F0010F04D1046AA34204D31B1BF8
:1086D00002E0046A013C23400360C468A3420AD05C
:1086E00043681944036913F0010F08D1036A9942E2
:1086F00008D3C91A06E042F008020261F0E7036AF3
:10870000013B1940416010BC70472DE9F04F83B028
:108710000446019117469846C569C66805EB860B65
:1087200015F8263003F00303022B24D00021002388
:108730003B60C8F8003019BB236913F0020F75D0F5
:10874000A36958469847824615F8269019F0010902
:108750006ED015F8263013F0020F3BD0019BBBB949
:1087600062685244236913F0010016D1216A8A42DB
:1087700016D3521A14E055F82610C1F39D01D6E71E
:108780002046FFF77CFFE368A3604FF001094FE04C
:1087900019462046FFF786FFE2E7216A01390A40C1
:1087A0006260E168A268914206D0A2682260E2603D
:1087B00043F0080323613BE0524420B9216A8A4216
:1087C00004D3521A02E0216A01390A40A2604FF034
:1087D0000009EAE701462046FFF751FFE368A3607E
:1087E000019B23B1E3692268002143F82210019B19
:1087F0005344C8F8003022681344226912F0010F74
:1088000004D1216A8B4204D35B1A02E0216A013948
:108810000B40236042F00802226115F8263023F055
:10882000010305F82630C7F800B001E04FF0000959
:10883000484603B0BDE8F08F30B45318046914F013
:10884000010F04D1056AAB4204D35B1B02E0056A49
:10885000013D2B4005689D4214D0002323F0010305
:1088600043F0020362F39F03C46944F82130436874
:108870001344026912F0010F09D1026A934209D32D
:108880009B1A07E0016024F00804046103E0026A17
:10889000013A1340436030BC704708B500230360C1
:1088A00043608360C360036143618361CA6882611E
:1088B0008A6842610A68C2614A68026243620B695F
:1088C00003612AB1511E0A4202D143F00103036140
:1088D00028300122002101F0F5FC08BD2DE9F04F00
:1088E00087B09A46002305930393036A8B42C0F036
:1088F000898004468946934600230193012600930C
:1089000041E001992046FFF797FF0023039345E0DC
:10891000E369226803EB8201009113F8221021F031
:10892000010103F82210C9B221F0020103F822105C
:1089300023684B44226912F0010F04D1216A8B4253
:1089400004D35B1A02E0216A01390B402360E1681D
:108950008B4201D0002608E042F008022261002686
:1089600003E02046FFF79EFE2E4688F31188BFF3F2
:108970006F8F059929B163690BB120469847002391
:108980000593002E40D0EFF31187102383F3128854
:10899000BFF36F8FB846039A002AB2D104A92046CC
:1089A000FFF726FE054604994945B1D20028D8D1E3
:1089B0005AEA0B030BD1002ED7D02368019303ABE7
:1089C00005AA04992046FFF7A0FE0646CDE701F070
:1089D000AEFC0028EFD1002FEDD187F31188BFF353
:1089E0006F8F04F128005A465346FDF761FDEFF3FF
:1089F0001188102383F31288BFF36F8FB0FA80F6CB
:108A00007609B2E700230093009807B0BDE8F08F25
:108A100070B504460D46836908469847EFF3118602
:108A2000102383F31288BFF36F8F2B7843F0010379
:108A30002B7063681844236913F0010F04D1236A73
:108A4000984204D3C01A02E0236A013B18406060D8
:108A50002046FFF705FE86F31188BFF36F8F70BDC8
:108A60002DE9F04182B00446002730E053F822108F
:108A7000890850D145E0226A013A1340A36020469C
:108A8000FFF7FDFD01273B461CE013F8221041F0E3
:108A9000020103F82210D4F80880A36928469847F9
:108AA0004044236913F0010F04D1236A984204D390
:108AB000C01A02E0236A013B1840A060002301E0D5
:108AC00000231D4686F31188BFF36F8F8BB3EFF33E
:108AD0001186102383F31288BFF36F8F01A92046FC
:108AE000FFF79AFDE369A26803EB8205019900296B
:108AF000E6D013F8221011F0030117D00229B5D0E7
:108B0000002113F8220010F0010FBED119B9A3699A
:108B1000284698470146A3680B44226912F0010FCA
:108B2000A9D1226A9342A9D39B1AA7E700231D4625
:108B3000C8E707B11DB1284602B0BDE8F08104F1D5
:108B40002800FDF77FFCF6E770B504460D46836903
:108B5000084698470146EFF31186102383F31288E5
:108B6000BFF36F8F2B7823F001032B70236913F071
:108B7000020F0AD0E369E26803EB8203AB4204D040
:108B80002B6860F39F032B600AE02B7823F002032D
:108B90002B70E268A3689A420BD02046FFF76FFD66
:108BA00086F31188BFF36F8F04F12800FDF74AFCAC
:108BB00070BD0B44226912F0010F04D1226A934266
:108BC00004D39B1A02E0226A013A1340A360E4E74F
:108BD00010B582B0EFF31184102383F31288BFF332
:108BE0006F8F01A9FFF718FD84F31188BFF36F8F12
:108BF0000198003818BF012002B010BD704738B589
:108C000005460C460321A047002806DB0121284623
:108C1000A047002800DB002038BD10F1860FFBD1F3
:108C2000F4E710B4846891FAA1F39BB1B3FA83F32B
:108C30005B004FF0030C0CFA03F324EA030391FAF0
:108C4000A1F149B1B1FA81F149008A40134383602F
:108C500010BC70472023EBE72021F5E710B4C4686F
:108C600091FAA1F39BB1B3FA83F35B004FF0030CCD
:108C70000CFA03F324EA030391FAA1F149B1B1FA22
:108C800081F149008A401343C36010BC7047202320
:108C9000EBE72021F5E708B5FFF7E0FF08BD10B4CA
:108CA000046A91FAA1F39BB1B3FA83F39B004FF0EE
:108CB0000F0C0CFA03F324EA030391FAA1F149B172
:108CC000B1FA81F189008A401343036210BC7047F6
:108CD0002023EBE72021F5E710B4446A090A91FA52
:108CE000A1F39BB1B3FA83F39B004FF00F0C0CFA86
:108CF00003F324EA030491FAA1F149B1B1FA81F135
:108D000089008A401443446210BC70472023EBE77B
:108D10002021F5E710B4046891FAA1F39BB1B3FAEE
:108D200083F35B004FF0030C0CFA03F324EA030314
:108D300091FAA1F149B1B1FA81F149008A40134396
:108D4000036010BC70472023EBE72021F5E72DE9F5
:108D5000F8430F461546984643685E6801248C40E8
:108D600002F03009C2F38013706820EA04008B40DF
:108D700018437060C2F3C11221463046FFF751FF1D
:108D8000C5F3412221463046FFF785FFB9F1200F98
:108D900008D04FEA191221463046FFF7BBFF0020EA
:108DA000BDE8F883072F05D8424621463046FFF735
:108DB00076FFEEE7424621463046FFF78DFFE8E7B3
:108DC000037813F0040F01D0002070470368C3F349
:108DD0004A2000EB1350173020F00700800870473E
:108DE00010B504460368DB6803B198476368012245
:108DF0009A7110BD002070470120704708B520EA25
:108E0000E073D9178A0042EA93729800C01841EBC8
:108E1000020100184941FDF745FF08BD08B50022D1
:108E20000023FFF75BFD08BD08B5FFF78DFE08BD09
:108E300008B5FFF7CDFE08BD00B585B003910290DF
:108E4000002001900090034602460146F9F706FE15
:108E500005B05DF804FB08B50120F9F745FB08BD36
:108E600008B5F9F7E1FB08BD08B5FFF7D1FDF9F743
:108E70008BFC08BD0020704708B54368DA71436871
:108E80001960436801225A71F9F71EFB08BD91B1C0
:108E900070B514460D46536896689B1B8B420CD3E5
:108EA00013680A4601469819F7F7D6F9A3682B44C8
:108EB000A360284670BD002070476FF01B00F9E7E3
:108EC00070B588B10E4614461946054633B11030C8
:108ED000C2F34A23120D1844F7F7BEF92C606E60F6
:108EE0002846F9F793FC70BDF9F7FEFAFBE72DE988
:108EF000F04383B006460F4615461C4603F10109B0
:108F00004FEA890808F1170020F007008008F9F7F8
:108F100083FB002201928DF8049068B100F1140CDB
:108F2000019B0361964605E055F82E304CF8043B52
:108F30000EF1010EA645F7D3002267F3881268F3FD
:108F4000532200233146FFF7BBFF03B0BDE8F08397
:108F500000B583B00192012301AAFFF7C8FF03B057
:108F60005DF804FB00B583B00092019302236A46CA
:108F7000FFF7BDFF03B05DF804FB00B585B00192BB
:108F80000293069B0393032301AAFFF7B0FF05B0EA
:108F90005DF804FB08B5F9F7B5FC08BD2DE9F04113
:108FA00080460768856843681C685E6805E032464D
:108FB00021462846B847241A0544002CF7D1D8F892
:108FC000043000221A60BDE8F08138B505460C4631
:108FD0004B681A68CB689A420FD06368BFF35B8F07
:108FE00053E8002F511C43E800100028F8D1BFF3CC
:108FF0005B8FA3689D54002038BD0846FFF7CEFF65
:10900000EBE738B504460D460A2805D02946204628
:10901000FFF7DBFF002038BD0D20FFF7D6FFF5E797
:1090200008B513460122F9F7D3FD08BD08B513466C
:109030000022F9F7CDFD08BD38B505460C4601F014
:109040000101FFF7F3FF21462846F9F757FE38BD27
:109050002DE9F04383B080460E4615461F46DDF8E5
:1090600028902C46102D28BF1024CDF800903B46A8
:10907000224631464046F9F755FE26442D1BF0D1D5
:1090800003B0BDE8F0832DE9F04389B006460C46F5
:109090009046D1F808900F88C7F382170878C0F37C
:1090A000C2050846F9F730FD011E1BDA00232146F0
:1090B00051F8105BC5F34A256288C2F30B124819B8
:1090C00005B90021CDF8188005920490039102970C
:1090D00000220192009249463046F9F785FE09B018
:1090E000BDE8F0832846F9F7E7FB0346DFE72DE903
:1090F000F04180460768856843681C685E6805E043
:10910000324621462846B847241A0544002CF7D198
:10911000D8F8043000221A60BDE8F08143681B686B
:109120005B6819610020704743681B681A685268C1
:109130005360704708B543681B685A680121117570
:109140001868FFF7D4FF08BD08B543681B681868A6
:10915000F9F790FE08BD38B50C4643681D686B688A
:109160001869F9F799F903460F22214628689847AC
:1091700038BD08B5FEF7B6F908BD08B5F7F76CF8C5
:1091800008BD08B501460068F9F7BAFF08BD08B583
:10919000F9F7D2FFFAF7FEFB08BD0020704708B5CB
:1091A00000231370CB1E092B1AD8DFE803F0050942
:1091B0000D111919191919141146FAF741FA12E08B
:1091C0000021FAF799F90EE00021FAF70DF90AE00B
:1091D000FAF726F807E01146FAF78CF8002002E0CB
:1091E000FAF796F8002008BD08B540B2FAF71AFB66
:1091F00008BD08B5013140B2FAF722FB08BD08B539
:1092000000210120F9F77CFF08BD08B5FAF756FBED
:1092100008BD6FF08500704761B662B680F31188B3
:10922000BFF36F8F704772B6002383F31188BFF3CB
:109230006F8FBFF34F8F30BF62B6BFF36F8F704732
:1092400043685A1E134206D11F2B06D903681A42DF
:1092500005D0002070470020704700207047012093
:10926000704700B585B00B6801934B688A68202B66
:1092700012D9B3F1004F11D8013BB3FA83F3C3F114
:109280001F035B0003F03E031343039301A9FAF7A6
:1092900041FC05B05DF804FB0823F5E73E23F3E746
:1092A000F0B585B0054603A8F9F74EFE0646002442
:1092B00035E0B3F1007F00F0B280B3F1805F00F0E1
:1092C000C880B3F1807F29D1576809589368202B53
:1092D00040F2A180B3F1004F00F29F80013BB3FA4E
:1092E00083F3C3F11F035B0003F03E0343F0887375
:1092F00000970191029307E0082343F0885343F459
:10930000302300970191029369462878FAF702FC0E
:109310000028C0F2BA802B7801332B700134B4429C
:1093200080F0B6802001039901EB0412D3686FF33B
:109330001303B3F5000F54D0BBD8B3F5001F18D0FA
:10934000B3F5800F31D0B3F5801FE7D157680958C6
:109350009368202BD0D9B3F1004F08D8013BB3FA62
:1093600083F3C3F11F035B0003F03E03C5E73E2315
:10937000C3E7576809589368202B12D9B3F1004FFF
:1093800011D8013BB3FA83F3C3F11F035B0003F071
:109390003E0343F0885343F4002300970191029366
:1093A000B2E70823F5E73E23F3E7576809589368C7
:1093B000202B12D9B3F1004F11D8013BB3FA83F33C
:1093C000C3F11F035B0003F03E0343F0C06343F4AB
:1093D000003300970191029396E70823F5E73E23B7
:1093E000F3E7576809589368202B10D9B3F1004F61
:1093F0000FD8013BB3FA83F3C3F11F035B0003F003
:109400003E0343F082730097019102937CE70823A7
:10941000F7E73E23F5E7082368E73E2366E757684A
:1094200009589368202B10D9B3F1004F0FD8013B96
:10943000B3FA83F3C3F11F035B0003F03E0343F46D
:1094400080230097019102935EE70823F7E73E230C
:10945000F5E7576809589368202B12D9B3F1004FEC
:1094600011D8013BB3FA83F3C3F11F035B0003F090
:109470003E0343F0885343F4003300970191029375
:1094800042E70823F5E73E23F3E76FF0150000E01D
:10949000002005B0F0BD08B5FAF78CFB08BD08B593
:1094A000FAF792FB08BD08B50B6949699847002097
:1094B00008BD08B5FAF718FC002008BD08B5FAF792
:1094C00039FC08BD08B5062201210020FAF782FC0C
:1094D000002211460620FFF78CFE072201210846D4
:1094E000FAF778FC002211460720FFF782FE0822D7
:1094F00001210220FAF76EFC002211460820FFF736
:1095000078FE092201210320FAF764FC00221146AB
:109510000920FFF76EFE0A2201210420FAF75AFC07
:10952000002211460A20FFF764FE17220521084693
:10953000FAF750FC002211461720FFF75AFE2822A6
:1095400006210A20FAF746FC002211462820FFF7E0
:1095500050FE002008BD01F01F0101208840704727
:1095600008B50246084602F0030304339B000F21AE
:10957000994041EA9201FAF763FC08BD08B500F092
:10958000030304339B000F2202FA03F343EA900023
:10959000FAF772FC08BD836813F0010F03D18368EA
:1095A00043F0010383600020704743681A689368A2
:1095B00043F0804393607047836813F0010F0ED02F
:1095C000036813F0100F00D059B1836823F0010332
:1095D0008360836813F0010FFBD1002070470020E7
:1095E00070476FF00F00704708B5D0F89430C0F89E
:1095F0009830D0F89000FFF7D8FF08BD19B1D0F827
:109600009830C0F894307047FF2380F8A63080F877
:10961000A730704700B52C3001F4407C4FF4407304
:1096200093FAA3F3ABB1B3FA83F32CFA03FC50F82B
:109630002C3001F01F014FF01F0E0EFA01FE23EA3D
:109640000E0302F01F028A40134340F82C305DF8ED
:1096500004FB2023E9E710B50C3001F0007E4FF049
:10966000007393FAA3F323B3B3FA83F32EFA03FE42
:1096700050F82E4001F0F8714FF0F87393FAA3F30D
:10968000CBB1B3FA83F321FA03F34FF0070C0CFAD2
:1096900003F324EA030C4FF0F87393FAA3F363B1D6
:1096A000B3FA83F3D9408A404CEA020240F82E20F4
:1096B00010BD2023DAE72023E5E72023F2E738B5C1
:1096C00084460D4600F1640E0C460FCCAEE80F0048
:1096D0002368CEF800300023CCF860302B6853B1FB
:1096E0000CF178040FCB84E80F00CCF86440002321
:1096F000ACF8883018B96046FFF776FF38BD002314
:10970000BFF35B8F5CE8002F4CE800310029F9D1F2
:10971000BFF35B8F6046FAF7CDFDEFE710B5044667
:1097200050304FF0FF324FF0FF33FCF7C1FE00B175
:109730002066206E10BD08B540304FF0FF324FF06C
:10974000FF33FCF7B5FE08BD70B505460E4604694B
:1097500019462046FFF7EFFF31462846FAF7E4FDA9
:10976000054604F14000FCF76DFE284670BD08B5C3
:1097700000231A46FFF7E8FF08BD08B5836C03B164
:1097800008BD4030FCF75EFEFAE738B504460D46EA
:10979000FFF73AFF05B1256604F15000FCF752FED1
:1097A00038BD00B583B001AA00F02DFA002805DB12
:1097B000019B00221979186800F03EFA03B05DF8A9
:1097C00004FB08B5BFF35B8F50E8003F5A1C40E82C
:1097D00000210029F8D1BFF35B8F1BB16FF00F039D
:1097E000036608BDFFF700FFFBE708B50838FFF781
:1097F000E8FF08BD08B5002211461220FFF7F9FC6A
:109800001220FFF7F1FC08BD10B50446436E9BB172
:109810000846E36F43B1B4F8882004F16401984727
:10982000012813D0022805D0B4F88830B4F8842079
:10983000934206D3A36F23BB00212046FFF7A5FF69
:1098400010BD0133A4F88830002100E0012120463A
:10985000FFF7D4FEA36F1BB92046FFF7C5FEEFE765
:10986000BFF35B8F54E8003F5A1E44E800210029F3
:10987000F8D1BFF35B8F012BE2DD2046FFF7B4FE8A
:10988000DEE704F10800FDF7DDFDD5E7B0FBF1F000
:1098900002FB00F0B0FBF3F07047B0FBF1F0704753
:1098A0000B88C3F30B0303F57D62C2F30B02782A26
:1098B00015D882B003F1804303F50E334A68186867
:1098C00002431A600B88C3F30B0303F1804303F5D3
:1098D0000E331B680193019B002002B070476FF0AC
:1098E000850070470B88C3F30B0303F57D62C2F359
:1098F0000B02782A0AD803F1804303F50E33496836
:109900001A6822EA01021A60002070476FF0850091
:10991000704770B54C68C4F304450888C0F30B0069
:10992000FAF704FF002815DBA6B2FF2C13D006F1CE
:10993000804202F50E32C4F34151013101238B40C4
:10994000013BAB40240EAC40116821EA03031C43E9
:109950001460002070BD0020FCE708B50888C0F343
:109960000B0000F57D63C3F30B03782B0BD800F1DC
:10997000804000F50E3002684B68934301D001200F
:1099800008BD0220FCE7FAF7D1FE08B10120F7E795
:109990000220F5E770474FF4800070470B4639B15D
:1099A0001168196041688A4209D00023136070472A
:1099B0001368036041688A42F7D14360F5E743606A
:1099C000F3E708B50A460368002101E019461B6861
:1099D0002BB19342FAD1FFF7E1FF012000E0002014
:1099E00008BD70B504460D461646036833B1FFF74F
:1099F000E8FF70B91EB96FF0150006E032B12368B8
:109A00002B602560636843B1002070BD6FF01500C6
:109A1000FBE7002EF3D10020F7E765600020F4E7B4
:109A200070B50E461546016821B10C683CB131B9DC
:109A30000C4604E00C4602E0234621461C4671B168
:109A40008A682A4002D04B6830469847002CF3D0F1
:109A50002368002BF1D0002CEFD12346EDE770BD39
:109A600008B5024608690830FFF7DAFF08BD10F4B0
:109A7000003F14D010F0020F04D010F0040F34D0C7
:109A8000502300E0102310F0100F02D043F40073B5
:109A900012E010F0200F0FD043F480630CE010F4BC
:109AA000803F08D010F0100F14D110F0200303D025
:109AB0004FF4806300E0302300F4C060B0F5806FA5
:109AC00010D0B0F5C06F08D0B0F5007F07D143F0DB
:109AD000800304E04FF40073EEE743F4C0730B60BF
:109AE0000020704743F48073F9E76FF085007047FA
:109AF00043685B681B690B600020704743685B68C4
:109B0000586942400A4042405A6100207047436809
:109B10005B6899610020704743685B68090499613C
:109B20000020704743685B685A69514059610020C2
:109B3000704708B500690830FFF753FF08BD38B516
:109B400004460D460846FFF719FDA04200D038BD77
:109B500029462046FFF7FFFC0446FAF7B9F92046EC
:109B6000FAF710FA00212046FAF7BAF9EFE72DE9E3
:109B7000F04383B005460E461446D0F8108001A984
:109B80001046FFF774FF074668BB14F4403914D041
:109B9000D8F8043023FA06F212F0010F04D10122A2
:109BA000B2401343C8F8043014F4003F05D014F455
:109BB000002F1CD114F4802F1FD10023019A3146AD
:109BC0002846FFF7C4F8B9F1000F0CD1D8F80430DB
:109BD00023FA06F212F0010F05D00122B24023EA67
:109BE0000203C8F80430384603B0BDE8F083012111
:109BF000B1402846FFF78BFFDFE70121B14028463F
:109C0000FFF78AFFD9E700B50368136001E0083366
:109C10001360136890F804C0D0F800E00EEBCC0C91
:109C2000634505D293F805C08C45F0D1002001E0D2
:109C30006FF001005DF804FB2DE9F84F80468A467D
:109C4000002426461AE005F01F02102A25D0112A0A
:109C500021D0C5F34420F8F777FA814698B3C5F3CD
:109C6000431B05F01F073B4632465946FFF76FF886
:109C7000002826DB112F12D00134E4B254451FD244
:109C800008EBC40358F8345015F0100FDBD15E68B0
:109C900046F02006DDE75E68DBE73026D9E7D9F835
:109CA00004305A6816F4006F04D0012303FA0BF352
:109CB0009361E1E7012303FA0BF31B049361DBE7F4
:109CC0000020BDE8F88F6FF01200FAE7416370479B
:109CD00081637047C16370470164704708B583684A
:109CE000DB680BB1984708BD6FF05700FBE710F039
:109CF000010F01D00220704700207047436823F015
:109D00007003194341607047036941681B684968E3
:109D10000131B3FBF1F3002013605060704700B5D0
:109D200083B001AAFFF76FFF002805DB019B00222B
:109D300019791868FFF780FF03B05DF804FB4368EA
:109D40001868C1F34B1301F01F01C358012000FA3A
:109D500001F10B40003B18BF012313700020704736
:109D600010B443681C68C1F34B1001F01F01235865
:109D700001228A4013432350002010BC704710B4C6
:109D800043681C68C1F34B1001F01F0123580122E6
:109D90008A4023EA02032350002010BC704738B5E4
:109DA00004460D46FFF7DCFF29462046FFF7E7FF94
:109DB000002038BD426822F07F4020F0C000C2F38E
:109DC0004A331B0603F0E063010401F47C110B43EA
:109DD00002F4F852134343EA1040704708B5836811
:109DE000DB680BB1984708BD6FF05700FBE70369CC
:109DF0001B681B680B6043681B68DB6803F4C06367
:109E0000B3F5806F04D0B3F5C06F11D1012300E02A
:109E100002230B7143681B681B6903F44053B3F5BD
:109E2000805F07D0B3F5405F06D0FBB9012304E0A3
:109E30000023EEE7002300E002234B7143681B6818
:109E4000DA68DB6803F4C06312F4805F10D1A3B951
:109E500003238B7143681B685B6903F44073B3F59C
:109E6000407F0CD00023CB71002070470323E4E730
:109E70000BB90423EDE70323EBE70223E9E7012312
:109E8000F1E700B583B043681868036813F0080F62
:109E900005D003680193019B43680193019B03680C
:109EA00013F0200F04D09047002003B05DF804FBAE
:109EB0004FF0FF30F9E710B543681868036813F0F6
:109EC000800FFBD0EFF31184102383F31288BFF3CC
:109ED0006F8F036813F0800F04D184F31188BFF3F0
:109EE0006F8FEBE7904784F31188BFF36F8F10BD3E
:109EF00043680B707047C9B24160704784B04368D3
:109F00001B68186810F0080000D001201A6812F0D1
:109F1000010F01D040F002001A6812F0020F01D0C8
:109F200040F004001A6812F0040F01D040F0200045
:109F30001A6812F4807F2AD040F008006FF4807213
:109F40001A6010F0010F05D01A680092009A5A6842
:109F50000092009A10F0020F05D01A680192019A3F
:109F60005A680192019A10F0040F05D01A68029203
:109F7000029A5A680292029A10F0200F05D01A68CD
:109F80000392039A5B680393039B04B0704710F03D
:109F9000080FD6D0D2E7F8B50C46476803691D68AC
:109FA0000979012904D002290ED14FF4806301E020
:109FB0004FF4C0636279012A08D0022A08D0002A2F
:109FC0004BD14FF4805205E00023F3E7002201E07B
:109FD0004FF44052A679042E42D0002943D14FF0CD
:109FE000000CE179012941D00021A54241D03F6810
:109FF000FE6806F4C06E734504D0FE6826F4C066A1
:10A000003343FB6043681E68336903F440539A424C
:10A0100004D0336923F440531A43326143681E6805
:10A02000F36803F480539C4505D0F36823F4805310
:10A030004CEA0303F36043681A68536903F44073FE
:10A04000994204D0536923F440730B435361216850
:10A050002B68994228D10020F8BD4FF40052B9E78F
:10A060004FF4805CBDE74FF4805CBAE74FF4407179
:10A07000BBE73E68F56825F4B05543EA0C032B4373
:10A08000F360336923F440531343336143681A6820
:10A09000536923F440730B4353612168FBF70EFAB5
:10A0A0000028D9DB0020D7E7FBF708FA0028D3DB2C
:10A0B00023682B600020CFE700B583B001AAFFF72B
:10A0C000A2FD002805DB019B002219791868FFF723
:10A0D000B3FD03B05DF804FB38B504464568FBF7F3
:10A0E000D5F900280BDB0021686AFFF7E5FF00289F
:10A0F00005DB2046FBF738FB002800DB002038BDDD
:10A1000008B5EFF31181102383F31288BFF36F8F2B
:10A11000FDF74AF808BD00B9704738B50446FBF7AB
:10A1200087FC0546542303FB04F4FBF781FC401B2A
:10A13000A042FAD338BD10B50446436993B198479D
:10A14000024630B100280BDBFF2A00DDFF22E36866
:10A150001A70E1684B7843F001034B70504210BD18
:10A160004242F1E70022F4E760B1C3685A7812F086
:10A17000010F03D01B781BB10020704700207047EF
:10A180000120704700207047EFF31183102383F301
:10A190001288BFF36F8FFEE708B5EFF3118310232A
:10A1A00083F31288BFF36F8FFFF73DF8F5E700BF29
:10A1B000704710B582B001240094FBF787FF02B00E
:10A1C00010BD10B50346EFF31184102282F31288FC
:10A1D000BFF36F8F026A52B108469A689969F6F721
:10A1E0003BF8002084F31188BFF36F8F10BD6FF030
:10A1F0002200F7E7F8B50546EFF31186102383F345
:10A200001288BFF36F8F37460468A04212D07CB12A
:10A210006268236813605A60002323606360227CB5
:10A2200022F002022274A36004F1180000F0E0F9A9
:10A23000002303E00024FBE700240123E4B16FF0D6
:10A240002203C4F8AC30204600F007F92C68A54280
:10A25000F2D0002CF1D06268236813605A600023AA
:10A2600023606360227C22F002022274A36004F166
:10A27000180000F0BDF9E0E700222A62EA69AA614D
:10A2800023B987F31188BFF36F8FF8BD314605F10D
:10A29000080000F073F9F8E7884200DA014611F18E
:10A2A000800F01DB084670476FF07F00704708B5EC
:10A2B000806890F90E308B4201D1002008BDFCF778
:10A2C0006FFBFBE73AB18A4208D38160C26000604D
:10A2D0004060002070476FF0150070476FF0150068
:10A2E0007047F8B50546D31D23F007037F3323F0ED
:10A2F0003F0301F14007A3F140063F2B07D800229E
:10A3000082F31188BFF36F8F0422104602DFCC184E
:10A3100021462846F8F728FF073020F00700C5F847
:10A320009470C5F89860C5F89C00201AF8BDEFF34A
:10A330000580003818BF012070477430704710B492
:10A3400000248460838102748173C4738461C46156
:10A3500010BC7047F0B587B00446129E139D0027CD
:10A360000597109F04970F9F03970E9F02970D9FCD
:10A3700001970C9F0097FCF7E3F8B5F1FF3F08BF8A
:10A38000B6F1FF3F02D1204607B0F0BD32462B4662
:10A390002046FCF7B5F8F6E70020704738B50446CC
:10A3A0000D46FCF7CBF9237C43F00203237425B35D
:10A3B000A5602B689D4207D1002305E019466A6815
:10A3C000934215D01B687BB993B194F90E1093F9A1
:10A3D0000E209142F2D0521A002AEFDD5A686260D4
:10A3E000236014605C6008E00029EDD10B46EBE7C8
:10A3F0006B68256063601C606C6038BD70B5064694
:10A40000046884421AD0DCB16268236813605A6021
:10A41000002525606560237C23F002032374A5607A
:10A4200004F1180000F0E4F8C4F8AC502046FCF742
:10A430002DF93468A642E6D10024E4E70024E2E7DF
:10A4400070BD70B5044616461D46FFF7A7FF32469D
:10A450002B462046FCF734FA70BD38B5044600237D
:10A46000EFF31185102282F31288BFF36F8F04E09F
:10A4700085F31188BFF36F8F012343B92046FFF79F
:10A480008BFF0028F4D12046FCF700F9F0E738BD37
:10A490000023EFF31181102282F31288BFF36F8F34
:10A4A00004E081F31188BFF36F8F01237BB98368C8
:10A4B000002BF6D04268036813605A6000230360E3
:10A4C0004360027C22F0020202748360E9E7704775
:10A4D00008B5037C13F0280F13D183685BB1426881
:10A4E000036813605A60002303604360027C22F01B
:10A4F000020202748360037C23F004030374FCF7FC
:10A50000C5F808BD38B5A0F118050023EFF3118494
:10A51000102282F31288BFF36F8F07E02846FFF7FF
:10A52000D7FF84F31188BFF36F8F0123002BF5D081
:10A5300038BD01460023EFF3118C102282F31288FC
:10A54000BFF36F8F184605E000208CF31188BFF32E
:10A550006F8F01238BB908688142F5D00028F4D0B1
:10A560004268036813605A60002303604360027C02
:10A5700022F0020202748360E7E7704708B5FCF737
:10A580006BF808BD031D43608360704710B5044637
:10A59000FCF758FD48B102460369416920691B1860
:10A5A000606941EB000113615161626823681360C7
:10A5B0005A6000232360636010BD10B50446FCF7A9
:10A5C00037FD78B1036942691B1B62EBE472B3F19A
:10A5D000004F72F1000108DA002A01DB184610BDB5
:10A5E0000023FBE76FF00040F9E76FF00040F6E76B
:10A5F0002DE9F04104460025EFF31187102383F382
:10A600001288BFF36F8F6FF0150014E0FCF726FD82
:10A61000FFF7D3FF0021FBF759F9404606E0226916
:10A620006369B3F1004F08BF012A18D087F311887E
:10A63000BFF36F8F0125A846BDB92368002BEED06C
:10A64000FCF7F6FC06462046FFF7A0FF00224FF07D
:10A650000043C4E90423A642D8D02846E6E70022F6
:10A660004FF00043C4E90423E0E7BDE8F08108B5FA
:10A67000FCF7FCFD08BD08B5FCF7F8FD08BD01625C
:10A6800042620023036300F118028261C261036029
:10A6900043604363704700BF0020704710B500F16E
:0CA6A0000C04C4600461FDF7BAFE10BD9C
:08A6AC000A61FF7F01000000BC
:10A6B4000000000074A70008D1200008000000007A
:10A6C400C1740008000000000000000090A700080A
:10A6D4000000000070A800080000000054A8000852
:10A6E4000000000038A80008000000008CA8000842
:10A6F400000000001CA800080000000000A80008DA
:10A7040000000000E4A7000800000000C8A700083B
:10A7140000000000ACA70008C59400080000000079
:10A7240000000000C4A8000800000000E0A8000821
:10A7340000000000A8A80008A548000800000000C8
:10A7440031580008000000003D240008000000000B
:10A75400113D00080000000000000000FCA80008F3
:10A764000000000018A900080000000034A9000837
:10A7740010BC00080000000090AE00082C0100206E
:10A78400000000005147000800000000ACBD0008B4
:10A79400C0C5000878AE00083201002000000000A7
:10A7A400000000000000000080B20008F8C10008AA
:10A7B4004CAE000818010020A8140020392100081C
:10A7C4000000000090B200080CC200084CAE000863
:10A7D4001A010020B81400203921000800000000EC
:10A7E400A0B2000820C200084CAE00081C010020E2
:10A7F400C81400203921000800000000B0B200088D
:10A8040034C200084CAE00081E010020D8140020F9
:10A814003921000800000000C0B2000848C2000846
:10A824004CAE000820010020E81400203921000863
:10A8340000000000D0B200085CC200084CAE000862
:10A8440022010020F8140020392100080000000033
:10A85400E0B2000870C200084CAE000824010020D9
:10A86400081500203921000800000000F0B200089B
:10A8740084C200084CAE00082601002018150020F0
:10A8840039210008000000001CB900080000000085
:10A89400000000002801002000000000BD94000812
:10A8A4000000000004BE0008C4C5000888AE00080B
:10A8B40034010020181600201D5300080000000079
:10A8C400A4BE0008E0C50008ACAE000836010020B4
:10A8D400F0000020D9A0000800000000B4BE000869
:10A8E40030C60008ACAE000838010020FC0000208F
:10A8F400D9A0000800000000F4BB0008F0C3000861
:10A9040040AE00082A01002000000020594400083D
:10A91400000000009CBD0008E4C4000870AE0008FC
:10A924002E010020D8000020454C00080000000043
:10A934009CBD00082CC5000870AE00083001002042
:0CA94400E4000020454C0008000000006A
:10A9500000000000FF91000800000000FF910008C7
:10A9600000000000FF91000800000000FF910008B7
:10A9700000000000FF91000800000000FF910008A7
:10A98000ECC30008F93D0008E8C30008F93D0008E1
:10A99000E4C30008F93D0008E0C30008F93D0008E1
:10A9A000DCC30008F93D000800000000FF9100082A
:10A9B00000000000FF91000800000000FF91000867
:10A9C00000000000FF91000800000000FF91000857
:10A9D00000000000FF91000800000000FF91000847
:10A9E000000000001D45000800000000FF91000865
:10A9F00000000000FF91000800000000FF91000827
:10AA000000000000FF910008D8C30008F93D0008CD
:10AA100000000000FF91000800000000FF91000806
:10AA200000000000FF91000800000000FF910008F6
:10AA300000000000FF91000800000000FF910008E6
:10AA400000000000FF91000800000000FF910008D6
:10AA500000000000FF91000800000000FF910008C6
:10AA600000000000FF91000800000000FF910008B6
:10AA700000000000FF91000800000000FF910008A6
:10AA800000000000FF91000800000000FF91000896
:10AA9000D4C30008F93D000800000000FF91000841
:10AAA00000000000FF91000800000000FF91000876
:10AAB00000000000FF91000800000000FF91000866
:10AAC00000000000FF91000800000000FF91000856
:10AAD00000000000FF91000800000000FF91000846
:10AAE00000000000FF91000800000000FF91000836
:10AAF00000000000FF91000800000000FF91000826
:10AB000000000000FF91000800000000FF91000815
:10AB100000000000FF91000800000000FF91000805
:10AB200000000000FF91000800000000FF910008F5
:10AB300000000000FF91000800000000FF910008E5
:10AB400000000000FF91000800000000FF910008D5
:10AB500000000000FF91000800000000FF910008C5
:10AB600000000000FF91000800000000FF910008B5
:10AB700000000000FF91000800000000FF910008A5
:10AB800000000000FF91000800000000FF91000895
:10AB900000000000FF91000800000000FF91000885
:10ABA00070060020801F00200002000039110008FC
:10ABB0000000000000000000000000000300000092
:10ABC000000000001CB100080000000000000000B0
:10ABD000300900208028002000020000DD0C000861
:10ABE0000000000000000000000000000500000060
:10ABF0000000000050B1000800000000000000004C
:10AC000010050020001B0020000200004512000873
:10AC10000000000000000000000000000200000032
:10AC200000000000FCB00008000000000000000070
:10AC3000D00700200024002000020000C50F0008FB
:10AC40000000000000000000000000000400000000
:10AC50000000000038B10008000000000000000003
:10AC6000C0050020401D002000020000F91000086F
:10AC700000000000000000000000000003000000D1
:10AC8000000000000CB100080000000000000000FF
:10AC9000400B0020402F002000020000950C00080F
:10ACA00000000000000000000000000001000000A3
:10ACB000000000007CB1000800000000000000005F
:10ACC000F00B00208031002000020000390C000849
:10ACD0000000000000000000000000000100000073
:10ACE000000000008CB1000800000000000000001F
:10ACF000E0090020C02A0020000200002D0F0008FB
:10AD0000000000000000000000000000050000003E
:10AD1000000000005CB1000800000000000000001E
:10AD2000A00C0020C033002000020000150B00081A
:10AD30000000000000000000000000000100000012
:10AD4000000000009CB100080000000000000000AE
:10AD5000800800204026002000020000C90E0008E4
:10AD600000000000000000000000000005000000DE
:10AD70000000000044B100080000000000000000D6
:10AD800060040020C018002000020000850D0008AB
:10AD900000000000000000000000000003000000B0
:10ADA00000000000F0B000080000000000000000FB
:10ADB000B00300208016002000020000190D0008DA
:10ADC0000000000000000000000000000300000080
:10ADD00000000000E4B000080000000000000000D7
:10ADE000900A0020002D0020000200007D0E0008C7
:10ADF0000000000000000000000000000100000052
:10AE0000000000006CB1000800000000000000001D
:10AE100020070020C0210020000200007D10000853
:10AE2000000000000000000000000000030000001F
:10AE3000000000002CB1000800000000000000002D
:0CAE40002D4200086F970008E40C000091
:10AE4C006F9B0008F19A0008FD9A00080F9B000800
:10AE5C00199B0008259B0008C1480008339B00087B
:04AE6C0000000000E2
:08AE7000054B0008099D0008D4
:10AE78003F9D0008619D00087F9D00089F9D000878
:08AE880045510008A54F000828
:10AE9000A1980008E5980008000000009D45000802
:0CAEA0005B9900080000000013990008F6
:10AEAC006D5400087D540008FD9E000839560008BA
:04AEBC00EF9D0008FE
:10AEC00004BC00080300000060B20008030000009A
:10AED0003CB900080300000048B30008030000006C
:10AEE0004CB300080300000074B400080300000025
:10AEF000A0B8000803000000BCBF00080300000069
:10AF0000B4B1000803000000ACB100080400000068
:10AF1000A0BD00080300000014BE000803000000EC
:10AF200008BC0008030000002CB300080300000068
:10AF300074B2000803000000C4BE00080300000053
:10AF40008CC30008B000002060B4000801000000BD
:10AF5000040000000F0000000100000008000000D5
:10AF600020000000600000007000000010000000E1
:10AF70000C0000000E0000005000000074000000F3
:10AF8000A8000000FFFFFFFFFFFFFFFFFFFFFFFF25
:04AF9000FFFFFFFFC1
:10AF940001000000000000000000000000000000AC
:10AFA400010000000100000000000000000000009B
:10AFB400000000000100000000000000000000008C
:10AFC400000000000100000001000000000000007B
:10AFD400000000000000000001000000000000006C
:10AFE400000000000000000001000000010000005B
:10AFF400000000000000000000000000010000004C
:10B00400010000000000000000000000010000003A
:10B014004400000000400000414443206E6F20655E
:10B02400737461206C6973746F00000041444320A1
:10B034006E6F207365207075646F20636F6E666930
:10B04400677572617200000025733A204572726F51
:10B0540072206C65657220766F6C3A20256400005E
:10B064004E6F207365207075646F20636F6E666920
:10B07400677572617220656C20736572766F00006B
:10B084006E6F2065737461206C6973746F20656CD6
:10B09400207061736F2061207061736F0000000085
:10B0A4006572726F7220616C20696E696369617286
:10B0B40020656C20746D3136333820726563203D11
:10B0C4002025640A00000000426F63696E61206EEF
:10B0D4006F2065737461206C697374613A000000B9
:10B0E4006D6F746F725F736572766F006D6F746FDE
:10B0F400725F7061736F7300626F63696E615F6D1D
:10B104006567616C6F00000066616C6C61725F70F2
:10B11400617361720000000061627269725F63654D
:10B1240072726172000000007265635F636C617625
:10B1340065000000646973706C61796D0000000043
:10B144006D656E755F626F746F6E0000616E746919
:10B154005F7265626F7465006C6563747572615FBC
:10B16400626F746F6E00000070726F6D6564696F5A
:10B174005F73756D6100000066756E63696F6E5F65
:10B1840073756D610000000066756E63696F6E5FB4
:10B19400766F6C74616A65006C6563747572615F67
:10B1A400766F6C74616A6500707565727461000015
:10B1B4006F735F686561700028756E7369676E658B
:10B1C40064292063686172202A207573656420668F
:10B1D4006F722025257020617267756D656E742EFF
:10B1E4002049742773207265636F6D6D656E6465A5
:10B1F4006420746F206361737420697420746F20F9
:10B20400766F6964202A20626563617573652069BD
:10B2140074206D6179206361757365206D69736253
:10B2240065686176696F7220696E20636572746106
:10B23400696E20636F6E66696775726174696F6E9B
:10B24400732E20537472696E673A2225732220612B
:10B254007267756D656E743A25640000636270727E
:10B26400696E74665F7061636B61676500000000FE
:10B274007379735F6765746F707400006770696FCA
:10B284004034303032316330300000006770696F11
:10B294004034303032313830300000006770696F2C
:10B2A4004034303032313430300000006770696F20
:10B2B4004034303032313030300000006770696F14
:10B2C4004034303032306330300000006770696FD2
:10B2D4004034303032303830300000006770696FED
:10B2E4004034303032303430300000006770696FE1
:10B2F400403430303230303030000000556E6261FE
:10B304006C616E636564206261636B757020646F49
:10B314006D61696E20616363657373207265666332
:10B324006F756E740000000073746D33325F626178
:10B33400636B75705F646F6D61696E006C6F6767D6
:10B34400696E67006C6F67006C6F675F6D676D7423
:10B35400000000004D657373616765202822257322
:10B3640022292064726F7070656420626563617560
:10B3740073652069742065786365656473207369F7
:10B384007A65206C696D69746174696F6E20282513
:10B39400752900004D6573736167652064726F7071
:10B3A40070656420626563617573652069742065E6
:10B3B4007863656564732073697A65206C696D6967
:10B3C400746174696F6E2028257529005B253038F7
:10B3D4006C755D20000000005B253032753A253025
:10B3E40032753A253032752E253033752C2530339D
:10B3F400755D20001B5B306D0000000025730000AC
:10B4040025732E0025733A20000000003C25733E6E
:10B414002000000025732F00257320000A0000007F
:10B424000D0A0000200000002530327820000000C2
:10B43400202020007C000000256300001B5B313BC2
:10B4440033316D001B5B313B33336D006572720029
:10B4540077726E00696E6600646267006C6F675F86
:10B464006261636B656E645F7561727400000000F5
:10B474006C6F675F756172740000000072302F6139
:10B48400313A2020307825303878202072312F61ED
:10B49400323A2020307825303878202072322F61DB
:10B4A400333A2020307825303878000072332F6109
:10B4B400343A2020307825303878207231322F69A0
:10B4C400703A2020307825303878207231342F6C4F
:10B4D400723A202030782530387800002078707354
:10B4E400723A202030782530387800004661756C37
:10B4F40074696E6720696E737472756374696F6EB4
:10B50400206164647265737320287231352F70630F
:10B51400293A20307825303878000000556E68616B
:10B524006E646C6564204952516E3A2025640000B3
:10B53400535053454C20696E2074687265616420D1
:10B544006D6F646520646F6573206E6F7420696E1F
:10B554006469636174652050535000002A2A2A2AC2
:10B564002A205553414745204641554C54202A2A08
:10B574002A2A2A0020204469766973696F6E206242
:10B5840079207A65726F00002020556E616C6967BE
:10B594006E6564206D656D6F727920616363657398
:10B5A4007300000020204E6F20636F70726F63651C
:10B5B40073736F7220696E737472756374696F6EDE
:10B5C400730000002020496C6C6567616C206C6F0F
:10B5D4006164206F66204558435F52455455524E6E
:10B5E40020696E746F205043000000002020496CD5
:10B5F4006C6567616C20757365206F66207468657F
:10B6040020455053520000002020417474656D7031
:10B614007420746F206578656375746520756E6435
:10B624006566696E656420696E73747275637469A6
:10B634006F6E00002A2A2A2A2A2044656275672030
:10B644006D6F6E69746F7220657863657074696F6D
:10B654006E202A2A2A2A2A00526573657276656446
:10B6640020457863657074696F6E202800000000BF
:10B6740053707572696F757320696E746572727533
:10B684007074202849525120000000002A2A2A2AD6
:10B694002A20257320256429202A2A2A2A2A000000
:10B6A4002A2A2A2A2A20425553204641554C5420FE
:10B6B4002A2A2A2A2A0000002020537461636B6915
:10B6C4006E67206572726F72000000002020556E54
:10B6D400737461636B696E67206572726F720000C8
:10B6E400202050726563697365206461746120620F
:10B6F4007573206572726F7200000000202042464C
:10B70400415220416464726573733A20307825781D
:10B71400000000002020496D707265636973652024
:10B724006461746120627573206572726F720000C7
:10B734002020496E737472756374696F6E2062752C
:10B7440073206572726F72002020466C6F61746999
:10B754006E672D706F696E74206C617A79207374D2
:10B7640061746520707265736572766174696F6E59
:10B77400206572726F7200002A2A2A2A2A204D50EC
:10B7840055204641554C54202A2A2A2A2A000000D2
:10B794002020537461636B696E67206572726F72E7
:10B7A4002028636F6E746578742061726561206D02
:10B7B40069676874206265206E6F742076616C69B5
:10B7C400642900002020446174612041636365732F
:10B7D400732056696F6C6174696F6E0020204D4D43
:10B7E40046415220416464726573733A203078256F
:10B7F400780000002020496E737472756374696F59
:10B804006E204163636573732056696F6C6174695C
:10B814006F6E00002A2A2A2A2A20484152442046D0
:10B8240041554C54202A2A2A2A2A000020204275F5
:10B8340073206661756C74206F6E20766563746F17
:10B8440072207461626C652072656164000000009E
:10B8540020204465627567206576656E740000007B
:10B8640020204661756C7420657363616C61746932
:10B874006F6E20287365652062656C6F7729000000
:10B88400415243485F455843455054207769746892
:10B8940020726561736F6E2025780A006D707500E3
:10B8A4004661696C656420746F20616C6C6F6361C0
:10B8B4007465206E6577204D505520726567696FF9
:10B8C4006E2025750A000000506172746974696FF6
:10B8D4006E2025753A20636F686572656E63652016
:10B8E400636865636B206661696C65642E000000A3
:10B8F400464C4153485F30005352414D5F30000085
:10B90400496E76616C6964206C696E65206E756D34
:10B914006265722025750000696E746572727570B7
:10B92400742D636F6E74726F6C6C6572403430305A
:10B934003133633030000000657874695F73746D6F
:10B944003332000050726F766964656420627566F4
:10B9540066657220697320746F6F20736D616C6CFF
:10B96400202825752F25752900000000496E766171
:10B974006C6964207265736F6C7574696F6E000016
:10B984004163717569736974696F6E2074696D655B
:10B9940020657870656374656420696E20746963DA
:10B9A4006B73206F6E6C790053616D706C696E6798
:10B9B4002074696D652076616C7565206E6F7420E6
:10B9C400737570706F727465642E00004E756D62CD
:10B9D4006572206F6620636F6D6D6F6E2073616D8D
:10B9E400706C696E672074696D65206368616E6E42
:10B9F400656C73206E6F7420737570706F727465EC
:10BA040064000000446966666572656E7469616C01
:10BA1400206368616E6E656C73206E6F742073753D
:10BA240070706F72746564206F6E2074686973201F
:10BA340041444300496E76616C6964206368616EB9
:10BA44006E656C206761696E00000000496E766166
:10BA54006C6964206368616E6E656C2072656665EE
:10BA640072656E6365000000496E76616C696420DE
:10BA740073616D706C696E672074696D6500000098
:10BA84004E6F206368616E6E656C732073656C65C0
:10BA94006374656400000000546F6F206D616E79FB
:10BAA400206368616E6E656C7320666F72207365C7
:10BAB4007175656E6365722E204D61783A20256438
:10BAC400000000004572726F722073657474696EB1
:10BAD400672074686520414443207265736F6C75F8
:10BAE40074696F6E000000004572726F7220736596
:10BAF4007474696E672074686520414443207365DB
:10BB04007175656E636572004144432062756666B3
:10BB14006572206572726F72000000004F76657264
:10BB240073616D706C696E67206E6F7420737570CD
:10BB3400706F72746564000043616C696272617451
:10BB4400696F6E206E6F7420737570706F72746598
:10BB5400640000004144432070696E6374726C2079
:10BB64007365747570206661696C6564202825644A
:10BB740029000000414443206F76657272756E207F
:10BB84006572726F72206F636375727265642E20C2
:10BB940055736520444D412C20726564756365209E
:10BBA400636C6F636B20736F757263652066726577
:10BBB4007175656E63792C20696E63726561736556
:10BBC400207072657363616C65722076616C756553
:10BBD400206F7220696E6372656173652073616D95
:10BBE400706C696E672074696D65732E00000000C7
:10BBF4006164634034303031323030300000000052
:10BC04006164635F73746D33320000007263634078
:10BC1400343030323338303000000000496E766101
:10BC24006C6964206368616E6E656C2028256429E4
:10BC34000000000043616E6E6F74207365742050C1
:10BC4400574D206F75747075742C20706572696F10
:10BC540064206379636C657320257520657863655A
:10BC64006564732031362D6269742074696D657260
:10BC7400206C696D69742E004368616E6E656C207A
:10BC8400256420686173204E4F20636F6D706C656E
:10BC94006D656E74617279206F75747075740000CF
:10BCA400436F756C64206E6F7420696E697469618A
:10BCB4006C697A6520636C6F636B202825642900A6
:10BCC400436F756C64206E6F7420636F6E66696772
:10BCD40075726520636C6F636B20282564290000EE
:10BCE40054696D657220636C6F636B207261746557
:10BCF40020676574206572726F722028256429009C
:10BD040054696D657220636C6F636B20736F757219
:10BD14006365206973206E6F742073706563696650
:10BD24006965640050574D2070696E6374726C20AD
:10BD34007365747570206661696C65642028256478
:10BD44002900000025733A2054696D657220646FE0
:10BD54006573206E6F7420737570706F7274206DCC
:10BD640061737465726D6F6465000000536574746B
:10BD7400696E67206465616474696D65202564205B
:10BD84006F6E2061206E6F6E2D627265616B207420
:10BD9400696D65722025730070776D0070776D5F33
:10BDA40073746D333200000072657365742D636FB4
:10BDB4006E74726F6C6C6572000000004E554C4CD2
:10BDC400207274635F74696D6520706F696E746549
:10BDD40072000000636C6F636B206F702066616992
:10BDE4006C65640A00000000636C6F636B20636F12
:10BDF4006E666967757265206661696C65640A00C0
:10BE04007274634034303030323830300000000017
:10BE14007274635F73746D3332000000436F756C2A
:10BE240064206E6F7420656E61626C6520284C50CE
:10BE3400295541525420636C6F636B004661696CF1
:10BE440065642063616C6C20636C6F636B5F636F0C
:10BE54006E74726F6C5F6765745F7261746528706D
:10BE6400636C6B656E5B305D29000000556E61622A
:10BE74006C6520746F2073657420257320746F20A3
:10BE840025640000726573657420636F6E74726F4D
:10BE94006C6C6572206E6F74207265616479000049
:10BEA40073657269616C4034303030343430300042
:10BEB40073657269616C4034303031313030300038
:10BEC400756172745F73746D333200004350552092
:10BED400657863657074696F6E000000556E686103
:10BEE4006E646C656420696E74657272757074003A
:10BEF400537461636B206F766572666C6F770000B4
:10BF04004B65726E656C206F6F7073004B65726E5B
:10BF1400656C2070616E696300000000556E6B6E85
:10BF24006F776E206572726F72000000756E6B6EB3
:10BF34006F776E0048616C74696E672073797374EF
:10BF4400656D00003E3E3E205A45504859522046F9
:10BF54004154414C204552524F522025643A2025E9
:10BF640073206F6E20435055202564004661756C24
:10BF74007420647572696E6720696E746572727577
:10BF840070742068616E646C696E670A000000005A
:10BF940043757272656E74207468726561643A20C8
:10BFA400257020282573290069646C650000000051
:10BFB4006D61696E000000006F7300002A2A2A2058
:10BFC400426F6F74696E67205A6570687972204F8A
:10BFD40053206275696C642076342E342E32202A04
:10BFE4002A2A0A00286E756C6C2900002A666C6F78
:10BFF40061742A006C6565725F766F6C00000000E6
:10C0040018A9000802000000002D31010000000002
:10C0140034A9000801000000002D310100000000D7
:10C02400FCA800080001090428400000E40C0C00EE
:10C0340070A800080900000054A8000805000000CA
:10C0440070A800080A00000054A800080D000000B1
:10C0540054A800080E00000054A800080F000000B7
:10C0640054A8000801000000260100006E00000032
:10C07400260100006E0000004B020000DC000000FE
:10C08400B8010000DC000000000000006E000000A9
:10C094009F0100006E000000000000003700000057
:10C0A40088010000DC0000005D010000DC000000ED
:10C0B400260100006E0000005D0100006E0000001B
:10C0C400880100006E000000060100006E00000000
:10C0D400060100006E0000004B020000DC000000BE
:10C0E400B8010000DC000000000000006E00000049
:10C0F4009F0100006E0000000000000037000000F7
:10C1040088010000DC0000005D010000DC0000008C
:10C11400260100006E0000005D0100006E000000BA
:10C12400880100006E000000F70000006E000000AF
:10C13400F70000006E0000004B020000DC0000006D
:10C14400B8010000DC000000000000006E000000E8
:10C154009F0100006E000000000000003700000096
:10C1640088010000DC0000005D010000DC0000002C
:10C17400260100006E0000005D0100006E0000005A
:10C18400880100006E000000E90000006E0000005D
:10C19400E90000006E0000004B020000DC0000001B
:10C1A400B8010000DC000000000000006E00000088
:10C1B4009F0100006E000000000000003700000036
:10C1C40088010000DC0000005D010000DC000000CC
:10C1D400260100006E0000005D0100006E000000FA
:10C1E400880100006E0000003F065B4F666D7D070E
:10C1F4007F6F0000FFFF0000001C024007000000EA
:10C204003000000080000000FFFF00000018024022
:10C21400060000003000000040000000FFFF0000A6
:10C22400001402400500000030000000200000005F
:10C23400FFFF000000100240040000003000000076
:10C2440010000000FFFF0000000C0240030000008B
:10C254003000000008000000FFFF0000000802405A
:10C26400020000003000000004000000FFFF000096
:10C274000004024001000000300000000200000041
:10C28400FFFF00000000024000000000300000003A
:10C294000100000070A8000854A8000838A800088D
:10C2A4001CA8000800A80008E4A70008C8A7000804
:10C2B400ACA700080000000000000000000000001F
:10C2C400000000000000000000000000000000006A
:10C2D400000000000000000000000000000000005A
:10C2E400000000000000000000000000000000004A
:10C2F400000000000000000000000000280E0020E4
:10C3040000010000578E0008C18D000802000000E3
:10C3140087900008000000000000000000000000FA
:10C32400206D657373616765732064726F707065E7
:10C3340064202D2D2D0D0A1B5B306D001B5B313BE2
:10C3440033316D2D2D2D20000000000040B4000875
:10C3540048B40008000000000000000000000000D5
:10C3640050B4000854B4000858B400085CB4000881
:10C374007CC3000850150020252F000868150020F4
:10C38400741500200100000057910008499100082D
:10C394003591000829910008000000001D91000853
:10C3A40000000000000000200000000000000B0658
:10C3B40002000000BCC3000800000008F4B8000834
:10C3C4002400020600000020FCB8000820000B1125
:10C3D4000A06000005050000040100000301000036
:10C3E40002010000010100000001000000200140E2
:10C3F400F597000844000000000100000000000060
:10C404000000000000000000000000000000000028
:10C414004CC4000848C4000838C4000803000F00D6
:10C424001C003800540070009000E001040001007A
:10C4340000400000000000000000000100000002B5
:10C44400000000030C0A080654C4000801000000A0
:10C454005CC400080100000010000000000000009F
:10C464000000000000001000000020000000300068
:10C474000000400000005000000060000000700058
:10C4840000008000000090000000A0000000B00048
:10C494000000C0000000D0000000E0000000F00038
:10C4A40000020000050200000A0200000F02000062
:10C4B4001402000019020000000100000501000040
:10C4C4000A0100000F01000014010000190100001E
:10C4D40000000000050000000A0000000F0000003A
:10C4E40000000040530000000000000000000000B5
:10C4F4000000000004C500080200000014C5000884
:10C50400400000000100000015000000FF000000D2
:10C514001CC500080100000024C50008010000003B
:10C524006102000000000000000001405300000010
:10C534000000000000000000000000004CC50008DE
:10C54400020000005CC50008440000000100000077
:10C5540016000000FF00000064C500080100000090
:10C564006CC500080100000001010000000000008B
:10C57400CD9C0008D19C0008D59C0008D99C0008DB
:10C58400040000004000000000040000010000005E
:10C594001000000000010000001000000001020370
:10C5A4000405060000020406080A0C000000080046
:10C5B40000000800000000000404040000380240E9
:10C5C4007F000000F9000000D0C500084000000012
:10C5D4000000001003000000700028020044004026
:10C5E40074A7000890A700081104000008C60008FA
:10C5F4000100000000000000000000000000000036
:10C6040010C60008400000000000020018C6000820
:10C614000100000020C600080200000047000000DE
:10C62400000200006700000000000000001001404C
:10C6340074A7000890A700088404000058C60008E6
:10C6440001000000000000000000000000000000E5
:10C6540060C60008440000001000000068C600081E
:10C664000100000070C6000802000000C7020000BC
:10C6740000020000E70200000000000000000000CB
:10C68400000000000102030406070809B4A600081C
:10C69400B4A6000844A700084CA7000874A7000823
:10C6A40074A7000800000000000000000000000063
:10C6B4000000000000000000000000000000000076
:10C6C4000000000000000000000000000000000066
:10C6D4000000000000000000000000000000000056
:10C6E4000000000000000000000000000000000046
:10C6F4000000000000000000000000000000000036
:10C704000000000000000000000000000000000025
:10C714000000000000000000000000000000000015
:10C72400000000002020202020202020202828286D
:10C7340028282020202020202020202020202020E5
:10C74400202020208810101010101010101010102D
:10C75400101010100404040404040404040410104D
:10C7640010101010104141414141410101010101EA
:10C774000101010101010101010101010101011096
:10C7840010101010104242424242420202020202BF
:10C794000202020202020202020202020202021067
:10C7A4001010102000000000000000000000000035
:10C7B4000000000000000000000000000000000075
:10C7C4000000000000000000000000000000000065
:10C7D4000000000000000000000000000000000055
:10C7E4000000000000000000000000000000000045
:10C7F4000000000000000000000000000000000035
:10C804000000000000000000000000000000000024
:10C814000000000000000000000000000000000014
:04C824000000000010
:10C828000000000000000000000000000000000000
:10C83800AD720008000000000000000000000000C9
:10C848002000002020000020EB97000800000000D6
:10C8580000000000000000000000000000000000D0
:10C8680040000020400000200000000001000000FF
:10C8780050000020500000200000000001000000CF
:10C8880000000000000000000000000000000000A0
:10C898000000000000000000000000000000000090
:10C8A8000000000000000000000000000000000080
:10C8B8000000000000000000000000000000000070
:10C8C8000000000000000000C9850008F58D000880
:10C8D80074C300080000000000000000B3940008C2
:10C8E8000000000000000000FFFFFFFFFFFFFFFF48
:10C8F800FFFFFFFFFFFFFFFF0000000090A70008F9
:10C90800000400000000000090A700088004000058
:10C91800F400002000C20100000103000001002013
:10C9280000C20100000103000024F400C800000058
:08C93800100100201001002095
:10C9400000000000000000000000000000000000E7
:10C9500000000000000000000000000000000000D7
:04C9600000000000D3
:10C9640000000000000000000000000000000000C3
:10C9740000000000000000000000000000000000B3
:10C9840000000000000000000000000000000000A3
:08C9940000000000000000009B
:04C99C000000000097
:10C9A0007801002078010020000000000000000055
:04C9B0000E00000075
:10C9B4008C0100208C010020040000000100000014
:10C9C4004C470020504700204C4700204C47002093
:10C9D4000000000000000000B4010020B4010020A9
:10C9E40004000000010000005047002054470020CC
:10C9F40050470020504700200000000000000000C5
:10CA0400DC010020DC010020010000000100000026
:10CA1400424700204347002042470020424700206D
:10CA240000000000000000000402002004020020B6
:10CA34000400000001000000484700204C4700208B
:10CA44004847002048470020000000000000000084
:10CA54002C0200202C020020020000000100000033
:10CA640054470020564700205447002054470020D4
:10CA740000000000000000005402002054020020C6
:10CA840002000000020000005A4700205E47002018
:10CA94005A4700205A470020000000000000000010
:10CAA4007C0200207C020020020000000200000042
:10CAB4005E470020624700205E4700205E4700205A
:10CAC4000000000000000000A4020020A4020020D6
:10CAD40004000000010000004447002048470020F3
:10CAE40044470020444700200000000000000000EC
:10CAF400CC020020CC020020010000000100000054
:10CB04004347002044470020434700204347002078
:10CB14000000000000000000F4020020F4020020E5
:10CB240001000000010000004047002041470020B0
:10CB340040470020404700200000000000000000A3
:10CB44001C0300201C030020010000000100000061
:10CB54004147002042470020414700204147002030
:10CB640000000000000000004403002044030020F3
:10CB74000400000001000000564700205A4700202E
:10CB84005647002056470020000000000000000027
:10CB94006C0300206C030020000000000100000072
:10CBA4007C0300207C030020000000000100000042
:10CBB4008C0300208C030020000000000100000012
:10CBC4009C0300209C0300200000000001000000E2
:04CBD40015E015E073
:04000005080037C1F7
:00000001FF
